Date,m_t,IBM,CSCO,AAPL,MSFT,ORCL,INTC,TXN,QCOM,AMAT,ADBE
2000-09-25,0.3067925097250307,-0.15116856,-0.44696373,0.305759,-0.57880425,-0.27155724,-0.74236566,-1.159883,-0.43023327,-0.48311803,-0.24232982
2000-09-26,0.6136309512309999,-0.6515909,-0.30542448,-0.54130626,0.414539,0.105508775,-0.6292852,-0.7432956,0.44585386,-0.3967198,0.28644982
2000-09-27,0.6140795271596099,-0.2012165,0.31088722,-0.68078667,-0.6092768,0.06925512,0.22521253,-0.1843458,-0.08820568,-0.3220951,-0.33660764
2000-09-29,0.9708859644298649,-0.47933114,-0.6302136,-9.883801,-0.30582255,-0.38533077,-0.93361706,0.13039508,-0.51166904,-0.95847,-0.5335831
2000-10-02,0.7913177831735857,0.8954955,0.03172684,-0.82277185,-0.36642656,0.0069961315,-0.46938705,0.64921564,-0.011909288,-0.58992326,0.6276707
2000-10-03,0.720864756362145,-1.2872838,0.10681424,-1.1301738,-0.8085454,-1.4149767,0.10707766,-0.32763737,0.14373744,-1.1971549,-0.023061372
2000-10-04,0.8608427011920974,0.67321134,0.33568257,0.7472016,-0.37108544,-0.22167747,0.6346674,0.5087827,0.7673543,0.59400564,-0.54027396
2000-10-05,0.9605438121028367,-0.22346786,-0.15351512,-0.94261026,-0.025396334,0.03856082,-0.31060976,-0.50450605,0.5325495,-0.26972115,-0.9416936
2000-10-06,1.0181735612699339,0.48724398,-0.21340668,0.056256406,0.057208315,-0.1095056,-0.34272492,-0.52562076,-0.6563005,0.23276922,-0.1453475
2000-10-10,0.7287341366547271,-0.54018843,-0.41938984,-0.5675286,0.12044751,-0.36129504,-0.5255024,-0.61613935,0.018505704,-1.6288329,-0.63827944
2000-10-11,0.5596884355079883,-0.5171389,0.0038188421,-0.83693683,0.38365075,-0.4163743,-0.8216065,-0.43355882,-1.2307721,0.60514396,0.60776615
2000-10-12,0.5055956623570321,-1.654925,-0.23397292,0.23048228,-0.45418945,0.14214893,0.7313073,-0.7050342,-0.91625077,-0.8990864,-2.045372
2000-10-16,0.43566664554008055,0.3605875,-0.2418568,-0.35929444,-1.168977,-0.33366993,-1.7243239,-0.27400514,0.9250285,-1.1811298,-0.38389784
2000-10-17,0.7684528720870438,0.32514605,0.0032006893,-0.9030786,0.017814409,-0.2853661,0.24098702,-1.0335356,-0.39166504,-1.1692352,-0.9740212
2000-10-18,0.6043802359064964,-3.3880377,-0.3700062,-0.019595258,0.45939705,-0.03509787,0.81296563,-1.0967897,0.06256411,-0.7260508,-0.4768969
2000-10-19,0.4572603696077493,0.1957836,0.9000859,-0.8206915,3.2062116,0.91329646,1.3792557,2.719529,0.26313546,2.2692652,0.8333809
2000-10-23,0.5441094690685324,-0.4099474,-0.21908604,0.56110835,-0.87206703,-0.38024387,0.12263409,0.35627988,-0.1701543,0.6906782,-0.010577676
2000-10-25,0.34227174165389773,-0.8675115,-0.67505366,-0.28227985,-0.07750988,-0.45223635,-0.19576494,-0.9303408,-0.77201873,-0.1930082,-0.07973857
2000-10-26,0.33388749863240413,1.1264921,0.46135995,-0.019260198,0.90285426,-0.09530644,1.1577607,0.46585935,0.8425937,1.0389879,0.9258977
2000-10-27,0.14274129551132003,0.18617207,-0.45977914,0.024766313,0.8694862,0.04779402,0.5635611,0.124029376,0.38506716,-1.2303638,0.38838235
2000-10-30,5.3035802397745915,-0.11278806,-0.55971545,0.6206064,0.4244775,-1.0549212,-0.46126437,0.6298619,-1.1702201,0.41417047,-1.2086495
2000-11-02,5.34919389663802,0.7983672,0.6906124,1.3597928,0.20475501,-0.80562425,0.7124069,0.22481117,0.2309638,0.18506053,0.6489454
2000-11-06,5.597262602330017,0.029436922,-0.31354767,-0.6414124,0.3865007,-1.1178095,0.27505434,-0.08592019,-0.014828001,-0.057634074,0.43203
2000-11-07,5.859895952695685,0.4705502,0.3004807,-0.124695145,0.30581048,-0.6961774,-0.092717305,-0.47246116,0.52203315,-0.7511601,-0.2631442
2000-11-08,5.80125751460736,-0.54798734,-0.9097366,-1.0345498,-0.33662775,-0.9401455,-1.3017216,-0.8950782,-0.83849317,-1.1159843,-0.46428412
2000-11-09,5.905868784392106,-0.15602131,0.2190797,0.0770285,0.44191504,1.28086,-0.4899307,-0.16097072,0.6097214,-0.042393778,0.5110555
2000-11-13,5.707235241741896,1.1268983,0.057404123,0.243348,-0.31004912,-0.37279007,0.5841674,1.2869052,0.16030067,-0.2642993,-1.2223182
2000-11-14,5.545805804835531,0.49434543,0.5490231,0.7021552,0.7521151,1.8858166,1.224699,1.1168857,0.81147367,0.39366075,1.9226332
2000-11-15,5.575398732155604,-0.04690639,0.07785102,-0.33516636,0.38304567,0.24681152,0.27712795,0.7166885,0.5423595,0.42406067,-0.15400502
2000-11-16,5.412909789768951,-0.29214266,-0.50638556,-0.7647144,-0.35352436,-0.723386,-0.5763481,-0.4702033,0.52233356,-0.4007331,-0.006655503
2000-11-17,5.583430276633235,0.88311136,0.33318666,-0.46708608,0.033280987,0.7111156,0.67056394,-0.90082616,0.078293495,-0.1941122,0.1753129
2000-11-20,5.539556530573442,0.29556596,-0.31060487,0.35903254,-0.5997362,-2.0830028,-0.1084736,-0.49624762,-0.6167352,-0.021409238,-1.4272346
2000-11-21,5.714148151866309,-1.1718742,0.48247415,-0.13670203,0.17510366,-0.49184418,0.6564821,-0.1381022,0.38604745,0.386613,0.75470364
2000-11-22,5.59142032656245,-0.016255155,-0.638266,-0.3033567,0.15305272,-0.926011,-0.5371242,-0.09475356,-1.2887905,-0.042571474,-1.684058
2000-11-27,5.4453394745154045,-0.3832661,-0.29693684,-0.56662714,0.22353385,-0.57348573,0.04531969,0.075737044,0.6667402,-0.82512075,-1.6247907
2000-11-28,5.7919211372269395,-0.15750572,-0.060169496,-0.6225782,-1.1722546,-0.27798328,-0.71247125,-1.3131424,-0.8802009,-1.0549462,-1.0389638
2000-11-30,9.009147332164869,-1.837236,-0.9441425,-1.21803,-3.0712926,2.3157892,-2.1482584,-0.74811107,-0.4415134,-0.9595756,-0.32971254
2000-12-01,9.064719390634107,0.6060888,0.14879873,0.60639495,-0.32811663,-0.03157557,-2.020407,0.20657712,0.44684204,-0.7654874,0.9792017
2000-12-04,9.850321963842868,0.7922302,-0.730844,-0.47004414,-0.09032085,1.0445644,-0.63712114,0.7642172,1.1513361,-0.050170273,0.122438185
2000-12-21,9.816175074392024,-1.53931,0.7857253,-0.46454468,1.1365362,0.5637958,0.7589143,0.32344225,-0.2810929,-1.0854493,0.70451546
2000-12-28,9.688713329934398,0.16776793,-0.38137,-0.033206142,-1.0354407,0.20114827,-0.93876344,-0.09123319,-0.1116034,-0.07443468,-1.15674
2000-12-29,10.902547281090225,-0.110161036,-0.45666346,0.05075679,-0.71013355,-1.1175491,-0.52322286,-0.8405541,-1.3084258,-0.55236363,-1.1265928
2001-01-02,10.248961945109246,-0.08604875,-1.7876178,-0.034193464,-0.0071925856,-1.5917671,0.69447154,-0.3877416,-2.2280953,0.5195031,-4.015843
2001-01-16,9.080259800244123,-0.3379148,0.13004458,-0.10157942,-0.4387603,-0.23999698,-0.39829546,-0.072007336,-0.2034321,-0.6907699,0.07723136
2001-01-17,8.802664664633614,1.1275198,0.14632808,-0.37887347,0.16524911,0.6943111,-0.48246008,0.9308264,0.3716877,1.2336837,0.7997658
2001-01-18,8.593998121420313,3.0894973,0.8424863,1.9452535,1.1288488,0.26504132,1.0552615,0.20709969,-0.01739662,0.5658104,0.71543413
2001-01-19,8.379147694037151,0.70750415,-0.44237188,0.75785804,2.2462938,0.34214312,0.82520515,-0.30100515,-0.5447416,-0.061676107,0.6037501
2001-01-22,8.343436083632188,-0.6827834,0.298374,-0.26970184,-0.3506889,-1.2637525,-0.055002365,-0.56905603,0.92559904,-0.33351132,0.41736168
2001-01-23,8.536562432876732,0.105952986,0.32810795,1.1421868,0.16712515,-0.15420383,1.134454,-1.221774,0.36668265,-0.24147585,-0.21717963
2001-01-24,9.102347319074076,0.32935116,-0.02773338,-0.0321909,0.9336761,-0.72276574,0.51353794,-0.55700564,-0.6597775,0.4156206,0.12734616
2001-01-25,9.206959552438642,0.05873677,-0.98675907,-0.56524503,-0.44948658,-0.060376216,-0.8922228,-0.55380636,-0.090062454,-0.3027895,-0.99033713
2001-01-26,9.192051973342314,0.8355079,-0.30647942,-0.39585778,0.8461028,0.23498602,0.793695,-0.2269417,1.2673309,-0.30771977,0.23056139
2001-01-29,8.95109160863112,0.17184944,-0.37165633,1.9234324,0.18247424,0.037827987,0.66478354,0.9237126,0.9462835,0.7111386,-1.3368598
2001-01-30,12.213473630746968,0.41552207,0.26720306,0.024037411,-0.48659092,-0.068241686,0.018474342,0.29958227,-0.24298649,0.7161705,-0.5215854
2001-02-01,12.038976855748292,0.53920937,0.28656632,-0.5367999,0.5674902,0.56229174,0.5039755,-0.045989968,0.18941794,0.05760951,0.6603298
2001-02-02,11.537585760638848,-1.0516715,-1.0241061,-0.53829384,-0.6821512,-1.3777581,-1.1290841,-0.26064882,0.25032705,-0.97768337,-0.86093366
2001-02-05,11.458189730041983,0.50990236,-0.3731125,-0.48422706,0.47850397,-0.15096804,-0.51525515,-0.8589989,-0.10033852,-0.7132208,0.6783427
2001-02-06,11.525101978896924,0.50721484,0.447557,0.9140063,0.25927758,0.08318465,0.48976552,-0.009704411,-0.67781705,-0.0028470398,-0.6494518
2001-02-07,11.603357828464008,0.731112,-1.9248195,-0.41277298,0.88255554,0.043985907,-0.23803739,-0.8798941,0.6474049,-0.4393484,-1.707142
2001-02-08,11.32228201609858,-0.7596276,-0.4791805,-0.036129627,-1.021347,-0.3467677,-0.12987907,-0.12012296,-0.3714374,-0.92768395,-2.2008507
2001-02-09,11.175583141709499,-0.5823019,-0.84421283,-1.7211547,-1.3601674,-2.394457,-0.61532813,-0.64858156,-1.0892972,0.07169356,-0.36773908
2001-02-12,11.137697883464611,0.7457699,0.62522846,0.5624156,-0.1743547,-0.40617564,0.68278146,0.1591424,0.6788271,0.4976246,1.1792338
2001-02-14,11.34016939375372,0.33418152,0.39640495,0.3675929,0.077446446,1.7639652,1.0828292,0.59544855,0.5105578,2.0686483,1.2995676
2001-02-15,11.607024278913014,0.41959423,0.63971025,0.560689,0.19138417,0.34781373,1.0412381,0.82344174,0.38348368,0.8836932,-0.6081523
2001-02-16,11.852706415389346,-0.49772573,-1.2058364,-1.1905344,-0.70208484,-1.0548261,-0.7917929,-1.8435676,-0.9840766,-0.43894878,-1.3855972
2001-02-20,11.740640904331,-0.9734722,-1.1148561,-0.81489253,-0.68781614,-0.64160776,-1.7833436,-1.0367081,-1.0631474,-0.84157574,-1.1703272
2001-02-21,11.682391398723347,-1.141096,-0.51150817,0.6004807,0.17111188,-0.089306496,-0.40078628,-0.13598247,-0.9458087,0.22240591,-2.5101995
2001-02-22,11.88276446814277,0.37282717,0.6904471,-0.10754185,-0.5207909,0.28774205,-0.45652393,-0.81778663,-1.0210761,0.04156832,0.15393996
2001-02-26,11.696417627785879,0.35745814,-0.49410504,0.71954834,1.2855392,0.9183179,-0.24922009,-0.59528893,0.2810499,-0.06926974,-0.6220585
2001-02-27,11.895794298851401,-0.8295823,-1.1475974,-0.17370908,-0.092569046,-1.1659993,-0.29978043,0.49171,-2.0194347,-1.0435946,-0.79458165
2001-02-28,14.971894113315734,-0.9422663,-0.217803,-1.4616802,-0.19792207,-2.5900598,-0.2859945,-0.2974551,-0.2996448,-1.172131,-1.0604136
2001-03-01,15.002864216430167,2.0286167,0.5156068,0.5984142,0.17276211,2.3153265,0.49777234,1.7321826,1.9208226,1.2485373,-0.7927208
2001-03-02,14.69764446490472,-1.2547244,-1.5467187,0.5756089,-1.3713624,-4.5846195,0.20051156,1.471137,-0.23646215,-0.059043556,-0.3536865
2001-03-07,15.005791965834163,0.4714804,-0.012753157,-0.32094008,0.6133989,1.0868516,1.0654103,-0.72786963,-0.47673467,-0.028207399,0.048796553
2001-03-09,14.679575879187182,-2.4056025,-1.5712665,-0.685754,-1.3159959,-1.2851278,-2.669599,-1.1515086,-1.7506664,-1.3504918,-0.2226602
2001-03-12,15.803664698674993,-1.4100735,-1.501477,-2.0860434,-2.6954432,-1.5178409,-1.3057038,-1.0112858,-1.4609513,-0.20300514,-0.8165999
2001-03-15,15.820630205804203,0.19330026,0.036680117,-0.95764226,-0.18730362,-1.8060136,-0.3935477,-0.03035834,0.27100477,-0.8394787,-0.9944015
2001-03-19,15.243929741245353,0.921345,0.6665968,1.0734706,-0.14723732,1.8505706,-0.6153524,0.68073636,2.573734,0.9265434,2.0253723
2001-03-20,15.727239022030945,-1.707255,-1.4299068,-1.1030238,-0.93910944,-1.4335303,-2.1179447,-0.1668014,-1.4047121,-1.6058993,0.5929435
2001-03-21,15.657930328128177,0.28019086,0.19646184,0.48911527,-1.570232,0.5209055,0.917743,1.017219,1.3035827,0.8396124,-0.2424555
2001-03-22,15.17669581213539,-0.020879954,0.34058002,1.6733539,2.2674172,0.98313695,2.6757877,2.0278747,-0.42780027,1.737276,1.963989
2001-03-26,16.28613157994677,0.6889674,-0.7467092,-1.3975804,-0.2861761,-0.5681809,-0.351078,-1.2132354,-0.76706105,-0.38231593,-1.3513676
2001-03-27,16.742533568310474,1.50471,0.21955885,1.1830585,1.2026324,1.2889289,0.93277544,-0.14852019,1.0181303,0.56187,1.7251933
2001-03-28,17.092938691339413,-1.9703821,-2.406031,-0.83949006,-1.5225246,-1.8270357,-2.0136063,-2.2063336,-1.7383155,-1.2675631,-1.6759598
2001-03-29,18.692600777198184,0.22432536,-0.5997637,0.3812146,-0.124186374,-1.1110451,-0.28844872,-0.7034,-0.09005083,-0.93852687,-1.0222934
2001-04-02,18.690822224927196,-0.6535812,-0.89577657,-0.6407302,0.67699784,0.85787016,-0.43259794,-1.8579489,-1.9719505,-1.7006823,-0.713379
2001-04-04,18.696425579882256,0.65223324,-0.09751114,-1.0502982,-0.9315677,0.44010222,-2.4321506,0.1296034,-0.89441407,-1.212807,-1.0877795
2001-04-05,18.286306960025485,2.4732592,1.5449508,1.7482173,2.9412494,1.6653235,3.138606,2.410107,1.7316699,2.155436,3.5795069
2001-04-06,18.485180934787504,-0.13631573,-1.6687549,-0.41042867,-0.34394926,-1.4586844,-1.9575018,-2.0274267,-1.4883544,-1.1147037,-0.6334373
2001-04-09,18.397508072362545,-0.8083017,1.0884956,-0.114877015,0.55769944,0.8052125,-0.38855046,-0.56855166,0.23218994,-0.6226413,1.0295935
2001-04-10,18.30659559071417,1.1675123,1.5988548,1.8177791,1.4336348,1.4034567,1.6805412,1.4945745,1.4760977,1.8700553,3.0573657
2001-04-11,18.657999445201387,-0.6746692,1.6629126,-0.34417525,0.19259505,0.8234405,2.6894724,2.86533,0.8874405,1.438764,-0.43018126
2001-04-12,19.007217767435176,-0.53373474,0.58661205,0.70823085,1.1837221,0.42066985,0.6054545,0.8613053,0.72560614,1.4140695,0.08853424
2001-04-16,19.259017175977664,0.19042532,-0.8369999,-1.2726634,-0.7873787,0.20285045,-1.6341393,-1.5174181,-1.9551302,-0.67427796,-0.21792108
2001-04-17,19.997688425786293,1.180285,-0.62365246,-1.4428612,0.38659373,0.37996116,-0.19336373,0.62002176,0.9795759,-0.174478,0.0849224
2001-04-18,19.55022258807827,2.6000853,1.3610396,3.0001035,2.1498537,2.3019938,4.7470813,1.2820699,3.015731,2.1681902,2.394994
2001-04-19,19.167491909043147,2.8134239,0.9673717,3.2416072,1.3300931,2.864092,1.0224248,1.4855499,2.4632137,2.0241783,0.9135062
2001-04-20,19.851113981317337,0.09039346,0.22341222,-0.7986346,0.48021472,-0.6624351,0.015631484,-0.7487712,-0.8582266,-0.89405733,-1.1048464
2001-04-23,19.72303904862435,-1.0383043,-1.898991,-0.94123775,-0.39182028,-3.2765515,-1.6634743,-1.075088,-1.9901146,-1.3732212,-1.6133978
2001-04-24,19.349344628601262,0.20138681,-1.2002642,-0.30190945,-0.36575186,-0.24035016,-0.9462872,-0.75522715,0.4146538,-0.43089095,-0.22322951
2001-04-25,19.465537734090105,0.72795767,-0.6342609,0.72554964,1.068659,0.37804103,-0.033663917,0.35184765,1.1417832,0.5405923,0.9087152
2001-04-26,19.41602390159696,-0.42185378,-0.6419786,-0.085801214,-0.2891343,-0.46947712,-0.28167453,-0.33605665,-1.7436808,-0.94366187,-0.09219919
2001-04-27,19.261520926290366,0.81187886,0.4539081,1.5690708,-1.0245576,0.33707038,1.3906035,1.4497454,-0.67914265,1.1441689,0.38022932
2001-04-30,20.363671043146464,-0.41262046,1.6220853,-0.8306157,0.32188994,-1.4108984,0.68739665,0.97011113,0.355144,0.23868123,-0.4501526
2001-05-01,20.141008361153187,1.1371539,0.88793457,0.4261873,1.2302167,-0.1745769,0.2891849,0.4644869,1.5295047,0.13298471,-0.5416591
2001-05-02,19.638563506270156,-1.1011668,2.1753094,0.6415295,-0.21440795,1.57753,0.67964363,0.18926187,-0.61397994,-0.16208117,-0.72844356
2001-05-03,19.886043529153014,-0.63546383,-1.3317297,-1.8148139,-0.6344762,-0.99923295,-1.194114,-1.1025778,-0.4943014,-0.8310119,-1.2938778
2001-05-04,19.53730410459791,0.7158034,0.9431478,0.8055996,1.0951519,0.8819685,0.46293977,-0.08127265,0.9109624,-0.44968855,0.30971327
2001-05-07,19.421205320215044,-0.021745222,-0.3892889,-0.9076974,0.29587895,-0.2962761,0.29255623,0.3079152,-0.42049193,-0.34499595,-0.19043474
2001-05-09,19.530301313004106,-0.28067014,-1.2004596,-0.7220945,-0.8184957,0.028431762,-1.2264868,-0.8725646,-1.0005454,-0.64374214,-0.38419586
2001-05-10,19.43381637208038,-0.6458341,-0.31019586,-1.1981659,-0.20735735,-0.91957647,-0.7325467,0.11528684,-0.2818863,-0.043863848,-0.77527195
2001-05-11,19.605628803276876,-1.2311155,0.20263241,-0.23344103,-0.30970848,-0.7005996,-0.8986013,-0.18929964,-0.28267372,0.24535592,-0.32966208
2001-05-14,20.051273325353275,0.23469195,-0.5030921,0.47987702,-0.35782784,0.20699933,-0.43218514,-0.4080673,-0.42779744,-0.8525783,-0.5043033
2001-05-15,19.8285547712038,0.32733935,0.15697297,-0.18491626,-0.24056911,-0.15917711,-0.13471949,0.12477129,0.8915571,0.049924538,-0.30306977
2001-05-16,20.397930821406348,0.7567741,1.2431115,1.0460491,0.4509303,0.69211704,1.1544086,0.8292805,1.7790965,1.6487747,1.2335765
2001-05-17,20.38740655679486,-0.2964599,-0.15181315,-0.7072002,-0.52464944,-0.40833482,0.28387973,0.7051054,0.47613537,-0.109658934,1.2722124
2001-05-18,20.331262458582824,0.797392,0.31171185,-0.078425586,-0.052560367,0.23516203,0.20921434,-0.06354202,-0.36294782,0.3859143,-0.6766055
2001-05-21,21.1304786960193,0.5291953,2.452604,-0.019442432,0.36210188,2.5841773,1.0988749,1.1482836,1.7735525,0.91326773,1.4933288
2001-05-22,20.971192677295896,-0.40096173,0.5040994,-0.12920953,0.7824728,-0.70628166,-0.26530924,-0.3056492,-0.38720807,-0.37645462,0.30702043
2001-05-23,20.871507559405956,-0.2537367,-0.97895974,-0.38716355,-0.32638624,-1.0529459,-0.59705746,-0.9529014,-0.6182944,-1.4333162,-1.024908
2001-05-24,20.81194010944093,0.7333727,0.46133885,-0.092477694,1.0210233,0.6648487,0.43742642,-0.6718364,0.55102307,0.54497784,0.41244388
2001-05-25,21.041604132949963,-0.6727353,-0.7748033,-0.6080466,-0.42437083,-1.1356001,-0.035458297,-0.3383467,-0.8417095,-0.31030276,-0.48475522
2001-05-29,20.951187864575495,-0.9439278,-1.4948459,-1.7334746,-0.30391225,-1.3576996,-1.0981053,-0.7827138,-0.48736832,-0.77485925,-1.7287093
2001-05-30,20.66428621782475,-0.98845565,-1.4630388,-2.3923657,-0.6035942,-1.7524977,-1.1430321,-2.184475,-1.5286723,-1.2355347,-0.97941303
2001-05-31,21.16964241985714,-0.35666203,0.25425562,0.19135413,-0.016413858,1.2947094,0.47213042,0.6618554,-0.43740213,0.3858026,-0.30128598
2001-06-01,20.91102292931746,0.3662048,-0.4407533,1.2664928,0.59153783,0.8704087,1.7068968,0.068549216,0.25744453,0.54388875,0.37528297
2001-06-04,20.628664288470688,0.23594208,0.87445974,-0.37037155,0.2130315,0.30102044,-0.15607527,-0.014736794,0.07627094,-0.551914,-0.2377741
2001-06-05,20.55363927284749,1.1528689,1.6922475,0.32754514,0.898725,1.0204831,1.1717529,1.0635644,0.49900687,0.9626329,0.6673034
2001-06-06,20.221068952015983,0.14753321,-0.7247634,-0.33772972,-0.12813671,0.336917,0.14226563,-0.30429292,-0.39973408,0.026304476,-0.54420775
2001-06-08,20.13506294495153,-0.43774873,-1.2206349,-0.49793372,-0.24659465,-0.4380008,-0.33088395,-0.7486117,-1.3186847,-0.3105398,-0.5361848
2001-06-12,20.774943264346128,-0.07675911,-0.025839351,0.32738096,-0.0309922,-0.07383235,-0.11005569,-1.1804072,-0.71800655,0.30788746,-0.71338135
2001-06-13,20.915541659530188,-0.2912477,-1.3691669,0.16961855,-0.7167791,-0.9786264,-0.8921381,-0.5754603,-1.5136272,-0.31675723,-0.6687014
2001-06-14,21.19474641059192,-0.32444856,-1.405411,-0.9033714,-0.94897765,-1.0463866,-1.2989193,-1.70868,-1.1867621,-1.1529971,-0.78972
2001-06-18,21.07139312700179,0.20784602,-0.19598794,-0.21178551,-0.62671226,-0.26045793,-0.060332026,-0.71846855,0.25853366,-0.27579296,0.47763503
2001-06-20,21.065990991231146,-0.6812415,-0.30463016,1.9847852,1.1022971,1.0793217,0.8689706,0.2439476,-0.8776646,-0.011587377,1.2612181
2001-06-21,21.098085717336037,-0.22040184,1.4764645,1.0164343,0.21401986,0.5230239,-0.14880446,0.31374463,1.7234764,-0.3590479,-0.090299316
2001-06-22,21.17656567571395,0.062052563,-0.19757453,-0.35386387,-0.5434787,-0.5794002,0.2981981,-0.08785239,0.5877039,0.59244823,-1.0028093
2001-06-25,20.924557083509907,-0.11944177,1.0685537,2.0945225,-0.00052947196,0.398903,1.0743332,0.38000876,0.082260765,0.31531912,0.4028898
2001-06-26,20.90090215599344,0.10589881,-0.5453118,-0.34440953,0.66145617,0.8958306,0.42296925,0.027726676,-0.413171,0.109533235,-0.027081413
2001-06-27,21.24462904661631,0.13966233,-0.116505146,-0.5615129,0.50728405,-0.536423,-0.23137629,-0.015120446,0.8104852,-0.78099203,-0.254283
2001-06-28,21.450413425140297,0.54643863,0.70009196,0.1920141,0.8086374,1.5106947,0.97612774,0.55986035,0.7566933,0.44418937,1.2045864
2001-06-29,22.87683366752331,-0.66034174,-0.45586768,-0.43696254,0.12567484,-0.24467482,-0.30097368,0.113954335,0.3039809,-0.24518684,-0.026140967
2001-07-02,23.016790796082812,0.28922623,1.1448073,0.78105754,-1.306438,0.7809287,0.828357,0.64672714,-0.29701155,0.34896863,-0.12538074
2001-07-03,22.856947988523476,-0.5740279,-0.0506691,-0.13651657,-0.082881734,0.24902226,0.4338519,-0.37600484,2.2545004,0.08371119,-0.9725164
2001-07-05,22.996118795688158,-0.38865963,-1.8843232,-0.90363896,-1.1035111,-1.1287488,-0.50578207,-0.7115444,-0.97251564,-0.7284098,-0.44779688
2001-07-06,22.880848461817568,-2.3069031,-0.99293476,-1.6203511,-1.4160801,-1.0041927,-1.2776582,-1.6180071,-1.3139182,-1.6221105,-0.8207211
2001-07-09,22.553024608671656,-0.77891374,0.54920197,0.84303856,-0.2261182,0.9649028,0.5183398,0.10076217,1.3166842,-0.26786277,0.24586031
2001-07-10,22.679005877682556,-1.2149441,-1.3399122,-2.2121122,-0.724151,-1.860426,-1.0159223,0.17779073,-1.0775582,-1.0572313,-0.67486614
2001-07-11,22.672210106308917,0.7656511,0.6225186,1.8784993,1.169915,0.5915269,0.33386716,0.29064026,-1.0960572,0.61198676,-0.96873957
2001-07-12,22.9697293497827,1.3859345,1.4115491,2.3064446,2.8453143,2.2889392,2.0206861,2.239396,2.6572263,1.1227714,0.77127296
2001-07-13,22.8982864033581,0.4830249,1.0033547,0.5456014,-0.15224501,-0.15924518,0.14989235,0.025441969,0.75516593,-0.0684128,-1.6074369
2001-07-16,23.29114922124176,-0.3360423,-1.2350321,-1.1828159,-0.099774644,-1.1539176,-0.93534005,-1.2073926,-0.58829194,-2.2619855,-0.68093264
2001-07-17,22.96580590025014,0.24905792,0.07827343,1.3562557,0.33416986,1.0864305,0.7932288,0.114918955,0.16049448,1.3036379,0.957874
2001-07-18,23.310275428766836,-1.8305569,-0.80728126,-5.8583775,-0.6982162,-0.98878026,-0.8970534,-1.23416,-0.84869784,-0.54631376,-0.78045225
2001-07-19,22.921299909288386,-0.1607163,0.72491145,-1.300337,1.0670805,0.53189534,1.0781392,1.9331439,1.0997672,0.82461995,0.99346995
2001-07-20,23.116662868640578,0.6796085,0.2575576,-0.030076308,-1.8702989,-0.13728234,0.039217055,-0.91592443,-0.49251562,-0.15318386,-0.8075906
2001-07-23,22.99482682200322,0.021029959,0.31133524,-0.7396316,-1.1990451,-1.313945,-0.8122024,-0.54176605,-1.4105495,-0.7688589,-0.15952168
2001-07-24,22.61272534792331,-0.5998643,0.108710945,-0.7626082,-0.4531455,0.11239315,-0.047842354,-0.46556658,-1.2622119,-0.3539006,-0.46612638
2001-07-25,22.76016579414278,0.118439615,0.34704292,-1.0603908,0.6542817,1.4442295,0.5798595,1.0303503,0.6802309,0.38589415,1.0846312
2001-07-26,22.90082811801779,0.42390907,0.7406551,0.1368081,-0.52419674,0.20016235,0.40493867,1.5386752,-0.023081116,0.6593989,0.4935301
2001-07-27,22.806926520135058,-0.5857951,-0.36977854,0.53793836,-0.6643581,-0.47038087,-0.45955047,0.6882451,1.2868776,0.485007,-0.06485855
2001-07-30,22.60038513958439,0.4377665,-0.20551041,-0.10723695,0.18040608,-0.53047764,-0.103905186,0.049486104,0.2885795,0.12084813,-1.5621704
2001-07-31,22.615721361825553,-0.30714333,0.34644642,-0.28356567,0.21421994,-0.8241048,0.78885245,-0.31216973,-0.37051353,-0.38088995,-1.9975698
2001-08-01,22.558711381569204,0.72218454,1.128838,0.3703642,0.14941338,0.33708626,0.92215955,1.3513896,0.720286,1.099499,0.6154125
2001-08-02,22.654904304585298,0.6666495,-0.06930811,1.1216282,0.5485893,-0.014578576,1.2621942,0.914065,0.98127794,0.72381014,-0.13636191
2001-08-03,22.67505337788385,-0.29235232,-0.22644289,-0.55180144,-0.3311906,-0.43939176,-0.2887511,-0.4093377,-0.55874294,-0.21118133,-0.48641473
2001-08-06,22.581538802786216,-0.7227135,-0.55801755,-0.6370125,-0.44826177,-0.78081423,-1.1798143,-0.4835281,0.10190036,-0.42224836,-0.8649655
2001-08-07,22.389464606792103,-0.14722934,-0.31798375,0.1284615,0.11445515,-0.32310498,0.37278035,-0.8283999,0.039041597,-0.91528624,-1.6866177
2001-08-08,22.601430652543876,-0.8416758,-1.4614787,-0.6130328,-0.8799345,-1.437811,-0.8587989,-1.1997571,-0.9131485,-1.0208712,-0.35365805
2001-08-09,22.3369148915222,-0.08660882,0.3382806,0.17776981,0.07592995,-0.4881691,0.10326371,0.3455457,0.17171693,0.018839775,0.39975828
2001-08-10,22.89747425122582,0.32649723,0.02879053,-0.10817469,0.28959852,-1.3808992,0.34668985,0.28456628,-0.7552254,-0.21788926,-0.6104642
2001-08-13,22.876308170370024,0.33993134,-0.15688507,0.05152953,0.17009401,0.88841873,0.6269159,0.06993422,0.96466786,0.14265458,1.1593598
2001-08-14,22.953416644561525,0.100255355,-0.6819832,-0.6403934,-0.6870437,-0.23326348,-0.12488518,0.03673078,-0.28760457,-0.6293965,-1.0384935
2001-08-15,23.09362804302102,-0.5432697,-0.81986976,-0.5378817,-0.91647345,-0.9220794,-0.46220094,-0.99129045,-0.92387265,0.010362832,-0.80694544
2001-08-16,23.321489689778893,0.27199703,0.5823023,0.28739336,0.8565554,0.51876754,0.4234159,0.87023044,0.42177615,0.44839504,0.43184057
2001-08-17,22.98657455397153,-0.5309087,-1.1048157,-1.0237967,-1.6881292,-1.0214094,-1.9329436,-1.0899924,-1.2577621,-1.114717,-1.1885412
2001-08-20,23.2750649572417,-0.25237063,0.35461622,0.023778502,0.5018513,0.15887006,0.19695078,0.13715366,0.7616837,0.31222656,0.98239714
2001-08-21,23.112303431303882,-0.9970545,-1.1750534,-0.40029064,-1.21992,-1.226738,-1.0751779,-0.6130927,-0.5252162,-0.67533785,-0.66565657
2001-08-22,23.03811297395815,0.8512028,0.59961355,0.4297776,-0.08851221,0.9216544,0.9690885,0.77926546,0.43716562,0.938946,0.7153115
2001-08-23,23.305342853915388,-0.4576324,0.34507006,-0.7445214,-1.0168515,-1.1556833,-0.22518553,0.19655916,-0.35053793,0.08092289,-0.15703069
2001-08-24,23.2697620114759,1.6568812,1.8145509,1.22332,1.875891,2.1192958,1.4610298,1.0127866,1.108404,1.3150748,0.79826134
2001-08-27,23.221619064392826,-0.096564606,-0.30213508,0.5122141,0.15093787,-0.45287794,0.13466325,0.3078295,-0.4622819,0.13463388,-0.030982146
2001-08-28,23.22759452353268,-0.8476225,-1.1441654,-0.9165957,-1.0067688,-1.6661817,-0.55454564,-0.20392077,-0.8542783,-1.0120476,-1.3817466
2001-08-29,22.918585034690622,-0.38885644,-0.030039266,-1.0179791,-0.3245875,-1.2510839,-0.33578593,-1.1118288,-0.08040393,-0.7595907,-0.3661831
2001-08-30,23.29656498373462,-1.6924075,-1.4110688,-0.061113596,-2.2193005,-2.7987769,-0.91824424,-0.7508253,-1.2642503,-0.37405512,-0.8054176
2001-09-04,23.495581699415805,0.6453382,-0.77486104,-0.56586057,-0.6721699,-0.28391778,-1.0744151,-0.73223805,-1.970332,-0.6465346,-1.2239534
2001-09-05,23.804238222641878,-0.55629236,-1.2922655,0.44632286,1.1311592,-0.023453511,0.7163697,-0.9576266,-0.5403399,0.03916883,-0.03879915
2001-09-06,23.722567608966212,-1.1166967,-0.735184,-1.4867815,-1.2093025,-2.6667469,-1.382246,-1.0585318,-2.2729156,-1.0592867,-1.2647499
2001-09-10,23.406286351366134,-0.098407194,0.14706132,0.09899039,1.5007125,0.9109269,0.26244864,-0.024651319,0.5972047,-0.17467542,0.4784236
2001-09-18,23.435903007024805,1.406549,-0.6931432,-1.3796529,1.0196983,0.8704134,-0.07599353,-2.471094,0.2481153,-2.2993872,-0.22315691
2001-09-20,23.72745334174035,-1.287216,-1.0302235,-2.6147707,-2.3664527,0.25892508,-2.0584671,-2.2492564,0.23457347,-1.2469697,-0.24432066
2001-09-25,24.293993826774614,-0.21463385,0.05242779,-1.8624083,-0.56626993,-0.59324133,0.56319886,-0.065746896,0.565849,0.88575214,-0.3324872
2001-09-27,24.130243777113932,-0.70129967,-1.8914555,0.6760447,-0.26040474,-0.35783568,-0.4149831,-0.016985763,0.5847581,-1.041386,-1.2528356
2001-09-28,24.74891903272675,0.8379473,1.8027958,-0.06444325,0.96502286,1.2064285,-0.08673913,1.1949883,-0.06412964,0.43017775,1.1395061
2001-10-01,25.22908190351335,0.46155667,-0.555644,-0.00290642,0.48641658,-0.00241374,-0.5547149,-0.008004321,-1.5483524,-0.053817146,0.0035111192
2001-10-02,24.823272687665817,0.48618495,-0.8359991,-1.091905,0.9716023,0.041764762,-0.62226576,-1.8673458,0.532803,-0.7975575,0.21337724
2001-10-03,24.325486215802286,1.4928206,4.335578,-0.21097136,2.3352237,2.1921644,2.4538612,2.0674067,-0.6251745,2.207984,3.20485
2001-10-04,24.2805844458755,0.12637715,0.7206878,1.7803326,0.137643,0.2551775,0.49829748,1.6093364,-1.6356431,0.447115,0.66719466
2001-10-05,24.591204567667287,0.2927656,0.78029144,0.45344815,0.8991715,0.800892,0.6142651,0.035712205,-2.2262099,0.37484768,0.109513186
2001-10-09,24.7034612565558,-0.69283557,-0.72174335,-0.46145067,-2.5354276,-0.4006295,-0.98018855,-1.6931386,-0.27690947,-1.9593767,-1.0567878
2001-10-10,24.601624689222014,0.0076892637,0.83107674,1.5290308,0.68944824,1.1538202,2.163606,1.4875224,2.2799742,0.8748328,0.29988074
2001-10-11,24.465281810621196,0.96731573,1.8435589,1.6274985,0.5741376,1.2666821,1.8280704,1.8311661,2.433472,2.2812648,2.052897
2001-10-12,24.3752522136185,0.61945784,0.6380064,0.41494337,0.03045144,-0.05634751,0.66156304,0.40354007,-0.14203313,-0.4872871,-0.1655655
2001-10-15,24.90382203699631,0.49043593,-1.0369551,-0.100499794,1.1926078,-0.9445749,-0.6859681,-0.84497786,0.46900317,-1.0604621,-0.77160436
2001-10-17,24.270713324210853,0.42777392,-1.8956614,-1.9052134,-1.7148794,-2.430067,-0.38368538,-1.2396679,-1.679068,-1.619436,-2.0170696
2001-10-18,24.356776467078557,-0.7855829,1.5323321,1.765074,0.50287217,1.1670058,-0.54688555,-1.5874497,0.33776826,-0.4237875,0.24689642
2001-10-19,24.346622440204378,0.58440053,-0.018572409,0.45974135,0.7970563,0.52677333,0.1880214,-0.23909003,0.41278997,0.6402666,0.69088376
2001-10-22,24.403766692722442,1.1109724,0.12830488,1.159871,1.5353868,0.755448,1.4088403,0.9669997,-0.037864443,1.4730173,0.65949947
2001-10-23,24.108097989358903,0.1991582,-0.5787252,-1.5529526,0.16693054,0.10644423,-0.2728816,-0.27208024,0.455094,-0.6320755,0.09214536
2001-10-24,24.258876815042406,1.1404068,1.0684007,1.3163148,0.57591623,-0.64109427,0.61454815,0.9986443,1.8002056,0.93227255,1.6731721
2001-10-26,24.172937145966948,0.16280268,-0.58943874,-0.9287405,-0.24411514,-0.72803676,-0.19623226,-0.63914406,-0.31134462,-0.37934288,-0.36977747
2001-10-29,24.017429488982057,-1.0997987,-1.1593232,-1.861182,-1.6912891,-0.3602314,-1.8492123,-1.5633149,-1.3913163,-1.5356851,-1.9647565
2001-10-30,23.996798410796078,-0.031105326,0.1824879,-0.11604672,-0.5243577,0.19824709,-0.6971148,-1.0581014,-1.7849954,-0.8789046,-1.4507366
2001-10-31,24.21122289388445,-0.29005063,0.4466659,-0.13504876,-0.5138104,0.118358225,1.120975,0.6010527,0.16166084,0.545174,-2.2500322
2001-11-01,23.885012307290687,0.71662253,0.9232764,1.7195566,2.4352922,1.1763372,1.7864,1.0599066,1.1508149,1.7955097,0.5901969
2001-11-02,23.910526266620572,-0.20550494,-0.5226525,-0.09616896,-0.2966299,0.52273315,0.46057498,0.48424983,0.816313,0.5551197,-0.2768681
2001-11-05,24.04362921427221,0.15202525,0.78701293,0.77144843,1.1870391,0.9317806,0.7979864,-0.040629838,-0.25276694,0.2546215,1.0809164
2001-11-06,23.74673225479873,1.432969,0.6679256,0.743879,0.92203826,0.45774168,1.3935903,1.199035,0.6837796,0.80315953,0.18870533
2001-11-07,23.797455675591046,0.10840086,0.5212107,-0.030425802,-0.33822468,0.6225359,0.108192116,0.25029388,0.1144909,-0.36600587,1.1590296
2001-11-08,23.735979812476167,-0.059164084,0.16598725,-1.49311,0.092374034,-0.22445896,0.05790451,0.027431417,0.45705038,-0.5804405,-1.029718
2001-11-09,23.4170782673521,0.063761935,0.1063285,-0.061388593,0.46581203,-0.12072172,-0.3333032,-0.69025266,-0.42190832,0.06308687,-0.24573505
2001-11-13,23.364604433668028,0.6699982,0.33782756,0.9413459,1.223676,-1.5487297,1.6744417,1.3428601,0.50378734,0.99414027,1.2832761
2001-11-14,23.561753681608664,-0.9601844,0.32350078,0.31986925,-1.1598537,0.71836567,1.2365911,0.024809293,0.15911783,-0.08528988,0.4359517
2001-11-15,24.607289593608442,0.11736456,0.26313365,-0.32535878,0.09207573,-0.24186526,-0.43445453,-0.45215386,0.32207125,-0.9704313,0.24392852
2001-11-16,26.060986808077452,-0.1532292,-0.16165672,-0.89493465,-0.25200298,-0.4735171,-0.07559469,-0.49869418,0.4295962,0.06506926,0.0017958939
2001-11-19,26.178256413242796,0.16363889,0.78791124,1.6884279,0.4963468,0.6248021,0.4214825,0.23113908,0.9539533,-0.29511866,1.3014617
2001-11-20,25.82469526204508,0.13634814,-1.0896782,-0.8496702,-0.7428611,-0.60405767,-0.9459148,-1.3288112,-1.4244415,-1.4119161,-1.2563531
2001-11-21,25.673861162841146,-0.5052881,-0.78962773,0.18432721,-0.8898249,-0.9546147,0.910142,-0.13601136,0.18476017,0.8092092,-0.11280788
2001-11-26,26.229455830189682,0.36324474,0.39102247,2.4027429,0.2696902,0.6514519,0.8443798,0.530808,-0.44406343,0.7501474,1.2738719
2001-11-27,26.296480735930565,-0.948146,-0.29775617,-0.64986247,-0.9440129,-0.6392502,0.48351946,0.08094133,-0.22038265,1.0766062,-0.6331169
2001-11-28,25.70938613752931,-0.9149965,-1.016752,-0.80950344,-0.638295,-0.6004346,-0.43957412,-1.2141782,-1.243936,-1.1433556,-1.8198414
2001-11-29,25.774214798991242,0.91905886,1.2055594,-0.2433913,1.3344706,0.1380227,0.5900921,0.792034,0.44421348,0.7744835,1.1355598
2001-11-30,25.87071242585253,0.4381534,0.62373257,1.3233396,-0.42604142,-0.3269764,0.38229856,-0.033519257,0.07578665,-1.0364815,-1.3320103
2001-12-04,25.287024525691706,0.98409116,0.73640007,1.9519365,0.76842964,0.20145373,0.8128773,-0.0020678372,1.077023,1.7713217,1.7431984
2001-12-05,24.794419678001027,1.8231035,1.0831811,1.8239437,1.2688124,2.9702656,1.5776395,1.8467617,0.7937128,1.7836585,1.5597944
2001-12-07,24.50180263948644,0.055462655,-0.6783174,-0.40059018,-0.4998473,0.015324149,-0.71946454,-0.59432846,-1.3448622,-0.562035,-0.63871664
2001-12-10,24.420714616557575,-0.32945898,-0.4680867,-0.06368774,-0.47434598,-0.8541604,-0.18380524,-1.2050741,-0.027289584,-0.49431118,-0.64204407
2001-12-11,25.174194607082935,0.67447865,0.025208425,-1.1754014,0.14724463,-0.56964785,0.28247768,-0.06452289,0.16486168,0.15975775,-1.3898475
2001-12-14,24.186121285910833,0.2792817,0.42158037,-0.99230635,0.6902895,-0.18655472,0.6779068,0.3212222,0.31661174,0.64049965,0.86593646
2001-12-18,24.74649247096286,0.2843158,0.40114993,0.53516847,0.15869392,0.47792742,-0.06797374,-0.30561662,-0.016679414,-0.27849144,1.051295
2001-12-19,24.36636933861485,0.5893773,-0.32866558,0.8428812,0.11549605,-0.23771307,-0.5857021,-1.5932591,-0.6640643,-0.78664595,-0.3948584
2001-12-20,23.2217436921072,-0.47317806,-1.2277892,-1.4402386,-1.5740031,-0.7664595,-0.8544273,-1.2097856,-1.3141102,-1.0302413,-1.6175721
2001-12-27,23.02843311860228,0.35526738,0.2726447,0.75256,0.085245505,-0.18604453,0.39322522,0.5525699,0.67597127,0.23618132,0.81075644
2001-12-28,23.17901484561134,-0.25937006,0.0401337,0.43526366,-0.0005259303,0.12956421,-0.30342072,-0.08895851,-0.2326164,0.38834438,0.22286123
2001-12-31,25.200497780150048,-0.79773337,-0.55990434,-0.8399752,-1.0137693,-0.50398713,-0.6584492,-0.5828793,-0.6934981,-1.0112749,-1.0705446
2002-01-02,25.574377493799332,0.16594043,1.3814929,1.9601408,0.48361734,0.34359935,1.4941736,0.68819594,0.7136314,0.8660061,0.54850125
2002-01-03,25.129426087941848,0.78498137,1.7406325,0.32081705,1.3158702,2.4959946,2.2256875,1.5128586,-0.088112146,2.0048645,0.879386
2002-01-04,25.068595265526675,0.68700767,0.05812724,0.08505806,-0.21001266,0.28747877,0.2910792,-0.2551307,-0.8222423,-0.17563276,1.9984254
2002-01-07,24.944689504685954,-0.6280067,-0.3502805,-1.1558602,-0.21614832,0.06948718,-0.35765716,-0.81603885,-1.6953769,-0.28447446,0.08167381
2002-01-08,24.70229865833326,0.1983911,0.4397353,-0.4716987,0.47236294,0.45576817,0.32293892,-0.35410878,0.46035793,0.492682,0.23327823
2002-01-09,24.796392613711525,-0.12394463,-0.12757643,-1.4547307,-0.4097938,1.6631972,-0.1111505,-0.6813193,-1.0956403,0.41271573,0.57784486
2002-01-10,25.095023916164873,-0.9435544,0.1454787,-0.69789255,0.32827678,-0.06900366,-0.52430564,-0.59056324,0.20468405,-0.38371068,-0.92260015
2002-01-11,25.31792818026392,-0.7618199,-0.90647304,-0.3423343,-0.4170294,-0.7177634,-0.0152676,-0.29303327,-0.15213844,-0.5412427,-0.4034433
2002-01-14,25.633149966823833,-0.95365995,-0.7006433,0.08876653,-0.098853566,0.205638,0.3179217,-0.15326719,0.29292348,0.118761525,-0.41709998
2002-01-15,25.042956362485103,0.2719685,0.03923766,0.76281136,0.6323447,0.9977086,-0.06513032,-0.6321093,-0.37464994,0.1161168,0.3753564
2002-01-16,24.912569517013804,-0.6207508,-0.8932626,-1.4572167,-1.0168519,-0.6786796,-0.75770086,-0.10893624,-0.62254906,-2.1964617,-0.9426153
2002-01-17,25.101158520891733,0.9469293,0.6264574,2.4747634,1.1806948,1.0531147,0.7732563,1.0090369,0.902298,-0.009280109,0.51170856
2002-01-18,25.443505475044425,-2.3424945,-0.78335714,-0.5186449,-2.3220456,-1.2404257,-0.8414278,0.061964113,-1.3295531,-0.75330234,-1.11107
2002-01-22,25.55628778055641,-1.6392382,-1.0182842,-0.58644783,-1.0652707,-0.94501734,-1.5464628,-1.6613995,-2.145988,-0.54447436,-0.51337767
2002-01-23,25.3136056015717,-1.174734,1.0692081,1.6731272,-0.47992414,1.3884183,0.75784683,0.21720544,1.2168347,0.9765473,0.3772885
2002-01-24,25.03056702028196,0.31031448,0.1256955,0.19993582,0.5394541,0.81549126,0.7374029,1.2938644,0.043298263,-0.72889435,0.74121284
2002-01-25,24.882200675633527,0.19517231,0.07655886,-0.009409438,-0.52400374,-0.9151929,0.4874555,-0.017490143,1.2445463,1.1518692,-1.3838283
2002-01-28,25.236691293708596,-0.53769183,0.6582438,-0.037708033,6.197676e-05,0.34758136,0.27823368,0.8082992,-0.41787556,0.374387,0.7006182
2002-01-29,25.12723011044954,-2.3462422,-0.83858424,-0.34437174,-0.9959926,-0.6703925,-1.0215296,1.2961814,-1.3065016,-0.91113526,-0.11821462
2002-01-30,25.160853027988885,1.1082053,0.37690347,1.3343095,0.33748394,0.1999683,1.1096514,0.589462,0.8087421,0.98344904,-0.8618532
2002-01-31,24.67750768971782,0.97578806,0.51299286,0.76025474,0.5413635,1.0363158,1.0622259,0.3620181,-0.41046533,0.2231576,-0.42552984
2002-02-01,24.90852769307865,0.0023135743,-0.7089344,-0.47038257,-0.6951056,-1.434307,-0.24013649,-0.57207453,-0.97006416,-0.41148642,1.5371258
2002-02-04,24.55377097775235,-0.5631345,-1.0995471,1.138907,-1.0232463,-0.4564801,-0.51225376,-0.61242485,-1.0423478,0.5074523,-0.8482371
2002-02-05,25.02158963628908,-0.26627266,0.21735291,0.061769817,0.00737228,-0.54195505,-0.06857645,-0.017584145,-0.66225845,0.20444548,-0.23612495
2002-02-06,25.350172709327428,0.1632802,0.118059605,-1.0778365,-0.52658856,0.4032781,-0.7070743,-0.22321899,0.44157445,0.072830044,-0.68413675
2002-02-07,25.496157102529153,-1.2775239,-2.044062,-0.5593328,-0.43040082,-0.21461484,-0.48267463,0.015187723,-1.0035203,-1.5756465,-0.21159287
2002-02-08,25.84785769398151,0.4501126,-0.43774936,-0.43501943,0.58308846,0.4597081,0.26338655,0.5990044,-1.1607772,0.66508484,1.3983567
2002-02-11,26.08273344078743,1.0421,1.2633822,1.2171175,0.32214892,0.29767713,1.0223054,1.3019342,2.4512877,1.3576107,0.4035757
2002-02-12,25.400538364730906,-0.40616474,-0.59032595,-0.4197026,-0.6935779,-0.2966851,-0.46184996,-0.11719604,-0.5373694,-0.54053,-0.28207672
2002-02-13,25.903231704460445,0.6260153,0.33339548,0.3308893,1.1528385,-0.10922737,0.4390537,0.81192917,0.8170815,1.6261786,0.75459415
2002-02-14,25.744171984579456,-0.1270407,-0.10011185,-0.6096379,-0.108683504,0.34811062,0.034662496,-0.3184114,-1.2095977,-0.35532418,-0.42019022
2002-02-15,25.78158759981449,-2.3255658,-0.5232216,-1.0159734,-1.0163176,-1.4901826,-0.88144124,-0.79378986,-1.8072114,-0.098002814,-1.0533022
2002-02-19,25.693751741003823,-0.7929592,-0.4067705,-1.8722782,-0.9308336,-1.3166856,-0.8162008,-1.2639852,-0.10996509,-0.7484214,-0.9432449
2002-02-20,25.174306487292583,-0.98264945,-0.18407221,0.65612006,0.6628759,1.3253958,0.16306801,0.022756817,-1.0219768,0.3512497,0.17795777
2002-02-21,25.469040046528495,-1.4720937,-2.332669,-2.4493928,-1.3233875,-0.46092555,-1.830869,-0.9552715,-2.5840602,-1.762821,-0.90308523
2002-02-22,25.354451651636257,0.9620344,0.17918974,1.7573436,-0.056057155,0.4359767,0.11973361,0.52438825,0.10023863,-0.4688418,0.8329029
2002-02-25,25.34351286122417,-0.11862674,0.5214355,1.4289023,0.76183414,1.4799316,1.5192729,1.062953,2.3098645,1.2747266,0.73589957
2002-02-26,25.531616142539935,-0.607796,-0.16930065,-0.25888994,-0.3902013,0.32408854,-0.8990168,0.09272451,-0.87434363,-0.2268129,0.41972086
2002-02-27,25.850892183821326,0.28828597,-2.0180676,-2.5368314,-0.12886664,-0.2806868,-0.058875814,-0.5237436,-0.95618105,-0.19800155,0.07791973
2002-03-01,25.3990501346463,2.2688146,1.1383579,2.4588501,2.0973365,-1.0899713,2.4781656,1.7048471,1.9340982,2.2756405,1.3889678
2002-03-04,25.381581707655403,1.26291,2.1627817,1.0792681,1.2768334,-4.4112697,0.8860653,1.8353084,1.9054184,0.9565182,1.4717638
2002-03-05,25.834961980879466,-0.15180221,0.023239877,-1.1135101,-0.16027279,0.3705144,0.85469884,-0.01814007,-0.06215179,0.38856718,-0.7381824
2002-03-06,25.310472819689778,0.23547862,0.3422078,0.6711367,0.34788275,0.5789632,0.3027885,0.13201827,0.6431755,-0.23557916,0.12762886
2002-03-07,25.810716660355148,-1.232543,0.30103448,0.35417888,-0.6211755,-0.28666872,0.088406496,0.37425044,0.88229626,0.34290528,-1.1220934
2002-03-08,25.73576770300515,0.5868735,1.0600616,0.30828038,0.80461574,0.4007744,1.123431,0.6510315,1.3599142,0.93968296,0.06271055
2002-03-11,26.0115335165837,0.021337299,-0.5311988,0.46480912,0.24486232,0.5971685,-0.5929635,-1.1507593,-0.14426722,-0.8239617,0.7477185
2002-03-12,26.14878503964939,1.4318262,-0.925435,-0.5210281,-1.2232997,-0.12270731,-0.31764546,-1.0266535,-0.6982018,-0.5646126,-1.596183
2002-03-13,26.609203084581,-0.64998084,-0.6189811,-0.38270852,-0.31886506,-1.1401958,-1.4836541,-0.28768092,-1.0678189,-0.60237217,-0.52166873
2002-03-14,26.50261151991017,-0.31427506,0.53340614,-0.15061378,-0.62867475,-0.9641233,-0.28788868,0.35630506,-0.41009504,-0.13609819,-0.779709
2002-03-15,26.039285401837788,0.03846687,-0.3048976,0.6296737,0.859295,-1.857563,0.805359,0.86760384,0.9267282,0.64230037,1.6909186
2002-03-18,26.937926676537774,-0.253988,-0.049994223,-0.35568124,-0.25903004,-0.0037919455,-0.044005953,-0.08558155,1.0056366,0.48243105,-0.45160368
2002-03-19,26.506395096091868,0.47365737,0.2988491,0.08004764,0.04883311,0.478795,0.1666185,0.3967048,-0.46064255,0.30706525,0.4100557
2002-03-20,26.351452940188643,-0.9596995,-1.0742301,0.02568354,-1.5076541,-0.6216735,-1.0810992,-0.8011762,-1.8267233,-0.7653696,-0.7373377
2002-03-21,26.424357530187326,0.5409731,0.6751412,-0.95166224,0.8786123,1.378655,0.9190361,0.46791562,0.93623847,0.4369377,0.31231406
2002-03-22,26.216782937831255,-0.5879517,0.0956413,-0.31529436,-0.6518459,-0.6701727,-0.71419996,-0.7558015,-0.8758717,-0.2645379,0.3222164
2002-03-25,26.671908219024935,-1.0086715,-0.5976559,-1.1182665,-0.89684266,-0.7666311,-0.5197124,-0.8723269,-0.71443903,-0.15633047,-1.2713727
2002-03-26,26.795999857455005,-0.36475065,0.1446792,0.08943077,-0.12394552,0.43984824,0.8427042,1.1086047,0.20867412,0.46133646,0.35243177
2002-03-27,26.554792719137193,0.18435182,0.053877715,-0.054383993,0.24866153,-0.18796654,-0.2850098,-0.33393368,-1.4044532,-0.2142272,-0.010603785
2002-03-28,26.883602051483006,0.24180654,0.8458659,0.2175397,0.6197514,0.39110053,0.071579605,-0.018868854,-0.21844044,1.0122647,0.86711913
2002-04-01,28.892563937745148,-0.6284277,0.8726951,1.0910006,0.038950343,0.09270571,0.86014605,0.755133,1.1761299,0.53844845,0.11690745
2002-04-02,28.63446731255777,-1.0242332,-1.7005298,-0.6404814,-2.4354835,-0.76840323,-1.1068532,-0.28241584,-1.5632482,-0.72916245,-1.4588164
2002-04-03,28.39535490705973,-0.5599472,0.25864032,-0.5423543,-0.77723944,-0.12897056,-0.095092684,-0.61285174,0.21276373,-0.4348769,-0.1318851
2002-04-04,27.98676873332022,0.39516947,0.38774487,1.5705239,0.081605725,-0.6487527,0.81691337,0.23717046,-0.8241721,0.38251105,-0.36619186
2002-04-05,28.14610175314879,-1.906883,-1.1325198,-0.29709637,-0.48192635,-0.23213212,-0.48535755,0.05783389,-0.5814981,-0.83896893,-0.4279902
2002-04-08,27.863211511895532,-5.469655,0.0257916,-0.32461786,1.0576472,0.51844406,-0.05198431,-0.34502995,0.099501185,0.25685155,0.59689057
2002-04-09,27.87140498753825,0.14013559,-2.237602,-0.7265948,-1.8973464,-0.90702486,-1.4966973,-0.55549055,-0.9161085,-0.83527726,-0.9823429
2002-04-10,27.721770240281757,0.6762732,1.1868957,0.72145563,1.1359979,-1.1133124,0.93358123,-0.15478788,0.17236128,-0.20927615,0.15067843
2002-04-11,28.037187017959038,-2.8923912,-1.1563172,0.20886686,-1.2411468,-1.6672952,-0.27105728,-1.0023245,-0.57536936,-0.32555515,-1.3140268
2002-04-12,28.201443076141953,0.7992665,0.70634127,0.20727094,0.9194504,1.5594932,-0.52916545,0.68256444,0.77582896,0.04383766,1.8432148
2002-04-15,28.422143061730807,-0.2031528,-0.51348186,-0.1570815,-0.21078232,-0.5762055,-0.23926863,0.24896309,0.3165518,0.37381834,0.1297901
2002-04-16,27.947488092667726,0.45305452,0.92222005,0.9403802,1.6672374,1.9841355,1.5898626,1.2791514,2.4022222,1.2426175,0.40093622
2002-04-17,28.060750146368434,-0.8816756,0.60692877,0.4244749,-0.94560236,-0.7250966,1.2487128,0.1784032,0.06455329,0.16167371,-0.54472226
2002-04-18,28.230333644951312,2.392338,-0.88360703,-1.0219797,-0.22323363,-0.34701505,-0.12228244,-0.3494957,-1.0440513,-0.58804184,-0.10306977
2002-04-19,28.12313172312549,-0.023046834,-0.31977957,-0.6671004,0.646915,0.72490984,-0.28925607,-0.26727355,-0.8854223,-0.25654638,-0.24255225
2002-04-22,27.813735991499588,-0.6647263,-0.6733689,-0.7003075,-1.2940376,-1.3071609,0.031229323,-0.56566876,-1.7353547,-0.43682206,-0.480226
2002-04-23,27.801894862750864,-0.3983206,-1.5215244,-0.4685239,-1.3228635,-0.84075874,-0.4703505,-0.15389885,-2.3041887,-0.19280848,-1.3488967
2002-04-24,27.8276083082234,-0.5357577,0.7235913,-0.7634091,-0.82725364,-1.750757,-0.5985122,-0.5644758,0.8033996,-0.91804856,-0.3240144
2002-04-25,27.592396720495838,0.071552776,0.25494504,0.43187267,0.57832044,-0.0043501896,0.2646303,-0.22159822,-0.7900396,0.1862863,0.72177297
2002-04-26,27.717268183627432,-1.2317052,-1.219697,-1.6971402,-1.9089171,-1.0925484,-0.98072857,-0.90414876,-1.5628785,-1.5159189,-0.03713252
2002-04-29,27.604983492718528,-0.5414497,0.37177497,1.3212515,0.62146914,0.87767273,-0.015886845,0.1818127,-1.3486875,0.13616371,-0.68018353
2002-04-30,27.606722046419215,-0.12896849,0.8834794,0.37137952,0.0029869073,-1.156168,0.695873,0.21333922,0.7962825,0.34911084,1.823955
2002-05-01,27.545637041885037,0.2730612,-1.6950613,-0.48407236,0.40096995,-1.8311776,0.09395542,0.20279995,-0.4003026,0.041241314,-3.8628685e-05
2002-05-02,27.73451148114366,-0.31591845,-0.13127114,-0.49139395,-1.3391992,-3.04175,-0.7633574,-1.2062734,-1.3161361,-1.6440495,-1.6982774
2002-05-03,27.897597897872885,-1.3282064,-0.9647255,-0.33616263,-1.4860054,-0.4358034,-1.4060459,-1.3410532,-1.6261714,-0.8131075,-0.36376697
2002-05-06,27.880215710532656,-3.7760954,-0.50616604,-1.3628283,-0.8743377,-0.77371377,-0.8563389,-0.71106386,-0.45746893,-0.096232735,-1.0373732
2002-05-07,27.996399972763697,0.28270936,0.34980714,-0.34916702,0.76686937,0.10677518,0.5181031,-0.057149574,-1.8180821,0.18411991,-0.03397251
2002-05-08,28.07897525486191,3.8747847,5.5266023,2.7536058,4.748801,3.17201,3.2894995,2.7326276,4.625271,3.3446364,3.473822
2002-05-09,28.24199741961694,-1.6444619,-0.8515422,-0.3317135,-2.4315116,-2.3501358,-0.73947597,-0.7159155,-1.0974826,-0.33646765,-1.1767025
2002-05-10,28.27918651118819,-0.21293485,-0.56323117,-1.3537794,-1.8563796,-1.7655407,-1.3268796,-0.9878283,-1.5977381,-1.6399711,-0.8763323
2002-05-13,28.148140230708574,1.5354095,0.43725386,0.84257394,2.312935,1.7121923,1.7783623,1.359381,2.1888776,1.8690381,1.2692412
2002-05-14,28.583090240262248,1.9787731,1.1846308,2.302331,1.8530531,1.2217039,1.8322625,0.8545322,1.4170426,0.9852042,1.377469
2002-05-15,28.625668581864662,-0.6502466,0.15089531,-0.5307767,-0.12350215,1.3129586,0.16795105,0.3121124,1.1711621,0.06334113,-0.71973294
2002-05-16,29.051320999318328,0.53198564,0.6818141,-0.173199,0.81849736,1.3092067,0.6292997,0.318866,0.17462462,0.3190368,-0.3466204
2002-05-17,28.802427046447253,0.0928971,0.34303382,-0.35598466,0.22483748,-0.07103435,0.5149501,0.1672022,0.06850096,0.12690197,-0.51621807
2002-05-20,29.105162527568236,-0.8184808,-1.0635881,-0.4616387,-1.724919,-1.5336452,-0.97895646,-0.5487874,-0.5863708,-0.54274434,-1.5438796
2002-05-21,29.223155488948755,-0.680797,-0.69930536,-1.9745919,-1.6168697,-0.92679334,-1.1385381,-0.94772416,0.5781594,-0.49570584,-1.5260235
2002-05-22,29.25169104574634,0.29185528,0.6239306,1.2133735,1.3104433,-0.18621394,0.64328176,0.022712007,-1.1667317,-0.18831836,-0.27219602
2002-05-23,29.278427934983217,0.16500656,0.5153145,1.1693057,0.9600749,1.9938406,-0.14358503,-0.055213705,0.2078309,-0.6275142,0.017360326
2002-05-24,29.890871820696287,-0.85442716,-0.5543871,-1.5928775,-1.3910626,-1.8606138,-0.7433261,-0.5887179,-0.66888374,-1.9111787,0.31500924
2002-05-28,29.73764216853272,-0.7134732,-0.33194375,-0.33168697,-0.8599769,0.320728,-0.27794483,-0.10146699,0.30497283,0.3046625,-0.88062745
2002-05-29,30.165255504541626,-0.3719903,-1.2631531,-0.07704684,-0.26393756,-2.0472558,-1.1954916,-1.0911447,-0.3135158,-1.1754887,-0.76523954
2002-05-30,30.170534345107807,0.37165734,0.59614366,0.25665775,0.52615446,0.071174465,0.25464055,0.044543106,-0.025925273,-0.627981,0.4268138
2002-06-03,30.178376243217635,-1.6471137,-0.8102459,-0.6938985,-1.4428526,-2.5879407,-1.1315926,-0.9128283,-0.49733087,-0.9447609,-0.75954586
2002-06-04,30.199652496197512,0.7662726,1.2782389,-0.28515846,0.52640873,2.1595676,1.1399701,0.32751808,1.0959787,0.6462387,0.32313344
2002-06-05,30.130066322217374,0.7794093,-0.2944955,-0.17327437,1.5711462,3.3313334,0.8736943,0.30363867,0.29196388,0.37101457,0.30817762
2002-06-06,29.966060788953595,-0.6512934,-0.81527346,-0.9842784,0.20608287,-1.982236,-1.3187194,-0.7404667,-1.9501098,-1.7680242,-1.0510006
2002-06-07,29.991004493370387,-0.9794323,0.4458408,-1.3465613,0.058309868,0.82220066,-6.60091,-1.3059511,0.04017985,-0.41955596,0.43494087
2002-06-10,30.05852334608244,-1.0952883,-0.47458687,0.059160072,0.7523577,-0.87716174,-1.3349057,-0.67255276,0.51203424,-0.24615829,1.2232715
2002-06-11,29.803610847411157,-0.97394365,-0.87019676,-1.8391442,-0.24073929,-0.44701523,-1.2623105,-0.888446,-0.2271449,-1.1719729,-0.5112829
2002-06-12,29.672671396607033,-0.6504725,0.50832266,-0.73526746,2.5873053,0.9046794,2.1826131,0.7089178,1.4419627,1.3866721,0.070660695
2002-06-13,29.541341765136572,0.616171,-0.72922933,-1.0754714,-1.1497074,-0.0061145574,-0.6366232,-0.114603646,-0.59402657,-0.4444966,-0.9783889
2002-06-14,29.381134018908387,0.342537,-1.0948048,0.9389203,0.86856556,1.1716967,0.3324943,-0.17720829,-2.3228917,-0.74608,-4.1572986
2002-06-17,29.118124343293644,0.6102897,1.3576283,0.69788176,0.34634754,2.2431524,1.9436237,1.2397654,-0.71902734,1.4742131,-1.622706
2002-06-18,29.090373464032687,-0.87594825,-0.6573885,-0.75803965,0.24364415,-0.7723344,-0.7009769,-0.5716892,-0.39083642,-0.75621825,0.2265587
2002-06-20,29.287778024503304,-1.3415964,-0.7813088,-0.09586283,-0.23941939,-1.2616915,-1.314438,-0.42947918,-1.9338566,-0.70239246,0.6287562
2002-06-21,29.496455892140645,-2.192024,-0.6731882,-0.62652403,-1.6271608,-1.3219506,-0.7923061,-1.7532222,-0.2899955,-0.6268666,-1.5439651
2002-06-24,29.185622276581302,0.667531,0.58491844,0.8049015,1.6343538,1.855762,1.0848304,1.3410623,0.6641367,1.4317867,0.6559114
2002-06-25,29.518549278726432,-0.8979961,-1.204272,-0.34764385,-1.0801808,0.32771492,-1.6577648,-0.81679964,-0.53368133,-0.13299727,0.23012777
2002-06-26,29.217092471116732,1.0464852,-0.061308466,-1.3272291,1.01496,1.6673992,0.57791466,0.8690177,0.6999998,-1.1128299,0.010709515
2002-06-27,28.76176317930962,1.302391,0.7225764,0.99999636,0.6533246,1.6914195,0.14188425,0.4520035,0.3281097,1.2231644,0.18059932
2002-06-28,29.372702926301855,0.019113496,0.22616532,1.2868932,-0.203379,-0.7068446,-0.5881361,-1.0869697,-0.030766975,-1.2834164,0.49967405
2002-07-01,29.474178536875232,-3.3939202,-1.7154865,-1.4406942,-1.804386,-1.6378992,-1.2405555,-0.303231,-1.1810095,-1.4210486,-1.6458749
2002-07-02,30.62855569585536,0.7276727,-1.1642927,-0.33868846,-1.1568185,-1.2098824,-1.8033142,-1.5289196,-1.9330568,-1.6488265,-0.7576716
2002-07-03,30.15667322234517,1.4393868,0.9973938,1.2151444,0.35659122,3.120869,2.3253467,1.1117091,1.7275276,1.4875804,0.564386
2002-07-08,30.10582084572319,-1.690966,-0.7672837,-1.5265673,-1.7331492,-2.2785158,-1.7120188,-0.9334404,-1.4980143,-1.2937366,-1.1154413
2002-07-09,30.03458959918962,-1.2978399,-1.0940412,-1.0607156,0.24624762,0.30722743,-0.8915265,-0.9870172,0.32809964,-1.8655756,-0.5638406
2002-07-10,30.13887039197167,-0.7639037,0.73218274,-0.5169943,-0.898532,-1.5025283,-2.088567,-1.3520547,-1.266738,-1.643155,-0.8095198
2002-07-11,29.650517479218404,0.44562227,1.0265228,1.9117218,0.58796895,1.535678,2.7349808,1.1467825,1.5175015,2.2757401,-0.99439746
2002-07-12,29.62052858961686,-0.20819837,0.5983861,-1.6682702,-0.9628258,0.8706004,-0.38955852,0.6285933,0.14183648,0.31068262,-0.3347522
2002-07-15,29.194479123215544,1.2887067,0.08776336,1.3652753,-0.06896481,1.5009062,2.027136,0.9218478,1.1864421,1.203921,0.89512503
2002-07-16,29.736783897103706,-1.5705992,-0.34023735,-0.81794834,-0.5215684,-0.5198371,-1.2404903,0.539438,0.38291463,-1.4159642,-0.027263861
2002-07-17,30.057081272773026,1.2369317,0.966134,-4.937527,0.6803648,1.5252665,1.9408516,0.67829514,0.06272249,-0.63181436,0.21920176
2002-07-18,29.907238120723864,0.9648672,-0.8745687,-1.5949409,-0.8383587,-1.3367072,-0.34631455,-0.6328125,0.3191044,-1.2885544,-1.2099907
2002-07-19,29.766870396800996,-0.09216296,-1.3471501,-0.14870872,-1.4774619,-1.0864072,-0.8513597,-0.39583686,-0.4236528,-0.57777196,-1.7945977
2002-07-22,30.076005921145597,-2.7351143,-1.3881519,-0.17441669,-2.0394068,-1.6960825,-0.61504745,-1.6547905,-0.5690301,0.004236525,0.07388392
2002-07-23,30.391995214005718,-1.2158635,-1.0555779,-1.2020711,-4.8271174,-1.5803612,-0.744779,0.082906075,-1.5356629,-2.0769868,-0.89098334
2002-07-24,29.617598922595743,1.8832402,1.2106608,1.7002692,3.3981614,2.1177082,1.651891,0.5644864,1.0183588,1.5216669,1.9082279
2002-07-25,29.564040983892806,-0.19992161,-3.224386,-2.1245296,-3.620959,-1.3683596,-2.1052754,-2.173876,-3.662306,-3.9470475,-2.6960702
2002-07-26,29.37936594800768,-2.3507729,0.45341232,-0.12533294,2.6691346,1.1095208,0.67626715,0.21842332,0.31200364,0.12060876,1.1396071
2002-07-29,28.98041819130192,3.58168,3.0871367,1.5732278,2.8615131,0.7301061,1.9527912,1.3389102,2.1601586,1.311536,1.1427196
2002-07-30,29.10008242642154,0.3938196,0.037222985,0.8858473,-0.15982081,1.0385829,0.20924099,0.14770837,-0.6174471,0.9552731,-0.8574884
2002-07-31,29.14903433130052,-1.0807054,-0.3197479,-0.4702117,-0.13134874,0.4412243,-0.23125748,-0.5858229,-0.16381168,-1.4322889,-1.2406633
2002-08-01,29.076345343739792,-1.679626,-2.2877424,-1.1653146,-2.22947,-1.0997822,-2.0910444,-2.457243,-2.0449326,-1.546095,-10.040923
2002-08-02,29.187920584202057,-0.3396807,-0.48360717,-0.9299222,-1.4027302,-0.87174404,-1.5163064,-1.4905071,-0.12767433,-0.6332608,0.9073387
2002-08-05,28.899126727501557,-1.5269581,-1.2127595,-1.2224367,-0.45461333,-1.3731964,-1.511155,-2.4626918,-2.1071112,-1.8507615,-1.3415581
2002-08-06,28.98692927570087,1.4388068,1.5660394,1.7830197,1.7246797,1.096282,2.4924173,0.9607162,1.5805417,1.5099905,1.0241646
2002-08-07,29.26682325895606,1.0386252,1.9195894,0.62254894,1.4178668,0.63625896,1.1614776,0.8223849,-0.25325006,-0.04157356,0.2586416
2002-08-08,29.693387698914663,1.7911545,0.40738377,0.5675774,1.7816441,1.6136874,1.2593988,1.3045219,1.0931154,1.4265093,0.12835936
2002-08-09,29.7216863161792,0.10843891,-0.18548107,-0.79225093,-0.787376,-0.6582681,-0.8556273,0.5352657,-0.21682604,-0.9436869,-0.20966104
2002-08-12,29.724926203822303,-0.09955892,0.5641007,-0.10005891,0.32854134,-0.27084026,-0.529887,-1.0252606,-0.15102233,-0.5717441,0.5078485
2002-08-13,29.686343020858835,0.04142285,-0.102429256,-1.0534718,-1.4136335,-2.2018394,-1.4965104,-1.313208,0.4866942,-0.27218738,-0.4774837
2002-08-14,29.64557641087475,2.1335206,1.8704467,1.3317461,2.5769575,3.2294617,3.0180385,0.90968025,1.4505087,1.742755,2.0338256
2002-08-15,29.52796560185212,1.0521181,-0.0037142292,0.9540733,0.041820657,0.21680883,0.6344568,0.53682894,0.668007,-1.0651414,0.8575113
2002-08-16,29.920382996014634,1.903586,0.14611441,0.38601097,0.20466831,0.84936565,0.3188646,2.1294043,0.55790466,1.4917786,0.17212324
2002-08-19,30.04870300410842,2.029508,0.479171,0.31297162,1.8623269,1.6468846,1.2880824,0.7166463,0.7309898,1.2926345,0.92223805
2002-08-20,29.36525869463004,-0.8411932,-0.004153289,-0.23269358,-0.8894666,-0.50678295,-0.74622536,-0.9663588,-0.64657617,-0.78430057,-1.0771223
2002-08-21,29.027659270764516,-0.22783352,0.6461453,0.39243016,1.1006131,-0.0056345174,1.1013626,1.0582902,-0.118806854,1.6193984,0.11000429
2002-08-22,29.199047869798452,0.58488965,-0.039488498,-0.40886647,0.8261039,1.2396412,-0.6542102,0.28082997,0.9073158,0.16543186,0.47754073
2002-08-23,29.610627411935457,-1.0954627,-1.1983931,-0.6221024,-0.92056626,-1.1780524,-2.00027,-1.4291904,-0.7987102,-1.8483571,-0.51290894
2002-08-26,29.607764302847563,-0.7064506,0.05154664,-0.5374441,-0.12384359,-0.66932964,0.379251,0.34430817,0.3418875,-0.24873364,0.4371278
2002-08-27,29.71372461951528,-1.0436106,-0.90667146,-1.6950808,-1.1758231,-1.3157848,-1.6697143,-1.8638656,-1.3557727,-1.892956,-0.18155673
2002-08-28,30.22965792477923,-1.3877863,-0.6125174,-0.44869524,-1.417759,-0.7920495,-0.57958764,-0.53787595,-1.3837148,-1.3568122,-1.3154043
2002-08-29,29.975357058693064,0.33791035,0.90735817,-0.07660428,1.1317731,0.15732196,0.6503867,-0.40962866,1.0459652,0.32932672,0.3699934
2002-08-30,30.107081212307726,-0.9337661,-0.7593533,0.04701534,-1.4590896,-1.2442659,-0.8334242,-0.36166364,-0.75479555,-0.19880316,-0.42704967
2002-09-03,30.332085284842698,-2.276321,-1.549095,-1.8602923,-2.0851994,-1.8784626,-1.5598407,-1.6967605,-0.93849504,-0.7819685,-2.6364207
2002-09-04,30.380134155274842,0.96723825,0.39312774,1.0289549,1.1925949,1.9017934,0.58934534,0.92937005,0.18488382,-0.6377185,0.9035683
2002-09-05,30.466302358949886,-1.2100863,-1.0779969,-0.84770375,-2.384362,-1.7026016,-2.0340786,-0.82746875,-0.45435524,-1.3862696,-1.276875
2002-09-06,30.581695252641467,0.7072155,0.5326534,0.4384736,1.966197,1.7980182,2.4146895,1.9823706,1.7423115,1.7996012,1.3226603
2002-09-09,31.03700436500589,0.9115621,-0.17403772,-0.10503292,0.88243794,0.5123386,-0.21263063,-0.20104282,1.3606428,-0.56543976,0.17194578
2002-09-10,31.34782519299771,0.7547931,0.98241156,-0.18426542,1.0841646,0.026815876,0.8795162,0.759788,-0.35730278,1.5634657,-0.36068773
2002-09-11,31.00819965037201,-1.0861796,0.26641372,-0.18298215,-1.2267703,0.026769686,0.3778089,0.20551841,-0.42795086,0.3896665,-0.28367114
2002-09-12,31.18476147289502,-1.8211026,-1.1429272,-0.4737017,-1.494073,-1.1295006,-1.8259343,-2.0176253,-1.1558129,-1.9742917,-1.2584358
2002-09-13,31.224610288383836,0.42458797,-0.0019510568,-0.00023327448,0.77605486,0.8728556,0.771666,-0.32575125,0.37658885,0.5610432,3.3725913
2002-09-16,30.543587234804306,-0.19194987,-0.2774071,0.770223,-0.14754258,-1.576104,-0.6102846,-1.0889299,-1.3740035,-0.7840244,-0.92270595
2002-09-17,30.751154396625264,-0.4897721,-0.87208974,0.67944473,-0.5193675,-0.9179481,-0.19950964,-0.42906073,-0.4657192,-1.0478528,-0.46394047
2002-09-18,30.979813928424175,-1.7699097,-0.11256436,0.46977696,0.46026185,-2.7574031,-0.5493954,-0.62403804,-1.1505812,0.00031607345,-0.1600059
2002-09-19,31.10567649667586,-3.95946,-1.1676157,-1.1880461,-0.5877308,-0.8694058,-0.5851256,-0.94504154,-0.3753521,-0.57506484,-0.56183594
2002-09-23,30.747145687845197,-0.5295817,-0.29985905,-0.12818412,-2.3668022,-1.50079,-1.6809572,-1.4999828,-0.74328786,-1.7434846,-1.1012431
2002-09-24,30.399079800073256,-3.2447045,-1.2653614,-0.60062593,0.42088372,1.5119709,0.5603782,0.24976699,0.042587113,1.1760997,0.9080856
2002-09-25,30.81091739721514,2.851653,1.2355081,0.64823246,0.9084457,2.3698316,2.0066419,2.1571863,0.79097396,1.1979367,0.25484416
2002-09-26,30.697691398660616,-0.92178637,-1.4473816,-0.65214664,-0.34191284,-1.1907285,-0.03324545,0.2113801,0.38897893,-1.2584627,-0.1888541
2002-09-27,30.76486603610103,-1.5410521,-0.34235948,-0.028120251,-1.0312488,0.43246228,-1.1036165,-1.5753478,-0.24905434,0.13735318,-0.17450525
2002-09-30,31.181836658630647,-1.9673153,-1.9654491,-0.64185303,-1.6948342,-2.2527392,-1.6345809,-1.4959084,-1.1142437,-0.66393596,-1.0863408
2002-10-01,31.259656905392653,2.5926597,1.186285,-0.0538709,2.7289934,2.8023274,1.9040229,2.3963444,2.1729891,1.4505718,0.37326515
2002-10-02,31.14814046327363,-1.4657139,-2.4049504,-0.96438706,-0.6831876,-0.929167,-0.77645636,-0.41842106,-1.0613345,0.5859848,0.74916095
2002-10-03,31.027636959429966,0.28276166,-0.6991763,0.2609088,-0.89834386,0.07326713,-1.0126299,-1.1712507,0.2531305,-2.2737522,1.2591583
2002-10-04,30.997185797290467,-3.266538,-1.0381896,-0.78815955,-1.1603401,-0.5360009,-0.23800069,-1.0514572,0.09791576,-0.4415488,-1.0249616
2002-10-07,31.31636215269875,0.19575585,-1.1803114,-0.7805252,0.30067372,-2.1422691,0.34400553,-0.8450849,0.16896798,-1.1598151,-0.5704098
2002-10-08,31.353767193145146,0.12669058,-1.5577309,-0.32565418,1.0336168,1.5861716,-1.4112455,-0.512478,-0.87798613,-1.3648789,-0.17585649
2002-10-09,31.260604900965784,-2.013764,1.967573,-0.3265589,-1.1304057,-0.0077993297,0.67819476,-1.5862863,-0.8984761,0.11168769,-2.9011805
2002-10-10,31.074737456600825,2.398532,1.482563,1.3201822,2.593218,1.7802721,1.8128965,1.9270637,1.9915408,1.6990409,3.3404093
2002-10-11,31.081505099998846,5.6999683,1.5965883,0.9628556,2.5636513,2.064747,2.4353764,3.4548059,1.3514951,2.153791,2.0169928
2002-10-15,31.189433868680624,4.184351,2.6574564,0.8942713,2.9074457,1.5627726,3.0786653,2.673873,2.2033122,2.2083366,0.5149812
2002-10-16,31.808592484440066,-3.0715563,-3.277799,-1.6095906,-1.8603126,-1.3489696,-6.651048,-2.4569886,-1.0945945,-2.3739824,-1.3036649
2002-10-17,32.00581714748718,5.948304,1.014597,-1.274801,0.34405082,1.9775667,1.764724,1.7121135,1.5221629,2.1484556,0.86451644
2002-10-18,32.046936528633005,1.5197725,0.9248564,0.5337551,2.306531,-1.3702768,0.6219446,-0.1701599,0.110813834,0.90888155,1.0108482
2002-10-21,32.22070622392416,0.9231417,1.16557,0.49960634,-0.6338089,0.53795564,2.3353343,0.010175826,0.5111427,1.1557657,1.2404915
2002-10-22,32.61974915376206,-0.86915845,0.6907283,0.2856634,-0.8477585,0.8941272,-0.6642635,-5.741899,-0.008866196,-1.9887576,-1.2236766
2002-10-23,32.80936603116731,0.023302766,0.08040766,0.38715637,1.4950596,0.24081014,2.3721936,1.7161756,-0.43989024,2.631056,0.6690219
2002-10-25,32.61841128498407,1.8576304,0.050284002,1.7843995,1.4215748,1.3937699,2.1259913,1.6966866,0.9043322,1.8125969,-1.2359647
2002-10-28,32.9005947358148,1.462181,-2.3242137,0.3908128,-0.7416927,-0.6745418,0.5331503,0.3431754,-1.0467095,1.1040198,-0.46916875
2002-10-29,32.979647002853596,0.07362582,-0.8533693,-0.5082823,0.10321017,-0.4013028,-0.7764361,-1.1956009,-1.6040674,-1.507457,-1.1669238
2002-10-30,32.979491736018865,1.3707176,0.8308944,1.2496009,1.0126176,0.16897321,1.301067,1.5135691,-0.11444712,1.7836223,1.1470039
2002-10-31,33.072059199547894,0.1359987,0.70284295,0.13441232,0.3356409,0.62761056,0.70494115,-0.05958724,0.73926824,-0.58138746,-0.13342129
2002-11-01,32.872947393488815,0.9927159,1.0920416,0.60883975,-0.47510266,-0.21942845,2.018486,1.6046932,0.9518141,1.2067165,0.93289435
2002-11-04,32.93089008680272,1.4236631,1.710683,1.1517314,2.9382966,0.3750541,0.954689,0.39941993,-0.04179875,1.2224485,3.3126245
2002-11-05,32.8953968818011,-0.63662535,0.87547207,-0.060401365,0.5173136,-0.25353014,-0.6670508,-1.4329329,-0.12909509,-1.1532757,-1.9109228
2002-11-06,33.18481759999155,-0.0551392,0.6038843,0.6463556,0.30532494,0.6542908,1.5607134,0.2937398,0.12456668,1.7440889,0.18703255
2002-11-07,33.050412119364864,-1.9266639,-1.4592245,-2.937578,-0.95834684,-0.5659142,-1.2310228,-2.6582923,-0.8718527,-2.0080824,-0.7133121
2002-11-08,33.30255561760755,-1.0721858,0.4803376,-0.47656384,-0.8775822,-2.3806455,-0.47358224,0.053337898,-0.2492572,-0.028119197,0.035115253
2002-11-12,32.946981810859896,1.30872,1.6581749,1.1246463,0.6070327,1.719309,0.964011,1.0995873,1.318568,0.8973119,2.007251
2002-11-13,33.03237233567315,0.08376934,1.219397,-0.20801182,0.7897598,0.43865043,0.71474516,0.53239536,0.5152716,-0.74179286,0.6336331
2002-11-14,32.7800203977159,0.9212763,1.2238581,1.6369889,1.485419,2.58358,2.0914545,2.0698268,2.5332007,1.8930298,0.9065823
2002-11-15,33.262996837730014,-0.57531124,0.14554395,-0.9308295,-0.29403913,1.2196461,-0.6723018,0.22341385,0.9351436,0.07873619,0.8397689
2002-11-18,33.38884015632133,-0.66982186,-0.39021182,-0.8268854,-0.80323464,-1.5946065,-0.3884492,1.0310472,-0.919338,-0.9520978,-1.371521
2002-11-19,33.01264089406777,-0.6553604,-0.563819,-1.0374786,-0.9488708,0.4058239,-0.67675203,0.2783651,-1.2113407,-0.52446014,-0.5750426
2002-11-20,33.04069487244503,2.2777615,1.5028228,0.57177263,1.6297747,1.2428163,1.9361567,1.9742839,1.6883144,1.3851674,0.9884367
2002-11-21,33.03170624283123,2.2201912,1.70218,1.913873,1.0945212,2.307888,1.9442362,1.8728919,1.0987526,1.8978401,1.7610334
2002-11-22,33.35789602191208,-0.38557655,-0.72271776,-0.90553916,0.32737383,0.3656295,-0.19864169,-0.7058956,-0.037813064,-0.2961197,-0.5217796
2002-11-25,33.62742774009899,1.1514028,-0.025337461,-0.1833036,-0.008158656,1.0110306,0.82209,0.4252912,0.867621,0.25513035,0.36330053
2002-11-26,33.670612739047804,-0.843426,-0.93439066,-1.4885952,-1.2436024,-0.8761993,-0.40395245,-1.660185,-1.2814171,-0.8414637,-1.6014374
2002-11-27,33.49459974071758,1.720992,0.75732976,0.69554317,1.0668795,1.1238012,1.2690116,2.6973598,0.994215,1.4996974,1.0449858
2002-12-02,34.003798139035474,0.19357586,0.260209,-0.9115739,-0.008159806,-0.77482295,0.36516222,-0.37669766,1.0513026,-0.48663566,-0.9589711
2002-12-03,33.85566051775986,-1.4896258,-1.1381654,-0.13758112,-0.9314689,-1.6777277,-1.180329,-1.2580487,-1.5055597,-1.4749801,-1.2924017
2002-12-04,33.87047727934073,-1.123249,-0.21507594,-0.5834747,-0.17761114,-1.0556873,-1.0479945,-1.1527706,-0.7250436,-1.6262331,-1.8695581
2002-12-05,34.050370242177934,-0.5107482,-0.7129167,-0.99593216,-1.1681952,-1.229715,-1.2191966,0.08787249,-0.39209443,-0.46712056,-0.5193695
2002-12-06,33.887449647899594,-0.59078157,0.12542139,0.7686298,0.10786691,1.9570689,-0.38837776,-0.13578036,1.4263349,-0.04672042,0.16582252
2002-12-09,33.84305712132567,-2.0477223,-1.5224161,-0.61678946,-1.915951,-2.527315,-1.9129944,-2.161407,-1.8796698,-2.4219472,-1.626092
2002-12-10,33.74751828630885,0.82230175,0.9269712,1.3046836,0.45746753,0.57372975,0.9613282,0.2663041,0.26950708,2.0933735,1.283545
2002-12-11,33.60736660666489,0.39849404,-0.19954027,0.45099705,0.6165613,1.9717151,0.13654202,0.16192742,-0.12526065,-0.43313017,-0.20514858
2002-12-12,33.74293078674415,-0.9859641,0.5394075,-0.8553254,-0.49623552,0.31089607,0.1367315,0.3450208,-0.90869343,-0.459629,-0.20590723
2002-12-13,34.00510286399844,-0.1893371,-1.6057584,-1.1420404,-1.6949933,-2.5118976,-1.1245365,-1.2908926,-0.8266156,-1.6874713,-0.2192902
2002-12-16,34.18211242214305,1.1241382,0.5879838,0.07454068,1.9753907,2.1776597,1.345096,0.9256784,1.41582,1.7994888,0.7998205
2002-12-17,34.40263443140618,-1.0288157,-0.048589792,0.5260697,-0.13715957,-0.94407475,-0.57034886,0.12874396,0.052196633,-1.2710949,0.20705348
2002-12-18,34.37383378160089,-0.9460953,-1.0388253,-1.4579896,-0.8504178,-1.349687,-1.462881,-1.8806236,-1.057132,-1.324404,-1.0882702
2002-12-19,34.489698003559376,-0.42064443,-0.54691344,-1.1146418,-0.44542077,1.26403,-0.19174714,-1.1320539,-0.6757294,0.5357918,-0.7234333
2002-12-20,34.29897691378292,0.78319114,0.6087211,-0.2550384,-0.08888042,-0.89774394,0.10017491,0.08784507,-0.036221936,-0.51949245,0.12210072
2002-12-23,33.45034215532448,0.27960986,0.3580597,0.8725417,0.929032,1.0515432,0.4866421,0.14102316,1.0099059,1.2609811,0.83569044
2002-12-24,33.61227009423423,-0.42884728,-0.22859357,-0.4389031,-0.19420674,-0.2409792,-0.8075567,-0.115558356,-0.5029966,-0.18920814,-0.497459
2002-12-26,33.4336206046063,-0.9908388,-0.5940709,0.024212714,-0.4400852,-0.5401655,-0.10924595,-0.35515156,-0.39050713,-0.16868928,-0.76353854
2002-12-27,33.32048791146931,-0.91293615,-0.23186865,-1.0174397,-0.43219888,-0.14325972,-0.53215235,-0.6021838,-0.7369834,-0.6441904,-0.7386565
2002-12-30,33.261098951287316,-0.9014016,-0.11725182,-0.05641339,-0.2354505,0.48654494,-1.3066018,-0.36454207,-0.46736678,-0.52894366,-0.47724864
2002-12-31,33.91283450674281,0.8943488,0.27886105,0.6376419,-1.0917928,-0.48272994,-0.34827238,-0.2177372,-0.42747155,-0.61106265,-0.23528177
2003-01-02,34.141919646146285,2.2367516,1.2155397,1.1943271,2.0434964,1.3639762,2.536401,1.9199675,0.58482414,1.9733211,0.8721287
2003-01-03,34.63923872377032,0.73213595,0.5850014,0.18226779,0.053134706,1.1394706,-0.24270391,0.14081755,-1.3557961,1.0726107,0.7302883
2003-01-06,34.70390808376357,1.3429778,0.6183492,-0.08750857,0.9681759,1.2642825,1.4367129,1.600669,1.4165226,1.6617548,1.3021361
2003-01-07,34.86970184182908,1.6452864,0.8455726,-0.22296615,1.0042315,2.220955,0.4535395,-0.98160565,-0.16772935,-0.2568952,1.026619
2003-01-08,34.76504464083063,-1.3431475,-0.3710129,-0.9072543,-1.5691648,-1.7382886,-1.3501707,-0.9371413,-0.63584864,-1.351281,-1.6992724
2003-01-09,35.12835705383128,1.9214126,1.0710034,0.2712062,1.558523,2.6782603,0.8915452,-0.28745863,1.7269279,0.76295656,1.1576437
2003-01-10,35.21481962078674,0.4057308,0.5407889,0.021477189,0.09083991,0.16299555,0.8335627,0.33105567,-0.26842347,1.214525,0.33670998
2003-01-13,35.11546138284287,-0.18385535,0.09790342,-0.33629522,0.44416738,-0.4207424,-0.0027244985,0.06781485,0.14109808,-0.61417603,-0.23674989
2003-01-14,34.947623708581666,0.6668474,0.58524483,-0.14315787,0.544611,0.51034975,0.9170807,0.012037277,0.44864386,-0.12396665,0.49443722
2003-01-15,34.72665742144329,-0.73998094,-0.83909565,-0.5849139,-0.6935324,-1.7097697,-0.81585187,-0.41324723,-0.8674727,-1.8240644,-1.3913279
2003-01-16,34.41864827124986,-1.1220292,-0.6026732,0.43480644,-0.910993,-1.0955626,-0.22933044,-1.6220151,-0.053787544,-0.26807955,-1.003285
2003-01-17,34.69483526477608,-3.4706511,-1.6830789,-1.5396068,-3.9967399,-2.3309379,-1.7535114,-1.0644745,-1.4472384,-1.7376324,-1.7255133
2003-01-21,34.52661480383674,-0.6262108,0.083763264,-0.31461066,-0.15521751,0.4102897,-0.029653173,-0.8473003,0.06975166,-0.06884862,-0.3565989
2003-01-22,34.560197920909715,-0.6920182,-0.51242316,-0.48860386,-0.36865047,0.14969562,-0.008094315,0.18337768,-0.30865118,0.50446,0.011447796
2003-01-24,34.86387954238047,-1.6155201,-1.6369568,-1.1521949,-2.6288347,-2.1582446,-1.7285029,-0.5078902,-1.0593022,-1.7349908,-1.2597721
2003-01-27,34.853389652391165,-0.5016437,-0.36762762,0.86246616,-0.77116346,0.49688122,0.14757976,-0.8604384,-0.44624183,-0.025868423,-0.19821805
2003-01-28,35.137438154261716,1.2247975,1.1286608,1.1791555,-0.41294298,0.11505832,0.41884202,1.0775927,0.56352854,-0.13672617,0.9356162
2003-01-29,35.28636335433658,0.09235038,-0.3408492,0.87294036,1.2071228,0.14676218,1.4728463,0.6622249,0.7361684,0.7417183,-0.08925193
2003-01-31,35.622131048185615,-0.14567563,-1.2041413,0.024305027,-0.9313508,0.8941857,-0.19695032,0.43297666,0.033382524,-2.3835113,-0.12605421
2003-02-04,35.691213429686975,-0.92814,-0.7012796,-0.2573312,-1.4697956,-0.9227793,-0.24372263,-0.71887153,-0.7394115,0.3440846,-0.88846713
2003-02-05,35.84277434348775,0.06750419,-0.027017266,-0.51296496,-0.4487967,-0.71284604,-0.0128298355,-0.02561061,-0.36656708,-0.4432303,-0.016193988
2003-02-06,35.734209986710155,0.2496944,0.07038277,-0.14641632,0.52910876,0.020782499,-0.31897917,-0.8758502,0.20159847,-0.09842831,-0.1263006
2003-02-07,35.358864948534894,-0.38957992,-0.97824705,-0.88451487,-1.0120484,-0.6473191,-0.77480364,-0.1649546,-0.38086113,-0.51919746,-0.5893046
2003-02-10,35.28451421033515,0.56819946,0.70636463,0.4801517,0.92667854,1.3422318,0.60448676,0.09446268,1.1607232,0.54408133,0.47063154
2003-02-11,35.30488564776379,-0.473791,0.7374642,-0.08886644,-1.1308137,0.5038389,0.2454996,0.74127716,-0.045874365,-0.3185404,-0.041080166
2003-02-12,35.05945967969437,-0.7654921,-0.6653886,0.024033234,-0.018089682,-1.3392943,-0.36839217,-0.394209,-1.0357827,-0.36885878,-0.029257555
2003-02-13,34.47617286904803,-0.56635404,0.23153426,0.32718912,0.6212877,0.11808716,0.9612743,-0.68933916,-2.5059593,-0.04740199,0.052721106
2003-02-14,34.54973047683809,1.174767,0.826578,0.26872846,1.4775205,0.5027801,1.4748515,1.0831751,0.6757861,1.3648565,0.4577251
2003-02-18,34.46380299373412,1.3659047,1.370602,1.5135275,1.7721517,2.213028,1.3350681,1.3883324,0.56632835,0.7348155,0.92840004
2003-02-19,34.15098716599843,0.069971755,0.2096331,-1.1930891,-0.7796398,-0.3092676,0.18477379,0.28082246,0.06566134,-0.8006176,-0.23354578
2003-02-20,34.14990771682268,-0.3331413,-0.36867794,-0.30069336,-0.87954366,-0.040882282,0.45664987,-0.7839111,-0.83823955,0.79656357,-0.012104032
2003-02-21,34.413672779676766,0.5344398,0.8520456,0.5294698,1.0709994,0.22970814,-0.27875102,-0.20923519,0.41004628,-0.0021557729,0.6992251
2003-02-25,34.661112482611,0.32237226,-0.77049327,0.66670066,0.25343376,0.3668857,0.48757893,0.1605118,-0.4521311,-0.43533236,-0.21343029
2003-02-26,34.55410502378494,-1.341271,-1.3112452,-1.496177,-1.3378029,-0.7058438,-0.9800782,-0.54494345,-1.3064095,-0.81338406,-1.4942114
2003-02-27,34.311567369919274,-0.15689385,0.5179207,0.8895771,-0.08632051,0.5229307,1.0705221,0.9844442,0.64393514,0.554639,0.027434018
2003-02-28,34.54771357976362,0.45081303,0.48977777,0.31454304,0.25825176,0.2078144,1.2344592,0.77948725,0.26844072,0.85934067,0.21135375
2003-03-03,34.891950775995056,-0.5468703,-0.6158645,-1.0650896,-0.389873,-0.87280774,-1.1684128,-1.0172099,-0.6147451,-0.82279485,-1.0046027
2003-03-04,35.01135287033085,-0.56014585,-0.23377423,-0.33674783,-1.1288512,-0.20660968,-0.006448469,-0.39504397,0.34967276,-0.9653893,-0.5087284
2003-03-05,35.12350162532385,0.741201,0.22764124,0.07769936,0.86089647,-1.5439527,0.8519509,0.3458508,0.9055879,-0.07212573,-0.7234618
2003-03-07,35.00608238773656,0.5807257,-0.59241253,-0.17143458,0.66395885,-0.35241473,-1.3504852,-0.29779994,0.115185395,-0.267411,0.21958141
2003-03-10,34.43903210336717,-1.7731129,-0.5691278,-0.528749,-1.4399482,-1.0347431,-0.16578984,-0.53503823,-0.94640744,-0.9306302,-0.60559475
2003-03-11,34.5756576778565,-0.34235737,-0.002149678,-0.47892302,-0.37467915,-0.29025018,-0.032763258,0.6138677,0.20269936,-0.022547558,-0.099997945
2003-03-12,34.406335998584794,-0.19949779,-0.820913,-0.11477663,1.3661772,1.086564,0.78995866,0.54556704,0.5236042,0.29884782,0.87815994
2003-03-13,34.289503980103056,2.4656281,1.7003009,1.288464,2.8591204,2.9033093,2.5777707,2.0482616,2.2050683,2.10141,1.033136
2003-03-14,34.37485970794372,0.35121733,-0.07205533,0.07545294,0.39753556,0.11349934,-0.29114902,-0.8576757,-0.25094584,-0.7160569,2.2883537
2003-03-17,34.41758449687233,2.4898314,1.6172509,0.52908117,2.2656739,1.2446218,1.8762937,1.3794155,1.2307196,1.6530308,1.2682925
2003-03-18,34.61543819062304,-0.058037102,0.12788326,-0.114047445,0.2127976,-0.31558597,0.4530644,0.29742312,0.11987615,0.8666871,-0.123842865
2003-03-20,35.319491403926385,0.08129384,-0.43162245,-0.19753377,-0.16615434,0.6237038,0.6586359,0.0076221046,-0.5054539,0.7461504,0.8924852
2003-03-21,35.52674941538911,1.9066223,-0.34726006,0.15569107,0.65842897,-0.516675,1.3488783,0.6097706,0.43900126,0.6247887,-2.0767992
2003-03-24,35.56745907665642,-2.005742,-0.93794435,-1.8380904,-2.779288,-1.1120281,-2.094436,-1.580847,-1.008787,-1.4778721,-1.6931427
2003-03-25,35.159311343304495,0.8110811,0.46162653,0.41494197,0.41746965,0.9069072,0.52235067,0.26003703,0.4757115,0.059884902,1.0273572
2003-03-26,35.29157423359561,-1.4661856,-0.16581818,-0.4808771,-0.5432665,0.4574418,-0.22147036,-0.2772278,-0.3542436,0.1672647,0.1571716
2003-03-27,35.28841297971202,-0.14126816,-0.40085834,0.1357077,-0.48168162,-0.27986243,-0.5512935,-0.025170049,-0.79250413,-0.50294864,-0.58052784
2003-03-28,34.85744997818,-0.510816,-0.68380976,0.13367522,-0.83445084,-0.8839378,-0.66181886,-0.6505425,-0.15835918,-0.6371836,0.16711488
2003-03-31,36.21433616771963,-1.9523603,-0.62463164,-1.3261037,-1.0898792,-0.9052651,-1.9808098,-1.8506917,-1.4495149,-1.5637585,-1.1302335
2003-04-01,36.53093038343817,0.16884537,-0.027539436,-0.03303904,0.3119906,-0.34278497,0.3975931,0.10466464,-0.121467285,0.38018754,-0.3637859
2003-04-02,36.6426984502518,2.0625446,1.6087399,1.1793293,3.1319146,2.4837847,2.481136,2.0336251,-1.7925082,1.8621471,2.2117631
2003-04-03,37.000321507195125,0.27677605,-0.027895235,-0.4954122,0.0033605814,0.54063946,0.18784456,0.27112097,0.06509955,0.28528297,0.052439615
2003-04-04,36.424668927111824,-0.9264289,0.14040273,-0.23472527,-1.4604,-0.870218,-1.0263317,-1.527653,-0.10371181,-0.537113,-0.9736877
2003-04-07,36.631862174252404,-0.31777087,-0.36615595,0.13817632,0.16417721,1.1534457,0.72678703,0.5142744,-0.17383595,0.7471804,0.800908
2003-04-08,36.878033122015154,-0.38336605,-0.37217703,-0.20764129,0.91685766,-0.73599845,-0.45771644,-1.5150149,-1.9143763,-1.1008127,-0.8778508
2003-04-09,36.67601264505983,-1.1420346,-1.0008446,-0.84664184,-2.340065,-1.1687448,-0.83940095,-0.30892113,-0.2642442,-0.7833415,-0.652502
2003-04-10,36.738579238725336,0.16861835,-0.027696695,0.43239146,0.02787865,0.6911686,0.523319,0.51844686,0.020455219,0.29635963,0.42688134
2003-04-11,37.250244321935206,-0.27978548,0.40643775,-3.658264,-0.9547154,-0.29919812,-0.22952478,-0.595829,-0.53760004,-0.5422518,-0.17088176
2003-04-14,37.32276670820776,0.9835588,0.62701267,1.0995575,1.3215536,1.2875499,1.0099131,1.30533,1.1799152,0.9947636,1.0278491
2003-04-15,37.14100702083922,2.0407248,-0.35238212,-0.6833532,-0.39747953,-0.43016255,0.016528167,0.48170584,-0.05453418,-0.2102464,0.23653835
2003-04-17,37.097938725085385,0.97217715,0.9193073,-0.4740942,1.3213677,1.4154155,1.0949465,0.61891955,0.15510286,1.586774,1.4000084
2003-04-21,37.03382368741781,-0.74770397,-0.051827706,-0.029039897,-0.6845975,-0.5520866,0.061787292,-0.07447669,-0.13773844,0.33992624,-0.15787704
2003-04-22,37.447297281386746,1.6375806,0.87881976,1.0759296,1.2498194,0.96570605,0.77980924,0.8305571,0.27007413,1.5935543,0.39691257
2003-04-23,37.66882359443791,0.017598752,-0.004709596,0.12436459,-0.11158961,-0.45445246,1.0220731,-0.3749584,-0.3181177,-0.5257583,0.15468656
2003-04-24,38.19321516950087,-0.48848155,0.019196235,-0.53715783,-0.55870163,0.0874542,-0.9655051,-0.5780997,-0.45266208,-1.1176323,0.021017546
2003-04-25,38.16434054766328,-1.0806849,-0.05275159,-0.3815309,-0.6581778,-0.8485931,-1.2845157,-1.635121,-1.7438664,-1.8968735,-1.2050875
2003-04-28,38.10418738686458,0.8732234,1.4700317,1.5012735,1.2013471,0.609445,1.0459005,0.67434543,-0.14476527,0.5385674,0.34593737
2003-04-29,38.24025302225297,0.3356984,0.3371622,0.5159552,0.119863234,0.15674938,0.42601052,0.4406433,0.85201925,0.86848426,-0.005932198
2003-04-30,38.513843902802954,-0.6529026,-0.35138586,0.38925064,-0.56178904,-0.5050247,-0.98169476,-0.99304545,-0.08877561,-0.6303523,-0.829519
2003-05-01,38.487756348123,0.67954093,0.247279,0.3238555,0.3334197,0.12394075,0.35180894,0.0752028,0.28715557,0.22735897,1.9633268
2003-05-02,38.48912043910569,1.1847974,0.31329626,0.17179626,0.866373,0.95182246,1.0997332,1.2153388,-0.18775536,0.79271126,0.97777396
2003-05-05,38.936990523706605,-0.8652236,0.2224689,4.5422826,-0.58532274,-0.4339244,0.10355767,0.3022923,0.33127448,-0.20037393,-0.35264573
2003-05-06,38.84545857551645,0.66997963,1.1345528,3.5232606,1.1710938,1.1178489,1.0996687,1.1162907,0.3043033,0.7392008,-0.3534483
2003-05-07,38.994308755663,-0.57988626,-0.92465943,0.27172008,-0.9093931,-0.77282584,-0.5728154,-1.489662,-1.0622703,-0.6993129,-0.6639266
2003-05-08,39.11108143048216,-0.5547073,-0.6719845,0.75247556,-0.61426413,-0.33121115,-0.5854148,-0.7522439,-1.8637071,-1.2580906,-1.0190724
2003-05-09,39.366743794275756,1.0667299,1.6323756,0.6203277,1.4511214,1.0968596,1.514521,1.8487667,0.7656154,1.0094302,0.45184383
2003-05-12,39.58441559064861,1.0143322,1.5453212,0.5167642,-0.39939785,0.12041004,0.8894657,-0.5677469,-0.06781503,1.2897593,0.38759634
2003-05-13,39.80584531060441,0.65350777,-0.46306384,0.15972288,-0.5242161,-0.15684286,-0.22954068,0.020756584,0.21142703,-0.3859535,-0.71763533
2003-05-14,39.622479741861014,-1.0276986,-0.13844348,-0.37958178,-0.91331035,0.36126286,-0.25105026,-0.49282664,-0.6973699,-1.3038834,-0.36585155
2003-05-15,39.505257304267175,0.8148017,0.6786579,0.32232884,0.38966486,1.262476,0.7494705,0.2699542,-0.8019748,-0.22631043,-0.009611817
2003-05-16,39.84342966449196,-0.7552064,-0.28824243,0.064486764,-0.5572548,-1.2061777,-0.9043094,-0.045482777,0.004365583,-1.3449098,-0.5631141
2003-05-19,39.70807047748955,-2.0028572,-1.5465201,-1.7557158,-2.028929,-1.3765384,-1.610391,-1.4172266,-0.115614794,-1.3472002,-2.5372658
2003-05-20,39.99491056431416,-0.6051203,0.08276314,-0.8567767,-0.35185227,-0.053915016,0.06316087,-0.09858896,0.7433144,-0.030335544,-0.19878747
2003-05-21,40.017924384686665,0.24224462,-0.69036883,0.048534498,-1.5717044,-0.23307623,0.45994884,0.04062236,0.41236383,-0.29195946,0.063728295
2003-05-22,40.46617892758168,-0.15621553,0.4771215,0.85461086,0.32170787,0.70153123,-0.062242463,-0.2757,-0.11614399,0.47135773,0.9039113
2003-05-23,40.16189886325071,-0.7195659,-0.55711037,0.09306399,0.13539353,-0.73313105,0.16776456,0.11112011,-0.6103676,-0.14862946,-0.19729246
2003-05-27,40.20556640073397,1.810297,1.0169561,1.2253542,1.4484109,1.9215363,2.0584438,0.953785,0.9382227,1.897271,0.59228235
2003-05-28,40.27358620209988,-0.16954914,0.26070437,-1.5221645,-0.99886245,2.0404348,0.004765459,1.4506266,-0.46476796,0.123714834,0.19304962
2003-05-29,40.33834373256772,-0.23925714,0.7212047,-0.53621334,-0.047250498,-1.4624572,2.1989903,0.08447261,1.1976185,0.056501113,-0.617148
2003-05-30,40.52507107380017,0.44593865,-0.4950975,-0.46805614,0.5244305,0.59420186,0.06557387,0.39094585,1.0929476,1.551392,-0.015653625
2003-06-02,40.300051671564006,-0.62230647,0.82288575,-1.3446405,0.055881724,-0.73059595,-0.75552016,-0.6757143,-0.30038387,-0.6287053,-0.41864333
2003-06-03,40.132203312833816,-2.8287196,0.41913217,-0.45343316,0.590144,0.7238973,1.4457767,0.8064074,1.352245,1.0804839,-0.2471498
2003-06-04,39.85510982559083,0.264881,0.7222895,0.6284918,-0.046212845,1.8029957,0.5987401,0.7202707,-0.05885499,1.6071671,1.9932433
2003-06-05,39.7558016936455,-1.9602586,-0.029969657,0.00057182,-2.011091,-0.72233605,0.91377395,-0.43173733,0.12924162,0.35255563,0.35313952
2003-06-06,40.13234968303012,-1.6096216,-0.05108222,-1.3376259,-1.1302379,-0.90774703,-0.05966791,0.14311902,-1.5255549,-1.1979634,-0.45685422
2003-06-09,39.842936937546405,1.5289831,-0.29997948,-1.0272608,0.19020565,-0.78431284,-0.07777636,-1.1832331,-0.46181345,-1.0051794,-1.9637533
2003-06-10,39.738749090993444,-0.31220004,0.3217101,0.9048631,2.3770564,0.5151815,0.61978024,0.24323311,0.38804877,-0.033237435,0.2590381
2003-06-11,39.176982573533486,1.721583,0.37394336,0.57803863,0.47612372,0.79065317,-0.057387136,-2.537578,-0.08945626,-0.1950282,-0.114519775
2003-06-12,39.24070023242449,-0.09095215,0.3302237,0.69041973,0.25128928,0.17471875,0.52258,-0.6664864,-0.11098623,-0.33940008,0.020813761
2003-06-13,39.36757745874276,-1.0270796,-0.7757666,-0.9620405,-0.8678049,0.46030793,-1.3057948,-0.8953987,-0.7292424,-0.86669505,-4.710445
2003-06-16,39.306182251392215,1.306183,1.1115016,1.9702581,1.8055404,0.5168044,0.99680966,0.7502793,0.66678184,0.88237226,0.030817742
2003-06-17,39.46158975386969,-0.2325994,-0.029749813,-0.28894687,1.3554574,-0.96850395,-0.6686388,-0.0460986,0.017212028,0.13111582,0.7243755
2003-06-18,39.95186287728213,0.2396626,1.4415139,2.0868661,0.24438596,0.20856878,0.6272279,0.27046174,1.9384599,0.62051946,-0.593953
2003-06-19,39.97315432709258,-0.19530647,-0.3586491,-0.053237766,-0.021048455,-0.27754638,-1.065672,0.30259174,1.1572609,-0.29777485,-0.7086337
2003-06-20,40.18451215020771,0.21593365,-1.2811692,0.03813259,0.6054594,-1.380148,-0.7610147,-0.5384214,-0.55025476,-0.46646267,0.25438708
2003-06-23,39.30303836080509,-1.4420453,-1.4195833,-0.41526902,-1.3238219,-0.54787976,-0.50118196,-0.7509885,-0.52650094,-0.4423657,-0.99556
2003-06-24,39.18964762389141,0.28028488,-1.0478476,-0.73858976,-0.21188638,-0.41824642,0.25390404,-0.60260385,-0.26896432,-0.59206796,-0.34654367
2003-06-25,38.796966538739625,-0.97140294,0.22030844,0.60844415,-1.0725356,-0.92365646,-0.69414276,-0.79230195,-0.56930894,0.11287532,0.27663806
2003-06-26,39.12582951125782,1.3919287,0.5097383,0.3537944,1.1601335,0.45993218,1.2031556,1.1359798,1.0319933,1.0092677,0.78452265
2003-06-27,39.06460265818744,-0.80333763,-0.5261338,-1.3710417,-0.3071052,-0.32247016,-0.028845318,0.007437653,-0.49427027,0.12720254,0.3691551
2003-06-30,40.056354466992104,-0.81973946,-0.24460238,0.6675994,0.0034687007,-1.5126127,0.5385128,-0.7813425,-0.15138464,-0.42295438,-0.7144207
2003-07-01,39.8444072331566,0.7990395,0.91981876,-0.029912556,1.2119294,1.1188006,1.1936533,0.008110862,0.021348996,0.6362936,0.67726994
2003-07-02,39.98166082708185,0.83708876,1.2431241,0.31245247,1.7085532,0.40198687,1.5193112,1.0635313,1.603353,0.12674195,0.6712119
2003-07-03,40.03713697469636,-0.7040571,-0.723812,-0.419244,-0.91675216,-0.97094727,-0.78940713,-0.88252985,-0.35247988,-0.57968223,0.15719904
2003-07-07,40.21389402817615,1.6136813,1.3898188,1.5706673,2.135393,1.3573356,2.1787546,2.0099504,2.2165835,3.1022453,0.6803863
2003-07-08,40.109833290300195,0.047415607,0.96786326,1.0574137,0.6191609,0.53226846,0.4927648,0.2810233,-0.44015086,0.25940618,0.14842284
2003-07-09,40.06650370293601,-0.68558383,0.10451838,-1.2109804,-0.5460299,-0.22376692,0.638674,0.6827881,-0.44335806,-0.33041546,-0.27764928
2003-07-10,39.9261576351255,-1.2119315,-0.98049164,-0.78729475,-1.3130064,-0.25814447,-0.8765374,-1.1864902,-0.9677848,-0.4435672,-0.67605996
2003-07-11,39.8500630734305,0.6028072,0.4763942,0.50056845,0.9027949,0.7977956,0.81001514,-0.11550375,0.3754823,-0.14717846,0.24226868
2003-07-14,39.865770933900855,0.3387938,0.047262266,0.011306536,0.18506114,-0.69710726,1.2054825,0.59003806,-0.33540356,1.3188562,-0.32889876
2003-07-15,40.20301554723792,0.7199352,-0.22554968,-0.74540275,-0.32159084,-0.053035934,0.21484067,0.5144469,-0.6295244,0.888604,0.5357756
2003-07-16,40.02098710755531,0.15505102,-0.58002084,0.47873017,0.5527482,-0.78146,2.0018475,-0.38360783,-0.547297,0.89289886,-0.105617724
2003-07-18,40.30996798829452,0.23673265,0.2346261,-0.18414456,0.45165238,-0.054869022,-0.34386876,0.7524722,-0.28721905,-0.28823957,-0.89068323
2003-07-22,40.4679099237352,-0.6117732,1.4448805,0.30529913,0.8036912,1.3868661,0.66998124,2.3997319,1.2135829,1.5455104,0.64167607
2003-07-23,40.635629827582804,0.29302713,0.37909755,-0.12179926,0.14775331,0.09044575,0.7108753,0.038997445,-0.0709416,0.88269985,-0.0086131925
2003-07-24,41.09551585982806,-0.7378795,-0.6244132,-0.7058309,-1.1304548,-1.5976341,-1.2861835,-0.9387271,0.8938604,-0.75390536,-1.1331152
2003-07-25,41.330929318235405,1.6157687,0.9584261,2.0897474,2.1656606,1.567395,1.6218567,0.46431884,0.55722326,0.646202,0.43584794
2003-07-28,41.386731602456095,-0.9148858,-0.031178555,-1.2598554,-0.70321137,-0.8458704,-0.1563682,0.17971835,0.67368853,0.6495993,-0.18269293
2003-07-29,41.95318888493165,-0.70572513,0.12666929,-0.6871901,-0.3704994,0.13250424,0.31291392,-0.79510367,-0.5677548,-0.66469485,-1.1646581
2003-07-30,41.97103132366492,-0.79728734,0.20469202,-1.0717856,-0.6237846,-0.17453016,-0.5841746,-0.06670979,-0.87795806,-0.3029369,-0.10580472
2003-07-31,41.76940213638297,0.16658916,0.37652886,1.6384162,0.4271643,0.39812693,0.7369448,0.27395123,0.058527917,0.36341667,0.59197634
2003-08-01,42.6565392521197,-0.065238714,-0.7090095,-0.867113,-0.6358359,-0.685591,0.2982823,-0.031209445,-1.102798,0.11910806,-0.28913644
2003-08-04,42.24198948944484,-0.20186082,0.18637574,0.93306005,0.0028781553,0.13399479,0.26339382,-0.15687063,0.8250647,0.30782452,0.4305308
2003-08-05,42.10104088796138,-1.1874139,-0.8284232,-1.9080157,-1.3514787,-0.8792429,-1.2895219,-0.9609445,-1.4936037,-1.6430415,-0.90190744
2003-08-06,42.452129655079474,-0.029379258,-2.5701327,-1.8073069,-0.048658594,-0.7825736,-0.13234775,-0.105512,0.39140376,-0.6436121,-1.1456667
2003-08-07,42.11925601986418,0.7338616,-0.29079598,0.5823846,0.13242757,-0.26208624,-0.1663425,-0.105000935,-0.14620951,0.3630448,0.0452681
2003-08-08,42.08352938228297,0.082226835,0.07637762,-0.7659564,-0.35808456,-0.4250829,-0.6109038,-0.32914436,-1.1964678,-1.7281445,-0.07097465
2003-08-11,42.3281254844772,0.038942747,0.24933222,-0.0577311,0.05555926,1.5437213,0.63239104,0.76837194,0.47393766,0.81194115,1.5367641
2003-08-12,42.91053025075742,0.34226075,0.22899733,-0.012064021,0.2929658,1.8610805,0.8826806,0.7207349,0.85085195,0.1492916,0.4799718
2003-08-13,42.9851619544842,-0.35237706,-0.5576132,0.99596137,-0.36589193,-1.0351207,0.65343964,0.7409475,1.0245584,1.0878497,0.4704249
2003-08-14,44.112419052696886,0.23291484,0.43883047,-0.5927522,0.057752322,0.858197,0.80467314,1.2636124,0.4826503,0.12617926,-0.21127075
2003-08-15,44.24156481083651,0.11737122,-0.055651214,-0.7166974,-0.2692041,-0.18408005,-0.0625072,0.19375858,-0.1074158,-0.46957228,-0.100561954
2003-08-18,44.07240163934756,1.4205896,1.0246869,1.3519436,0.41031355,0.37260008,1.9373497,1.2086185,0.67661226,1.3875127,1.8512908
2003-08-19,44.04731322511525,-0.6647531,0.5708489,-0.1528433,2.4190536,-0.14264698,0.5288708,0.26682457,-0.52207404,0.54544353,0.4702629
2003-08-20,43.71247418780212,0.087699965,0.009610092,1.4352725,-0.46488667,-0.14146529,-0.08560072,-0.51288766,-0.12654676,-0.12882,-0.41196257
2003-08-21,44.18368165620971,-0.25956178,0.60513026,1.3503836,-0.57916504,0.13471448,0.1342928,2.167507,-0.08672732,1.1423436,1.7882926
2003-08-22,43.844097535227434,0.018687595,-0.20088848,-1.8457319,-0.07621237,0.52406305,1.628283,0.9894397,0.1467649,0.8975806,-1.1837224
2003-08-25,43.85344421682928,-0.9630939,0.36479604,-0.15118906,0.71076393,0.2478474,-0.14086777,-0.33869943,0.02474343,-0.2248485,0.45914334
2003-08-26,43.9796130114446,0.3864984,0.21686016,0.31294104,0.15929681,0.24696504,0.7971913,0.0754751,0.5345371,-0.4784255,-0.004728502
2003-08-28,43.90181092451649,-0.17273821,0.339994,1.398102,0.21179049,1.1923184,0.49920568,0.3658046,-0.115074985,-0.18961427,0.5448679
2003-08-29,43.726231403330374,0.011238134,-0.13572916,0.7592818,0.0025394682,0.20008,0.5085317,0.09918091,0.25673482,0.039010935,-0.20229173
2003-09-02,44.172527762620284,3.1369286,0.89220923,0.38286513,1.8933362,2.036544,0.30482745,0.24503914,-0.20151661,-0.62158215,0.36235088
2003-09-03,44.71918338725528,0.3949237,1.2821089,0.095523775,2.6179512,1.3071628,-0.67873424,-0.60999066,-0.9081807,-0.62035275,-0.13627985
2003-09-04,44.60926892012308,1.2300328,0.6558613,-0.35294786,0.2985347,-0.16681363,0.6474951,0.71858156,0.6254356,0.3814395,-0.7361819
2003-09-05,44.39743661102791,-0.880565,-0.36515456,-0.7859029,-0.14717354,-2.3414402,0.24740013,1.3491066,0.018899731,0.14145568,-0.994281
2003-09-08,44.11758992932082,1.6733313,0.8147403,0.38489994,1.0948172,1.4269383,0.76251495,1.1972843,1.1105613,1.3733515,0.631022
2003-09-10,44.02993393464511,-1.3673064,-0.6491069,-0.50262964,-2.0597646,-1.8949795,-1.5770341,-2.7546275,-1.2331463,-2.3270857,-1.8210016
2003-09-11,43.79552655371224,-0.01971298,0.4466117,0.6784186,0.6993744,0.45744076,0.637079,0.36634147,0.2791136,0.63208675,2.923044
2003-09-12,43.885046004317104,0.5484487,-0.12860405,0.98761225,1.2078964,-1.6375756,0.5429063,0.24590367,1.6200227,-0.29371753,-0.0770204
2003-09-15,43.677773535111655,-0.25409496,-0.55087733,-1.9198457,0.02512252,-0.4047751,-0.42721036,-0.39729655,0.48574543,-0.718435,-0.40277454
2003-09-16,43.75929313343576,1.3565369,1.6711673,0.20432763,1.2774817,0.28226665,1.4254977,1.5770466,1.1920276,1.2836695,0.3920081
2003-09-17,43.98075282520217,0.1846778,-0.3134042,-0.607083,-0.990005,-0.9916015,0.043709226,-0.75842977,-0.6603997,-0.4916041,0.4707658
2003-09-18,44.0575844439593,0.9938573,0.4895114,1.4591298,2.3719542,0.28828025,0.48797837,0.18302621,1.2186905,-0.61679405,0.8299881
2003-09-19,44.074564912856495,0.9087512,-0.7821223,-0.7194378,1.0516106,-0.9677003,0.10112468,-0.34886208,-0.67703813,-0.59129643,-0.27049708
2003-09-22,44.35374341711891,-1.5659572,-0.49246046,-1.1498815,-2.1335332,-0.6278765,-0.8536274,-1.0934726,-0.46681392,-1.4968011,-1.3571095
2003-09-23,44.294307272661676,-0.12546486,0.6714246,0.62369365,1.2383631,0.21747313,0.6967457,0.940129,0.054715518,-0.023270471,1.1484454
2003-09-24,44.282889958344136,-1.636133,-1.6313924,-2.4677591,-2.7668118,-1.7848587,-1.6189221,-1.5623945,-1.2158324,-2.3151317,-1.0307328
2003-09-25,44.007070702283706,-0.07730049,-0.5439921,-2.083267,-0.56207824,-0.1899517,-0.40959263,-0.06262051,-0.66053057,0.30277508,0.5988938
2003-09-26,43.90720686803751,-0.37470293,-0.23080501,0.47836265,-0.14621867,-0.6497982,-0.1861331,-0.7649065,-1.2392741,-0.5348887,-0.7554384
2003-09-29,43.76872864654516,0.23598635,0.438732,1.2358345,1.5252343,0.92961156,1.7239747,0.83427846,1.4733155,0.884173,-0.5653329
2003-09-30,45.073477773818944,-1.0092529,-1.2793635,-1.405059,-2.6129527,-1.7053822,-1.1948715,-0.5737036,-1.6631676,-1.6010104,-0.9356436
2003-10-01,44.735116531280184,1.5579996,1.2027808,0.04912156,1.7809131,1.8507575,1.746534,0.656749,0.5576405,0.781134,0.25276053
2003-10-02,44.60750650705527,-0.3038907,-0.45366997,-0.6049558,-0.0734045,-1.2494212,0.07256025,0.34382817,0.5092208,-0.07913187,-0.2715524
2003-10-03,44.60131923974424,0.3632867,1.4859786,2.3664763,1.3936313,2.3937564,1.5115428,1.6495937,0.8271227,1.6541916,0.99932426
2003-10-06,44.4684776374872,0.34383693,0.04375023,1.1636963,0.24093814,0.81953937,0.016476462,-0.31899732,-0.14131123,-0.3358849,0.013600487
2003-10-07,44.36701442946278,0.32507032,0.34937796,1.7947644,-0.14388485,0.01520705,0.63425976,0.35264155,-0.24057995,0.9768636,0.08707896
2003-10-08,44.88508434017586,0.67228377,-0.44024742,-0.4326566,-0.80646855,1.674401,-0.30758977,-0.09034889,-0.5562247,0.3895335,0.60390466
2003-10-09,44.9138144293172,-0.25278857,0.27660942,0.67684484,0.27034217,-1.2057902,0.22890773,0.40860248,0.28936738,0.68335474,-0.30283606
2003-10-10,44.68927942455797,0.08593424,-0.34235135,0.34759295,-0.09721781,-0.02503301,1.0067781,0.65182865,0.5011172,0.28727788,-0.16435827
2003-10-14,44.54038907174278,-0.4608959,0.23333064,0.27341795,-0.26861995,0.1729713,0.46586764,0.32299522,-0.37128633,-0.23037492,-0.08293543
2003-10-15,44.799282235225284,-0.07131901,-0.26347724,0.40306103,1.3262851,-0.8664425,0.9962767,-0.43171114,-0.51940185,1.1235417,-0.18224706
2003-10-16,44.931977556978914,-2.862208,0.004772597,-3.1710265,0.36501664,-0.6371848,0.70545995,0.036075555,0.58622944,0.38724178,-0.08337959
2003-10-17,45.372512038995666,-0.12938958,-0.81876826,-1.1338074,-0.7637546,-1.0738448,-0.66759527,-0.935829,-1.5604366,-1.3285576,-0.5492259
2003-10-20,45.10319646392269,-0.27655745,0.82356215,0.85097885,1.0019203,0.7675371,0.7482552,0.96220446,1.0452772,0.75171345,0.071700364
2003-10-21,45.17172808090691,-0.14539172,0.024000974,-0.19035448,-0.024410218,0.26378453,0.034990393,2.1279666,0.6537598,0.38902223,0.26002687
2003-10-22,45.74097312959393,-0.48073888,-0.9820938,-0.9753372,-1.1663824,-1.1253519,-0.71418357,-0.3903275,-1.2866246,-0.9760533,-0.6514415
2003-10-24,45.92119042804159,0.13735424,-0.77973926,-0.92174464,-6.040867,-0.11258545,-0.1037044,0.14979486,0.21526293,-0.061511993,-0.4750566
2003-10-27,45.832384619773116,-0.0054972344,0.2358408,-0.11057572,0.78703487,-0.15532264,0.5511942,0.80609447,-0.052464426,0.06265125,-0.12043307
2003-10-28,46.023184325143966,1.0591575,1.9355297,2.1842003,0.754667,1.1649319,1.753406,1.53259,2.3741014,3.051728,1.133093
2003-10-29,45.87472311525651,-0.5521794,-0.1928566,-0.17053343,-1.2612437,-0.4056469,0.25711265,-0.2168653,0.3576091,-0.012706353,0.9580108
2003-10-31,46.671718765693704,0.2114589,0.105840445,-0.52776015,0.031137206,-0.9599457,0.16674724,-0.78100824,-0.54678774,0.08144713,-0.6211282
2003-11-03,46.472141027740754,0.076455094,1.4962921,0.4268615,1.4773802,0.8997364,1.4856935,1.2095939,0.56081307,1.844016,1.0922452
2003-11-04,46.2741759170681,-0.5403137,-0.2849523,-0.60725605,-1.7172357,0.055597905,-0.36726293,-0.14309569,-0.8852617,0.44621634,-0.5193734
2003-11-05,46.20239072998008,-0.6348763,0.38746077,0.13715063,0.058881525,0.5496694,0.18961827,0.67247814,-0.7243879,0.01217028,0.16764696
2003-11-06,46.41190346471108,0.7589686,2.0225735,0.07423177,0.33938578,1.3935461,0.56871283,0.3914464,-0.028496323,0.9054489,0.49620295
2003-11-07,46.368564954706066,-0.9982357,-1.0684798,-1.406243,-0.3894771,-0.9969641,-0.22721902,0.118076764,1.1030307,-0.58629936,-0.84785193
2003-11-10,46.62018480997867,1.3306733,-0.3176713,-1.4030029,-0.30843973,0.4211163,-0.52575773,-1.022839,-1.2439585,-1.3211554,-1.6000934
2003-11-12,46.856759353051544,1.0199682,1.1190498,1.6122402,0.48992765,0.9054122,0.97050405,1.2213854,1.1261764,0.739064,-0.11325249
2003-11-13,47.25862382045745,0.24089752,-0.5381056,0.080281764,-0.86562306,-0.84758586,-0.32033706,-0.649335,-0.18679574,-1.1137854,-0.048103854
2003-11-14,46.86603978358782,-0.78814393,-0.8607903,-2.2080479,-0.57597065,-1.186159,-1.1821784,-1.7150662,-0.35087657,-2.016506,-1.8560588
2003-11-17,46.86448365739471,-0.46732944,-0.43489754,-0.8545307,-1.0503219,-0.8715846,-0.6681457,-0.65965617,-0.6866644,0.34889126,-0.82796055
2003-11-18,46.45961810780641,-0.8014703,-0.64633286,-1.7646306,-0.025272349,-1.220838,-0.43447107,-0.653386,-1.2377609,-1.1884699,-0.44581395
2003-11-19,46.39257722787445,0.28653565,0.5759798,-0.08820176,0.55580336,0.91059184,0.99461824,0.4431594,0.44727567,0.5757957,-0.647374
2003-11-20,46.284003528187554,-0.93722594,-0.24309246,-0.20464832,-0.7503494,-0.9205432,-0.8305426,-0.51103777,-1.224341,-0.98865116,-1.4709597
2003-11-21,46.20659615866371,0.11203209,0.3993687,-0.3451746,0.0039935303,0.22890753,0.7418103,0.59511054,-0.87228197,0.11541151,0.93009984
2003-11-24,46.60246653654388,0.7749278,1.1408031,1.8938742,1.7725067,0.69777983,1.5792245,1.3353537,1.0807596,1.2583618,1.8615879
2003-11-25,47.05544775597108,-0.28542677,-0.3708553,-1.1910553,-0.9869638,-0.80555,-0.41868627,-0.022532325,0.3286847,0.29797032,-0.51132
2003-11-26,47.57232537143916,0.31424573,0.3224248,-0.020483071,0.12212285,0.7129803,0.4558092,0.21392943,-1.1288751,-0.50770336,-0.063486315
2003-12-01,47.9760893077402,0.3024036,0.866846,1.704154,0.35705885,2.0751467,0.73642033,0.48353136,0.88484555,-0.1113931,0.609425
2003-12-02,48.56861383893028,-0.31537113,-0.16812667,-0.49833804,-0.56500715,-0.502721,-0.15751454,-0.123030104,-0.7473905,-0.30462083,-1.0242106
2003-12-03,48.48183367834371,-0.4774601,0.32059476,-1.2814451,0.0033470856,2.0752995,-0.57921904,-0.7999798,-0.4994602,-0.580411,0.2923705
2003-12-04,48.71754463910423,0.85771054,1.2226871,0.1620064,1.5520463,0.34093338,0.35325944,-0.49612927,4.1055074,-0.92165,-0.16451871
2003-12-05,48.50064189339136,-0.75475454,-0.45613268,-0.81079036,-0.674991,-1.0669972,-1.8432976,-1.0490094,0.2328927,-1.5531465,-2.963224
2003-12-08,48.219112629049015,0.37859905,0.9385122,0.34878725,0.7344912,0.25966337,-0.5444339,-0.19360591,-0.31426647,0.12376928,0.4003283
2003-12-09,48.31519182149841,-0.5760126,-1.9736394,-1.5201064,0.38099456,-0.8662206,-1.8849077,-1.0381932,-0.7659385,-1.9754144,-1.9605163
2003-12-10,48.57983065207823,0.83587337,0.9852334,-0.28240985,0.58401054,0.68385345,0.3361922,0.5438249,0.1768843,0.45532945,0.22590895
2003-12-11,48.36103172854796,0.46531448,0.2372588,1.8256354,0.031085923,0.17663632,0.79157907,0.8604658,1.0930343,1.0030502,1.6380237
2003-12-12,47.996262821021595,0.16263793,0.25178665,-0.8507807,0.08790268,-0.03026908,0.018051341,0.11943893,0.6212726,0.20919806,0.27516687
2003-12-15,48.165194227338006,-0.5917469,-0.23406835,-1.8165668,0.23094748,-0.569435,-0.8011294,-0.53072387,-0.8664521,-1.4378401,-2.659883
2003-12-16,48.1035504344356,1.4459927,-0.41623735,-0.23494607,0.8804117,1.688818,0.11795596,-0.5900739,-0.32801226,-0.616433,0.93408316
2003-12-17,48.05282402068963,-0.56758827,-0.54776365,-0.6961502,-0.08267204,0.49006078,-0.04151996,-0.3559941,-0.49051598,-0.6420686,0.12960602
2003-12-18,48.04634412853738,-0.64480865,1.1969092,0.2740237,0.9805455,0.28731447,1.1359937,1.5382035,1.7072828,1.4341844,0.897768
2003-12-19,47.91729511425422,0.2436562,-0.7185432,-0.94247127,-0.13720231,-0.9862382,-0.38059235,-0.7344045,-0.46000025,-0.029173644,-1.4313557
2003-12-22,48.13303062748788,0.11162342,0.30831817,0.25326225,-0.52984,0.41198188,-0.12666756,0.45874867,0.90078294,0.17994268,0.85375047
2003-12-23,47.807305709464,-0.5849026,-0.107440166,-0.21154146,-0.10979997,-0.62989765,1.0682331,0.53903604,0.91277796,0.50240046,0.3037228
2003-12-24,47.971296228638224,-0.523198,-0.16208372,1.3307178,-0.33487922,-0.35419038,0.046719093,-0.2778326,-0.62845504,-0.20106652,-0.45758605
2003-12-29,47.52329239829688,0.41267842,1.1188153,0.73746794,0.66223913,0.68779707,1.1713165,0.7103155,1.2914683,0.8636591,0.19258963
2003-12-30,47.944215994672525,-0.8243403,-0.5333352,0.18234983,0.13953422,0.00971452,-0.061009105,0.027181847,-0.4299878,-0.45210284,-0.6130912
2003-12-31,49.5920621944783,-0.054511018,0.16563375,0.090505436,-0.45768198,0.13236709,0.10350588,-0.15303919,-0.45090708,-0.15366125,-0.7311093
2004-01-05,49.52487024817294,1.1736273,0.9060526,1.8967882,1.9243026,1.6418221,1.1170453,0.7556916,0.79985833,2.3774261,0.58595425
2004-01-06,49.72883993613399,-0.08853144,0.48228797,-0.29524103,0.25257105,0.16850036,0.07603945,0.038850855,-0.5047889,0.59774685,-0.11456076
2004-01-07,49.29099238572607,-0.33094126,0.8374376,0.98120624,-0.11027881,1.4232229,1.5382595,-0.08723529,1.095021,-0.19674,-0.5626982
2004-01-08,49.168173951547494,0.12173339,1.29036,1.5256547,-0.16551983,1.0031612,0.41466412,2.2810874,2.2795875,0.6473703,-1.7022544
2004-01-09,49.29113997459496,-1.6437501,0.19788465,-0.8782478,-1.4285886,-0.29961863,-0.2624432,-0.11990224,-0.07945795,-0.09801803,-1.1321319
2004-01-12,48.8713597574901,0.19283016,0.8659875,1.4106469,-0.27950636,1.7951959,0.3230581,1.1490413,0.7059182,0.521736,0.11174979
2004-01-13,49.108356751247136,-1.6821902,-0.2654656,0.6818875,-0.42373642,-1.1489604,-0.6440129,-0.7435391,-0.5573005,-1.3189924,-0.34489575
2004-01-14,48.915266148062166,0.42985782,0.7890147,0.045962986,0.7330621,0.8229597,-0.17494139,0.3002544,0.38303173,-0.8212407,-0.19957855
2004-01-15,48.77091085606259,3.018763,-0.4217336,-2.9172544,-0.4749072,1.0598589,-0.34955812,1.2897289,-0.22758554,0.9476177,1.2661406
2004-01-16,48.29276176339754,0.9607702,3.003443,-0.39213833,0.7202599,-0.17350245,-0.13741124,-0.16894594,-0.26876324,0.56956065,-0.31389886
2004-01-20,48.1806145907554,1.3251116,-0.4392439,-0.09329497,0.76570624,-0.5319612,-0.28603062,-0.14690529,-0.6531389,-0.15866223,0.059551883
2004-01-21,48.456118347014396,0.3798707,-0.43013728,-0.37274194,0.51814395,-0.031021683,-0.4677819,-1.3074054,-0.17180614,-0.6380991,-0.12204959
2004-01-22,48.66607857904071,-0.24526489,-0.62104374,-1.0517808,-0.8216459,-0.6900681,-0.6988452,-0.71412325,-1.3068687,-0.7802898,-1.603133
2004-01-23,48.330071171671506,0.21258016,-1.4279795,0.7107008,1.2482622,0.0057366476,0.2554752,-0.93885875,-0.22573224,-1.7820681,0.7618506
2004-01-26,48.41066479982144,1.4232931,1.3272581,0.8456394,0.8309094,-0.28768876,1.0212828,1.1720074,1.0193162,0.66275334,0.16860186
2004-01-27,48.668647871136855,-0.9113898,-1.1352471,0.01141207,-1.5149059,-1.0391129,-1.0129458,-1.8210838,-1.0830292,-1.6459382,-0.96924025
2004-01-28,48.70748853087545,-1.2137146,-1.1971179,-1.2924883,-1.5175924,-1.020994,-0.26108155,0.23415941,-0.49594128,-1.1689588,-1.2109158
2004-01-29,49.27033822880452,0.40616333,-1.4119761,0.23064874,0.53511125,0.9311272,-0.6099557,-0.1722885,0.63994867,0.11624181,-0.7396378
2004-01-30,49.30379558789416,0.8677752,-0.46488342,-0.376788,-0.75949085,-1.3088133,-0.44624937,0.88968503,0.69354916,0.25987044,2.2750735
2004-02-02,49.45235471383881,0.029334765,0.80110556,-0.6421128,-0.7402504,-0.9033502,-0.20325112,-0.5717282,-0.86838055,-0.24711211,-0.6830711
2004-02-03,48.989660892119794,0.37920418,0.31477144,-0.24762227,-0.33958367,1.0241522,1.6396043,-0.21947351,-0.18235135,0.096240655,-0.18807818
2004-02-04,48.97550166440127,0.05168918,-4.098492,-1.1595773,-0.8282781,-2.5688448,-1.8445743,-0.8891873,-0.87849134,-0.6068729,-0.012803478
2004-02-05,49.16803480665106,-1.13527,-0.5157683,1.279956,-0.17171039,1.1370662,-0.058713675,-0.086910546,0.2603211,-0.102139354,-0.3534177
2004-02-06,49.31197799229503,0.09310869,1.6406962,0.5139187,0.3203885,-0.59549886,1.4936094,1.5392283,0.52549106,1.7576394,1.1274797
2004-02-09,49.43399090529533,-0.0885701,-0.16241936,-0.20339942,-0.550549,-0.60311,-0.3597019,-0.14584284,-0.48933962,-0.647992,-0.19905196
2004-02-10,49.67156025082553,0.42376864,0.16137837,0.5512766,0.32352245,0.41796723,0.045768626,0.12051898,0.5988665,-0.10199237,-0.31868207
2004-02-11,49.65111565913931,0.17775366,-1.0182269,1.60802,0.350954,1.2177721,0.74250877,0.28818652,0.84882724,0.41277114,0.6686151
2004-02-12,49.69187521012069,-0.6158669,-0.38765064,-0.26212776,-0.61080724,0.04674654,-0.27210703,-0.42329058,-0.64797616,-0.5100428,-0.19914512
2004-02-13,49.86047451849426,0.22626232,-0.01839294,-1.6576996,-1.0924181,0.24596985,-0.79228044,-0.6871195,-0.78341746,-0.5709862,-1.1601548
2004-02-17,49.536209209407694,-0.36358628,0.31284705,0.22379653,1.1467532,-0.15152027,1.0696123,0.45215946,1.2663547,0.23915985,0.55427104
2004-02-18,49.67702334129864,-0.8493057,-0.33186957,0.09495887,-0.6729751,1.1463035,-0.21574143,0.29016706,-0.4494142,0.59166396,0.45946026
2004-02-19,49.42704865182386,-0.5896979,-0.79815924,-1.8134851,-0.9410573,-1.047822,-0.9556515,-0.6922163,-0.29028645,-0.38331306,-1.7290009
2004-02-20,49.38988749624563,-0.48813212,-0.9635018,-0.26983118,0.29792467,-0.38815743,0.2529458,-0.38100797,0.34764165,-0.7439473,-0.5501827
2004-02-23,49.01604036484476,-1.1798987,-0.8795687,-0.57687217,0.08996512,-1.5067722,-1.4127023,-1.1331458,2.024369,-1.0430776,-1.6467439
2004-02-24,49.37230009769471,0.57542276,0.5438387,0.25797573,0.7638147,-0.35930198,0.39526722,0.17849876,-1.0293365,-0.010603207,-0.5223936
2004-02-25,49.56291056217995,-0.29891804,0.97410595,0.86256886,-0.5560073,-0.32160056,0.7263447,0.90133584,0.65143955,0.8655217,-0.48066247
2004-02-26,48.942902257539515,0.105061956,-0.46721974,0.3746048,-0.6106996,0.33419222,-0.09035822,0.67944103,1.002047,-0.13687058,1.7674892
2004-02-27,49.635403203597015,-0.33170062,-0.40065885,1.7269021,0.0617192,-1.746211,-0.36658362,-0.77246094,-0.50754684,-0.9082815,-0.67085224
2004-03-01,49.485606361613556,0.33937073,0.66704386,0.088170454,0.47440484,0.8486666,0.83093333,0.41717368,-0.32573435,0.8638921,0.08995032
2004-03-02,49.526869187960166,-0.27395755,-0.99123013,-0.5484859,-0.9454854,-0.45109233,-0.045757648,0.27906102,-0.6028671,-0.22874515,-0.06709204
2004-03-03,49.38994804639443,-0.08021209,-0.6764421,0.10954355,-0.086729236,0.09288225,-0.7604852,-0.6951805,-0.26693067,-0.9427827,-0.8283011
2004-03-04,49.52424527537755,-0.46069384,0.912224,2.3670347,-0.027355578,-0.0746869,1.016063,0.42823634,0.46437103,0.6131242,-0.45167828
2004-03-05,49.41080289226846,-0.047772508,-0.6140721,2.8735042,-0.086759776,-1.2592,-0.97395086,0.38592795,0.79281026,-0.32108676,-0.41861168
2004-03-08,49.2192200362899,-1.6116772,-1.0716653,-1.4918257,-1.583866,-1.5442272,-1.8708416,-1.0940168,-0.26796845,-1.362369,-0.88109714
2004-03-09,49.17577243373988,-0.14519423,-0.51295376,1.9137586,-0.36011928,-0.25148547,0.53584886,-0.45782903,-0.006706318,0.47628984,0.14513257
2004-03-10,49.468517426143414,-1.3205229,0.14350064,0.92341995,-1.1031512,0.40773162,-0.99002814,-0.7693481,-0.26250803,-0.06605096,-1.3781629
2004-03-11,49.30623875271087,-1.6609044,0.22166358,-1.0649236,-0.8956007,-0.73637074,-0.28654078,-0.6524979,-1.2676938,-0.38340136,-0.9481615
2004-03-12,49.28943326110863,1.668867,1.500857,0.6186221,0.8716821,-0.880078,1.0796114,0.7436126,0.7552678,0.78730226,1.4136131
2004-03-15,49.130500351840624,-1.3388004,-0.70907855,-2.1294947,-0.70572215,-1.85497,-0.86614627,-0.91875285,-0.2292895,-1.1225177,-0.94260925
2004-03-16,49.523588158700974,0.4378321,0.6215712,-1.3016652,0.035117816,0.1538412,0.18811083,0.54372776,0.7905596,0.7023548,0.212137
2004-03-17,49.59547019644621,0.6946865,0.68857455,0.5828009,-0.18391654,0.6624734,1.1124686,0.19293168,0.29863966,0.26688603,0.9079686
2004-03-18,49.91930672827177,-0.5530505,-0.6700574,-1.1066531,-0.7883976,-1.1580511,-0.87108874,-0.6307549,-0.021546032,-0.42033127,-0.1454982
2004-03-19,50.32220870449941,-1.1516566,-1.3604387,0.24685696,-0.8675069,-0.56181604,-1.0998089,-2.05052,-0.41058874,-1.5834814,3.8311143
2004-03-22,50.45727279626352,-0.6184748,-0.33971232,-0.118363865,-0.4523759,-0.81317085,-0.35440993,-0.70615625,-1.5006598,-0.34280774,-0.7700863
2004-03-23,51.00770466647258,0.16286662,-0.017263807,-1.2286811,-1.1953001,0.26139262,-0.031061493,-0.26539144,-0.6042466,0.2497068,-0.8964959
2004-03-24,50.57073417691392,0.2909659,0.5862531,0.2915931,0.83258283,0.5972644,0.7234002,0.5657447,0.33985698,0.72938937,0.083290584
2004-03-25,50.43190467687742,0.43435854,1.7409062,2.4740825,2.492713,1.906939,2.1793978,1.6352193,0.39704838,1.7342317,1.1551234
2004-03-26,50.66929245123808,0.22693828,-0.38517863,0.19440423,-0.54131114,-0.1283028,-0.58116037,-0.33289295,-0.90572673,-0.62413085,-0.7449058
2004-03-29,51.148338254075085,-0.17722827,0.8339248,1.4586842,0.87636495,0.7163102,0.6011441,0.6327839,2.552339,0.044658598,0.29467753
2004-03-30,51.086946225739055,-0.41020104,0.11535279,-0.10152391,-0.38224348,-0.035429716,-0.3378081,-0.09159786,-0.11623955,-0.25620693,-0.515722
2004-03-31,52.52819259808255,-0.52582794,-0.7487512,-1.7343656,-0.9304825,-0.4231348,-0.29731798,0.19039264,0.38173777,-0.18599688,-0.4739562
2004-04-01,52.77995892689617,0.36616498,0.29941878,0.0086690225,0.4747242,1.3529601,0.3951459,0.86988544,-0.09823805,0.68150383,0.9221013
2004-04-02,53.311108930225075,1.5049165,1.3206291,0.60084635,2.5387723,1.3337337,1.3288441,0.6330115,1.1979342,1.4985859,0.51439714
2004-04-05,53.84401020339312,-0.12223213,0.69941974,1.3702322,0.3010695,0.851366,0.7990939,0.65168566,0.53247917,0.13382417,0.32485074
2004-04-06,53.7129213418551,-0.52541757,-0.3481985,-1.0094005,-0.52657366,-1.4979287,-0.3685781,-2.411177,-0.6773623,-0.6893826,-0.046057947
2004-04-07,53.67683662847626,-0.651191,-0.83979964,-1.080577,-0.72941613,-0.5656162,-0.9930841,0.15097679,-0.006826661,-0.3931121,0.2640841
2004-04-08,53.68953865916312,-0.06902084,-0.2167971,0.28430972,-0.39885488,0.10389785,-0.33293843,-0.20475946,-0.81058705,0.60719824,-0.026217515
2004-04-12,53.47709082232633,0.44114888,-0.07849983,0.80795896,0.4036482,0.10341259,0.47991136,0.35410702,0.41936544,0.5209681,0.39413765
2004-04-13,53.385593168534804,-0.71907973,-1.0539789,-2.1692526,-0.5632178,-0.5163883,0.20839126,-0.7084362,-0.7706357,-0.6994634,-0.3947502
2004-04-14,53.11743328923972,0.47496098,-0.76545113,-0.6699196,0.16947952,0.2462392,-0.41445065,-0.4533555,0.02811068,-0.2565221,0.128551
2004-04-15,53.27678193483422,-0.32273176,-0.9447673,4.696537,-1.0005053,-1.4348608,-1.1291273,-0.9666587,-0.9748228,-1.8445706,-1.5509471
2004-04-16,52.70613819165583,-1.1283917,-0.7440355,-0.32863086,-0.22948588,-0.47330374,-0.27434677,-0.55063236,-0.9030132,-1.3839341,0.12415876
2004-04-19,52.76807492891281,-0.4035208,0.749812,-1.5776172,1.1973393,1.5432628,0.4903604,1.0040728,1.0777297,0.6611798,0.20664069
2004-04-20,52.89105337805081,-1.2559711,-1.6110699,-1.2384647,-0.69225806,-1.5752562,-0.97867244,-1.5317303,-1.5736067,-1.978815,-0.896034
2004-04-21,52.92515629108105,0.4444317,0.5125603,-0.1219798,0.36871967,0.30126697,0.4616338,-0.025450472,0.8705007,-0.04988629,0.6648227
2004-04-22,52.89107860849797,-0.5692543,1.5766698,-0.031069277,1.6095057,1.3950322,0.5109008,0.36327693,1.2667696,-1.1105987,0.9167233
2004-04-23,52.6417700032662,0.3801166,0.3048158,-0.26688442,4.955872,0.70866185,1.8141198,0.38644716,-0.6934707,0.45115483,0.51668906
2004-04-26,53.0517022037141,-0.86806864,-0.40501276,-1.1733449,-0.95549047,-1.0764084,-0.55296314,-0.72766393,-0.6574675,-1.2124658,-1.0635366
2004-04-27,53.010413335509064,0.50890464,-0.44876164,-0.4773143,-0.09177232,-0.8044559,-0.3719826,-0.56335723,-0.32932144,-0.4363265,-0.16337751
2004-04-28,53.032104108140445,-0.73361856,-1.2274888,-1.0499675,-2.1034763,-1.2561309,-0.8313352,-0.56949,-0.5777476,-0.7902221,-1.4100829
2004-04-29,52.59101079477278,-1.3073636,-1.0130991,0.48451802,-0.28206834,-2.3771996,-0.29586434,-1.9917055,-0.5798835,-1.1989974,-0.13089554
2004-04-30,53.40549512376411,-0.94682604,-2.259292,-2.032389,-1.1624055,-0.97557354,-0.6261659,-0.56093436,-1.4825069,-0.43652415,-0.32461682
2004-05-03,53.346371133595696,-0.24351364,0.43548784,0.44415268,0.68272483,0.3780866,0.64696,-1.0852503,0.9824781,-0.41618517,2.4351752
2004-05-04,53.35125728180669,0.80452245,0.5197719,0.01327414,-0.09457178,0.06456096,0.51679224,0.36490542,0.36966377,1.1363987,1.7145557
2004-05-05,53.62149062607919,-0.14129063,-0.285272,0.85771817,-0.12761968,-0.03981136,0.019759178,0.29778463,0.15133753,-0.22946799,-1.1076885
2004-05-06,53.680662676591794,-0.49496764,0.49668702,-0.2565508,-0.6177831,0.68696135,-0.3021616,0.23141871,-0.8696702,0.041755475,-1.210324
2004-05-10,53.530331012737605,-1.3345242,-0.19303046,-0.86996126,0.46483284,-0.039652407,0.23116356,0.2879689,0.1709096,0.86317766,-0.10292641
2004-05-11,53.35991703907437,0.13192824,1.3251139,1.5087742,0.0027063396,1.3399817,2.1775548,1.0481483,0.66508013,1.054681,0.5551386
2004-05-12,53.069349459145656,-0.4041709,-0.65900606,0.1749954,-0.029800126,-0.44191644,-0.24410833,-0.58623946,-0.6701934,-0.6270254,-0.5654699
2004-05-13,53.086388489486154,0.25388637,-0.4714598,-0.3263324,0.4902412,1.0136718,-0.12827043,-0.47024748,0.29961532,-1.0297945,-0.12315758
2004-05-14,53.140988014095115,-0.8388753,-1.1835644,-0.36477715,-0.8119593,-1.042013,-0.58992964,-0.5691767,-0.6729973,-0.8954148,-1.2884653
2004-05-17,52.92271872263563,-0.93863183,-0.73212457,-0.9120728,-1.0793492,-1.2601216,-0.2527019,-0.3693494,-0.8714609,-0.27277675,-0.6928064
2004-05-18,52.92864356558341,0.4012588,0.118678816,0.66814446,0.9222083,0.01282158,0.62171024,0.08591369,0.93415076,0.8216282,0.61349535
2004-05-19,53.05209056890764,0.8317996,0.76442885,-1.2365198,-0.71971405,-0.4524262,0.02236076,0.28882688,-0.42179534,-0.53752136,0.38847405
2004-05-20,53.66207761946376,0.2447955,0.31694323,0.3351579,0.33623892,-0.3556733,0.60352415,-0.46718064,0.3529702,-0.86914796,0.7485892
2004-05-21,53.21399507389482,-0.37573493,0.22453631,0.6299649,0.49569106,-0.03909988,0.3269804,-0.40519065,0.73287666,0.13429238,-0.19372365
2004-05-24,53.78701380718867,-0.1330324,-0.017135266,0.30606842,-0.4618725,0.6436659,0.4114228,-0.18542975,0.0041788323,0.70151854,-1.0496631
2004-05-25,53.6723978780961,1.3945314,1.2441096,1.8260903,1.091439,0.686206,0.691583,0.72444797,0.8210007,1.0382918,0.97916555
2004-05-26,53.93519383790491,-0.4314296,0.1971447,0.05537151,0.10132514,-0.14408918,0.5375514,-0.5027332,-0.2557145,0.43117887,-0.5987175
2004-05-27,53.82898510393127,0.11908178,0.36578724,-0.7328928,0.13358773,-0.040174976,0.22223559,1.219317,0.05658962,0.25265998,-0.023600655
2004-05-28,54.81034069161269,-0.10643608,-0.40754578,-0.32464954,0.10239198,-0.46540892,0.25627387,0.37992895,0.083854735,0.728815,0.07798181
2004-06-01,55.06161555381099,-0.5517514,-0.32410637,-0.12479148,-0.43386215,-1.5554204,-0.27419487,-0.43299264,0.5639815,-0.70255595,0.12785143
2004-06-02,55.39705667879079,-0.24088,0.33306476,1.4241757,0.036233384,0.121968605,-0.44695824,-1.1300238,-0.1484048,-1.4808043,0.23805527
2004-06-03,55.50231256307526,-0.7115439,-0.17169599,-1.057102,-0.84848845,-1.0413263,-0.9355166,-1.4291078,-0.33199072,-1.1559081,-0.59528404
2004-06-04,55.232235340769186,0.09403222,0.89156586,0.5565127,0.17268138,0.34558293,1.3341639,1.3892512,-0.34588522,0.34264696,0.3584544
2004-06-07,55.66354662122563,0.9239308,2.3002806,1.6817732,1.5960492,2.0382783,1.1094147,1.5821769,0.84824055,1.4278612,1.7545272
2004-06-08,55.62645378641998,1.2106782,-0.34987563,0.7971105,0.5374598,0.86498034,0.4857221,-0.3398092,0.34613192,-0.77227163,-0.40189862
2004-06-09,55.77680388899582,-0.061313692,-0.41531104,-0.38044828,-0.46770072,-0.3100973,-0.88614684,-1.3545585,-0.69768405,-1.0640651,-1.3266249
2004-06-10,55.6544612085789,0.23701957,0.49963555,0.78540766,0.96914464,0.85607123,0.49068117,-0.18864365,0.8319811,0.4805423,-0.2686367
2004-06-14,55.34173641074663,-0.46978074,-1.0787398,-1.1705357,0.3963116,-0.8842477,-0.9957192,-1.1445886,-0.85716885,-0.64827365,-0.74039936
2004-06-15,55.79271720755659,0.33054435,0.63145936,0.8386807,1.6402341,0.80465084,0.8326249,0.24174088,0.35310665,0.52782154,0.24646519
2004-06-16,55.27994530472837,-0.255561,0.45410755,3.191128,-0.32141796,-1.9502558,-0.4276763,-0.8275078,-0.5331575,-0.64736146,-1.2103403
2004-06-17,55.33294217919917,-0.051631514,-1.1178782,-0.015538283,1.4107815,-1.1848099,-0.74104327,-1.6083536,-0.43641338,-0.84362316,-0.21913624
2004-06-18,55.25268725646467,-0.46010438,0.085413456,0.03104089,1.7906106,-0.042684026,0.10818015,-0.16480415,-1.3005087,-0.5700782,-2.1356835
2004-06-21,55.56151313983188,-0.6415615,-1.2074703,-1.0389007,-0.031519346,0.011877305,-0.11524996,-0.36105034,-0.7992422,-0.3374734,0.6621826
2004-06-22,55.64639327540036,0.3890068,0.7067726,0.92878366,-0.21969557,-0.20903617,0.9797891,1.4438097,1.5985649,1.1607338,0.34630182
2004-06-23,55.04908052401477,0.605377,1.5098361,0.95025396,-0.00015012646,0.12153983,0.8924597,0.7517497,-0.1344161,0.8901485,0.25533918
2004-06-24,55.12766211091532,-0.84772533,-0.63406247,-0.92172503,0.24801296,1.840394,-0.86280364,-0.3947618,0.42294082,-0.30082434,-0.8297526
2004-06-25,55.37638570928729,-0.5186838,-0.5599755,0.67284065,0.5269367,1.5330175,-0.19783169,-0.17767835,0.16592288,0.83355457,0.6955092
2004-06-28,55.52290542009762,-0.8997843,-0.31328166,-2.003317,-0.93519115,-0.9335645,-0.596639,-0.46974397,-0.37526837,-1.0286652,0.08830538
2004-06-29,55.879755083052,-0.5086374,0.82048476,-0.10999219,0.6591642,0.69516706,0.4719455,0.4211239,1.7968401,1.6926199,0.5049814
2004-06-30,56.009063081362115,-0.242567,-0.061223727,-0.062618546,0.15612246,0.7917129,0.09118963,0.17913611,0.8138835,-0.09649224,0.8353397
2004-07-01,55.64393502202004,-0.73071957,-1.2799952,-0.5059118,0.18572526,-0.66505414,-0.91712666,-1.1406112,-0.6925546,-1.4679679,-0.76541024
2004-07-02,56.78665175221475,-0.55860996,-0.3879916,-2.1179914,-0.22246791,-0.90135366,-1.1493046,-0.9699389,0.03965629,-1.2530707,-0.94016093
2004-07-06,56.71925338136422,-1.4298632,-1.3189179,-0.34339395,-1.7918084,-2.5142326,-0.31089312,-1.36045,-1.2047597,-1.2595327,-1.0679556
2004-07-07,56.334453329351184,-0.45589834,0.07033028,-1.0683472,0.22433215,-0.044604782,0.5101718,0.5269969,0.48608845,0.3133983,0.8973662
2004-07-08,56.83887185178144,-1.8238329,-0.6016045,-0.5542457,-1.5295672,-1.6356605,-0.12781353,-0.6349268,-0.6472422,0.43268386,-2.1942677
2004-07-09,56.83637427329168,0.13415296,0.38603705,-0.31601152,0.68663245,0.583994,0.72749275,0.7499129,-0.16196693,0.5929979,0.7993163
2004-07-12,56.74463809998038,0.10307379,-0.1973268,-1.682251,0.065178014,0.29482353,-0.5078761,-0.7425656,-0.84129477,-1.2254266,-0.5619762
2004-07-13,56.95587568992832,1.048258,-0.379105,0.014890121,-0.9824893,-0.5585265,-0.092088185,0.10525346,0.44547904,-0.68849176,-0.45949152
2004-07-14,56.7922436674909,-1.2359807,-0.1311424,0.50635517,1.6914898,-1.2550349,-5.2603292,-0.09873775,-0.52904916,-2.89802,-0.5141728
2004-07-15,56.849985690799045,-0.22134197,0.027088046,5.4230514,-0.87482285,-0.4543897,-0.38309762,-1.0378295,-0.6076447,-0.18052709,-0.08449217
2004-07-16,56.821347137430564,0.15327801,-1.4152379,-1.2864033,-1.310295,-3.044483,-0.78703,-1.4332465,-0.5105026,-0.41889688,-0.40798876
2004-07-19,56.53804399045688,0.91231817,-0.43549463,-0.49677938,1.4978906,0.62387025,0.46870437,-0.45601752,-0.17718126,0.24111563,-1.2821592
2004-07-20,56.462363468338715,0.9389259,1.1562265,0.2436041,1.1527776,0.9736506,0.77517575,1.5646268,0.8158851,1.1911566,0.04992966
2004-07-21,56.6517433946369,-1.1597899,-1.6864254,-1.065994,1.6752986,-0.9459385,-1.3312508,-2.2521055,-1.3578824,-1.7405776,-1.8614777
2004-07-22,56.486475048937166,0.6437133,0.47400892,-0.028652286,0.4040358,0.015407916,1.573396,1.1813552,3.0957668,0.7378008,-0.2497479
2004-07-23,56.15254452022976,-1.3066438,-1.1174684,-1.7456634,-3.0801659,-1.6215137,-1.1546056,-0.94409573,-1.1358181,-1.5728784,-0.69423807
2004-07-26,55.9462208338529,0.13005091,-0.9694191,0.8047514,1.9523708,-0.16647016,0.71700156,-0.3599128,-0.3632732,-0.5028423,-0.91872984
2004-07-27,56.070096561649216,0.6725208,0.36743966,1.7669584,-0.7212846,1.7731118,0.7095793,-0.12248567,-0.14773446,-0.12830995,0.48998174
2004-07-28,56.164796401741214,-0.13831386,-0.5454309,-0.3810205,0.40814698,-0.82652265,0.47908503,0.34211734,-0.3459225,-0.9486086,0.014183772
2004-07-29,55.96623417312123,0.7916076,0.67746353,0.461082,-0.34479874,0.7355105,1.648407,1.0900606,-0.14126673,1.5459352,0.9814545
2004-07-30,56.41125892556585,0.18355533,0.24546859,-0.6029805,-0.0004873898,0.73114914,0.3665255,-0.06225376,-0.6293054,1.2655305,0.6413531
2004-08-02,56.2094377867634,-0.47903097,0.71219033,-1.3521821,0.06239414,0.8941401,1.0982311,-0.29466483,1.7688549,0.15710929,-0.4007827
2004-08-03,56.36976446767505,-1.0730982,-1.224325,-0.6024423,-1.4626392,-0.6902048,-1.3305892,-1.6919491,-0.80974,-1.6729537,1.1608844
2004-08-04,56.45115506658477,0.14772815,0.86268395,0.69198453,-0.0642527,1.5877256,-0.22685345,-0.12413821,0.10688735,1.3706118,0.14117333
2004-08-05,56.656649050702875,-0.8845799,-1.260256,-0.78107536,-1.7562993,-1.2111024,-0.5120663,-0.6796505,-1.1191132,-0.5967343,-0.3099687
2004-08-06,56.51477835778822,-1.6515926,-1.7112278,-2.8455176,-1.3188974,-2.7436996,-1.7633951,-0.77244586,-1.5923884,-1.3230985,-1.3221081
2004-08-09,56.269820675959075,-0.037921935,0.2573829,0.7664146,0.10022758,1.0443475,-0.3299555,-0.1897852,0.6473238,0.40591925,-0.038225964
2004-08-10,56.39854857450668,1.340134,0.9657707,1.9108831,1.738392,1.322499,0.027656242,0.60532165,0.5895861,0.9505627,0.89148545
2004-08-11,56.594011842211316,-1.4193588,-5.629587,-0.9693532,-1.047869,-2.5120494,-0.7227719,-2.9943178,-0.883446,-1.7752277,-0.02015468
2004-08-12,56.18010631177226,-1.6187304,-1.4141313,-1.2011819,-1.7823169,-1.8368543,-1.9315197,-0.3549817,0.34242126,-1.8601573,-0.85548884
2004-08-13,55.99875749685248,1.6203529,0.15375496,0.66493565,0.43230987,2.1060839,0.80335563,0.04674936,-0.108385436,0.0095858835,0.45141757
2004-08-16,56.038202466785656,0.0021731853,0.9737862,-0.22625037,0.1995383,-0.044077665,-0.21918158,0.68708026,0.34443304,-0.07428389,1.2960066
2004-08-17,56.51392714905942,-0.08914882,1.1736027,0.024224773,-0.16543877,0.13753483,0.2918454,0.46076488,-0.048995797,1.1182599,-0.2739043
2004-08-18,56.505500634797876,0.98479027,0.7788164,1.3086728,1.3242555,1.3367714,1.6448634,1.683559,1.2865633,0.17078637,0.6029486
2004-08-19,56.39291716412932,-0.34858486,0.24657056,-1.8288835,-1.1531788,-0.58066696,-0.36258873,0.040474784,-0.76434994,-0.84222233,-0.3641691
2004-08-20,56.50105376944636,0.24992704,-0.6173971,0.02457535,0.23330745,-0.7075096,-0.7640155,0.061078805,2.0593748,0.3112244,0.6035303
2004-08-23,57.02493272947114,-0.7129581,0.7497159,0.34144902,0.36932626,-0.10697597,0.6877105,0.70244485,0.85459095,0.4744049,-0.6411235
2004-08-24,57.421175394874965,-0.050139897,-0.5960631,1.3047016,-0.03279387,0.13793097,-0.39573967,-1.236089,-0.053717557,-0.88015544,-0.0685814
2004-08-25,57.080649264736756,0.2518049,0.87659574,1.6259018,0.99819624,0.38000283,0.70855075,0.66918886,0.3631677,0.83396393,0.34906942
2004-08-26,57.33188520701846,-0.4939814,-0.4334824,2.339027,-0.39873675,-1.090325,-0.3054205,-0.06447487,-0.5822729,-0.84915847,-0.25307223
2004-08-27,57.251780960021875,0.14156426,0.74012643,-0.5930938,0.033887684,0.32369655,0.6411268,0.6177579,0.5102562,0.96933705,0.08250072
2004-08-30,56.99233949394593,-0.6543384,-1.1865675,-0.47484285,-0.5639938,-1.1571465,-0.83391035,-1.3517163,-0.9860162,-1.088864,-1.0368882
2004-08-31,58.02325356022037,0.18376839,-0.767438,0.4328988,-0.033203766,-0.9412282,-0.6091556,-0.40855753,0.31960353,-0.3587292,0.14935386
2004-09-01,58.23088123394712,-0.5926331,0.84713644,1.8999348,0.27245036,0.46591577,0.40951553,0.4489234,-0.17832415,0.37486437,-0.23554093
2004-09-02,58.15877930423943,0.24573435,0.51558757,-0.41942656,0.7427117,1.468028,0.54205555,0.7157619,0.9165122,0.7023289,0.885247
2004-09-03,58.1093975329495,-0.29570955,-1.5121436,-0.7596826,-1.7613556,-1.6902343,-3.5870478,-2.1013906,-0.506492,-1.8479317,-0.48881242
2004-09-07,58.167694085716,0.4789945,0.7667607,0.64895815,0.8186639,0.27154562,-0.29736257,-1.0675083,0.9155069,-0.10552903,0.5477985
2004-09-08,57.99317090876284,0.78577495,0.6473358,0.7231117,-0.37199992,-1.4610305,-0.32449937,0.22464387,0.11165481,0.20890659,0.41669276
2004-09-09,57.94744482655735,0.4680869,1.563118,-1.0664939,0.03464176,0.40532425,1.1840829,4.076707,0.06314722,1.5985277,0.9258717
2004-09-10,57.791012139199594,0.20619978,1.2884969,0.11894881,0.6741531,3.2721617,1.0411761,2.255089,-0.2936477,1.2968525,0.7094607
2004-09-13,58.171400201900184,-0.38098234,-0.5666123,-0.5362901,-0.84719706,0.927385,0.63086367,0.39497554,0.97186184,0.24196471,-0.32605338
2004-09-14,58.17260022046819,0.117084995,0.20945236,-0.27486888,0.6116173,-0.47274458,0.021356707,0.37167192,0.47697106,0.44955444,-0.32654798
2004-09-15,58.079587928816984,-0.46060532,-2.054881,-0.5552026,-0.8814219,4.5277133,-0.73258436,-1.0716964,-0.48579946,-1.2683107,-2.2419336
2004-09-16,58.5092293703416,-0.36349064,0.036877666,1.5474207,0.20646599,-0.6211938,-0.6528837,-0.5507236,-0.3028419,-0.050251875,0.2777904
2004-09-17,58.22973706398107,-0.49393776,-1.1722581,0.9911319,0.8148235,1.5356706,1.236424,0.9016206,-1.9760668,0.24444635,0.07487378
2004-09-20,58.313314367944535,-0.15266556,0.32995868,0.6649312,-0.033399835,-0.6665164,0.8637091,1.179669,-0.6056083,1.7296696,-0.36194316
2004-09-21,57.94819040809636,-0.09162068,0.8711521,0.2839563,-0.8772753,0.008649952,0.46037224,0.25060353,1.1430159,0.025452908,2.239497
2004-09-22,58.09392457597503,-1.5421058,-1.8594829,-1.6423882,-0.5106427,-1.58434,-1.4510494,-0.99267614,-1.03361,-1.4242438,-1.7152845
2004-09-23,57.747047639193305,-0.55082846,-0.20167582,0.36234397,0.74528605,-0.5645246,-0.0034531776,0.08697737,-0.054734975,0.05434728,0.22336374
2004-09-24,58.09777870261459,0.45161667,-1.4051158,-0.10033548,-0.2368338,-0.10583751,-0.50713843,-1.4939469,-0.6798825,-1.4347621,-1.0374938
2004-09-27,57.92804705978722,-0.38747323,-1.0440902,0.20553145,-0.37247077,0.8160408,-0.41645968,-1.1232581,-0.4000461,-0.7285352,-0.6559618
2004-09-28,57.910555305610956,0.21505928,0.043068703,0.5737303,0.23836759,0.9170303,-0.49547637,-0.7656335,-0.0044410024,-0.6270009,0.6429999
2004-09-29,58.08047377126844,0.39685085,0.62967217,0.7399233,1.0142536,0.3463205,1.0427549,1.1930532,0.9495881,0.39274606,0.76498413
2004-09-30,59.35103977982465,0.66265756,-0.6378926,-0.034915652,0.2059073,-0.9151298,0.06698264,-0.2851702,0.005325354,0.22832154,-0.36047554
2004-10-01,59.69075553796628,0.87967277,2.2843533,-0.23808846,2.0088637,3.4725046,1.9880977,2.6440973,1.5915356,2.127613,0.33208746
2004-10-04,60.562746803703966,0.33021432,0.04071532,0.03220462,-0.4800233,-0.22062193,0.7506997,0.6719518,0.5092503,-0.45775503,0.62172914
2004-10-05,60.3209521287732,0.04591186,0.3423386,0.64884144,0.85008824,1.8260878,0.5330249,-0.44053608,0.15182035,0.37802932,0.12099166
2004-10-06,60.491492341683866,0.6075565,1.1237571,1.537357,0.47324064,0.11155452,-0.35082442,0.4611762,0.6247519,-0.3216294,0.3479462
2004-10-07,60.57637324896217,-0.7385781,-1.1271919,-1.4664179,-1.2605804,0.21994561,0.34800774,-0.6298542,-0.6149861,-0.2960935,-0.77004266
2004-10-08,60.552598346173426,-0.83425844,-1.0100725,-0.87864345,-0.6533463,-0.70686466,-1.5407596,-1.4717121,-0.64385587,-2.7298365,-1.4633255
2004-10-12,60.46041159895697,-0.75816184,0.45192915,-0.54052156,-0.13785616,-0.32566476,-0.7058086,-1.2249854,0.2780658,-0.45188645,0.84240055
2004-10-13,60.23870725523468,-1.1638167,-0.8663006,1.8338732,-0.03469164,-0.9319153,1.7880735,0.814347,-0.09390722,0.5757165,-0.8774132
2004-10-14,60.0636512334843,-0.32178527,-0.7935893,6.3540134,-0.82343614,0.0039404863,-1.0477586,-0.74360174,0.59365267,-2.0677276,-0.20490281
2004-10-15,60.029419230757625,-0.042512015,-0.35127625,0.47275504,0.6172158,1.2595799,0.33084047,-0.3685597,0.24595457,-0.07898796,0.051628742
2004-10-18,60.267069063465875,0.98627216,0.43619365,2.4034421,1.3958521,0.91828364,0.5202039,-0.31064296,1.1558827,0.39082435,1.311389
2004-10-19,60.272404775892944,3.3454225,0.09767937,-0.49443877,-0.8155417,-0.6427288,0.11510676,2.8363204,-0.99510026,0.008376171,0.26381257
2004-10-20,60.64859885200004,-0.6602398,-0.7485156,-0.07529647,1.7318072,0.5421744,1.6132089,0.5627092,0.5759938,0.58987474,-0.06728316
2004-10-21,60.533695884887294,-0.83271366,0.46645296,0.38699645,-0.50652444,0.055226143,0.6411672,0.29223922,0.6315399,0.6648114,0.5761504
2004-10-22,60.67998980381681,-0.8296376,-1.0665078,-0.7151332,-2.8513098,-0.75474286,-0.806169,-1.4572268,-2.4349582,-1.2904557,-0.86791575
2004-10-25,60.548826036858514,0.9266477,-0.6481641,0.024318194,-0.41824767,-1.0350274,0.11456302,0.262299,-1.1016513,-0.31342754,-0.14975317
2004-10-26,60.90882452826342,0.45149267,0.103056595,0.3317022,0.9083253,0.7171197,0.30016714,0.7559515,-2.0695376,-0.6426758,-0.22361338
2004-10-27,60.85079970089988,0.87079275,1.2200017,2.3638844,0.82962185,1.6731248,1.4609126,1.5873789,1.7158586,1.2410173,1.8530716
2004-10-28,61.28211149983113,-0.61056924,1.0847871,1.8115778,-0.5218691,0.7456138,0.69731915,1.0296124,0.44518647,0.093906075,-0.6138857
2004-10-29,62.75368588806425,0.13115007,0.68831176,0.07998514,-0.17884134,-0.49018875,0.06865606,0.1508501,0.022168051,-0.37815672,0.3076206
2004-11-01,62.624641200999434,0.23980351,0.09634585,-0.081883326,0.35436377,0.4314664,0.4950012,0.61376905,-1.3440781,-0.4092454,0.09731089
2004-11-02,62.9525515090554,0.23878084,0.04059755,0.91624475,0.5317512,0.21406175,0.47042006,-0.98382366,0.27735892,0.6910518,0.43419477
2004-11-03,62.67317112057828,0.60108835,-0.07079016,1.6269768,0.7716182,0.1051888,0.31291422,-0.7426395,-1.3298184,-0.46568266,-0.065838486
2004-11-04,62.76112359029362,1.0334396,0.62095106,-0.9612474,1.803034,1.379341,0.5539223,0.57456404,-2.3662794,0.27272844,0.65048593
2004-11-05,63.25306854771319,0.75257117,1.1860914,0.12916467,1.0311282,0.3128451,1.1363544,0.74801683,0.14941277,0.03584322,0.14045306
2004-11-08,63.80145347099518,0.1413007,-0.04332123,-0.46356836,-0.14068443,-0.377148,-0.1908746,0.023226568,0.39114544,0.2429451,-0.72611356
2004-11-09,63.866883657399235,-0.12031127,-0.64434725,-0.4558485,1.6438417,1.211418,-0.2363589,-0.0308913,0.32318917,-0.14232402,-0.59883034
2004-11-10,64.15924685725905,0.111657396,-3.7772436,0.5492377,-0.17392269,0.09911338,-0.39395836,-1.4796281,-0.31097364,-1.3165388,-0.004517184
2004-11-12,64.14250185850052,0.3839724,1.445389,0.05811902,-0.07110636,1.2651993,1.2146169,0.7172318,0.026976474,0.1878046,0.28850162
2004-11-15,64.18903441138379,0.44733834,0.7698542,-0.382446,1.8367984,-2.0818756,0.26170573,0.18551658,-0.12047442,1.7172952,-0.5578711
2004-11-16,64.37894833917588,-1.099566,-0.5195972,-0.4225776,-1.0476443,-0.5479908,0.24001247,-0.75818366,-0.788892,-0.1417972,-0.5087012
2004-11-17,64.72906213753839,0.42271206,0.40608662,-0.17240041,0.15112832,1.0815392,1.1036487,1.3614868,1.331178,1.5803646,0.19613336
2004-11-18,64.86342381594112,-0.46514544,-0.099668495,0.3381732,-0.41606966,-0.929023,1.0846182,0.21695693,0.41058034,0.7839948,0.3160226
2004-11-19,64.82453803996052,-0.74500656,-1.4926358,-0.34513527,-0.8365269,-1.2719887,-1.2382152,-1.143647,-1.4720457,-1.9505912,-1.3748174
2004-11-22,64.82911698653042,0.5114867,0.35803086,5.5053363,-0.8428691,-0.44988164,-0.035517737,-0.4142162,0.9538445,0.23193312,1.2598047
2004-11-23,64.7807293125186,0.040882543,-0.47379777,-0.20307727,-0.5002592,0.05195273,-1.4723308,-0.45391744,-0.4235507,-0.6600031,0.85554564
2004-11-24,64.82687979489812,0.050055195,0.55806005,2.222953,0.38679814,0.440723,0.61026365,0.50103325,1.0094225,0.08943516,-0.013845379
2004-11-29,64.91953446883895,0.62429893,-0.87601286,2.9745579,0.616581,0.052092694,-0.23890008,-0.08632343,0.11825234,-0.22874245,-0.11574239
2004-11-30,66.17481438255139,-1.3405519,-0.6021079,-1.2263837,0.11730463,0.27814165,-1.4427493,-0.7778076,-0.07333265,-0.9731707,-0.34091398
2004-12-01,66.17064339000783,1.4582329,1.124807,0.44953462,1.6601692,1.8909117,1.7126509,1.7909465,1.5874001,3.0385804,0.69732386
2004-12-02,66.93446006131556,-0.23929268,0.10122151,-2.2011764,-0.659082,-0.84525615,-0.78543925,-0.54421204,0.53731734,-0.7116515,0.42663828
2004-12-03,67.13765760586143,1.1375049,0.62029403,-2.2424903,0.50513214,0.38517123,2.741664,0.29665238,-0.24782097,1.0192672,0.36182204
2004-12-06,67.3182260224556,0.43450916,1.066164,2.4362485,0.34856972,1.6533844,0.3053793,0.2943621,-0.21387339,-0.17085665,-1.0178139
2004-12-07,67.25893768655233,-1.618853,-0.29825184,-2.52818,-1.0494965,-1.612281,-1.0597382,-0.54353285,-0.6683234,-0.93729997,-1.6764947
2004-12-08,67.34265419658061,0.40206578,0.15377645,0.19419895,1.0882798,0.7703069,-0.9519684,-1.8654112,0.74895173,-0.923618,-0.12553723
2004-12-09,66.6078252017008,0.69039124,-1.1779191,0.45922157,-0.5382458,0.37456924,-0.470457,-0.7195875,-0.3048116,-0.43382356,0.24789767
2004-12-10,66.67727780070922,-0.9190308,0.0132978875,0.82161796,-0.6186893,-0.1175096,-0.3628966,-0.18601036,-0.25947008,-0.4366005,-0.039349098
2004-12-13,66.75232082968218,-0.33336583,-0.4753076,-0.33135027,0.61879176,6.962076,0.24961992,0.06468215,0.5789148,0.2940188,1.3115917
2004-12-14,67.13088668102196,0.69387484,-0.015119909,0.17587714,-0.11650839,-2.0841417,1.4598644,1.1882852,0.049841397,0.6679567,0.9794384
2004-12-15,66.96822675511379,-0.10512931,0.30165944,-0.15943967,-0.5042401,-0.7826717,-0.13145559,0.09881631,0.2303311,0.028604068,-1.4434725
2004-12-16,67.12113382616876,-0.010666189,-0.044069152,0.94749516,0.15540828,-0.06368007,-0.51392454,-0.78861856,-1.125966,-1.2193854,-1.5022371
2004-12-17,67.02005622968315,-1.313153,-1.2346973,-1.4381509,-0.81800514,-0.6339913,-0.13514197,-1.1887968,-0.2135545,-0.76597697,-0.76000875
2004-12-20,67.20836194357402,0.2105454,0.13200317,-2.0286908,-0.0782723,-2.1814854,-0.068290375,-0.12969103,-0.59780407,-0.32550383,0.10112864
2004-12-21,67.2774732068878,0.32348144,0.85744965,0.68233776,0.43062812,1.0563359,1.853065,0.39697933,1.0904417,0.21230136,0.012987208
2004-12-22,66.59849185592532,0.43343925,-0.15887229,-0.084591515,-0.42690864,-0.5370494,0.002977762,0.44804987,0.4106469,0.29738462,0.7111036
2004-12-23,66.83142855595813,-0.02026336,0.3292494,0.081852846,0.11702009,-0.38192213,0.28734884,-0.10856431,0.014095662,0.031498596,0.29807326
2004-12-27,66.99810804411017,-0.33167213,-0.4755222,-0.84690046,-0.66503763,-0.010174975,-0.282573,-0.16647677,-1.3734524,-0.73760575,-0.44859397
2004-12-28,67.57535718153336,0.63023394,-0.16027142,0.7183132,0.35509014,0.9481716,-0.108886465,0.1409768,-0.02909766,0.24179713,0.99236315
2004-12-29,67.51481505297696,-0.23745711,0.10090674,0.08018628,-0.23610154,-0.70180917,0.0236891,0.7674508,-0.88909215,0.23952144,-0.5717527
2004-12-30,67.73653092787072,-0.011954234,0.2741538,0.16153954,-0.59394026,0.7861566,0.09017475,0.17456539,-0.28632304,-0.05730687,-0.24640928
2005-01-03,67.78254763705482,-0.90694857,-0.044181533,-1.0616516,0.04020047,-1.7428802,-0.62147975,-0.8819582,-0.20496829,-0.9203715,-1.0854478
2005-01-04,67.58970362455594,-1.1224911,-2.2907872,0.4091109,0.35678717,-2.0020866,-0.9492394,-1.16765,-0.33599558,-1.0545955,-1.6092377
2005-01-05,67.56078809153915,-0.31598875,-0.013994154,0.32935938,-0.27662954,0.15956587,-0.41433987,-1.4553839,0.104148775,-0.94891346,-0.47979012
2005-01-06,67.61422665864593,-0.41243875,0.79376173,-0.09396765,-0.15832484,0.60373497,0.2513272,-0.23282538,0.70263124,-0.46104228,-1.0750711
2005-01-07,67.29784410733429,-0.528049,-0.4306386,3.6085908,-0.3558579,0.541119,0.86456984,0.18921494,0.14615026,0.06925294,-0.15094246
2005-01-10,67.28361890124295,-0.22075069,-0.044097785,-0.35861364,0.47501928,-0.83483535,0.27077737,-0.6758825,-0.19111748,-0.024355818,-0.15095061
2005-01-11,67.32309867248875,-0.7824786,-0.28337923,-3.6470697,-0.31575742,-0.008669518,-0.68134314,-0.54099154,-0.0053083296,-0.14874214,-0.8210725
2005-01-12,67.3612548005826,0.079345375,0.81866205,0.6023337,0.15864459,1.4698298,1.4890944,-0.010539387,-0.2492878,1.0826246,0.5911554
2005-01-13,67.38244930980268,-0.864187,-0.48878682,3.284464,-2.0745723,-0.0641246,-0.67220443,-0.44264352,-1.3111168,-0.9456661,-0.87436795
2005-01-14,67.07775303208244,-0.46624297,0.25206426,0.16930078,-0.64298403,0.7424242,0.53951323,0.50207025,0.021030553,0.77017343,-0.17763312
2005-01-18,66.93696812097899,0.65537065,-0.4585983,0.20535943,0.7643009,0.7325589,-0.088666886,0.009752559,0.374367,-0.08619598,-0.050798595
2005-01-19,66.90110392839107,-1.8865734,-1.825535,-0.7184787,-1.4075009,-1.7172322,-0.67751294,-1.2450395,-1.9642953,-1.6858258,-0.6401195
2005-01-20,67.03624245782494,-0.22313222,0.47566444,0.30522022,-0.52707523,-1.097763,0.04478697,-1.1927902,-4.2926364,-0.40028614,-0.013581629
2005-01-21,67.06466487057246,-0.7403512,-0.99568546,-0.11229055,-0.8989187,0.10075661,-0.27564123,-0.8068702,-0.08322018,-1.1048365,-1.1043078
2005-01-24,67.06824388283349,-0.71444964,-0.8548918,0.06857721,0.043266512,-0.44762847,-0.9064495,-0.6207936,-1.8083209,-1.455356,-1.7651577
2005-01-25,67.10827060206275,0.2764866,-0.8033843,0.8272029,1.3899409,1.8374753,0.7186409,0.71382195,0.054551817,1.4758472,-0.005771812
2005-01-26,67.01258879389258,-0.36418787,0.5260006,0.012662487,-0.07948202,0.0969974,0.45890647,3.1689026,0.21716806,1.3962798,0.22027963
2005-01-27,67.40248816889203,-0.09444021,1.4832687,0.15162157,0.3671196,1.790854,-0.16331924,0.44253886,-1.1542499,1.0241872,-0.03591978
2005-01-28,67.30900278514626,0.78375846,-0.911182,0.83854324,0.2440099,-1.5960077,-0.07166218,0.40722656,0.18079135,-1.4463506,-0.8415185
2005-01-31,68.10430903355027,0.40179396,0.39354333,1.9275239,0.36731002,0.41787133,0.5763528,0.14714417,1.1075805,-0.5311489,1.1606926
2005-02-01,67.91870622161744,0.3097923,0.23504078,0.2993773,0.40536746,-0.7086983,0.5029328,0.6768311,-0.6669626,1.4778509,0.740316
2005-02-02,68.23696817026106,0.30813777,0.017762057,1.2888466,0.24347289,-0.5536936,-0.024499252,-0.2288592,-0.7156623,-0.52201474,3.716836
2005-02-03,68.28005330780998,-0.875749,-2.031762,-1.3677133,-1.1772515,-1.2732829,-0.1869275,-0.76585954,-0.49939522,-0.40026852,0.7728263
2005-02-04,68.2351347610562,0.83087826,1.1625558,0.5653353,0.53032655,1.6836483,1.5048947,3.167901,1.048092,1.8513492,0.28995436
2005-02-07,67.96512386667253,-0.105513655,0.76527345,-0.067826584,-0.6892016,-0.6599633,-0.112598956,-0.23825476,-1.4485309,-0.29841107,-0.58067924
2005-02-08,68.20974972785638,-0.341779,0.2029396,1.1715642,0.28657138,-0.50236464,1.2077292,1.147419,0.25240436,0.36530033,-0.03693664
2005-02-09,68.1314955453381,-1.5436709,-1.9559218,-1.5776703,-0.733415,-1.725589,-0.1536879,-1.3819641,-0.8801616,-1.1797299,-1.1263305
2005-02-10,68.053483289502,-0.0653033,-0.20374903,-0.3932024,-0.08052124,-0.23319925,0.5322235,0.46933103,-0.6489209,0.37049615,-0.111265674
2005-02-11,68.42038814311425,0.41292867,0.33883896,1.7684942,-0.4101934,1.1065352,1.5467892,1.6789603,1.0888424,1.3548228,0.67565364
2005-02-14,68.61127300355491,0.14265345,0.80935353,2.063031,0.12527926,-0.2885345,0.38949123,0.10845198,1.2794712,-0.11742127,-0.38251728
2005-02-15,68.93402262838552,0.62630385,-0.20180142,2.193432,-0.040048093,-0.17851624,0.43062946,0.10806455,-0.50619906,0.9730544,1.0176073
2005-02-16,69.05428153733945,0.159471,-0.71106964,0.8912672,-0.623797,0.1567797,-0.615987,0.036363833,-1.3452668,-0.05889472,-0.446822
2005-02-17,68.94683718589688,-0.98548555,-0.8802191,-1.5257868,-0.62624335,-2.1598783,-1.0195115,-1.1513356,-1.0170645,-0.5860883,-1.4781827
2005-02-18,69.219573459435,-0.60454315,-0.53320134,-0.74637926,-0.75835085,-0.18235932,0.94122744,-0.34601805,-1.136819,0.11791625,-0.3948328
2005-02-22,69.36844509704814,-1.080817,-0.01163794,-1.0775658,-1.1068014,-1.7012362,-0.47682074,0.40464994,-0.25697955,0.08792852,-1.3358808
2005-02-23,69.7311094407399,-0.34971315,-0.14298497,1.6704975,-0.16964696,1.629713,-0.9073944,-0.2362814,-0.61317843,-0.7103562,0.021136818
2005-02-24,69.80054796120285,0.41900852,-0.3742796,0.28518325,0.689908,0.27860016,0.95491636,0.8370636,1.898476,0.8854139,-0.5068216
2005-02-25,69.77366030632972,0.03420865,0.021694012,-0.1000864,-0.55550534,0.6204465,0.94066024,1.2597145,1.9725727,0.8957459,-0.15456243
2005-02-28,70.88502489641274,-0.35069647,0.68241596,0.29904798,-0.4330508,-1.1163702,-0.12880968,-0.46137866,-1.4349066,-1.4681859,0.09326191
2005-03-01,71.77102570666769,0.6006507,0.21871236,-0.5656895,0.48495752,1.100065,1.4519303,1.1465515,0.32556403,0.564058,0.3322318
2005-03-02,71.13232885381757,-0.5115093,0.7356499,-0.5933429,-0.12827364,-0.6503505,-0.12443554,-0.36794767,-0.22348699,-1.430535,-0.18246317
2005-03-03,71.08723030258085,-0.6450031,0.1487732,-3.0273163,-0.43374157,0.16223297,0.046257976,-0.7409736,-1.3473015,-0.45308843,-0.19121264
2005-03-04,70.97539291969998,-0.16869794,0.7219047,1.1486174,-0.041136995,1.023374,0.4728298,0.49210224,0.01800251,-0.76184595,1.0419436
2005-03-07,71.05188513620203,-0.9141703,0.58667105,-0.21111883,1.261495,1.7377747,0.9947483,0.7797286,2.5299282,0.73445183,0.9145312
2005-03-08,70.94384241825541,0.41340658,-0.42224082,-2.9779844,-0.3434172,0.04146189,-0.5619432,-1.8607781,-1.6311511,-1.0979646,-0.292119
2005-03-09,71.3164014098127,0.09587784,1.2383153,-1.7105441,-0.43248978,-1.5946153,0.17356332,0.48031706,0.5167485,-0.5874212,-0.5646892
2005-03-10,71.79925834540857,-0.06762247,0.51109374,0.5091717,0.48195845,-0.58846796,0.10995743,0.72126704,0.35870782,0.44004858,0.4875431
2005-03-11,72.00487977543395,-1.0513462,-0.84991086,0.44843405,-1.5341458,-1.0599538,-1.306337,-1.621861,0.25901726,-1.4446998,-0.9497276
2005-03-14,72.38707970857803,0.27211398,0.23594116,-0.07057968,0.046902854,0.27918592,0.2407953,0.053649735,0.038738374,0.32349712,0.5929363
2005-03-15,72.09092175368723,-0.6639802,-0.9522509,0.7019568,-0.9290698,-0.07179352,-0.7642463,-1.0410446,0.76733476,-1.1463393,-0.87286097
2005-03-16,72.45173934717721,-0.8865145,-0.61633605,0.14846006,-1.2999376,-0.8362292,-0.6675067,-0.55719066,-0.58350354,-0.6446384,-1.3638581
2005-03-17,72.26958537818123,-0.95494246,-0.17234181,1.2290365,-0.44860592,0.748981,-0.20317572,0.29837254,-1.3169197,0.365175,0.4172772
2005-03-18,72.06804171029577,-0.7394033,-0.7836723,0.75079966,-1.086309,-3.7698574,0.0886796,-0.42652848,-0.6826121,-0.67650586,3.097561
2005-03-21,71.9632019329911,0.11356186,0.40612364,0.7728678,-0.54426503,0.59706134,0.29063898,-0.4667121,-0.02755838,-0.0250712,-1.1031018
2005-03-22,71.65338873439715,-0.139161,-0.10866691,-1.2076088,-1.0049566,-1.0429969,-0.9958493,-0.4692508,-0.8570645,-0.74622434,-0.4731469
2005-03-23,72.00296655940932,0.9390238,-0.59314287,-0.48585293,0.8329816,0.050911184,0.92793065,0.5858522,0.3263929,1.2168097,-0.26702464
2005-03-24,71.95724225802557,0.058297988,0.3752266,-0.19920656,0.41582537,-0.74775296,-0.3858589,0.26222932,-0.8909442,1.2474765,0.04322306
2005-03-28,71.87029224937149,0.22360289,-0.01246841,-0.09896343,-0.40704906,0.11342532,0.36038023,-0.09195381,0.4987577,-0.6592295,0.2785316
2005-03-29,72.0881110893843,-0.5857586,-0.49692702,-1.1222373,-1.3330137,-1.0023297,-0.25135538,-0.63563514,-0.7364552,-0.53804547,-0.92983437
2005-03-31,73.01684842583005,0.597562,-0.4954664,-1.5601509,0.0041101663,-0.07321592,-0.49973366,-0.54001755,-0.50181884,-1.3413198,-0.6550327
2005-04-01,73.06107408800581,-1.107977,-0.6622748,-1.1419348,-0.27378386,0.23571679,-0.4145461,-1.0589643,-1.6449641,-0.87577605,-0.5338594
2005-04-04,73.39747157320268,-0.25579196,-0.14294453,0.12267226,0.4678701,0.9094757,-0.096139796,-0.26714742,0.64695615,0.040338784,-0.34396705
2005-04-05,73.23950693441478,-0.9192082,0.4447226,0.8887641,1.0616592,-1.5513061,0.54738647,-0.017282061,-0.7263231,-0.19012123,0.03245053
2005-04-06,73.29171942463279,-0.7343499,-0.20736113,0.4189136,0.8698066,-0.51021045,-0.09508731,-0.3256862,-0.879656,-0.15739569,0.83994985
2005-04-07,73.4533742289787,-0.72803515,1.1814697,1.3862088,1.8961021,0.36327225,0.9081367,0.59778917,-0.038902182,0.40176097,0.043935288
2005-04-08,73.66335201218087,-1.0347968,-0.8491549,0.0824102,-0.7609614,-0.6375929,-0.18415634,-0.36291054,-0.5073362,-0.35457882,-1.1251789
2005-04-11,73.81814821205808,-1.6582465,0.24641843,-2.395592,0.092691466,0.1767769,-0.3001864,-0.4622471,-0.7185269,-0.32315704,-0.57780874
2005-04-12,73.82562961934231,-0.62669355,0.75642586,0.7931666,1.5233938,0.48789024,0.31661484,-0.99761325,0.05150556,-0.35752016,-0.10987525
2005-04-13,73.88119280868547,-1.4447476,-0.8136694,-2.1942387,-1.2939901,-1.520324,-0.8328855,-1.2194015,-2.6984534,-1.680744,-1.7470882
2005-04-14,74.07487491450375,-1.1800054,-0.6612158,-5.270512,-0.94639623,-1.1626098,-0.68460166,-0.5671028,0.9235251,-0.7488871,-1.5813193
2005-04-15,73.73274160924572,-8.342591,-2.066718,-2.9338562,-1.7755481,-2.6220634,-0.7905885,-1.3652787,-1.4751899,-2.7977242,-2.7358787
2005-04-18,73.63613246759424,-0.1919972,-0.6548297,0.26771876,0.8268062,0.58662945,0.3029933,0.27973267,-0.37939322,1.2065264,-5.9041605
2005-04-19,73.66357292691427,-1.5882291,0.49806178,2.0128791,-0.13363247,0.45052224,1.0799648,2.489196,0.3279604,0.40476128,3.1071012
2005-04-20,73.80720246561775,-4.59334,-0.010884567,-2.4505558,-1.4672332,-0.7316125,0.15813063,-0.35474664,0.525712,-0.9465539,-1.0186242
2005-04-21,74.06798244530503,2.4950817,1.5884198,2.304808,4.320241,2.462589,1.70103,1.2461191,2.1569989,1.222394,2.0058315
2005-04-22,74.10342827992189,0.09993298,-0.8722398,-2.5933285,-1.3883413,-1.692257,-0.18533623,-0.56523114,-1.2945833,-0.6920081,0.50838983
2005-04-25,73.94719333325703,0.3795144,0.121688634,2.0335374,0.0025180276,0.8986789,0.47417647,0.33542696,1.0109656,0.014385504,-0.42655745
2005-04-26,74.27477188883833,0.9073767,-0.7138858,-1.283814,-1.0862411,-1.3131068,-0.11666481,-0.2129709,-0.36459836,-0.056653015,-1.0612628
2005-04-27,74.55079569286166,1.8886787,-0.14581011,-0.4901201,1.0026956,0.056013927,0.5185327,0.27604,1.139422,-0.34136498,-0.83555245
2005-04-29,75.5534373428114,0.45676044,0.39693627,0.6329549,3.8465445,-0.48459592,0.8398692,0.6270941,-0.038370814,-0.12892798,0.7658995
2005-05-02,75.98578393466325,0.030437956,-0.0784838,0.40372816,-0.35966972,0.19526125,0.15487869,0.27222237,0.12368666,0.6600658,-2.4558008
2005-05-03,75.74079471648267,-0.18150535,0.124516614,-0.4578747,0.54227304,-0.14523195,0.71703494,0.077574596,-0.67420703,-0.057476588,-0.05618712
2005-05-04,75.72421229351013,0.6259189,1.0927514,1.2210913,-0.71926206,0.80221754,0.88884485,1.0464278,1.324614,1.0324206,0.061854664
2005-05-05,75.77036289880833,-2.1066434,1.1037327,-0.811489,0.047044184,-0.4820033,0.41763428,0.4294973,-0.8257719,0.11542056,-0.8194769
2005-05-06,75.66167183048567,-0.18221796,0.02030141,0.6660116,-0.088511966,0.5958661,0.5899095,0.6268314,0.499791,0.45865822,0.5767089
2005-05-09,75.9369142302258,-0.48735788,0.56915176,-0.52234805,-0.542034,-0.1446531,0.75776416,-0.09428759,0.5501637,0.07835952,0.7517374
2005-05-10,75.81239910615669,-2.2927928,-0.04461606,-0.93098027,-1.000853,-1.6367517,-0.19319578,-1.0044196,-0.7600489,0.34997606,-1.3184032
2005-05-11,75.82868249369781,-0.15776391,1.037434,-1.3284336,0.0023906997,1.1458659,0.3026551,0.35341865,0.69264734,-0.29714927,0.20808554
2005-05-12,75.9056753494669,-0.9947505,0.4266265,-2.3854384,0.36801535,1.1941293,0.23745134,0.3501075,-0.7726462,-0.2980606,-0.34229454
2005-05-13,75.78941939518116,0.5748531,0.5466272,0.8473609,1.3163625,2.9804497,0.68453693,0.27332237,-0.67875296,1.4905556,0.1183749
2005-05-16,75.52273008165605,1.393175,0.5707736,1.039021,1.1685483,-0.14059128,0.5305952,0.7766062,-0.053860288,-0.292547,1.5428439
2005-05-17,75.75995418249855,-0.19581795,-0.13660866,-0.42083797,-0.17756927,-0.9763071,0.8600225,0.74574405,0.97032964,-0.19329736,-0.31821588
2005-05-18,75.80037193474764,2.4891813,0.5051509,0.5774316,1.0261836,0.6942096,0.5619675,0.20742743,0.54069096,-0.42863405,1.0443326
2005-05-19,76.03635367472762,0.8626401,0.3797802,2.3312955,0.9296163,0.56049657,0.25120008,-0.37590197,-0.027698273,-0.8399702,0.74572855
2005-05-20,76.09352408702543,-1.064062,0.22665524,-0.13691188,-0.8392368,0.6816109,0.77977926,0.50718695,0.8923505,0.34940794,-0.09460735
2005-05-23,76.14965070939947,-0.007068234,0.19552593,2.890886,0.44354528,0.8615739,0.3897818,-0.6225518,-0.30615425,0.51383156,0.25082362
2005-05-24,76.03766891641749,-1.0088356,1.2874354,-0.21690796,-0.48594218,0.54207164,1.0049602,0.20791596,-0.23729174,1.394346,1.69401
2005-05-25,75.76335707506223,0.10703918,-1.1663768,-0.030272074,-0.22050838,-0.3858892,0.16604656,-0.1279206,-0.4476532,-0.35408846,0.39687642
2005-05-26,75.78176378523348,1.2880427,0.78408736,1.1265267,0.7958538,0.9673801,0.8125413,0.74784374,0.80488944,0.8473323,0.3908228
2005-05-27,75.97131514568947,-0.18124962,-0.3689882,-0.3714606,0.7031052,-0.5065443,0.12589103,-0.40631512,-0.4856561,-0.22205622,-0.07510606
2005-05-31,76.67634603556148,-2.0729895,-1.2120222,-1.1904624,-1.2364743,-0.38776234,-0.7591049,-0.2516082,0.040268864,-0.843638,-0.28159195
2005-06-01,76.55427180836685,1.4853098,0.6763211,0.5767412,0.00078692246,0.47703964,0.73655325,0.20584306,1.0247395,0.5588715,-0.09226388
2005-06-02,76.138808084692,0.49951228,0.6665896,-0.47960174,-0.13212374,0.47232226,0.67025065,0.3778127,0.090387136,0.67746186,-0.3496735
2005-06-03,76.38932294744137,-2.0778084,-1.4768684,-2.5710542,-1.6515667,-2.493776,-0.41889447,-0.16206321,-0.9969374,-0.0614709,-1.1499846
2005-06-06,76.49084254065187,-1.1329808,-0.10503715,-0.58148056,-0.31400037,0.29848734,-0.22698638,-0.45987377,0.14782731,-0.253386,-0.35326487
2005-06-07,76.68158197718415,-0.08121849,0.046161544,-2.0975301,0.5868321,-0.4556906,-0.52674365,-0.8908273,-0.8416975,-0.86853373,-0.5305908
2005-06-08,76.4594669029618,-0.43808138,-0.04458006,0.41051233,-0.5381718,0.42358738,0.5618138,1.0366259,-0.5715418,0.9041979,-0.19540226
2005-06-09,76.58534277112813,0.033740003,0.13641246,0.89886427,0.45121658,-0.078374706,1.2566243,0.1686489,-0.6604882,1.5097255,0.20964211
2005-06-10,76.49372729135617,-0.33633652,-0.7411958,-2.787912,-0.4031655,-0.26610434,-1.3201538,-1.2006699,-0.88092476,-0.8730417,-2.6324062
2005-06-13,76.88613936200451,0.22509378,0.13820545,-0.0042025093,-0.5863255,-0.33052793,0.12608878,-0.11159441,0.073823,-0.6314804,0.75073355
2005-06-14,77.0057175850959,-0.33650115,-0.4107365,0.010134108,0.18267849,-0.8396174,-0.5112876,-0.65103585,-1.6361483,-0.34887555,0.39726868
2005-06-15,77.18382937514997,1.651953,0.3826998,1.4959409,-0.49782822,0.80851054,0.56514376,0.15836789,-0.43755397,-0.15790059,-0.16001818
2005-06-16,77.46960918225813,0.8036445,0.5910633,1.0582428,-1.0503882,-1.0965879,0.44277272,0.08563429,0.05045866,-0.12610054,0.5338301
2005-06-17,77.55528564681933,-0.9563156,-0.044497076,0.31981438,-0.04403946,-0.85145456,0.08609346,0.12114293,-0.21605782,0.0021417062,-2.1213222
2005-06-20,77.66902254669888,0.06765331,0.16597019,-1.1100112,0.2774447,0.3715652,-0.3503663,0.51211274,0.34489942,-0.836825,-0.6556509
2005-06-21,77.81946746296133,-0.30821297,0.46368462,0.21270709,0.13922949,0.8159236,0.6410033,0.57603,-0.24487534,-0.029189784,-0.7530153
2005-06-22,77.71457727628211,0.8894928,0.04471637,0.8162045,-0.41102198,0.4273386,-0.052184705,0.53303957,-0.4226488,0.55159765,-0.62645984
2005-06-23,76.88138106321736,-2.412312,-0.10384184,0.32735103,1.0490237,-0.8370511,-0.58840036,-0.26517165,-1.4767497,-0.029822366,-1.1570148
2005-06-24,76.9069553147367,-1.9240237,-1.486478,-1.6956723,-1.2741407,-0.14237297,-1.269001,-0.4227322,-0.7544642,-1.5826712,-1.7568356
2005-06-27,76.93799163818697,-0.30049306,-0.87156695,-1.0689298,0.0019569956,0.1750503,-0.4076292,-0.90204185,-0.09699738,-0.8207653,-0.98279315
2005-06-28,76.68060934985985,1.6871058,0.3547592,0.16164644,0.047793698,1.7351577,1.0491623,1.2180895,-0.2509419,0.17155029,-0.4731731
2005-06-30,78.0119051248522,-0.8149989,-0.90214586,0.49730977,-1.1993297,-2.2906206,-0.3860577,-0.3204522,-0.9366421,-0.1614038,-1.1725962
2005-07-01,77.94360216105436,0.47205362,-0.32278895,-0.58285034,-0.6493242,0.4629375,0.4759435,-0.12868647,0.804083,-0.22863607,-0.51849383
2005-07-05,78.37593731369192,0.020936936,-0.5743118,1.9573468,1.2113236,-0.20140399,1.0395962,1.5122823,-0.12789027,0.34178728,-1.1560417
2005-07-06,78.69138098302507,1.166333,-0.04438326,-0.96091926,-1.3484635,0.22061567,-0.2781087,0.3813613,-0.40629137,-0.59911436,-2.4251332
2005-07-07,78.5049746144023,1.8328047,0.018229127,0.20023912,-0.2786928,-0.2616443,0.20698227,0.2768555,-0.004115025,0.64306575,1.0534434
2005-07-08,78.49149363528576,2.2174187,1.4079584,0.7239799,2.0008125,1.5313617,1.5215912,0.5232855,1.8306338,0.9607461,0.6770328
2005-07-11,78.73589938300297,-0.5454893,0.6539164,-0.3435231,0.8742613,0.80174726,0.90616715,1.4091002,0.55382526,1.6429747,-0.072641894
2005-07-12,78.94603455964656,1.1704834,0.6759328,0.056267336,1.4115673,0.44427457,0.18227431,-0.15597408,-0.25989366,-0.41270894,0.7453213
2005-07-13,78.92766336593724,1.5426644,0.51965064,0.01447823,0.18141578,0.84469694,-0.22545126,0.0051092757,-0.37887034,0.00076098583,1.0092444
2005-07-14,79.15880548482966,1.0031548,-0.1330773,3.0549614,1.3472707,0.4351568,0.64743733,0.165647,0.5216177,0.7272461,-0.03758376
2005-07-15,79.39656512591327,-0.18014973,-0.19254163,0.88499844,-0.8515541,-0.13933972,0.8894375,-0.07566934,0.22359239,-0.22079806,-0.655823
2005-07-18,79.66945033616969,-0.8007797,-0.761571,-0.21243478,-1.130409,-0.8904073,-0.048391297,0.30885002,-0.78718233,-0.50650924,-0.31735545
2005-07-19,79.83370734929746,2.0612066,1.4995155,1.9709834,2.6965795,0.1492876,0.99263775,0.24283653,0.8818436,1.3786125,0.741292
2005-07-20,79.42139432789503,0.89371073,-0.1908788,0.39593908,0.08830243,0.43622357,-2.3489437,0.44505313,0.30560952,2.0253742,0.09890954
2005-07-21,79.47592305722048,-0.36096364,-1.7115937,-0.54756135,1.0577431,-1.8820242,-0.7249449,-1.0424551,3.9201906,-0.6926552,-0.05927073
2005-07-22,79.74672132095941,-0.0881925,-0.7738151,0.7174792,-3.4324133,0.3864765,-0.47572806,-0.2525493,0.27144423,0.2347174,0.29220128
2005-07-25,79.53051182996737,-0.4070298,-1.4991354,-0.36390242,0.00045632874,-0.14062914,-0.3796409,-0.31758094,-0.1257309,-0.45471016,-0.45032454
2005-07-26,79.59860289705911,-0.22494757,0.6102853,-0.3528313,-0.7245421,-0.08227672,0.83062565,2.6148226,0.21630852,0.14498089,-0.0016245676
2005-07-27,79.58003662082508,-0.41956472,0.32652017,0.29500756,0.7705374,0.20946948,0.4241185,-0.83138436,0.6810514,-0.54610884,-0.060578372
2005-07-28,79.81722810313241,-0.2139913,0.3243927,-0.3636911,0.09061894,-0.02424675,0.6391086,-0.16124398,-0.59256124,0.41617146,0.36475164
2005-07-29,81.30648116534583,-0.52565724,-0.5062513,-1.5265797,-0.68138045,-1.7424785,-0.31249374,0.017816544,-0.5055352,0.50307804,-1.116319
2005-08-01,81.56558622270428,-0.16894871,0.29547215,-0.013865496,1.3596443,-0.3845737,0.024063693,0.14294568,-0.74758327,-0.8160495,-0.5535236
2005-08-02,81.94674559741658,-0.27315024,0.659841,0.39794907,3.8995123,0.2753598,0.9733964,1.1312333,0.7458558,0.9226216,-1.8916095
2005-08-03,82.06411572413187,0.7288658,0.10803909,-0.099858634,1.8572779,-1.2930427,0.3973683,-0.30667612,0.25294328,-0.6032931,-1.2717882
2005-08-04,82.22181446080658,-1.2179589,-0.3786262,-0.7544525,0.25457105,-0.5737692,-1.1634303,-0.99351656,-0.5960063,-1.493119,-2.473562
2005-08-05,82.27766837949937,0.14325012,-0.44196123,0.20443127,1.8226612,-0.20796247,-0.39931053,-0.9954386,-0.6403182,-0.40465719,-0.04572463
2005-08-08,82.36066207913355,0.096878804,-0.19767132,-0.549471,-2.7300165,-0.024085797,-0.03806383,0.28920773,-0.059417646,-0.78115636,-0.9818923
2005-08-09,82.26541839797551,0.027083002,1.0549767,1.2739375,0.89887035,0.34259713,0.46669653,1.4703484,-0.68538815,0.3716043,-0.5713921
2005-08-10,82.22709721731172,-1.8574946,-4.3061113,-0.6617833,-1.767936,-0.14626634,0.043172266,-0.030440878,0.4736397,-1.2888914,-1.6722023
2005-08-11,82.3549250275096,0.61431384,-0.66453207,0.60314757,1.3348906,0.03653647,-0.037552387,0.23021477,1.5431464,1.1280015,1.54245
2005-08-12,82.62668980505782,-0.6841557,-0.90402293,2.2901595,-0.9932421,-0.5138628,-0.95573986,-1.5064191,0.28383645,-1.2580365,0.13164784
2005-08-15,82.30750426583094,0.22816214,-0.34447044,1.6194046,0.6461899,-0.14665881,0.53372747,0.5800761,0.73370874,0.6920027,-0.17555171
2005-08-16,82.14486383526358,-1.5460687,-0.31233743,-1.7229992,-1.7380929,-0.023973096,-1.0076795,-0.5450277,-1.6507698,-1.5866728,-1.6785488
2005-08-17,82.19083088850428,-0.13453513,0.65831035,0.8682812,0.8691684,-0.4535105,0.27026945,0.40719172,-0.28052452,3.1803386,1.2403556
2005-08-18,82.44605176088788,-0.31256622,-0.6453049,-1.0831363,-0.61107796,-1.0143268,-0.3539091,-1.0987366,-0.3590327,-0.4002966,-0.7026133
2005-08-19,82.18824305918119,1.7581507,0.49098444,-0.66763973,-0.48215508,-0.20976038,-0.39931616,-0.65170544,0.2504369,0.055938944,-1.1752037
2005-08-22,82.0151188431868,-0.3209082,-0.47798753,-0.09058597,0.7827018,0.039358757,0.9407965,1.1904477,0.3247381,0.9565063,-0.15259118
2005-08-23,82.08903222719566,-0.8016202,0.19026837,-0.2839631,-0.21926288,-0.022951229,-0.626552,0.017021148,-0.44655013,-0.48482832,1.7183641
2005-08-24,82.05013365703539,-0.97187847,-0.8505738,-0.10183543,-0.3067147,-1.0226337,-0.31732965,0.21931781,-0.8672309,-1.2175593,1.8878368
2005-08-25,81.82770270649618,-0.39530572,-0.17941429,0.19342646,0.90945464,0.040672515,-0.06475196,0.1558349,0.46100557,-0.18791066,-1.1235812
2005-08-26,81.84794246207062,-0.99333996,-0.3158427,-0.49979657,-0.30501112,-0.5251573,-0.022625579,-0.46450958,-0.38544208,-0.18806565,-0.32479903
2005-08-29,82.02559982747641,1.0091655,0.7682944,-0.022153126,0.73198277,1.0429059,0.7600536,0.6356701,0.04364872,0.39323336,-0.68888867
2005-08-30,81.94205813100602,-1.0865324,-0.48241317,0.6878889,0.0837189,-0.39667484,-0.2535805,-0.5864512,-0.25561807,-0.15698193,-0.58479035
2005-08-31,82.49912341418555,-0.038935635,0.32762808,0.22058341,0.81208485,-0.3362423,0.39964518,0.72641826,-0.3083209,0.5712394,-0.37080523
2005-09-01,82.50734534601311,-1.4342395,0.05711254,-0.8400616,-0.8170525,1.8984934,-0.89312416,0.061083324,0.2654939,-1.9050392,-0.65502757
2005-09-02,82.7993958372051,-0.23165168,0.19109395,-0.18080914,-0.8226031,0.40310058,0.12585793,-0.46113464,-0.1644264,-0.19004071,-0.61500466
2005-09-06,82.96203741931087,1.7392796,1.5422412,2.6874542,-0.13224065,0.94396186,0.97499746,0.9622912,0.6489783,0.15310642,1.3488446
2005-09-07,83.29044014708239,-0.18242796,0.60499036,-0.26351017,-0.6980589,-0.99548507,-0.0016717453,0.13469999,-0.048387777,-0.6285953,-0.5427829
2005-09-08,83.5529413336595,-0.34940186,-0.14043856,1.0234499,-1.0973306,-0.33095238,0.98299885,0.6130984,1.3264667,0.40463978,0.70547557
2005-09-09,83.69584741732484,0.62580377,0.6311974,1.4339174,-0.17802027,-0.6393787,-1.6910101,-0.076953985,1.2028433,0.5238055,-0.86290354
2005-09-12,83.91601525411414,-0.087602615,-0.3639311,-0.04469569,0.08648792,1.197161,-0.47874412,-1.0113406,-0.4289349,-0.68635815,-0.30557865
2005-09-13,84.13742677923497,-1.0028536,-0.78702563,-0.72280115,-0.61983734,0.81841195,-0.11343693,1.2152805,0.2527559,0.86255354,-1.1361097
2005-09-14,83.96267391705028,-0.45795634,-1.3925395,-1.3835738,-0.80041695,-1.2963306,-0.8177581,-0.077028036,-1.0669354,-0.89991474,0.610665
2005-09-15,84.03968226290846,-0.69980294,0.58549356,0.13521087,-0.22411261,-0.5147302,0.21490313,-1.4005859,0.10947978,0.49141908,-0.83008057
2005-09-16,84.85955374768342,0.2499035,1.2274871,1.2337344,-0.94175255,-0.8274486,0.6534068,-0.46162176,1.18738,-0.4063879,5.118166
2005-09-19,85.44310387724686,-1.221924,-0.8546695,1.283801,-0.3612072,0.15902914,-0.20394346,-0.10927734,-0.8490878,-1.5128001,-1.643684
2005-09-20,85.42350663467897,-1.0257565,-0.7004316,0.40053192,-0.76958305,0.58833987,-0.3604921,-0.17119765,0.7444961,-1.3538059,-2.253458
2005-09-21,85.66755292165332,-1.5425805,-0.44099283,-1.1906602,-1.6443448,-0.76575404,0.125507,-0.8595653,0.257516,-0.9514355,0.079739965
2005-09-22,85.77377741847678,0.66973805,0.81561947,-0.3425508,-0.7378047,1.3208662,0.2139535,0.7801495,0.20768152,0.16705815,-0.17604043
2005-09-23,85.94131745425591,-0.3945659,-0.24011087,1.1372303,-0.3702872,-6.864362,-0.31862146,1.7180997,0.77767587,0.034466516,0.22657612
2005-09-26,86.220139560592,-0.8675539,-0.4721481,0.47952956,-0.0461594,-0.41998553,-0.27702728,-0.25836936,-0.531654,-0.3281642,-0.049494546
2005-09-27,86.29096438138936,0.5846395,-0.709353,-0.5174887,0.27791637,-0.5545887,-0.80143785,-1.357772,-0.17063865,-0.72879976,0.32748282
2005-09-28,86.33658173509072,1.7142016,0.6234339,-2.4531705,1.4696203,-1.0282078,0.35368416,-0.18693656,0.07498984,0.0361629,1.0844852
2005-09-29,86.57626470449429,0.90234387,-0.24199486,1.1152577,1.1792853,0.7830009,1.2703589,0.45993346,0.44521898,0.49985886,1.2979751
2005-09-30,88.48077731635605,-0.30340305,0.15648751,1.0863329,-0.9955368,0.44203797,0.45589557,1.0328287,-0.38934648,0.10043175,-0.016707014
2005-10-03,88.6981947835989,0.14053972,-0.64076424,0.6475307,-1.0943925,-0.22403814,-0.03143804,-0.094730996,0.23510031,-0.03187113,1.2820424
2005-10-04,89.28968642246056,-0.5432346,-0.27638128,-0.7801063,-2.4476798,-1.0280747,-0.14315678,-2.9734106,0.529359,-0.29591036,-1.4962442
2005-10-05,89.41338446590524,-0.4844996,-0.6147774,-1.0562395,-1.501228,-0.5638282,-0.885607,-1.067207,-0.6374337,-0.96453553,-1.5253263
2005-10-06,89.4864564052713,-0.28021312,0.73133093,-1.1806848,0.23648031,-1.044463,-0.62733704,-1.4887599,-1.2734096,-0.06430204,-0.89265156
2005-10-07,89.77532247535396,0.8261352,-0.37690392,-0.52608615,-0.7071764,-0.43476096,0.21566494,0.10268469,-0.38235533,0.6028776,0.23522045
2005-10-11,89.76481106443501,2.1361144,-1.0664454,1.0780599,-0.28462145,0.3867574,0.0783178,-1.2561665,-0.37334862,-0.1644009,-1.2301317
2005-10-12,89.87224280399066,-1.299331,0.77891964,-2.4808912,-0.57188714,-0.6389768,-0.3419616,1.1945789,-1.4532546,0.2998106,-0.82520926
2005-10-13,89.98813308050134,-0.123579495,-0.4851083,4.27801,1.3334434,0.45512316,-0.015652698,1.2645013,-0.91349685,1.2401834,-0.17484738
2005-10-14,90.03463102202369,0.040180642,-0.1446324,0.11102623,0.33135962,1.460865,0.14850783,-1.6857074,0.17378283,-0.1947873,3.1648042
2005-10-17,90.03892906459548,0.14480336,-0.3856292,-0.65979904,-0.7083019,0.37483323,0.6147138,-0.34030688,0.20912501,0.031128401,0.69407874
2005-10-18,90.1123783836152,0.8961728,-0.70048237,-1.309422,0.14298664,-0.15851843,0.6783873,-0.013493297,0.2071566,-0.5510302,-0.25478783
2005-10-19,90.03910952066734,0.65691805,0.7200936,2.4432397,2.389129,-1.298822,0.009156902,0.3978046,1.7717986,-0.52195024,0.9715966
2005-10-20,89.74984157518165,-1.2858669,-0.9789093,0.9604959,-1.4465529,-0.43026173,-0.08280219,-0.5793328,-0.9069824,-0.4262248,-1.1280051
2005-10-21,89.86759352735606,0.049708303,0.30670887,-0.56735086,-0.09335906,0.7180423,-1.0163674,1.2114938,1.8258373,-0.3289415,1.2158011
2005-10-24,89.96395410023483,0.026290897,0.40823874,0.883285,1.4460777,3.585529,-0.039556578,0.60309637,0.689019,0.2974736,1.9441857
2005-10-25,90.0281204407635,-0.2621842,-0.18004842,-0.75084716,-0.3712371,0.8657671,0.101651505,-4.1584573,-0.7278068,0.35992074,-0.8635066
2005-10-26,90.40500419851519,-0.67922497,-0.11094063,0.6970084,0.32423007,-2.083516,-0.016501429,-0.6444681,-0.46841493,-0.9514323,1.4417255
2005-10-27,90.72835247367485,-0.8105075,-0.21487007,-1.5846697,-1.2541189,-1.468952,-0.46816292,-1.4140912,-2.234126,-0.8305734,-2.207538
2005-10-28,90.74446443734234,-1.1807976,0.26962438,-0.9946669,3.0857222,1.6084847,1.2338943,0.9172066,-2.5514235,-1.2835175,0.77278024
2005-10-31,92.18009603292684,0.40587208,1.0162616,2.6563988,0.7192882,-0.2873352,0.47213855,0.9375393,-1.7887204,-0.09809563,-0.30564857
2005-11-01,92.02273286902576,-0.4757363,0.060093455,-0.21022175,1.115596,0.23033491,-1.9305847,-0.06605171,-0.46369573,-1.239663,0.81466085
2005-11-02,92.08721791452567,-0.76082414,0.4628937,1.9577906,2.155313,-1.7229038,1.781654,1.8667359,1.0426229,1.1461241,-0.06749225
2005-11-03,92.31926084871279,1.9848056,-0.44398615,1.4291394,-0.13373603,-1.9571359,1.4623088,1.9319891,4.3555646,1.5853397,-0.5406403
2005-11-04,92.26033668842142,0.015435374,1.1592422,-0.70128673,0.90926486,2.6220896,0.30409652,0.16782825,0.798024,-0.230922,-0.6162369
2005-11-07,92.21865032048107,0.5678966,-0.1072899,-0.890479,1.4579619,-0.093202785,1.2226758,0.10031081,-0.29612654,0.79246527,-0.12112961
2005-11-08,92.37738848420715,-0.43456995,-0.008120311,-0.40643197,0.12419631,-0.028154455,0.18747891,0.06662638,0.63716245,1.0997287,-0.6001293
2005-11-09,92.38880424819388,-0.49353456,-0.40550426,0.043369394,-0.43055177,-0.8123129,0.62843776,0.13239038,-0.824165,1.2625295,0.10067065
2005-11-10,92.89897694443636,1.187446,-2.066996,0.7488803,0.5067743,1.1434071,1.0341793,0.54188,1.0229248,-0.06687253,0.2275692
2005-11-14,92.81278907647666,-0.35073888,-0.4471899,-0.2044623,0.33252585,-0.029462308,0.5939552,1.1802942,0.014321659,-0.22301273,0.022956507
2005-11-15,93.01861042849961,1.1859808,-0.3131667,0.5376688,0.83451235,-1.0591913,-0.5504568,-0.73559046,-0.7852726,-0.56975263,-0.5202461
2005-11-16,92.95399107821845,0.99102247,-0.21178764,1.9623435,0.95247614,-1.26766,-0.29459855,0.06477703,-0.09922562,-0.0034748039,0.61782175
2005-11-17,93.06095824296507,0.25215247,0.4699105,-0.46239322,0.9022897,0.6908408,0.5116031,0.471427,0.55222535,-1.470266,0.6953041
2005-11-18,93.4314350721274,0.8309142,-1.2388288,-0.10026733,0.3629211,-0.028757479,0.4863347,-0.06664734,0.34144703,-0.42209178,-0.725781
2005-11-21,93.49236805893116,-0.6602972,0.097354025,0.17624238,0.32070303,-1.2713511,-0.03219861,-0.19669019,0.057926986,0.4514531,-0.49733165
2005-11-22,93.36192031172352,0.6308096,0.7133864,1.0502269,-1.0693884,-0.4239447,2.0046453,1.1392586,-0.27923927,0.31855798,0.038388867
2005-11-23,93.34455181906416,0.7434663,0.5017039,0.30852076,-0.0052132546,1.5442353,1.0663058,-0.62584436,-0.02069154,1.1960922,0.5151962
2005-11-28,93.55631188330744,0.19913954,-0.27590886,0.097993314,-0.08761824,-0.55000716,0.17705518,-0.32481858,-0.26749778,-0.7136165,-1.438226
2005-11-29,93.85733576762593,-0.14542423,0.060173266,-1.2556856,-0.3352938,1.1377515,-0.08720627,-0.29385152,-0.67471063,0.08717174,-1.6664132
2005-11-30,95.62216024464513,-0.34885025,0.06022487,-0.3326902,-0.046133984,-0.9314948,-0.12976196,0.93385476,-0.18933994,-0.25231314,0.19256096
2005-12-01,95.60258087215117,0.19813073,0.45869264,2.5412343,0.8099356,1.5708734,1.085044,2.0788848,0.037102398,1.5156093,2.0826268
2005-12-02,96.08925734846954,-0.734869,-0.20546064,0.5722218,0.43871984,-0.73027015,0.5720955,0.33017632,-0.563836,0.46904787,1.6923174
2005-12-05,96.10373634143866,-0.37111223,-0.5059786,-0.68048877,-0.69283456,-1.705655,-0.98865306,-1.458173,-0.8229286,-0.9659723,0.28281465
2005-12-06,96.43867173939852,0.62835366,0.1603136,1.3703915,-0.69517004,-0.029759841,-0.39409128,0.05733859,0.17873843,1.1246984,2.6736794
2005-12-07,96.2484456214308,-0.5844826,0.6882138,-0.19579275,0.19813778,-0.15978809,-0.9984788,0.35238716,0.18855883,0.019836035,-1.0336306
2005-12-08,96.4100138870868,-1.4541632,-0.50179094,-0.043135326,-0.2899592,-0.5511864,-0.87155616,-1.5299327,-1.0219114,-0.8687596,-0.7483516
2005-12-09,96.40269247338794,-0.7133556,-0.33874178,0.035921626,0.035354096,0.2965776,0.8724122,1.09886,0.16895577,0.11047524,-1.0701667
2005-12-12,97.03048379536132,-1.246114,-0.13934761,0.25119013,-1.1036109,2.0833216,1.1881764,0.24315166,0.75125027,0.81573313,-0.76081544
2005-12-13,97.09366817920953,-2.6591163,-0.10615879,-0.08326939,-1.3609084,-0.15817998,0.27691168,-0.16128574,0.6136611,0.1644727,-1.4160584
2005-12-14,96.92957978357582,-0.7960622,0.5907915,-2.1063578,-0.21166103,-0.22152346,-0.11066914,0.24184725,0.32630417,-0.71252716,-0.22529641
2005-12-15,96.33533953240496,0.3236705,0.19108473,-0.013666021,-0.7557617,0.032127447,-0.028901912,-0.72001743,-0.65863234,-0.009796678,0.51076365
2005-12-16,96.59179546131953,-0.31671172,-0.83455706,-0.8611298,-0.1296404,-0.9866688,-0.33791,-0.41295773,-1.0067717,-0.3631837,6.085767
2005-12-19,96.81479816809939,-0.83350426,-0.20648113,0.056427035,-0.33871922,-2.4983604,-1.1791509,-1.7315396,-1.5730388,-1.5938232,-0.7600836
2005-12-20,97.0095009674912,-0.45650452,-0.57646984,0.3686891,0.07948953,-0.35889658,0.13620445,-0.3778993,0.3592579,-0.4935225,-0.7807986
2005-12-21,96.76066319566293,0.6024768,-0.3779575,0.8057998,-0.59137166,-0.7591587,0.22051859,0.30671853,-0.22661324,-0.558021,-1.1668624
2005-12-22,96.63111697621076,-0.019344836,0.23125306,0.21623859,-0.63682127,0.83409107,0.26213783,0.97641397,0.35621428,0.4535376,-0.19116719
2005-12-23,96.98314026711198,0.16320498,0.16262129,-0.5737119,0.16492656,0.03675946,0.07292254,0.26512423,-0.109677106,0.114952646,-0.73262125
2005-12-27,96.99409446635133,-0.69442064,-0.37686992,0.45433804,-0.8067575,-0.029135177,-1.006464,-1.041785,-0.986459,-0.73935056,-0.46357888
2005-12-28,97.17461506242094,-0.07646494,0.09564598,-0.5652609,-0.3428808,-0.55609,0.030020336,0.5566668,-0.09782857,-0.03660352,-0.30328462
2005-12-29,97.40392918145771,-0.86984885,-0.20821187,-1.5558647,-0.55582696,-0.029037252,-0.72457504,-0.548329,-0.2393411,-0.5599259,-0.10998656
2005-12-30,98.36393377821497,-0.36411762,-0.4451267,0.17013192,-0.5544066,-0.62256676,-0.16727056,-0.6188981,-0.6546866,-0.46973428,-0.1253132
2006-01-03,98.6696929152446,-0.29495415,1.0701363,1.7641816,2.8409154,2.4408262,1.3843969,1.8021147,0.975467,1.1011835,2.2578084
2006-01-04,99.20104496723913,-0.26020804,1.2757272,0.014598397,0.48769403,0.032370683,0.7891327,0.40058878,1.53129,0.3863835,-0.34221476
2006-01-05,99.19380158828302,0.5009466,1.5635709,-0.50973594,0.036262583,0.98160195,0.821157,0.8575107,-0.3579752,0.5314051,-0.7295161
2006-01-06,98.9424726936439,2.6420615,1.2746913,1.1066307,-0.37392774,1.957103,0.15414259,0.4033299,2.2746766,1.8641108,1.2387078
2006-01-09,99.32538259110433,-1.5035704,0.8502305,-0.28614038,-0.25053596,-1.5802785,0.40055698,-0.48003954,0.11790836,0.3318919,-1.1353381
2006-01-10,99.63393713310775,0.25085428,-0.31267273,2.8326607,0.52623385,-1.7332565,-0.6523185,-0.59163225,-0.31399873,0.6670733,0.16466422
2006-01-11,99.7660199678191,-0.020278713,1.2592521,1.6528565,1.1281043,-0.22263144,0.11234246,-0.13088189,1.4043603,2.270177,0.9024902
2006-01-12,100.05324435463667,-0.8093087,-0.6378217,0.096331626,-0.6493973,-0.6059287,-0.28387666,-0.738858,0.100711785,0.35845736,0.036855668
2006-01-13,99.88644127053828,-0.5867526,-0.8886683,0.61064297,0.15661609,-0.15946424,-0.3071522,-0.60463566,-0.48662362,-1.9182167,-1.1520302
2006-01-17,100.01416486083082,-0.3262407,-0.77694535,-0.62487257,-0.8547054,-0.54527414,-0.50109166,-1.3352724,-0.6592967,-1.185245,0.71643
2006-01-18,99.6891621316888,0.7752691,0.11626096,-1.4086032,-0.69904,-0.7434163,-6.531157,-0.29655486,-0.5044615,-0.15413933,0.2444365
2006-01-19,99.40802891440283,-0.9389666,0.8519381,-2.1917596,0.73193514,1.0690967,-0.41200677,0.57826287,0.8695311,0.6031689,0.887278
2006-01-20,99.99383553353982,-2.1231403,-1.6109622,-1.9594773,-2.5489302,-1.5822289,-1.5040033,-1.4386768,-1.9409162,-2.7195206,-3.2236578
2006-01-23,99.71392830812663,-0.0746224,-1.1439496,0.8642821,-0.29540917,-0.029963695,-0.9626767,-0.0030211576,-0.1525256,-0.36114246,-1.179277
2006-01-24,99.93828605169719,-0.7857553,0.50078696,-1.149147,-0.3371821,-0.7501246,-0.10775386,-1.762485,1.1316817,-0.097732514,1.8677111
2006-01-25,100.24572201857144,-0.062469173,0.71373534,-1.3054224,0.45307198,1.9144412,-0.108552106,-1.4511076,-0.63330686,-0.12699738,-0.4440002
2006-01-26,100.86173627997437,-0.35426626,-0.0069868322,-1.3507094,0.3662063,-0.54348046,0.7818205,0.40139914,-0.19460547,2.0850716,-0.47424874
2006-01-27,100.96641521965009,0.21782954,0.57957023,-0.32565054,5.1220884,-0.28806317,0.5225428,0.10404925,0.4483937,-0.04131176,1.767543
2006-01-30,100.80835012729827,0.5757215,0.29896268,1.8119379,0.7744029,1.181684,0.019828333,-0.38205993,0.4740917,-0.5780141,-1.268195
2006-01-31,102.63850461042442,-0.5120801,-1.0174451,0.1968195,0.5270948,-0.34664816,-0.91664195,-1.5213739,-0.7525339,-1.617066,0.3773516
2006-02-01,102.88997247420944,0.60483783,-0.006388061,-0.18173194,-0.46275586,-0.03247877,0.80237085,0.89043295,-0.1397309,0.71035177,0.95136255
2006-02-02,103.19429641347072,-0.94756836,-0.6879312,-2.2583401,-1.4201974,-1.295502,-0.8188587,-0.087817945,-1.2364029,-1.4588854,-1.8193767
2006-02-03,103.57802738741911,-1.5961679,-0.7259018,-0.2889377,-0.58232623,-1.2468009,-0.86400497,0.35144517,-0.98405486,-0.6273043,-0.4649298
2006-02-06,103.54881465928233,-0.6717153,-1.0542128,-3.2193313,-1.4792958,0.16221201,-0.2726714,0.8663923,-0.2736975,1.0740128,0.29028898
2006-02-07,103.66978014762086,0.26885816,0.79060346,0.08569478,-0.94523317,0.67145145,0.2250863,0.067028284,-0.32976103,1.1061417,-0.56750387
2006-02-08,103.16095147552512,1.2137648,3.9662573,0.7159569,-0.16329312,1.1699001,0.06809279,0.10096025,1.2555854,1.5793197,-0.87147796
2006-02-09,103.4338916405361,-0.5964152,0.4036216,-2.8572867,-1.0357637,0.65304136,0.9255925,0.4906969,-0.9936726,-0.15224256,-1.2139648
2006-02-10,103.9950621472673,0.9457417,0.5732339,1.5600661,0.07429393,-0.09517007,0.8096995,-0.30778697,0.44072863,-0.42812708,0.68029827
2006-02-13,103.56836148144264,-1.1622518,-0.6479191,-1.9879034,-1.2433622,-1.3453856,-0.3406818,-0.80587286,-0.88842005,-0.3748033,-0.94098794
2006-02-14,103.25640156009861,0.62374765,0.40042812,1.9730672,0.99846303,-0.6654015,0.6797405,0.06740561,1.6896883,1.0893178,-0.2754078
2006-02-15,103.68848384701445,-0.4086818,0.6551871,0.9669042,1.2241675,-0.03179105,0.016943218,0.03265291,-0.3864445,0.44569397,-0.92072004
2006-02-16,103.78281410923682,-0.061401255,0.07764257,0.7880819,-0.3205039,0.094554536,0.067601435,1.8327978,0.70316696,-1.4641322,1.2371001
2006-02-17,104.03346797263076,-0.3624705,-0.38072327,-0.3119349,-0.4783438,-0.3479197,-1.8416142,-0.5190328,0.11417399,-0.7651074,-1.3701658
2006-02-21,104.14810401421505,-0.3744814,-0.8470084,-0.9431464,-0.678028,-0.47550517,0.09355272,-1.4741664,-1.5708692,-1.3141991,0.27683926
2006-02-22,104.31191715049167,0.8517489,0.22489336,1.3794489,0.66711897,0.7887075,-1.1802535,0.55992955,0.8922423,-0.26899928,0.8150116
2006-02-23,104.13207236440059,-1.4629804,0.108137585,0.15922718,-0.28142577,-0.59955645,0.441994,-2.0725963,-1.0205911,-0.5873252,-0.16756031
2006-02-24,104.14744856956362,-0.24749118,0.33820367,-0.31525442,-0.16309498,0.28344217,0.25368267,-0.38812193,0.17366059,-0.8553486,-0.83064526
2006-02-27,104.41892815934516,0.4860589,0.3069807,-0.43484217,1.6010612,-0.09510824,0.49053606,-0.14140566,1.1273828,-1.2835928,1.0905982
2006-02-28,105.88928644730196,-0.58111274,0.72560334,-1.7986445,-0.73493516,-0.34426105,0.27608317,0.30040506,-1.3706372,-0.3363738,-1.1295135
2006-03-01,105.98044638308123,-0.52495563,2.2155113,0.29120797,0.9900307,2.3018596,0.58759296,3.8831737,0.82008684,1.4712162,0.54794365
2006-03-02,106.13819488256321,-0.0830029,-0.5222946,0.22031437,-0.6924113,-0.15524927,-0.7449856,0.20616189,-0.31827924,0.3967338,-0.5200719
2006-03-03,106.45076997714844,-0.10625001,0.39622074,-1.4054631,-0.1963227,-0.1551022,-0.3841545,-0.16885453,-0.31894675,-1.263849,0.17515856
2006-03-06,106.60742685950179,-0.08291937,-0.008858223,-1.6888622,-0.11993986,-0.2154571,0.012240429,-0.0060328706,-0.52300996,-0.2737767,-1.0986992
2006-03-07,106.44091874896019,0.2069039,-0.52184975,0.46433145,0.52816284,0.5680548,-0.5763566,-1.8423963,0.55392504,-0.78142405,-0.6601934
2006-03-08,106.4439982577927,0.849266,-0.062921464,-0.5817727,0.67611307,-0.2147507,-0.06922957,0.06334867,1.6309856,-1.4616435,-0.67945796
2006-03-09,106.33583947042052,-0.2670744,-1.1874638,-1.3678328,-0.9929805,-0.21507971,-0.6403567,-0.9515581,-1.5912228,-0.65246356,-0.69963026
2006-03-10,106.40140884962294,0.49937874,1.0068604,-0.6654218,0.60230106,0.26562226,0.33812746,-0.15660483,-0.21206002,0.18193848,-0.53383017
2006-03-13,106.45436997451553,0.27986082,0.07283061,1.6783562,-0.27111194,-0.09469955,-0.26178986,0.13370058,0.11446845,0.3338354,-0.28760695
2006-03-14,106.38813000523753,0.94210494,1.0127279,1.0269557,0.41096595,0.26403046,0.14753857,0.48807216,0.97473794,1.2050042,0.22184545
2006-03-15,106.24041576048786,0.42981127,0.4683064,-0.8843698,0.447365,1.5592667,0.50101054,0.029946936,0.46627334,0.5281973,-0.67426276
2006-03-16,106.71646443679563,-0.6990407,-0.53900445,-1.4915712,-0.38149318,1.4053423,-0.671012,-2.0079787,-0.045593023,-2.729876,-1.988207
2006-03-17,106.30659459074774,0.35166767,0.94159603,0.13033082,0.82162017,0.47611955,-0.23740868,-0.0013342992,0.7997131,-0.7523187,-0.09952437
2006-03-20,106.42029875617503,0.18245557,0.12104055,-0.6081918,1.4054044,0.584254,0.286024,-0.1933185,-0.5678659,-0.09663333,0.7245755
2006-03-21,106.53199091214171,0.12590684,-0.7447892,-1.7372675,-0.5978879,-0.6596551,0.5037114,-0.018784968,-0.83678216,-0.033859126,-0.494612
2006-03-22,106.81067807905869,0.5770326,-0.009266653,-0.22791414,-2.2462072,1.9714695,0.60795087,-0.31625405,0.05657634,0.4025481,0.24596152
2006-03-23,106.64502017070974,-1.5144572,-0.06212722,-1.2766706,-1.1840963,-1.1498945,-0.6961758,0.69490397,-0.27994215,-0.31447965,-0.63580173
2006-03-24,106.51987627456904,0.049152456,-0.1680653,-0.27773994,0.5669997,-0.15069418,-0.20921467,0.6838999,-0.34217143,0.9539918,0.0733649
2006-03-27,106.66180581354018,-0.44181794,0.83125293,-0.47324327,-0.043611635,0.18463697,0.47670805,0.57234305,0.26152188,-0.37265262,-1.2916849
2006-03-28,107.03665933598613,-0.8577734,-0.9806954,-0.75109714,-0.46053752,-1.4974672,-0.40122944,-0.6128928,-0.46404013,-1.4651619,-0.61266476
2006-03-29,107.14697071150897,0.65521276,0.59609425,2.6560993,0.41085774,0.6376457,0.72189146,1.6688342,1.2688419,0.4674072,0.5112025
2006-03-30,107.4944651747788,-0.0508939,1.000493,0.18932019,0.7437056,0.24033152,-0.26266122,1.6930945,0.023128819,0.46126866,-1.2052976
2006-03-31,108.69737561743945,-0.9413417,-0.8065119,-0.14317001,-0.11653469,-0.59239495,-0.5959654,-1.0526738,-0.34457123,-0.9010197,-0.75842375
2006-04-03,108.73058304425602,0.5297078,-0.24238433,-0.17257372,1.2377427,0.45930108,-0.24140193,-0.36473852,0.4591668,0.80077136,1.0304801
2006-04-04,109.28043606965804,0.30383274,-0.112486996,-1.2188189,0.24577895,0.18022154,-0.075881615,0.009650148,0.5109178,-0.21866316,0.62837714
2006-04-05,109.1995514638347,0.6637992,0.30202064,4.206166,0.31709522,0.50593376,0.5625891,1.3432939,-0.24211521,1.4180521,-0.5206269
2006-04-06,109.17479102110218,-0.5227832,-1.3675766,2.5553734,-0.6916749,-0.91314447,-0.21348679,0.5747304,-0.017984904,0.40938714,-0.0023243062
2006-04-07,109.60223176033855,-1.5994278,-1.020131,-1.0635313,-1.1644206,-0.36791047,-0.32672736,-0.95737463,0.08870539,-1.2610817,1.1412654
2006-04-10,109.68043027885129,-0.5523035,0.4470593,-0.86206216,0.10274523,0.3442481,0.3971261,-0.5686063,-0.47522908,-1.1629558,0.6605354
2006-04-11,109.98425520772871,-1.1855806,0.07196135,-0.57578284,-0.6228572,-0.03916395,-0.4952132,0.13670814,-0.29119414,-0.65241057,-0.5060005
2006-04-12,109.9274730899742,-0.5928,-0.06091031,-0.9904101,0.21195173,-0.42095566,-0.049533814,-0.10417759,-0.5185543,-0.37629923,-0.64537936
2006-04-13,110.09994346944126,1.2616144,0.38894174,-0.28502935,-0.514719,-0.64160883,0.98181486,-0.37785837,0.39561856,2.0174243,-0.38776585
2006-04-17,110.17912824326403,-0.5088338,-0.88376975,-1.2765468,-0.8826032,0.23559877,-0.6602989,-0.07216164,-0.5569921,-1.4951622,-0.08201622
2006-04-18,110.55615331938385,1.7305412,1.571939,0.8623718,1.3355209,1.3122033,0.618823,2.0163784,0.8804285,1.3921744,0.52361715
2006-04-19,110.60911723558885,-1.7371614,-0.5816716,-0.5142484,-0.7283233,1.5481149,0.5307785,0.62129384,0.34689444,0.47038212,0.15703876
2006-04-20,111.10111292392286,0.052313946,-0.6387227,1.2328594,-0.042124055,-0.93260396,-0.240691,1.6006912,-0.74055004,0.6393972,-0.008451643
2006-04-21,110.77084842713357,-0.5300001,-0.968397,-0.51917213,0.39073345,0.5912807,-1.0249679,-0.3996806,-0.543361,-1.637101,-0.5016294
2006-04-24,110.944824778896,0.37687737,-1.0932099,-1.0046226,-0.18601425,0.9464226,-0.36200258,-0.5371609,0.7768361,-0.6089562,-0.5632194
2006-04-25,110.63222537940888,0.4965043,0.45791155,0.17067273,-0.042288575,0.78129596,0.7391356,0.6456107,-0.8801756,-0.18682496,0.517649
2006-04-26,111.19783665292485,0.6233006,0.667671,1.2218286,-0.07792179,0.2625163,1.0056744,-1.0925394,-0.5162901,0.056073852,0.55186963
2006-04-27,111.65379620503653,0.45315185,0.6314705,0.67965716,0.49164328,0.95992434,1.6598874,0.44050038,0.81984884,1.1897433,1.6999335
2006-04-28,113.00778267903851,-1.8108822,-0.112087384,0.5463777,-11.515342,-1.7853432,-0.20676345,-0.72284496,-0.7726174,-1.2549683,-0.52116674
2006-05-01,113.55060183804147,-0.24617809,-0.0065861316,-0.62534225,0.5040332,-0.1422006,-1.26735,-0.5773697,-0.7807966,-1.0946909,-1.6371073
2006-05-02,114.05659459739789,0.0846828,1.0835314,1.165776,-1.127526,-0.8450363,0.3328278,-0.057750378,0.29873705,0.11848322,0.09113536
2006-05-03,114.15256141353248,0.1828985,0.22359002,-0.41890413,-3.3741176,-0.6486746,-0.8525525,0.5678997,0.56641126,1.0185237,-5.0947437
2006-05-04,114.44016532373288,-0.4201798,0.9043727,-0.12351444,1.0393339,-0.24378452,0.55834496,-0.3927383,0.46203023,1.3438396,-1.3364624
2006-05-05,114.91663206492194,0.8031704,-0.30866137,0.35783032,1.3713228,0.7136042,0.5256517,0.45828146,0.105494015,1.3326871,-0.38942483
2006-05-08,115.1134611171933,-0.22166622,-0.007067511,-0.116776034,-0.3128362,-1.1984295,1.673972,-0.71192884,-0.008891959,-0.49016908,-0.9536913
2006-05-09,115.04728022876856,0.24596006,-0.23394108,-0.654048,-0.47038645,-0.70279247,-0.50118256,-0.36473745,-0.027999308,-0.9523958,-0.8999754
2006-05-10,115.69670333778545,-0.48124647,-2.426309,-0.38663042,0.5399503,0.5675288,-0.80548227,-1.0672766,-1.1338962,-1.3165545,0.06364746
2006-05-11,115.83450989680307,-0.60251445,-1.9050095,-1.6870118,-2.1828175,-1.7721385,-0.54380006,-0.609162,-2.3307416,-0.33027193,-1.398212
2006-05-12,116.39644304340031,-0.19906244,0.7503608,-0.40979278,-0.2359328,0.2676269,-0.82938606,-0.3117366,-0.51774186,-0.15325099,-1.3529998
2006-05-15,116.62143984890442,0.42080575,0.5537462,-0.056889586,0.23405911,-0.1413598,0.8341894,-0.55308884,-0.469855,-1.107198,0.29146522
2006-05-16,116.27059267736317,-0.91834044,-0.9673164,-1.9948967,-0.5920537,1.025472,-0.6634661,0.006601113,-0.55545616,0.35678634,0.020832878
2006-05-17,116.40247627496161,-1.1017215,-0.112606764,0.07479011,-1.1519922,-1.8206649,-1.071144,-1.4046067,-1.4528255,-2.9213643,-2.036835
2006-05-18,116.7986886992092,-0.798647,0.2640449,-1.5496396,0.35646054,-0.5020605,0.028860556,-0.63559395,-0.6893876,-0.5690294,-1.9725238
2006-05-19,116.28918167403114,-0.54749554,1.5038133,0.8085034,-1.1223092,-0.45456994,-0.77646947,0.20807038,0.6636346,0.6019275,0.08675587
2006-05-22,115.69469590405998,-0.41556263,-0.74310774,-0.90284497,1.2509239,-0.8813299,-0.96728814,-0.6549624,-0.5712235,-0.5054188,-0.8866922
2006-05-23,115.73760972043567,-0.33744997,-0.64506006,-0.27812982,-0.4015862,-0.5158715,-0.11960287,-1.2048523,-1.4566475,-2.0659716,-1.8057529
2006-05-24,116.03211364906207,-0.17941362,0.2884815,0.017345067,2.7596018,1.5379807,-0.12036026,1.4075704,0.2582574,1.6531386,0.30082792
2006-05-25,115.04022374798318,0.28288093,0.047831073,0.5755016,0.89919007,1.4127469,0.5336111,-0.27285355,0.407752,-0.31856048,-0.40888435
2006-05-26,115.4171111096082,0.56057155,-0.5944618,-0.6601665,-0.118095286,-0.19344017,0.5580736,-0.19012329,-0.13601951,0.47897685,-0.46502343
2006-05-30,115.50302668767173,-0.78468174,-1.5048352,-1.7803171,-2.2764938,-0.24471827,-1.154607,-1.0337102,-1.5419704,-0.73184764,-1.3611245
2006-05-31,116.69257159354969,-0.4142808,-0.27979368,-1.17744,-2.0150943,0.9174721,0.6810102,0.1976812,0.43862307,0.5409972,0.36714596
2006-06-01,116.50711989538085,0.7613484,2.190547,1.6294339,0.63791883,-0.09045112,0.11660683,1.0974503,1.8806481,0.6896654,0.0061775115
2006-06-02,116.30863861592171,-1.4361233,-0.19144423,-0.48148888,-0.27963054,-0.44291964,0.61543536,0.256285,-0.15614013,-0.46929416,0.36118266
2006-06-05,116.24922667955606,-0.64460516,-1.5455481,-1.327327,-1.0857712,-1.5699351,-0.6773159,-1.5745302,-1.5206076,-1.4603937,0.70634776
2006-06-06,116.44893116326885,0.66948336,0.7568635,-0.32333466,-1.5449455,-0.29660007,-0.50771385,0.26361614,0.42747235,-0.41679776,0.5108518
2006-06-07,115.94026073302932,-0.8143204,-0.73975617,-0.98810565,-0.4127828,-1.5570955,-1.1531625,-1.2805734,-0.85295475,-0.5499408,-2.051058
2006-06-08,116.19427732496588,-2.5650308,-0.08654526,1.5213063,0.24850598,-0.14348292,-0.8063655,-0.07357849,-1.243153,0.6838202,-2.0177104
2006-06-09,115.61693401481736,0.57603633,0.18722391,-1.2443045,-0.83260334,-0.41024056,0.2137908,-1.8927469,-1.2483423,-0.547723,0.10776225
2006-06-12,115.39461995595255,-0.8351265,-1.3903965,-1.8344098,-0.9267898,-1.2765372,-0.88169396,-1.3705895,-2.7538772,-0.88110495,1.4639755
2006-06-13,115.53500738980009,-0.22880973,-0.3697269,0.910751,-0.8908754,-0.6357112,0.87388545,-0.01874145,0.67651665,-0.39230922,0.09844259
2006-06-14,114.31630425761524,0.7892233,0.6719549,-0.67370325,1.5518323,0.12907675,1.9285543,-0.23737074,1.5510259,0.8952864,-0.9489457
2006-06-15,114.46787346567822,0.86038816,1.6483958,1.2373909,0.76494455,2.661908,1.2205902,1.9524301,1.7539463,1.1650981,0.57641447
2006-06-16,114.68778801531177,-0.8289722,-0.6870391,-1.5090811,0.085413046,2.4542575,0.58646697,-0.9063725,-1.1597656,-1.8129259,0.13512051
2006-06-19,115.15049157144553,-0.44851756,-0.47224668,-0.39667565,1.8210542,0.41548008,-0.11649492,0.7070676,-0.74293274,-0.061655276,-0.8063888
2006-06-20,114.95885550553653,0.24766599,-0.28157386,0.09342633,0.00034031458,-0.29389372,-0.2050479,-0.24966735,0.4903875,0.36403096,1.2393912
2006-06-21,115.35753823169219,0.2343955,0.9021478,0.18486078,2.0582483,1.3101742,0.7877198,0.71565837,0.22447076,0.8740826,0.47653338
2006-06-22,115.68326228817762,-1.4099811,-1.0759183,1.1872858,-0.8385291,-1.0861241,-0.37792435,-1.2704717,-3.3869548,-0.7375777,1.4656944
2006-06-23,115.72405260146711,-0.22832265,-0.25427577,-0.68003905,-1.575396,2.7088997,-0.6766494,-0.5744047,-2.41905,-1.4705377,-0.5010157
2006-06-26,115.9288280605948,-0.06477344,-0.05975166,0.0045241313,1.250343,-1.2053446,0.8801355,1.0117363,0.63469636,0.20335731,-0.0050294027
2006-06-27,115.90044149435782,-0.73206943,-0.87358105,-1.3078102,0.11973052,-0.9261416,-0.6163442,-0.69343275,-1.8730313,-1.0260544,-1.5069433
2006-06-28,115.85667587022186,-0.20550191,0.19380629,-1.2216669,1.1524336,0.30365723,1.8284535,-1.317405,0.8903797,0.34029692,0.052637495
2006-06-29,115.8102047710033,1.0805868,1.4407856,2.166282,1.176781,0.69194984,1.909705,1.7903031,1.2284595,1.4808475,0.44614342
2006-06-30,117.01535675481266,-1.0167458,-1.0783595,-1.409214,-0.6946214,-1.303682,-0.83084315,0.43455547,-0.68234223,-0.9712442,-0.23337571
2006-07-05,117.5666393675504,-0.40912893,-1.1263998,-0.8443245,-1.3694721,-1.2430246,-1.6440262,-1.4508992,-1.7525061,-1.134693,-1.5436511
2006-07-06,118.14165624818395,0.24532633,0.05170862,-1.0745714,0.4527527,-0.42761156,0.33863434,-0.82101196,0.28555244,0.4607228,-0.6452984
2006-07-07,118.3730530786771,-2.0503848,-0.69570047,-0.40719327,-0.7196174,1.2505358,-0.766483,-0.66848207,-0.71174634,-1.0754391,-0.46710616
2006-07-10,118.15468444703696,0.17030707,-1.2154224,-0.43355474,0.7181147,-0.99772733,-1.0416391,-0.52879864,-0.36423764,-1.0609815,-0.4515406
2006-07-11,118.07352975372486,-0.35484898,-0.8355514,0.40225983,-1.5632529,-0.3307066,1.4681517,1.2076104,1.2815012,1.0716621,0.36584523
2006-07-12,118.70181887893169,-1.2824593,-1.2870189,-2.2887127,-1.8090773,-1.6433364,-2.2368405,-0.82851714,-1.8136325,-1.6277598,-1.9701812
2006-07-13,118.97060101586708,-1.5957767,-0.7440091,-0.7058615,-1.5230219,-0.6793027,-0.42079476,-1.7653292,-1.425071,-0.84264225,-1.0200874
2006-07-14,118.71645634300492,-0.92900157,-0.27089876,-1.4618245,0.07916297,0.8455268,0.53254163,0.7782305,-0.36050087,-0.23105197,-0.33002904
2006-07-17,118.98723182613485,0.036413807,0.05940814,1.3321079,0.7045896,0.54175663,-0.06305322,-0.77728593,0.15563565,0.043802477,-0.96007615
2006-07-18,118.91563917223704,0.5533272,-0.3014397,0.32721397,0.96956986,1.3461235,1.1439166,-0.57949704,1.0223564,0.009241667,0.03264965
2006-07-19,118.64158291279226,2.0258965,0.33026707,0.87021005,2.4800417,1.5528365,0.8651943,0.11365952,-0.99790007,1.1256189,1.2047943
2006-07-20,118.85356155950268,-0.8144762,-0.39149776,4.789111,-2.1275773,0.14194979,-4.087538,-0.355989,-1.3031589,-3.335942,-0.8929205
2006-07-21,118.55728296147504,-0.8566826,-1.3144913,0.04488711,3.8107336,-0.089239135,0.21086286,-2.090143,-2.0904083,-0.6303598,-0.8669427
2006-07-24,118.15827603749635,1.2166308,1.465966,0.38951108,0.44191274,-0.7424548,1.0678531,1.5449512,1.2324891,1.2220582,-0.684136
2006-07-25,117.96902976732449,-0.2392491,0.32956842,0.2492328,0.77146107,-0.324703,0.23838365,1.9918734,-1.6691418,-0.23457015,-0.4740471
2006-07-26,118.27074294092097,-0.19191514,-0.421308,1.2416023,0.50701344,0.3320084,-0.06495417,0.8487908,0.8994254,-0.23473527,-0.81061184
2006-07-27,118.19529333843963,0.25463971,-0.78985864,-0.4395986,-1.8763467,-0.7937197,-0.034768943,0.015703958,-0.7588733,0.082488015,-1.0002073
2006-07-28,118.55770920228922,0.82250255,1.1467395,1.3767749,1.3530283,0.84503603,2.1689916,-0.30762634,1.6875271,1.60151,2.121509
2006-07-31,120.3792259187718,0.39671168,-0.62656397,1.4328786,-0.7147924,-0.54566526,-0.47162867,0.6941823,-0.83857495,0.47935,1.4871039
2006-08-01,120.4793537105147,-1.5843413,-1.2428315,-0.6159143,-0.28871807,-1.1977092,-0.953825,-1.2044433,-1.2062253,-1.0732231,-0.46987167
2006-08-02,120.85664747963851,0.08950699,-0.029921664,0.5165021,1.0575935,0.28273082,-0.15568823,0.44865,-0.25936416,0.31425375,6.64277
2006-08-03,121.135104855819,-0.107476614,0.21432218,0.788581,-0.35398614,-0.27212405,-0.43143496,1.3772473,0.5964992,0.31090605,0.24659707
2006-08-04,120.95365151182529,-0.60699224,-1.0138944,-0.9259598,0.24273807,-0.7853783,0.5397737,-0.47774833,0.5310558,-0.8021597,-1.4716339
2006-08-07,120.813824048723,-0.57483053,0.49532887,-0.8125,-0.2850717,-0.08781163,-0.4619472,-0.16259973,-1.1039617,-0.4342708,-0.040804688
2006-08-08,120.79943080766394,0.00983914,-0.40019846,-1.7142032,0.38370505,0.74974924,0.17620532,0.31188187,-1.1684735,-0.6090793,0.10632427
2006-08-09,120.68167631421832,-0.048946943,7.176133,-0.91966915,0.31230855,0.60314494,0.17602739,0.43055767,-0.58511007,-0.54459715,-0.98117703
2006-08-10,120.98293016604384,0.29014778,-0.6282578,0.21375148,0.031224376,0.7300713,1.1063986,1.1927546,0.43969512,0.9763943,1.0739259
2006-08-11,120.72987243990327,-0.4235509,-0.08473801,-0.3991296,-0.14349972,-0.7246001,-0.9679897,-1.2898393,-0.9681805,-0.9891947,-0.72751236
2006-08-14,120.58147622038673,1.2766179,1.4572829,0.084604874,0.311436,1.271277,1.4332542,0.5794504,0.3114288,0.7007568,0.91722256
2006-08-15,120.61285841809747,0.34092805,1.4429008,1.5623446,0.5899707,1.8139185,0.8180803,1.8401351,2.5584626,1.0625678,2.1117733
2006-08-16,120.3130300145334,2.1610992,1.1261549,0.8784665,0.24034867,-0.8801438,1.4367757,1.1967207,3.1072223,-0.025910113,-0.095073506
2006-08-17,120.31954231271445,0.19341187,-0.66942996,-0.36402267,-0.038735736,1.0963988,-0.087636136,0.13448676,-0.931253,0.24183513,-0.1259826
2006-08-18,120.08716241163413,0.4702328,-0.0044874,0.09244999,3.687944,-0.52558094,-0.40328413,0.14966834,0.057181638,-0.22707786,-0.06460137
2006-08-21,119.90869864890665,-0.81127894,0.09830669,-0.99008983,1.0611167,-0.39672133,-0.37829918,-0.68472457,-0.39421302,-0.6323975,-1.5506208
2006-08-22,120.27703144075012,-0.48937064,0.80983573,0.5751594,-1.7023141,-0.7955735,0.3149319,-0.43106654,0.44095305,-0.16089374,-0.793345
2006-08-23,120.22806828331511,-0.43468255,-0.5122931,-0.31373078,0.12917103,-0.8032866,0.1699538,-1.7433393,-1.0892932,0.9798791,-0.75288004
2006-08-24,120.44211497844903,0.676014,0.07169284,0.209018,0.19509305,0.18042499,0.56991416,-0.0073385253,0.72644407,0.5334076,0.19789605
2006-08-25,120.44830274647022,0.43642145,-0.13186152,0.4862078,0.32749027,0.0457659,1.0145127,-0.20875587,0.04368887,0.0051064943,-0.31745228
2006-08-28,120.50475259790838,0.3667535,0.8788114,-1.2487609,0.29262722,0.48867333,1.3806317,0.46071756,-0.36664462,0.55715764,0.37215135
2006-08-29,120.60352510026613,1.0626569,0.64138144,-0.4392655,-0.40257353,-0.17627141,0.86658716,0.81650144,0.439547,1.05722,-1.7737514
2006-08-30,120.51138236431984,-0.3155267,-0.054796804,0.19996867,-0.17158674,0.9653192,0.4826611,0.5436612,0.3167155,0.72253996,0.15490732
2006-08-31,121.64080923473438,-0.39048398,0.7526909,0.45944706,-0.3661497,-0.5194143,-0.6696112,-0.22043231,-0.41434225,-0.24818079,0.47310394
2006-09-01,121.80928489376899,0.35891008,0.6452188,0.22443858,0.41944748,-0.7832199,0.88284177,-1.1559376,0.77984214,-0.27967083,-0.3302595
2006-09-05,121.8566540335335,-0.72652817,-0.46229005,1.8065987,-0.79084265,1.3828524,0.34459862,0.090507925,0.96578854,-0.18648869,0.38774237
2006-09-06,122.42260979596377,-0.73997384,-1.0015749,-0.9969325,-0.03796335,-1.0289718,-1.771319,-1.5470581,-1.5665716,-1.2921481,-0.074334405
2006-09-07,122.39228859466446,-1.0870662,-0.39855766,1.5631447,-0.6272031,1.5751543,-0.19320177,-1.1892436,-1.5050358,-0.15651321,-2.1128256
2006-09-08,122.09191751904082,1.2674344,0.48740873,-0.27887633,0.52090186,-0.5104445,0.6806939,0.78455025,-0.67724586,0.2899039,0.3525372
2006-09-11,121.90010176244697,0.17585509,0.4827537,-0.124311104,0.9744586,1.5112592,-0.082351655,1.2385278,0.26120716,-0.41159618,-0.10527822
2006-09-12,121.4901759165901,1.3405572,1.6221884,-0.03495784,0.026989805,-0.0456467,0.997753,1.1092969,1.0105393,3.045731,1.3410562
2006-09-13,121.3819580901054,-0.19401847,-0.029714024,0.8148086,0.12492881,0.28733724,0.26727614,-0.81146246,-0.5618847,-0.39551613,1.0373008
2006-09-14,121.38052406828828,0.15975201,0.08811095,-0.13022178,1.095686,0.24399912,-0.079467736,-0.77176195,-0.23385493,-0.2753125,0.030795991
2006-09-15,121.16774273484795,0.3828585,0.017270844,-0.15381454,1.6239115,-0.66985375,-0.6719582,0.4243027,-0.62128204,-0.33731753,4.788725
2006-09-18,121.56221943718616,-0.866179,0.25157586,-0.23560183,-0.22735943,-0.42099005,0.43112016,0.6159472,-0.38335738,1.6515939,0.55617595
2006-09-19,122.0246240254639,-0.515313,-0.21645895,-0.18258724,0.18102372,-0.5883204,-0.5676822,-0.98098224,0.5667863,-1.0767611,-0.38884273
2006-09-20,121.75594828173098,1.5342243,1.1524838,0.7533713,0.9601475,7.0871344,0.24342184,0.8151958,1.2217095,-0.6378609,0.34309486
2006-09-21,122.02109680587174,-2.0495498,-0.6281919,-0.4642861,-0.9077493,0.47645444,-0.76486695,-1.515936,0.37441584,-1.1060915,-0.5671673
2006-09-22,122.13678475833125,-0.5506448,-0.33119082,-1.0784682,-0.78952754,-2.1355212,-0.2775717,0.82435125,-0.9008394,-0.4035317,-0.62564427
2006-09-25,122.32388283229673,0.733175,0.7786822,1.4852622,0.86674386,1.546469,0.9848266,1.1168885,0.94053,1.4729944,1.3964425
2006-09-26,122.13431712615223,0.4166734,0.58612674,0.9364788,0.73618436,0.7351648,1.5268738,0.69438577,-0.40772894,0.539022,-0.8622119
2006-09-27,122.45815673367083,-0.5558484,-0.3699534,-0.7847914,0.6952572,-1.056271,1.1765463,0.0046042334,-0.48670217,-0.15238163,0.37774703
2006-09-28,122.48299699741223,-0.22516061,0.2660606,0.22565433,-0.15964124,0.13822412,1.0262859,0.90094244,-1.5545821,0.47252047,0.21119115
2006-09-29,124.2048555574691,-0.16987965,-1.1663003,-0.12766792,-0.18607779,-1.0117791,-0.4568719,-1.0825919,-0.99642175,-0.09213966,-1.3159896
2006-10-02,124.07444091267736,-0.19131337,-0.02865979,-1.308739,-0.0075276624,-0.38514355,-0.28151816,-0.5380454,-2.4362936,-0.44665673,-0.77846044
2006-10-03,124.09504497859527,-0.3517077,0.9516215,-0.56018937,-0.007564355,0.8088155,0.3851166,-1.2258846,0.93580353,0.114888236,-0.49488506
2006-10-04,123.6478021416641,1.423136,1.1347451,0.63607246,1.6540971,0.910501,0.68767476,-0.22272907,0.4783242,1.1058978,1.2323298
2006-10-05,123.30234668379131,-0.30727434,-0.09547379,-0.42656028,-0.09668218,0.2438238,-0.04885764,-1.0032688,0.49891484,-0.12130397,0.41442013
2006-10-06,123.70840829610367,0.11473963,0.39047623,-0.4628433,-0.18449007,-0.34134802,-0.32902542,-0.56230927,0.04795926,0.5397593,-0.19103496
2006-10-10,124.14404986780548,0.08059075,0.014863505,-0.5846919,-0.12559536,0.5893135,0.73562455,-0.41246516,1.0102135,0.21772575,0.3635713
2006-10-11,124.23227317594652,-0.11656065,0.12322453,-0.44910446,-0.47942114,-0.6528778,0.051694307,1.1788704,0.8040053,0.020072438,-1.031359
2006-10-12,124.77323097953192,0.4100919,0.079582185,1.0588272,1.9330046,1.3512704,1.5383329,0.76080346,1.4075146,0.13130634,1.3133734
2006-10-13,124.90991939568111,1.2913009,0.14385162,-0.24705967,0.39030293,0.19127502,0.31926885,0.44261095,1.0190886,0.79148,0.97453225
2006-10-16,125.57843569699278,0.51790404,0.10040505,0.1052656,0.18802214,-0.3590241,0.07494825,0.32569867,-0.12469614,-0.20118606,-1.2120574
2006-10-17,125.7789314693654,0.124639705,-0.2635952,-0.74185944,-0.064776465,-1.3312756,-1.7009587,-1.2061977,-1.1932495,-0.91906345,-0.3178919
2006-10-18,125.70773844048219,2.7038686,-0.6762074,0.027396055,0.18712015,0.29934382,0.57483023,-1.3813264,-1.1413277,-2.5397558,0.38872007
2006-10-19,125.70583470454355,-0.07673248,-0.071511954,2.366616,-0.6822366,0.36620358,-0.1484822,0.008206026,-0.023132218,-1.4800324,-0.19954409
2006-10-20,126.11576513341124,0.48101532,0.81262016,0.4041397,0.35457596,0.2931895,0.7925245,-0.49487406,-0.43401226,-0.39151943,-0.52448446
2006-10-23,126.04753060294655,0.9136923,-0.28515422,0.68643326,0.019124163,0.49509215,0.3443389,0.7766063,0.1059086,0.3874137,0.34774947
2006-10-24,125.74386189702669,-0.18170927,-0.2219917,-0.32504287,-0.51424235,-0.97533894,0.46450746,-2.3789496,-1.8925403,-1.2073383,-0.78788257
2006-10-25,125.95823169345006,0.20657621,-0.1359341,0.21970607,0.047477722,-1.0204097,0.2922499,0.286859,0.95431733,0.4536756,0.95670277
2006-10-26,125.83889365623776,-0.38962287,-0.24470735,0.15512027,0.07561384,0.26430276,0.17105833,-0.12704813,0.5219259,1.2770237,0.38983232
2006-10-27,126.04608670976152,-0.8569963,-1.0580422,-1.0416963,-0.06466061,-2.2724373,-1.5878705,-1.4016806,-1.2064422,-1.3391167,-1.1601022
2006-10-30,125.98786033929737,0.5890829,0.36908332,-0.10460736,0.4937854,1.4069686,0.44632998,0.38200283,-0.6294858,0.178222,-0.851944
2006-10-31,126.86715699021644,0.66611147,0.4737406,0.2373588,0.45676777,-0.25786147,0.24632217,-0.04057755,-0.5671078,0.027745234,0.14068012
2006-11-01,126.48155260980806,-0.61300576,-0.09294364,-1.1278651,0.23760913,-0.08393009,-0.741241,-0.44448,-0.99416035,-0.51041603,-0.7879741
2006-11-02,126.92228748278352,-0.22728008,-0.13626045,-0.20593546,-0.14522204,-0.78469515,-0.8036884,-0.4826082,0.75375926,-0.54334325,-0.27687684
2006-11-03,127.53190287778838,-0.3681334,-0.6389195,-0.48041826,-0.14426856,-1.8229783,-0.12889735,-0.37856874,0.04784597,-0.1517524,-0.026625196
2006-11-06,127.88075733571061,1.0000595,1.932403,0.651053,0.2593768,1.0545566,0.8328769,0.22706285,-0.542482,0.53940994,0.87445
2006-11-07,127.85184051063064,0.025813298,0.3098779,0.31331357,0.25834,0.26848266,-0.0012060961,-0.07577134,0.23670702,1.4090052,1.202841
2006-11-08,127.94375794676972,0.016822089,0.5158337,0.8974986,0.04394333,0.47489965,-0.17761613,-0.77312446,-0.24691612,0.0535457,0.10382916
2006-11-09,127.69603247900098,-0.27198797,3.2176514,0.34522712,0.7091179,0.54028225,-0.6879504,-1.3325139,-2.0883746,-1.3501782,-0.29272023
2006-11-10,128.00604864362342,-0.7301246,0.031367056,-0.22045437,-0.0888034,0.7362733,0.45667514,0.07146919,0.47106722,0.49768206,-0.49117962
2006-11-13,127.8652435848036,0.17689171,-0.14439648,0.51214004,0.2542772,1.2612219,1.1046863,0.32703856,1.2108713,1.295796,0.69737
2006-11-14,127.91706182559672,1.0196515,-0.1054455,0.2156419,-0.088873826,-0.116169184,2.193844,1.185923,1.6984715,1.179358,0.36850742
2006-11-15,128.08202070440834,-0.27950382,-0.10545637,-0.5834442,-0.32656765,-0.24897483,1.0888987,0.8247905,0.08198023,0.32532865,0.9111904
2006-11-16,128.17753733834724,0.21860212,1.0393138,0.6678836,0.88372517,-0.14925613,0.072172165,0.081523426,0.02980753,-1.9773065,0.398669
2006-11-17,128.28560750046344,0.19898629,-0.45084816,0.009576295,-0.21867763,1.1031853,-0.49193144,-0.46128482,-0.3188196,0.3086865,-0.6134676
2006-11-20,128.32218106600962,-0.6277555,0.31991848,0.19513613,1.2338686,-0.017404858,0.44878945,0.15224737,-0.72462004,0.24906318,-0.30865172
2006-11-21,128.11898469223303,-0.27025938,-0.6265355,0.919063,0.041321248,-0.0827591,-1.6193446,-0.9586136,0.5003889,-0.17597502,1.3075052
2006-11-22,128.27712031175915,0.29219782,0.18630525,0.69832516,-0.035912815,0.50151074,0.43463162,0.8419573,-0.4371864,0.41589403,-1.0024858
2006-11-28,128.43826123432828,-0.20700538,2.3975751,0.9476966,-0.2703565,-0.14960518,-0.050850447,0.17529789,-0.90760446,0.33695525,-0.5212651
2006-11-29,128.54137180265295,0.04668223,0.06923368,-0.11305795,0.43175867,0.7498805,0.6914252,-0.6878459,0.9755797,-0.034247074,-0.032533027
2006-11-30,129.49536580054587,0.26104462,-0.35329598,-0.17207427,-0.5740667,-0.41018495,0.43894324,0.58948123,-0.17852603,-0.48840445,0.052411176
2006-12-01,129.7511759877785,-0.73724073,-0.4519632,-0.26384863,-0.65347284,-0.87474483,-1.1093283,-0.8321528,-0.41861346,-0.894754,-1.125382
2006-12-04,129.5287496217023,1.9809101,1.0504119,-0.20007776,0.50723916,1.4657291,0.7649908,0.84067386,1.4155226,1.6181937,-0.2148347
2006-12-05,129.58705647078827,0.77062553,-0.42773056,-0.038749624,-0.55186075,-1.461893,-0.19841708,0.030754058,1.6385427,0.5217749,-0.31362537
2006-12-06,129.5498367554325,-0.4386446,0.069174044,-0.77622896,-0.39928934,-3.4268587,-0.49790156,0.57788277,0.45023337,-0.007749724,-0.9013178
2006-12-07,129.15141931187807,-0.012357674,-0.43086603,-1.4358829,-0.40319264,-1.4342134,-0.579471,-0.6410852,-0.14864935,-0.5075432,-1.1481179
2006-12-08,129.2327243380388,-0.44929788,0.1660774,0.47749895,1.3967229,0.98710173,0.12371522,-0.70108247,0.395644,0.02057116,1.2909088
2006-12-11,129.33096602201576,-0.31319547,0.22282211,0.12485546,0.3242123,0.86397815,0.09835275,-0.25596666,-0.8550425,-0.28589442,1.2123938
2006-12-12,129.5710745392053,0.32528102,-0.08399654,-1.3622457,-0.31705475,-0.3598031,0.12320712,0.7644768,-0.1738255,-0.567305,-0.15296991
2006-12-13,129.45067780449563,0.47679,0.29804972,1.2887864,0.27213517,0.022756392,-0.027591337,-0.68274546,-0.6524369,-0.91436374,0.257439
2006-12-14,129.75645530893013,0.41855317,0.08747557,-0.34425944,1.277993,-0.08157791,0.22349572,0.81369317,1.1251024,0.6476339,0.46725553
2006-12-15,129.7988989501979,-0.16559367,0.44570032,-0.5031958,0.26430055,-1.2726393,0.5219972,-0.53689915,0.012081827,-0.28840894,2.171022
2006-12-18,129.6654697459136,0.013499518,0.06743056,-1.1994339,-0.78835577,0.72763056,-0.25147873,-0.14731547,-0.6308431,0.38834715,-1.8894035
2006-12-19,129.61977714258626,0.3882908,0.01097717,0.30306688,0.21647635,-2.9808552,-0.40431294,-1.448453,-0.8258751,-0.51328367,0.046378702
2006-12-20,129.90952202172045,-0.11177332,-0.47836334,-0.86837304,0.21474673,-0.08146692,-0.10393659,0.3429894,-0.32651016,0.35954782,0.34628972
2006-12-21,130.0490130816763,-0.19169848,-0.21579233,-1.0385671,-0.30996346,-0.08136651,-0.53724444,-0.69683164,0.19209974,-0.9661005,-0.7074809
2006-12-22,130.09645584636718,-0.7011178,-0.71384394,-0.46331814,-0.8900324,-0.04489357,-0.6992342,-0.4631863,-1.0275891,0.3630296,-0.8791612
2006-12-26,130.44467776704138,0.25490314,0.47058073,-0.46062434,0.84023887,-0.008531375,0.22825418,0.03468236,-0.34313437,1.2454885,0.6670287
2006-12-27,130.72036397162086,1.2489585,0.18241979,-0.102112085,0.039187998,-0.18943019,0.6883611,0.5659066,-0.16300462,-0.25539783,0.26399043
2006-12-28,131.0062402969761,-0.3123953,0.2003078,-0.44195876,-0.13370405,0.2794569,0.097676545,0.014846691,0.05630337,-0.17302543,-0.43663874
2006-12-29,132.08995035275504,0.047252744,-0.19473286,1.8911183,-0.32705855,-0.29335967,-0.38799906,-0.46007562,0.030280428,-0.3655694,-0.60594994
2007-01-03,132.30112372073,-0.005206506,0.72118616,-0.62025076,-0.034627926,1.2219945,0.30146408,-0.5183027,-0.5225846,-0.17295681,-1.5345268
2007-01-04,131.96404636169504,0.79131484,1.311304,0.8088359,-0.15712753,0.5109228,2.0970995,0.9126186,2.0392506,0.95092076,0.91899794
2007-01-05,131.90690510506087,-0.88094026,-0.0076627345,-0.40470955,-0.45274553,-0.2186515,-0.1258828,-0.69698125,-0.67065156,-0.44396386,-0.36966932
2007-01-08,131.47814785519364,1.1698095,0.2629334,0.09885376,0.68094254,0.6815295,-0.17569348,0.18008152,-0.63994086,0.5078309,-0.3371637
2007-01-09,131.62962410670275,0.8877761,-0.31450352,3.2243001,0.03865989,-0.21781816,0.0957297,-0.18612307,-0.63311565,0.87322253,-1.1103199
2007-01-10,131.80170222902262,-1.1161036,0.35256636,1.8435757,-0.7713784,-0.25224742,1.242307,0.8132321,0.80247265,0.6725222,-0.6303625
2007-01-11,132.07662818176658,-0.3157555,-0.0077392487,-0.62546796,2.478222,-1.4004074,1.0019912,-0.6193,1.0563871,-0.11623347,0.6528401
2007-01-12,132.66497662068272,0.47980484,0.38447794,-0.6219744,1.157218,0.30340865,0.5400498,-0.021980608,0.073420055,-0.168184,-0.04139503
2007-01-16,133.3789517467029,1.1377804,-1.6081063,0.9684477,-0.14916113,-0.7718457,0.44151285,-0.40462795,-0.28100112,-0.14189604,-0.029358748
2007-01-17,133.49548180465908,-0.7798834,-1.9984471,-1.0353191,-0.17212723,0.68199265,-2.9676566,0.37835285,-0.44161534,-0.29866982,0.040220015
2007-01-18,133.88154185769977,-0.5891651,-1.039725,-2.7564688,-0.2633086,-1.4637992,-0.923879,-1.5653802,-0.9679754,-3.1881022,-2.0592842
2007-01-19,133.88852011425124,-2.9298985,0.4561152,-0.37185606,0.21783732,0.44459277,0.46912605,0.05363266,0.37696382,-0.20092838,-0.3391584
2007-01-22,134.06807608210127,0.7095864,-0.35143867,-0.9141754,-0.92942697,-1.0217423,-0.030061515,0.2938332,-0.54671925,-0.7901851,-0.8278914
2007-01-23,134.1056602836221,-0.1341169,-0.97779906,-0.6292777,0.0120639205,0.3424613,-0.5563232,1.7559288,-0.5761976,-1.520323,-0.51531136
2007-01-24,134.33906989771558,0.16845885,1.6156901,0.37502348,0.7665454,-0.008566277,0.7693058,0.6317783,0.51890826,0.3148402,2.471528
2007-01-25,134.23800268619195,-0.013139362,-1.3139957,-0.32104558,-1.506882,-0.6387797,-0.55485517,0.74386245,-0.6758071,-0.4361342,-0.7919596
2007-01-26,134.5875280428081,-0.15938868,0.22764523,-0.5248759,0.31239405,0.5151105,-0.13180847,0.8674866,-0.9261755,0.77162415,0.020736601
2007-01-29,134.42183305828186,0.8260652,-0.29685917,0.16531128,-0.1957633,0.3377168,0.94349647,-0.14497182,-0.56275696,-0.5759508,-0.026824856
2007-01-30,134.5029416777625,0.5961983,0.053025454,-0.29363582,-0.14962587,-0.45899224,0.14317703,-0.24767925,-0.07135168,0.42521438,-0.5340471
2007-01-31,134.8140751273215,-0.29334193,0.6892001,-0.018268893,0.83668625,-0.07792389,0.118123904,0.5188249,0.53445995,-0.26030275,-0.29798013
2007-02-01,134.88338289794373,-0.23433581,-0.0821715,-0.58546245,-0.7196325,-0.45964402,0.41260234,0.22689846,-0.41839367,0.50593543,-0.26267505
2007-02-02,135.11663048134656,0.036397357,1.0186449,-0.10014629,-0.8862985,1.193864,0.33674514,-0.04324555,-0.38149133,0.41504842,0.11679314
2007-02-05,134.7109042119127,0.90953296,0.6660852,-0.5025712,-1.3988603,-0.9723595,0.4416793,0.25842318,0.82775694,-0.06157687,-0.7644608
2007-02-06,134.89196050096385,-0.5511376,-0.45274723,-0.0018536132,-0.27129632,-0.56416154,0.11682138,-0.6987273,-0.39068437,-0.03370908,-0.10808111
2007-02-07,134.8467649022664,-0.11592489,1.4674544,0.8662559,-0.36788,-0.46298024,0.52691746,-0.38204962,-0.22539,0.18841767,-0.50523096
2007-02-08,134.88099024489415,-0.040127266,0.06602439,-0.090753466,-0.2973164,-0.78425956,-0.3177174,-0.008886664,0.76768064,0.07652793,-0.25303885
2007-02-09,134.98358864796435,-1.0120987,-0.80960995,-1.5251808,-0.7079631,-0.11330279,-0.7607588,-0.34929,-0.03419929,-1.0368475,-0.5818271
2007-02-12,135.51483936290836,-0.081452794,-0.337649,0.6857336,-0.1298279,-0.25432,-0.5243586,-0.78146225,-0.42514926,-0.31448424,0.3647768
2007-02-13,135.6025850297115,-0.35303143,-0.69397986,-0.19242433,0.3749789,-0.18363099,0.21700771,-0.4937572,-0.07165506,0.8633532,0.2758976
2007-02-14,135.67262287324422,0.6632624,0.4970391,0.18650855,0.8940797,0.45187977,0.70709544,1.0955483,1.8740941,1.8434926,0.07112211
2007-02-15,135.6336982890069,-0.34300572,0.16052327,-0.14839663,0.1080154,0.41249377,0.45704314,0.2799367,1.8667597,0.44212872,0.63336724
2007-02-16,135.6101021758605,-0.047694877,-0.0983314,-0.28927153,-1.7539835,-0.8138324,-0.15070924,-0.72456014,1.2825491,-0.2746089,1.0434619
2007-02-20,135.7332706714211,0.19654895,0.23372729,0.4124248,0.18335132,0.9014557,-0.0783032,0.38399705,0.11786943,-0.78351444,0.39983624
2007-02-21,135.5145051940743,-0.32598668,-0.5422811,1.4514486,1.2107688,0.6819981,-0.69316155,-0.19607818,-0.83612704,0.47254613,0.10450166
2007-02-22,136.20623103223252,-0.6043527,0.01288877,0.038451504,0.060452174,0.16100185,0.26500976,1.7808163,0.742964,0.5179464,-0.285841
2007-02-23,136.45295781558252,-0.759878,0.17921071,-0.30739826,-1.1895732,-1.619645,-0.47617123,0.11990674,0.54002386,-0.11527699,-0.33031502
2007-02-26,136.39787181033606,-0.80824065,-0.5248756,-0.3642487,0.37017047,-0.07679268,0.26607177,-0.8029443,-0.8912728,-0.35212278,-0.006797681
2007-02-27,136.3103261587299,-2.6830802,-2.9595792,-2.293644,-2.9376392,-1.950547,-2.0265996,-1.9367054,-2.884326,-1.7791086,-2.208113
2007-02-28,136.76403978915363,-1.0141145,0.4276555,0.22782965,0.69987416,0.42199922,-0.39667198,0.4195364,0.10668264,0.20983815,0.25325882
2007-03-01,136.62537026191606,-0.70832604,-0.20037088,1.0708661,-0.22848165,1.1182708,-0.6629613,-0.36765617,-0.3360283,-0.4152028,-0.11774169
2007-03-02,136.30800649196232,-1.3531781,-1.1162903,-0.89286596,-0.84761024,-0.28663284,-0.94055015,-0.12852909,-0.8467432,-1.3886296,-0.830157
2007-03-05,135.61899535741549,0.7257581,0.29636863,0.3326142,-0.5616023,-1.2887567,-0.2528625,0.16272667,-0.5136696,-0.6253159,-0.29693696
2007-03-06,135.78504593358298,1.6844078,0.964703,0.7794654,0.6678367,1.7276523,0.82084703,0.68610287,0.4049981,1.0044785,0.48217365
2007-03-07,135.8813120283475,0.017943524,-0.20089485,-0.32508025,-0.58343357,-1.4510303,-0.7070638,-0.43174425,0.07325433,-0.033764865,-0.48268116
2007-03-08,136.0166316358053,-0.9457121,0.52284735,0.026777076,-0.76377654,0.63051677,0.33925727,0.8636585,0.5657966,0.5711141,0.26821303
2007-03-09,136.09882385762464,0.1444025,-0.16047473,-0.11863213,-0.10941997,-0.2882156,-0.30682924,1.1733729,-0.20463036,-0.39060432,-0.02531193
2007-03-12,136.50318558175982,0.6318557,0.1507594,0.7755831,0.34324938,1.448607,1.0587552,0.13382342,-0.13270332,0.5656669,0.41194946
2007-03-13,136.41054892475995,-1.3549782,-1.3407815,-0.7837759,-1.8628337,-1.533252,-0.9191038,-1.4717482,1.9118685,-0.7165384,-1.2787067
2007-03-14,136.2278782336202,0.83275896,0.668232,0.63468736,1.6996411,0.7266288,0.3390203,-0.19357699,1.465606,0.048033226,0.6290915
2007-03-15,136.02373553029966,-0.38280973,-0.10298678,-0.3020722,-0.33707663,-0.63601846,-0.19885193,-0.24391173,0.4460954,0.37458032,-0.92611384
2007-03-16,136.45582455112304,-0.28455436,0.32863507,-0.09522128,0.09247091,-0.1466883,0.069809034,-0.5640929,-0.11877371,-0.27927402,0.5126268
2007-03-19,136.85629138728083,0.55178946,0.577167,0.5970399,1.2067816,1.5728073,-0.06509491,-0.17844032,-0.95197326,-0.14339027,1.090403
2007-03-20,137.0094678850804,0.34435067,0.053112496,0.053500153,-0.008759404,1.1619073,-0.28206724,0.1421414,0.048872508,-0.007356865,0.42921746
2007-03-21,137.21475660914098,0.6471057,0.8341393,0.95623857,1.6097842,1.9372313,0.9832063,0.5086667,0.6680022,0.93249977,2.6196237
2007-03-22,137.38920999932367,-0.25341907,-0.8237961,-0.06460171,-0.63131213,0.9346278,-0.43931,-0.83162177,-0.5159189,-0.2753742,-0.58789116
2007-03-23,137.19866002730203,-0.24512087,-0.37080225,-0.29709107,-0.6381342,-0.8658793,0.3373277,0.10823054,-0.96932226,-0.14232387,-0.20210621
2007-03-26,137.0686865602356,-0.13179985,0.2654875,0.90795416,0.45190775,0.39938483,0.09595222,-0.43172,-0.2662376,0.15121374,0.26016352
2007-03-27,136.9531435670928,-0.34227312,-0.81917715,-0.27189335,-1.2545911,0.2389387,-0.57558614,0.041320067,0.14086562,-0.19554275,-0.40190014
2007-03-28,137.06963773515736,-0.51894456,-0.47538614,-1.0718668,-0.23044221,-1.0902636,-0.50102246,-0.963502,-0.24338709,-0.598342,-1.5397404
2007-03-29,137.1448038951547,0.16737057,-0.55889946,0.12017387,0.23741741,-0.108234175,0.6669183,-0.6127467,-0.38016942,-0.4946405,-0.18276924
2007-03-30,137.39511688822355,-0.3778277,0.17486297,-0.47386995,0.25991982,-0.17179322,0.15005481,-0.5831631,0.36766112,-0.579763,0.055810522
2007-04-02,137.11761621626044,0.7278588,-0.28255597,0.22211449,-0.35197544,-0.044256773,0.04246013,-0.42898288,0.37446016,0.020682195,-0.18266502
2007-04-03,136.9373838670661,0.6680914,0.86626065,0.2675022,0.2861472,0.6246148,0.5252446,0.222059,0.60158,-0.11634911,0.62469834
2007-04-04,136.99372551639715,-0.010496673,0.4638436,-0.20440283,1.4929941,0.5533601,0.2289883,0.84486586,-0.16261597,0.72617674,0.24318743
2007-04-05,137.44827920369016,0.16182216,-0.10142144,0.074348174,0.08584586,0.26583385,0.5709876,0.30081967,-0.4833536,-0.008122748,-0.22293527
2007-04-09,137.8202393009001,-0.019047836,0.24726427,-0.5528854,0.014227857,-0.38533786,1.3910812,-0.07726082,-0.7890175,-0.1693839,-0.032819334
2007-04-10,138.30365720309277,-0.24158524,-0.42990294,0.1583284,-0.43370342,0.78313106,1.5048461,0.6706386,0.2623243,1.9119011,0.1858185
2007-04-11,138.49956826316784,-1.2259712,-0.41334793,-0.8319796,-0.7203178,-0.87063503,-0.48334086,-0.89383894,-1.1111287,-0.5549861,-1.0687807
2007-04-12,138.51823069080677,0.33757412,0.32760698,-0.28098795,0.9836225,0.26245075,0.11681031,0.2984567,0.47038642,0.22281611,0.18995528
2007-04-13,138.34201870618693,-0.7467032,1.3384954,-0.98031956,0.13146006,-0.29052192,-0.058838487,-0.36749232,-0.15256383,-0.7923713,-0.9336441
2007-04-16,138.99510915998073,0.9755991,-0.1367362,0.43322945,0.24578084,0.74494994,0.6156377,1.0736344,0.8414927,0.32901692,0.6765004
2007-04-17,139.00949514904067,0.69863296,0.39160013,-0.5899004,0.2446109,-0.105135836,0.7563812,-0.4133746,-0.118124455,0.22232366,0.497477
2007-04-18,138.83634389197303,-2.1002266,0.03300278,-0.080693364,-0.613284,-0.5605025,0.9398177,0.99020636,-0.5404709,0.7314015,-0.15685572
2007-04-19,138.89330679698995,-0.54921246,-0.38109547,-0.16228001,0.17658575,0.016236745,1.1368062,0.80688876,0.33731225,-0.31771836,-0.729017
2007-04-20,139.1461699573223,0.14961365,0.55888623,0.2130178,0.72701913,0.64841574,0.85898876,-0.061199337,-0.0075592087,-0.36984336,-0.38733807
2007-04-23,139.20324534450987,0.44370788,-0.79439634,1.0240974,-0.58402455,-0.25470492,-0.5418279,-0.22377165,-0.7068315,-0.8899759,-0.10430024
2007-04-24,138.87906557272626,2.6920552,-0.49979797,-0.22178209,-0.009646824,-0.43762904,0.11162163,3.8581765,1.5202707,0.73937887,0.23079687
2007-04-25,138.7844409911197,2.3493917,0.8313687,0.81342167,0.42913222,0.16709882,0.7856022,0.5534245,0.95211595,-0.08853399,0.09307855
2007-04-26,139.0663722932746,-0.56031483,-0.45794868,1.3686807,0.21909161,0.075505614,-0.35280135,-0.22725093,-0.13828516,-0.5781257,0.4415518
2007-04-27,139.02480091851862,0.11665407,0.8798511,0.3417365,2.25938,0.37417248,-0.47313088,-0.574967,-0.8105271,-0.088480644,-0.5063986
2007-04-30,140.04931925797044,0.7376892,-0.5651855,-0.15194379,-0.4263004,-0.9670643,-0.8350558,-0.7789706,-0.99472386,-0.29532436,-1.507341
2007-05-01,139.89027601695292,0.6657285,0.20222576,-0.23831877,0.9709929,-0.70886576,0.751763,0.63900214,-0.1285624,0.42801252,0.055261508
2007-05-02,140.0323295486592,-0.8632657,1.470771,0.27339235,0.4197807,0.739106,0.34557196,0.32972333,0.4482614,0.03991089,-0.35621655
2007-05-03,140.05795750466777,0.36211815,0.031554315,-0.09878401,0.7354375,0.40214682,-0.1409501,-0.1076198,-0.084860414,-0.011481994,-0.4531692
2007-05-04,140.6302497882762,0.025176678,0.35641262,0.06374956,-0.90160936,-0.044366058,0.41604272,0.027504992,-0.29046533,0.545971,0.014442137
2007-05-07,140.82360946142907,0.05679189,-0.20276742,1.1374321,0.2862417,-0.014930674,0.18017228,-0.017699229,-0.25851235,0.012599196,-0.14397798
2007-05-08,140.85499665233922,0.31935027,0.9599531,0.34268525,0.052308958,-0.36821777,0.48151186,-0.122633524,0.14339864,-0.97582144,-0.059568953
2007-05-09,140.53835358467563,0.75871813,-3.4098873,0.5986071,0.03123822,-0.43044925,0.7756414,2.3553028,0.0126667395,0.5480788,-0.23968774
2007-05-10,140.7475569517496,0.13298039,-0.4409002,0.07270242,-0.45694822,-1.0944754,-0.5566282,-0.37930688,-0.486174,-1.3939738,-0.7621136
2007-05-11,140.1873814810256,0.9110966,0.62288994,0.42665935,0.62895864,1.3989578,0.20183775,0.037563276,0.929203,1.4216325,0.98386693
2007-05-14,140.63404389050962,-0.4202779,-0.6677642,0.12948284,0.13627641,-0.192166,-0.32944643,0.251926,-0.7506971,1.668155,-0.008092608
2007-05-15,140.6635513521764,-0.67915463,-0.32913396,-0.7952764,0.030945731,-0.37059206,-0.21554832,-0.45034832,-0.1821442,-1.6730553,-0.5850642
2007-05-16,140.99773373802114,0.7063951,0.6447212,-0.17083398,0.32392377,0.3695305,0.4341609,-0.4530436,0.84815776,-1.6457899,0.83480006
2007-05-17,140.76535495604395,-0.5369711,-0.40311348,0.6882149,-0.22124396,0.10294081,0.1554128,-0.7630612,-0.34039962,-0.68870145,0.010929215
2007-05-18,140.54918030872733,1.9590975,-0.15667993,0.113170825,-0.34931895,0.51228285,1.1129518,-0.18047486,0.31906673,-0.32529268,1.0659943
2007-05-21,140.7431262192941,-0.82664573,0.3398074,0.61816686,0.4307602,0.12952426,-0.118312314,-0.55037886,0.8683578,0.043706194,-0.46465683
2007-05-22,140.85380853239747,-0.36286703,-0.07970887,0.46202868,-0.79090947,0.070958875,0.8488941,-0.16679128,0.16309452,0.6175725,0.21848328
2007-05-23,140.84651251252274,-0.9668839,-0.7895368,-0.33681276,-0.26591456,-0.68374467,-0.67850184,-0.79600495,-1.710931,-0.088081256,-0.48433888
2007-05-24,140.9936083198782,-1.3762987,-1.1356872,-0.90538716,-0.90882355,-1.2824105,-1.5674744,-0.6838322,-1.4477717,-0.4525509,-1.3895148
2007-05-25,141.06602036165097,0.8611034,0.213792,0.9633052,0.63090646,1.3670744,0.481058,0.34735605,-0.359493,0.43177727,0.2796605
2007-05-29,141.14109561642104,0.4642007,0.7184767,0.15879858,0.62366045,0.12920514,0.36240196,0.012918823,0.9197398,-0.13973837,0.3773306
2007-05-30,141.31873261244783,0.6822536,0.9167809,1.444034,0.63649637,0.24304199,-0.46825984,0.012734633,-1.5469805,-0.81755954,0.23074867
2007-05-31,142.01638485852777,-0.3533548,0.97258323,0.71944195,-0.9039449,-0.18700987,0.27045152,0.4469163,0.04965408,0.35563254,0.70892775
2007-06-01,142.418707434424,-0.1466978,-0.1336631,-1.0499241,-0.2403203,0.7181598,0.45234638,0.7509478,-0.2955785,0.5309094,0.33531934
2007-06-04,142.79021353864712,-0.33751774,0.2561168,0.8926831,0.23757808,-0.044467565,-0.4207024,-0.40198135,-0.7578818,-0.31854787,-0.07196318
2007-06-05,142.67481256189032,-0.39993984,0.3281087,0.34507987,-0.32265267,-0.606288,-0.42489275,-0.80689543,0.2545389,-0.57882905,-0.35155752
2007-06-06,142.82922803569835,-2.7801447,-1.1359301,0.2186088,-0.6372657,-0.44008672,-1.0673897,-0.333188,-0.3878673,-0.1656182,-0.801064
2007-06-07,142.6821104972592,-0.5867629,-1.4508008,0.03944849,-1.4553914,-1.8633578,-0.39135474,-1.0655766,-1.4825829,-1.7546122,-1.0333697
2007-06-08,142.7029429494431,0.90838045,1.1807495,0.035694037,0.8850076,0.8877968,1.2713938,2.2914267,0.8839735,0.95075715,0.19964519
2007-06-11,142.503349992883,0.017702792,-0.32499734,-1.5324656,-0.09565878,0.35924742,0.27261075,-0.34248772,-0.6455098,-0.5379141,-0.17032608
2007-06-12,143.00305426134167,-0.7962834,-0.51751435,-0.03746269,-0.39192948,-1.1385716,0.66394913,-1.1949948,0.38685825,-0.4075078,-0.3789481
2007-06-13,143.2216481139286,0.5166328,0.86999094,-1.0860765,1.101933,1.2477528,1.1088759,1.1126661,0.7980671,1.5423516,1.2361882
2007-06-14,143.35672419508268,0.47268707,0.5390075,0.32856557,0.2377008,0.8822722,1.2849579,1.0720048,-0.07241695,0.6819815,-0.26430997
2007-06-15,143.53707261305226,0.86314356,1.0082188,0.49300522,-0.09373674,0.5358029,2.211972,0.25213665,-0.08355657,0.9944885,-1.3058933
2007-06-18,143.57457998563126,0.08528239,-0.3505084,1.417635,0.00953349,-0.26446104,-0.109548904,0.82991326,-0.43145368,-0.13730894,-0.19853327
2007-06-19,143.47471726599014,0.7965411,0.14287174,-0.56880265,-0.13520117,0.17573173,-0.109934285,-0.8287872,0.30908436,-0.21228021,-0.30893186
2007-06-20,143.2270775991017,-0.48229462,-0.20500149,-0.8013019,-0.97301334,-1.0439733,-0.30200803,-0.39276892,0.32787,-0.46395501,-1.2485563
2007-06-21,143.42140398769877,0.3581867,0.1977426,0.6767567,0.40815124,0.34589627,0.7796789,0.95943093,0.44470647,1.2290889,0.04520665
2007-06-22,143.56152913261235,-1.7604291,-0.75717247,-0.39774886,-1.5720462,-0.88159746,-1.217779,-0.60128355,-0.7227669,0.13252604,-0.831244
2007-06-25,143.32271753023122,0.4114834,0.18157366,-0.3202735,-0.031820904,0.18108208,-0.4381679,-0.13490053,-0.6079022,-0.9991158,-0.64413613
2007-06-26,143.0502109496252,0.077434584,0.19916826,-1.0058168,0.03252189,-0.9799579,-0.17966895,-0.120612815,0.25162777,-0.46225914,-0.6523929
2007-06-27,143.0550283807919,-0.023137841,0.19820337,0.652592,0.7149522,1.4230624,0.92698365,0.96540034,0.5467172,1.4429065,0.55051386
2007-06-28,142.8401957358991,0.2997748,1.0289726,-0.5480495,-0.11706117,0.3720344,0.3172085,-0.13380478,-0.050978374,-1.0206121,-0.17285565
2007-06-29,144.04049500603662,-0.6361505,-0.021624235,0.3941827,-0.7922583,-0.4559227,-0.34772322,-0.23203558,-0.17141508,-0.33511293,-0.40196666
2007-07-02,143.43810339397024,-0.28520435,0.049755845,-0.36211914,0.5434801,0.5067149,1.1661432,0.5212891,0.4950351,0.6530038,-0.108497776
2007-07-03,143.45096404656516,1.1045054,0.35228446,1.8325318,0.5592511,0.33762896,0.7073315,0.11566128,-0.17080276,0.01037124,0.45982477
2007-07-05,143.48524811653613,1.0116274,0.45506558,1.643704,-0.094834924,1.0584644,0.058986343,-0.18857767,-0.44396555,-0.48026827,0.110274695
2007-07-06,143.81951710866664,0.6322145,0.15362659,-0.23934346,-0.07363006,-0.31126767,0.20374043,0.22546911,-0.050877556,-0.23541664,-0.025392178
2007-07-09,144.13921910619965,-0.14386444,-0.056575775,-0.71046513,-0.24079807,-0.7135384,0.6135543,-0.20204787,-0.08366598,0.354817,-0.42856652
2007-07-10,144.31170746303619,-0.35191867,-0.26708433,0.52316684,-1.1709961,-1.2666477,0.058099557,-0.27152333,-0.51166475,-0.90077215,-0.4928667
2007-07-11,144.106044926018,0.25022572,0.7637409,-0.08901929,0.308916,0.639267,-0.7864555,-0.07808788,0.5951461,0.33352005,0.38202387
2007-07-12,144.26756165094307,0.03420532,1.7468446,0.4107241,1.1853428,1.3208027,2.9245048,0.80026877,1.4135959,1.7034808,0.61017746
2007-07-13,144.6707516223625,-0.60309994,0.12856442,0.9918853,-0.55086523,-0.33521622,-0.021464398,-0.14625484,0.0106979525,-0.732517,-0.49387565
2007-07-16,144.62834329677904,0.68601704,-0.021439089,0.0077524506,0.4051554,-0.6032887,-0.0018218887,0.42370433,-0.43170193,0.24834815,-0.24031565
2007-07-17,144.29772462470515,0.71564955,-0.2887188,0.13618168,1.5092108,0.4091658,0.779491,0.070175946,-0.09454217,2.656763,0.29154393
2007-07-18,144.38398354805784,0.12696664,-0.50937074,-0.33271033,0.25156146,0.008253018,-2.4847784,-0.9741763,-0.020517249,-0.40495175,-0.16869625
2007-07-19,144.5033021941655,3.3070207,0.81648463,0.44757175,1.1463082,0.42973852,0.44307357,-0.24268064,-1.9794371,0.18498966,0.67903036
2007-07-20,144.59541348340088,-0.83459836,-0.60643065,0.9716357,-0.72689605,-0.04504053,-1.4168168,-0.61655766,-0.48051783,-0.81663895,-0.6801616
2007-07-23,144.5558192299663,0.99888355,1.0924873,-0.11524591,0.02833599,0.3727143,0.38952154,0.15723005,-0.37216637,-0.13324398,0.6047975
2007-07-24,144.56042057723755,-0.24488209,-0.8503937,-2.6689134,-0.8152179,-0.4365864,-0.35609993,-2.5093434,0.27173784,-0.38705984,-0.6984123
2007-07-25,144.81675151161602,1.2318264,0.22863762,0.60566837,-0.21324329,-0.22801864,-0.02506639,0.39704823,-0.79581064,0.91927445,-0.17758454
2007-07-26,144.37156621035942,-1.1815044,-0.42250106,2.4046612,-1.5330476,-1.5919063,-1.014465,-1.2669882,-0.5115378,-0.42853674,-0.6573912
2007-07-27,143.9557905373808,-0.7344651,-1.211032,-0.70391256,-1.2780486,-1.1412476,-0.95006996,-1.2069384,-0.5612702,-0.178936,-0.94927293
2007-07-30,143.8846567732468,-0.87408453,0.8647074,-0.7905169,-0.010365052,-0.18266451,0.70590335,1.1389178,0.8790253,0.9546812,0.4030901
2007-07-31,145.3213544285432,-2.8690226,-1.0079491,-2.97283,-0.89861965,-1.3466508,-0.45684618,-1.2051582,-1.0891621,-0.042482223,-0.7350607
2007-08-01,145.2745838355302,0.90806293,1.4350177,0.88428473,0.625683,1.7784116,0.42395207,-0.19827424,-0.39230847,0.81952435,-0.8608544
2007-08-02,145.26671835346508,0.7534313,0.5759306,0.34423897,0.4307366,0.73703617,1.0967133,-0.51569575,0.64723927,-0.37286645,-0.18007666
2007-08-03,145.39592256928378,-1.0574299,-1.138104,-1.5032521,-1.2130573,-1.2310867,-0.55000424,-1.7399858,-1.5537512,-0.33009684,-0.93920094
2007-08-06,145.67882819035208,1.3281873,0.046263807,0.9312929,1.1882476,1.0602388,0.5033612,0.34208193,1.0697924,1.3090249,0.5567082
2007-08-07,146.11297914930017,-0.3519617,0.2974246,-0.16659929,-0.010600446,-1.1424671,0.03650043,-0.07833952,-1.5733703,-0.60534555,-0.07323756
2007-08-08,146.2797428742323,-0.20393306,3.1955454,-0.40772408,0.8922884,1.3174578,1.1836958,-0.51436615,-0.5065719,0.6668285,0.7286978
2007-08-09,146.8208026305507,-1.7094836,-0.4604461,-2.4710393,-1.465499,-0.3589783,-1.5552268,-1.025026,-2.4341495,-1.3188547,0.4158274
2007-08-10,146.13507604782998,1.2768668,-0.036764205,-0.5486823,-1.2762203,-0.33611846,0.1640651,-0.14206658,-0.50629497,-1.2854581,0.19945094
2007-08-13,146.32995846072996,-0.047429744,-0.9133449,0.7937206,-0.2016642,-0.79334867,0.12118046,0.048985653,1.1807739,-0.3346179,-0.34808645
2007-08-14,146.27946116791213,-0.5691078,-0.9461345,-1.3104665,-0.59067404,-1.0779712,-0.43203154,-0.4133202,-1.5070745,-1.0931146,-0.5441984
2007-08-15,146.11362105993987,-0.6878429,-0.5813745,-1.4728119,-0.40054384,-0.54048866,-1.2196777,-1.1125054,-2.2697737,-2.1642833,-0.35258797
2007-08-16,145.89974982883427,-1.2190379,-1.0599971,-1.0756754,-0.6678207,-0.1818974,-0.22723818,0.26327455,1.0000054,-0.15946266,-0.34427294
2007-08-17,145.28531221305488,0.78608793,1.1350977,1.5987571,0.9382653,0.51505965,1.3439416,0.8219609,0.6853278,1.0371298,0.2588891
2007-08-20,145.65607808339283,-1.3267511,-0.40331277,-0.047673933,-0.00963942,-0.7383406,0.9105825,0.52395743,-0.24650732,0.24257544,0.31631353
2007-08-21,145.60900352149676,-0.2308006,0.5428403,1.6360075,-0.44659057,0.3757144,-0.43020955,0.25159696,-0.75985116,-0.32238224,-0.74577177
2007-08-22,145.76299067710218,0.6074872,0.24201834,1.4392282,0.2961244,0.068015136,0.58810353,0.6216811,0.38035664,-0.7277999,0.54360217
2007-08-23,146.23098253821522,0.9546223,-0.0045553097,-0.5432294,0.1417903,0.06740494,0.2047946,-0.04743925,0.6525984,0.22223674,-0.28870165
2007-08-24,146.09321743807408,1.1830953,0.72707045,1.1864303,1.0622857,1.4754366,1.1999106,1.293588,0.36828613,0.29102874,-0.31038642
2007-08-27,146.39709565023236,0.04437783,0.57237846,-1.0241629,-0.71288633,-0.28376365,-0.6665793,-0.97369665,0.3391477,-0.7260909,0.29320768
2007-08-28,146.3184403046071,-1.1233152,-1.1332308,-1.7990019,-1.243794,-1.4264278,-0.99418837,-1.6945807,-0.9769081,-1.1712617,-0.05421267
2007-08-29,145.9990960107498,1.7264436,0.9322147,2.1552093,1.4001806,2.0100822,2.3833053,1.2770686,1.3823841,1.2834873,1.2656693
2007-08-30,145.98685615832568,0.46182233,0.66236824,0.54995656,-0.3322243,0.14122432,0.42075777,-0.4023002,0.1009823,0.4787667,-0.1451339
2007-08-31,146.48426175841655,0.81586874,0.74581325,0.5571232,0.5658907,0.11360666,0.9738487,0.16862924,0.8809377,0.8637351,0.4017312
2007-09-04,146.86673810476572,0.9268647,0.59598964,1.5273851,0.13767222,1.0663484,0.8784846,1.4248545,0.04881326,0.8672966,0.5559602
2007-09-05,147.25059574926783,-0.30671623,-0.17396672,-2.233485,-0.72779,-0.04410244,-0.3346184,0.17537557,-1.3930751,-1.1778265,0.16913225
2007-09-06,146.93226899551783,-0.27371246,-0.60821044,-0.621834,0.8781281,-0.55687016,0.34817922,0.8811812,-0.22828479,-0.017839368,-0.14262706
2007-09-07,147.30816039691103,-1.5173259,-0.5204441,-1.0835139,-1.0217214,-1.054159,-1.3039519,-1.1873136,-1.2450273,-1.3419943,-0.83485115
2007-09-10,147.1742979451318,0.07646031,0.32361066,1.3897052,0.053954467,-0.043430883,-0.20434138,-0.19810212,-1.5186423,0.19499463,0.13436535
2007-09-11,147.14218368338993,0.96794903,0.6300423,-0.4631871,0.91800064,0.68415695,0.65398526,0.6649964,1.4812347,0.17017965,0.37838686
2007-09-12,147.62211236939802,-1.0210319,-0.6083508,0.3040557,-0.031046074,0.13586555,-0.362156,-0.9719644,-0.2688379,-1.192844,-0.075955175
2007-09-13,147.66519318835805,-0.13062243,-0.44245,0.0032591864,0.44574988,-0.30015558,-0.18458109,-0.40995976,1.5082448,-0.062891036,-0.5557722
2007-09-14,147.7200211750668,-0.66317374,0.05790669,0.37204307,-0.2791718,-1.054725,-0.8135931,-0.4120536,0.22034867,-0.63685185,-0.018824311
2007-09-17,148.01069204762368,-0.51987696,-0.11444334,-0.21680076,-0.67486024,-0.19983421,-0.12799253,-0.23085551,-0.6138008,-0.13473207,-0.4437399
2007-09-18,148.41567535763224,1.3596661,0.8191956,0.62711614,0.38353172,1.7511734,1.1667386,0.16485415,0.86944336,1.753343,0.49768564
2007-09-19,148.26937142154628,-0.06829307,0.056693215,-0.1430276,-0.5711304,0.20775138,0.57198113,0.64513165,0.19164777,-0.06342914,-0.0008148906
2007-09-20,148.61047667265413,0.034290943,0.16406953,-0.23221079,-0.5530848,0.42922845,0.29128823,0.73859257,0.49496642,-0.27187335,-1.0789098
2007-09-21,149.41783117048487,-0.14895998,0.11759198,0.99211055,0.44593468,2.195028,0.15221755,1.1599433,0.24446645,0.558144,-0.9210161
2007-09-24,149.55917253969187,-0.45560086,-0.6651005,1.0425597,0.8490813,-0.5172533,0.24951969,-0.30969363,0.8373009,-0.68436444,-0.5458765
2007-09-25,149.62684920326805,0.08289064,0.8383443,1.2149477,0.9355117,0.28648764,-0.14172691,-0.39800468,-0.1956478,-0.15577713,1.0756426
2007-09-26,149.74635448396597,0.44175243,0.8086234,-0.20788549,-0.15051322,-0.46980515,0.07337759,0.008446326,0.68683624,-0.85689515,0.51548135
2007-09-27,149.7838869096112,0.18245447,0.33729252,0.35575244,-0.050724804,-0.4011292,-0.26023424,0.6284611,-0.10435857,-0.039252345,-0.07363158
2007-09-28,151.7270809095253,-0.032371406,-0.16737385,-0.36936796,-0.08936601,-0.020016994,0.22904512,-0.36658624,-0.05909466,-0.085963145,0.08257043
2007-10-01,152.30756750053177,0.72455657,-0.22702214,0.6500732,0.5718994,0.67552614,1.020419,0.2371555,-0.28295082,1.3650004,0.19805738
2007-10-02,151.90697398545208,-0.53679687,0.010514159,0.44291297,-0.16638927,-0.34479326,0.05207019,-0.33764052,-0.2162714,0.5681533,0.09800774
2007-10-03,151.18357572595883,-1.4109812,-0.8607925,-0.23455925,-0.5220544,-0.7255157,-1.072761,-0.8331569,0.23276126,-1.9385666,-0.33448428
2007-10-04,151.24124722689055,-0.57576394,-0.47608417,-0.53140396,0.48021713,0.38012794,-0.38036877,0.052360594,0.47435054,-0.46047848,0.13440652
2007-10-05,151.29351637833688,0.32193527,0.73927546,1.2267108,0.22306913,0.9076419,-0.08554802,0.4141789,0.54403234,1.0284722,0.23986146
2007-10-09,151.64001331267468,0.26116145,0.5334099,-0.11106401,0.471763,0.09087886,0.38684377,0.18112603,-0.22550394,-0.66889703,-0.12608843
2007-10-10,151.76292904334423,0.12024096,0.26209855,-0.35744768,0.21871598,0.69228756,0.11121909,-0.3681718,-0.48212245,-1.2009104,0.4250825
2007-10-11,151.9774483911347,-0.47150165,-0.71804583,-1.2193967,-0.6446199,-1.0950001,-0.8546436,-1.7879833,-1.0290619,-0.25413734,-0.18618341
2007-10-12,152.34828300668406,-0.25193325,0.16014232,1.1329939,0.46739522,-0.11170042,0.2706976,0.15992299,0.68700564,2.0776653,0.43428516
2007-10-15,152.43102096671296,0.054687098,-0.213307,-0.16414903,-0.2785891,-0.9067962,0.42693105,-1.5452265,-1.0774127,-0.687414,-0.45914653
2007-10-16,152.50024184712376,0.9461873,-0.77325886,0.52575713,0.50251716,-0.8042335,-0.5005551,-0.094441056,-0.61007106,0.076853685,-0.1419194
2007-10-17,152.33275641543605,-2.6437364,0.2386439,0.64978683,1.3937706,-0.6748447,2.4359949,0.86296356,0.5622331,1.669008,0.15034936
2007-10-18,152.00387508707766,-0.76133084,0.3125243,0.07617214,0.11787245,-0.20858553,0.5039599,-1.0363992,-0.12684909,-1.795634,0.85984343
2007-10-19,152.0394345813335,-1.8388704,-1.8253456,-0.8229284,-1.8928128,-1.7013172,-1.2399052,-0.82032657,-1.3305311,-1.9062233,-0.81866485
2007-10-22,151.99004623770034,0.6680271,-0.2223322,0.8249219,0.61624926,1.0211552,0.68269897,0.46247405,0.5593777,0.7737458,0.6112794
2007-10-23,151.8573021141305,0.81216407,0.24622975,2.5478952,0.7033933,0.5282045,0.33591035,-4.64249,0.20705897,0.055918362,0.41719007
2007-10-24,152.03985540463955,-1.2883991,-0.457164,-0.14890654,0.6192171,-0.70888746,-1.4809494,0.08850752,-0.0351933,-1.0391406,0.09826694
2007-10-25,151.6241201881643,-0.19039908,-0.14523335,-0.789654,1.3246484,-0.50109214,-0.20100887,-0.4146612,-0.5424904,-1.9521633,-0.7746263
2007-10-26,151.6799524315958,0.5472985,1.1024206,0.3233538,5.2231774,0.77328116,0.13067552,0.57358146,0.52896243,-1.3539579,-0.27664283
2007-10-29,152.19643618890206,0.64433485,0.7596591,-0.013623256,-0.7917746,0.91953623,0.6528789,0.8634251,0.24914712,0.19559485,-0.10781732
2007-10-30,152.44535115322313,-0.55874085,0.28288785,0.31616879,1.6083547,-0.39257237,0.051802564,-0.12830013,0.07740543,0.42152357,0.35050938
2007-10-31,153.87360977713408,1.2677387,0.65284795,0.53445464,1.9143335,1.1666079,1.2285514,0.6377315,0.9684166,0.5393139,0.17954648
2007-11-01,154.19105264168397,-1.7697054,-1.3400594,-0.63642967,0.35284328,-0.9964126,-0.72490513,-0.8948756,-1.7087117,-1.7006223,-0.9081972
2007-11-02,153.56571575228932,0.55378515,0.48131984,-0.0059131403,-0.030290196,0.5517984,0.60055196,-0.06277106,-0.035139013,0.14507328,0.6840288
2007-11-05,153.6694218813066,-0.9076857,0.83314145,-0.46394354,-0.538757,0.024868393,0.32057753,0.035628706,-0.6547744,-1.0411049,-0.25298727
2007-11-06,153.9300816650776,-0.2493558,1.4405136,1.1020555,-0.5265811,1.6256359,1.2400699,1.598973,0.7206302,-0.37317932,-0.16299176
2007-11-07,154.3483283959413,-1.2690032,-1.9680352,-1.2731161,-1.4289353,-1.6840677,-1.0638477,-1.6102962,-0.5137095,-1.3597447,-1.3127267
2007-11-08,154.44110459036565,-3.6624699,-4.9208837,-2.52093,-1.2841805,-4.1712728,-1.8225013,-0.5556808,-1.7579817,-0.08550655,-1.0741508
2007-11-09,154.3085474725257,-4.5256987,-1.7855549,-2.496222,-1.6983454,-2.5501103,-1.5104983,-0.42697686,-2.1030445,2.020004,-1.678965
2007-11-13,154.1928241089962,2.7966132,1.6845323,3.9529374,1.9586527,2.6301558,1.5410571,0.6883207,2.2154222,0.8558967,-1.3492643
2007-11-14,154.1803117368747,-1.460202,-0.7224366,-1.0251745,-0.907514,-0.898798,-0.5317806,-1.3875989,0.95595986,0.4296341,0.046180394
2007-11-15,154.56504153874795,0.030510513,-0.69885075,-0.54154235,-0.31357834,0.52243674,-0.59740406,-0.38595074,0.80599314,0.06790446,-0.29438227
2007-11-16,153.6319542345732,0.8028174,1.0403159,0.4125731,0.5229055,0.8572121,-0.0077962745,1.3529681,0.53941685,-0.91094756,1.1811996
2007-11-19,153.5251276387908,-2.0348268,-0.86097944,-0.69590265,-0.24776168,-0.7207376,-0.645967,-1.4772941,0.35062286,-0.7405466,0.15188085
2007-11-20,153.09686626852553,0.82362825,-0.6731692,1.0918838,1.0033315,0.32406592,0.7300948,0.0061071087,-0.5582019,-0.35046268,-0.26387146
2007-11-21,153.331071271213,-1.0054137,-1.3711296,-0.19210504,-0.6103495,-1.2441145,-1.7616571,-0.6273685,-1.1078222,-0.61923593,-0.53395915
2007-11-23,153.47516009135535,1.2982982,0.73882365,0.6339916,-0.23026577,0.18143134,0.9265028,0.38365307,-0.010624901,0.79130924,-0.041087877
2007-11-26,154.2398166618765,-1.6673303,-2.093409,0.13667016,-1.95324,-1.5855922,-1.3982818,-0.9398162,-1.6895938,-1.445372,-1.0523323
2007-11-27,153.9635944517708,1.3223922,-0.036486037,0.43009245,0.12434435,0.41361025,1.5422367,0.43868086,0.6721312,0.85229284,0.05552085
2007-11-28,154.3886287276836,2.526609,0.96900165,1.1344336,1.0530853,1.4627144,2.1571798,1.9102111,1.8450646,1.5052577,0.79041594
2007-11-29,154.72227766128387,0.0044130143,0.15575689,0.8051299,-0.21440285,-0.13806573,0.31939483,-0.12904325,-0.17156085,-0.23953404,0.55181456
2007-11-30,156.65573069541657,-1.7781883,-0.24406509,-0.55558014,-0.013526619,-0.787328,-0.46978664,-0.5622721,-0.82433903,0.19577123,-0.650644
2007-12-03,156.6125633400326,0.3889826,-0.80895996,-0.8519516,-1.1646708,0.08104786,0.3574007,-0.079588875,-1.0474764,-1.716947,0.3913269
2007-12-04,156.33415831005055,0.4954108,-1.111494,0.116521426,-0.284039,-0.57664484,0.14529333,0.13736147,-0.8037443,-0.37604654,0.45632875
2007-12-05,156.87947684683675,1.0146699,0.91537607,1.1645061,2.2543736,2.758493,1.7427119,1.040755,1.2682964,1.5810987,0.40328786
2007-12-06,156.8680827567255,1.0062412,0.5301162,0.86267096,0.6149483,0.39451635,1.4171387,-0.25925967,-0.04488388,-0.26456878,0.44796532
2007-12-07,157.17233116867243,-0.68218786,-0.6189531,0.8199092,-0.062042788,-0.7064887,-0.42231244,0.2627929,-0.43021098,-1.0443307,-0.247613
2007-12-10,157.605214131573,0.28758854,0.35440513,-0.116594434,0.3356987,1.0737896,0.12015956,0.2281984,0.43320388,0.82207423,0.11065007
2007-12-11,157.98240046073224,-1.7978431,0.61354977,-1.2997849,-1.0829183,-1.3597623,-1.5347731,0.33881232,-0.545323,-1.4642752,-1.2612469
2007-12-12,157.6065925208358,0.97330403,1.3227705,0.39815223,0.5644276,0.6241589,0.67954314,0.6210319,0.8701471,0.62318325,0.13342875
2007-12-13,158.018623358083,-0.29348037,0.42106315,0.1079121,1.1520085,0.4782734,-0.1926581,0.109766856,-1.4282478,-0.89828587,0.20913431
2007-12-14,158.094417821117,-1.8237212,-0.7109455,-0.40343934,0.11009935,-0.9930449,-1.6092535,-0.39602232,-0.6606709,-0.88529485,-1.6715553
2007-12-17,158.30658346384442,-0.99525684,-1.2243994,-1.395054,-1.4766479,-0.6615053,-1.0739197,-0.20679826,-0.40248182,-0.62579215,-1.1992499
2007-12-18,158.490916825231,1.2132778,0.33042753,-0.4114762,0.524223,0.64752525,0.39924625,-0.07980405,-0.5740888,0.29423746,0.9238733
2007-12-19,158.53853805090972,0.5120152,0.051869158,-0.06661154,0.048747275,-1.1920438,0.569673,-0.35083616,-0.62811774,-0.40962237,-0.24448197
2007-12-20,158.50713195663047,1.1252491,0.13809094,0.79902536,1.1063498,2.9628072,0.44978255,0.5714542,0.92886215,0.93607223,0.16737086
2007-12-21,158.7588206651375,1.4597446,0.531512,1.3302195,0.7942612,1.2517643,1.065583,0.46981144,0.9070175,-0.16459395,-0.091969
2007-12-24,159.2971965950653,0.32777143,0.18693575,0.9144887,0.74924064,0.042665225,0.67703277,0.41776288,0.3185742,0.4702526,0.4803268
2007-12-26,159.382187494528,-0.14777096,-0.5978183,-0.06687997,0.014662982,0.44152185,0.28550434,-0.11087396,-0.12588999,0.02023714,0.1432308
2007-12-27,159.92666303005726,-1.4435819,-1.0410049,-0.17524719,-0.9855822,0.02036847,-1.1200801,-0.7973609,-0.7952367,-1.2242365,-0.77961475
2007-12-28,159.76119569368822,0.2564608,-0.4221893,0.15971985,0.195854,-0.20907755,-0.10308631,-0.31600183,-0.22117276,0.20954019,0.41602194
2007-12-31,161.73907477456362,-1.4734687,-0.8901765,-0.45610482,-0.8066975,-0.87455255,-0.16087152,-0.2223631,-0.35178038,-0.37753215,-0.27003086
2008-01-02,161.52754585267604,-2.5274298,-0.97963446,-0.76982474,-0.6055017,-0.2519749,-2.5024402,-1.7680684,-1.248437,-1.0296464,-0.98877954
2008-01-03,161.00043773733185,0.068532035,0.36719003,-0.07852613,0.19883771,1.2331829,-1.3380775,-1.2526098,-0.69308037,-0.93856025,-0.027944569
2008-01-04,161.26831788295942,-2.876617,-1.1775489,-3.3339088,-1.5550698,-2.3390553,-4.2180243,-1.9671406,-1.1794955,-1.010315,-1.3839141
2008-01-07,161.09308707747587,-0.9039982,0.0019165584,-0.6464245,0.32875368,0.41072598,0.49050438,-0.14936344,-0.83093834,-0.19801499,-0.20877095
2008-01-08,161.11479036856986,-1.9846692,-1.3394333,-1.5901861,-1.8631687,-2.4764512,-1.3521672,-0.06279515,-0.68615717,-1.2346133,-1.0474523
2008-01-09,161.60687381896716,0.47626826,1.5104293,1.7989335,1.5339065,0.9592819,1.1202707,-0.114816725,2.1974728,0.8084809,0.12645344
2008-01-10,161.52468074576367,1.1542488,-0.016614165,-0.4121919,-0.20146066,0.091337495,-0.43841404,-0.16688146,0.15698609,-0.77436656,-0.29501018
2008-01-11,162.08251396349607,-1.8166314,-0.70794183,-1.3380666,-0.6879602,-1.34598,-1.2129327,-1.0088378,0.69257444,-0.08436833,-1.2382553
2008-01-14,162.145071688728,3.907212,0.7676972,1.317657,0.72134244,2.0438628,2.454805,0.7962925,1.5428343,1.171467,0.3147508
2008-01-15,162.33038204237482,-0.90028054,-0.838146,-2.3850203,-0.6387081,-1.6974192,-0.8284525,-1.2759641,-0.8579953,0.22437823,-0.63524854
2008-01-16,162.38612991276597,-0.23273724,-1.3530293,-2.4340208,-1.2523882,1.2721099,-6.6074567,-0.47297657,0.63046426,1.2124339,-0.3109041
2008-01-17,162.1316583481783,-0.4813186,-1.6304504,0.22117002,-0.22319344,-1.1763467,-1.3811736,-0.45775506,-1.1578878,0.21421978,-2.2537806
2008-01-18,162.08856923754647,1.6281749,-0.0765507,0.021836562,-0.19156954,0.31241807,-0.837317,0.22562991,-0.9500587,1.2234348,-0.3258392
2008-01-22,162.0862324532475,-1.7050413,-1.6879493,-1.5705216,-1.7579914,-3.1440997,-1.0140191,-0.94840866,-1.8585973,-0.13706248,-1.5071212
2008-01-23,161.69401656100325,3.5035686,1.111015,-4.6890106,-0.08020906,0.84432733,3.5929656,2.273667,-0.47281748,0.1785988,0.278856
2008-01-24,161.36664780487823,0.4958217,2.1246321,-1.1274195,2.1452162,-0.062337615,1.7805878,0.12871696,4.514413,-0.45331663,0.21167995
2008-01-25,162.46874053864929,-1.8015063,-1.8135511,-1.8168846,-0.5295023,-0.8245042,-1.6752272,-1.1864483,-0.5680628,-1.5314773,0.11340033
2008-01-28,162.44588550907696,0.25052562,-0.21798876,-0.09720408,-0.38735428,-0.10851863,0.74903065,0.8519157,0.49173343,1.3365206,0.22706123
2008-01-29,162.94077600455404,0.72256863,-0.09711124,0.38121727,-0.22532108,-0.505737,0.5428962,0.18142945,-0.32207894,-0.8021007,0.30598775
2008-01-30,163.01227719628474,-0.40525937,0.5869948,0.10131047,-0.6863659,0.40541357,0.48912215,0.74870074,-0.11339968,0.55428606,0.3116371
2008-01-31,164.79545814271913,0.95426446,0.2630683,0.87895787,0.6204848,0.5793255,1.008674,0.09065372,2.3317626,-0.08401409,-1.1259613
2008-02-01,164.59070744589906,1.2945073,0.850378,-0.58800864,-3.6276093,0.2335284,1.5921172,0.88476205,-0.33312604,2.3801563,-0.5650357
2008-02-04,163.61029631082883,-0.88488424,-2.2524297,-0.7451083,-0.48436952,-1.1642256,-1.3043498,-0.68776083,-0.47997656,-1.0971442,0.6657969
2008-02-05,163.68039523833636,-2.151465,-1.1739304,-0.8157253,-2.0328598,-2.2981834,-2.2921114,-2.5466897,-1.3714359,-1.0668709,-1.4113855
2008-02-06,163.2323532680458,-0.83271253,-0.39434388,-2.4936996,-1.0443295,0.95337975,-0.47480822,-0.5266429,-1.3370767,-1.7341241,-1.4089633
2008-02-07,163.85532235801483,-1.000703,0.6125435,-0.35310373,-0.7775223,-1.2193878,0.3520264,-0.5849099,1.4086373,0.3734977,-0.252026
2008-02-08,164.2402874198383,0.60204,0.31599787,1.3123388,0.79033184,-0.085607946,0.57269907,0.6210256,1.0170721,0.6595965,0.5319969
2008-02-11,164.22367570338534,1.2746476,-0.05731091,1.1800089,-0.68130416,0.54461956,1.029481,0.910746,-0.15696408,1.3691225,0.6071742
2008-02-12,164.1251430819865,0.9111975,-0.20252888,-1.5769076,0.21315727,-0.13359036,0.55620694,0.18191427,-1.1299897,-1.016369,0.47820422
2008-02-13,163.84757437824675,1.2486824,1.2753403,1.3660089,1.1157384,0.53883874,0.7640803,0.85341465,1.117667,4.5009117,0.55309284
2008-02-14,163.68057256126244,-1.6984422,-1.1001843,-0.71571165,-0.8781795,-1.4424584,-1.7791502,-1.1713995,-1.3779386,-1.8262689,-0.13813843
2008-02-15,164.048683033355,-0.060480382,-0.49400976,-1.0173264,-0.17849852,-0.061295904,-0.839229,-0.23816131,1.4088346,-0.45502752,-0.3986014
2008-02-19,163.93872447889768,-0.91313547,-0.9012772,-0.9105646,-0.29216188,-0.23354733,0.15033454,-0.6627907,-0.3681056,-1.4954532,0.14382163
2008-02-20,164.66488328629143,1.9400406,0.66005445,0.45019442,0.06360323,0.9350074,0.56936884,0.8170638,1.4675615,2.3070302,0.059359733
2008-02-21,165.01978244331156,-0.7269668,-0.036698364,-0.8604647,-0.25412017,-1.3750716,-0.17183758,-0.69494826,-1.1256917,-0.47390315,-0.37465906
2008-02-22,165.1321874360176,0.71833676,0.83712023,-0.80624044,-0.82186025,-0.03622606,-1.1737537,0.28896332,1.053834,0.88473606,0.22473167
2008-02-25,165.18367832602195,1.3078011,0.39496315,-0.0008244429,0.273129,0.111325994,0.32757992,0.28639606,0.17845589,-0.15591414,0.3642223
2008-02-26,165.57963427507542,2.8035114,0.5333469,-0.3001811,0.97829336,0.52384573,1.8744718,1.2437387,-0.17530511,0.39341062,0.23756057
2008-02-27,165.83700571245623,1.2749989,1.7317175,1.1985214,-0.25198582,-0.10904005,0.21805696,0.37606633,0.22101843,0.50580823,-0.50805837
2008-02-28,168.76152166672637,-0.8629024,-0.5839418,2.1846216,-0.63834214,0.46308795,-0.65576667,-0.75970167,-0.5926715,-0.71752733,-0.21296035
2008-03-03,168.17302250994513,0.16389202,0.0050052097,-1.2016213,-0.43226665,0.30542815,0.12363466,-0.13395526,-1.509188,-0.7989072,-0.9371893
2008-03-04,168.12463457220574,0.88305634,-0.23489112,0.8748547,1.1113342,-1.3143866,-0.0014935612,-1.2618278,0.012882861,3.3657856,0.1330677
2008-03-05,168.00380294384726,-0.28544447,-0.055086996,-0.14014955,0.95818603,0.8295263,0.52155083,0.7805628,0.23820364,0.3303578,-0.7991112
2008-03-06,168.58637864390374,-1.9565167,-0.68126214,-1.3002472,-1.0536317,0.97814465,-0.8007758,-1.0694346,-1.3082534,-0.93766016,-0.038337603
2008-03-07,168.3122432573059,0.8578496,0.3294976,0.35293096,0.5313821,-0.61270505,0.52453065,0.100191206,-0.30904493,-0.17689468,-0.005802771
2008-03-10,167.81884821620358,-0.03279988,-0.25787625,-0.9726761,0.30460396,0.61349547,0.1482084,0.54798096,-1.3476492,0.45083103,-0.7666619
2008-03-11,167.55565976430228,1.5310519,2.2829924,2.4681158,2.2028205,0.4865114,2.6406832,-1.6945468,0.20784967,1.3281789,0.6350459
2008-03-12,168.44500179974128,0.29245555,-0.03421872,-0.5289107,-1.1939943,0.3385707,-0.1657658,-0.7854697,0.3000083,0.0059518106,0.7032739
2008-03-13,168.10563158824021,-0.8221539,-0.38425016,0.52602273,-0.048117626,0.31242236,0.4011693,1.1001906,0.49440962,0.09498398,-0.13595684
2008-03-14,168.2410733560671,-0.5176796,-1.2597356,-0.52992094,-1.24061,-0.8072409,-1.4559374,-1.5802548,-1.2874285,-1.1653819,-0.83678037
2008-03-17,167.44963152799752,0.12859769,-0.075199135,-0.0577737,0.59913224,-0.6305889,0.48208934,0.7940796,-0.96654445,0.12134072,-2.1409056
2008-03-18,166.42648581443902,1.7556002,2.5026448,1.8377918,1.9990684,1.6840106,2.1404872,1.3754288,1.8483158,1.8348002,1.1520358
2008-03-19,166.90557417780693,-1.0158689,-2.174103,-1.0876263,-1.4681131,-1.134667,-1.5184244,-2.5998116,-2.8221679,-2.0007694,2.986959
2008-03-20,165.6388838801146,0.8086878,0.5773948,1.0295486,0.9867201,1.1589459,1.5684204,0.23841643,0.4263188,0.8865023,-0.4069855
2008-03-24,165.9571689867523,0.3821024,1.6642632,1.7928727,-0.04785269,1.5075772,0.89220744,1.3773344,1.8484613,-0.50994176,1.5855805
2008-03-25,166.66738142582665,-0.76958746,0.19300853,0.32949123,-0.08365469,0.6251032,0.3400845,0.31836495,0.96451986,-0.6496744,0.339255
2008-03-26,166.98047147483922,-0.75578046,-1.8838122,1.0808213,-1.0784589,-0.36819965,-0.9060773,-0.69888365,-0.445719,-0.84087616,0.54553944
2008-03-27,167.1608471769857,-0.97511554,-1.2080189,-1.4897282,-0.968897,-3.5155618,-1.7709304,-0.74322593,-0.98621684,-0.9000337,-1.5831851
2008-03-28,167.16301031609228,-0.69775945,-0.2168645,0.70795476,-0.29068518,-0.20299739,-0.69308174,-0.5457477,0.40197584,-1.1786047,-0.4458324
2008-03-31,169.49399710224628,0.2918774,0.0055801948,0.045308053,0.8325004,0.38694194,0.9522796,-0.21211517,0.9000044,-0.10746533,0.1665175
2008-04-01,169.5429742637459,0.7896796,1.7518693,1.6152534,1.9688765,1.8858138,1.8541585,1.8516027,1.278918,1.3113881,1.5171082
2008-04-02,169.35337775687873,-1.1583267,-0.05369002,-0.66800094,-0.629176,0.11945984,-0.25102603,0.31509367,-0.38824865,1.0445114,-0.8111862
2008-04-03,169.77726486803806,0.7021311,-1.4600168,1.0499659,-0.31403717,0.36230734,0.2053959,0.9670502,-0.1556396,0.5038195,0.39717385
2008-04-04,170.0605322629166,-0.2434021,0.3060464,0.30508623,0.25352257,-0.7936241,-0.11448901,-0.5050212,0.08896457,0.006281591,-0.13014938
2008-04-07,169.94187736512092,0.2752162,-0.9214295,0.6606634,-0.030129228,-0.32948893,-0.25258583,0.2195466,-0.512224,-1.6780384,-0.13983238
2008-04-08,170.17114142128014,-0.10221488,0.026186196,-0.92057556,-0.759952,-0.7639478,-1.5419959,-1.6016569,0.36779773,-1.7096896,-0.17792821
2008-04-09,170.03306249348398,0.24185967,-0.89646864,-0.48034188,0.22033854,0.62300855,0.82258624,0.4784959,-0.72487056,0.34642634,-0.58336
2008-04-10,170.38641358039897,1.1896487,1.030028,0.7509462,0.36058143,0.45643124,1.5395423,0.8975192,1.0979562,1.0896035,0.6461936
2008-04-11,170.61793791693998,-1.8321261,-1.3704469,-2.1479826,-1.5190463,-1.4388269,-1.9168296,-1.2398212,-1.3989694,-2.6294518,-1.15967
2008-04-14,170.20071177976905,0.73785704,-0.16052511,0.08395313,-0.4326415,-0.013341056,-1.2893201,-1.357633,-0.1338858,-0.6248741,0.21007553
2008-04-15,170.45753339188627,-0.1460316,-0.43411842,0.072080724,0.317329,0.6693381,0.55106235,-0.0811407,-0.28077614,-0.40617394,-0.61909914
2008-04-16,170.76857595976026,1.9820625,1.4802791,1.3742383,1.2290732,1.2530318,2.8569465,1.5369962,1.1068547,1.3393056,0.5605905
2008-04-17,171.4515666236878,1.5095578,0.108360566,0.11762703,0.44640255,0.8720303,-0.023443786,-1.5708177,-0.29855877,-0.49530375,-0.4295574
2008-04-18,171.50836507739916,0.7132774,1.2344714,1.6416641,1.3222322,1.2088,1.006596,1.3904614,0.44011623,-0.18069357,0.10246415
2008-04-21,170.92010447134894,-0.10587284,0.7352341,1.7108269,0.68471223,-0.14273673,-0.17787664,1.663306,-0.012037426,-0.40184563,0.28391784
2008-04-22,170.66817967295663,-0.4827503,0.044328842,-2.1215966,-0.3185624,-0.017335316,-1.0350643,-3.2413816,-1.27407,-1.5828278,-0.56456184
2008-04-23,170.93046398184953,-0.11799406,0.99188054,0.5988637,1.9702768,0.2117167,1.3012786,0.35857418,0.29122418,0.92125857,0.5432432
2008-04-24,170.6403342348739,0.27673933,1.102509,1.4254745,0.53941214,0.14822176,0.30944732,0.89503634,1.3037314,1.046375,0.47622004
2008-04-25,170.63262010873115,-0.7419289,-0.8258334,0.09778388,-3.3216293,-0.93690956,-0.26506767,-0.15287009,-0.0023781403,-0.4731667,-0.60245985
2008-04-28,170.6013561482711,-0.9183944,-0.49241263,0.5157828,-1.5004417,-0.22834921,0.35349464,-0.26143995,-0.03482951,-0.3532979,0.18350925
2008-04-29,170.8183108812477,0.6268364,0.2921984,0.57900995,-0.65499073,0.46690986,-0.17638993,0.4578684,0.41470727,-0.058728952,0.4520248
2008-04-30,173.03245203234331,-1.374268,0.23413458,-0.36252227,-0.24518162,-1.9905466,-0.7806285,-0.9838841,-0.6988281,-0.9236904,-0.52675706
2008-05-01,172.75566104474902,1.6808065,1.9069477,1.3409672,1.5249531,1.9993728,2.281109,0.7134813,1.1565105,1.9915267,1.4818888
2008-05-02,172.53989025951927,-0.33163035,0.13213716,0.12184721,-0.30980316,-0.7067241,0.6395174,0.09759382,-0.11988638,0.36841813,1.1138648
2008-05-05,173.03914557164327,-0.76488286,-0.87845916,0.7757784,-0.3110655,0.025400173,-0.3857125,-0.85554886,-0.51038074,-0.653731,-0.28939617
2008-05-06,173.0903501369602,0.40075716,0.0789248,0.34061688,1.0485246,-0.16359712,0.72504365,0.58537203,0.5642971,-0.25081697,-0.00372461
2008-05-07,173.26498727124977,1.0125431,-1.0436422,-1.0262089,-0.8809892,-1.1435914,-0.8554995,-0.29679826,-1.155971,-0.39612845,-0.97497535
2008-05-08,173.0575187888055,0.38680375,-0.16543224,0.46873492,0.074556425,0.17776689,0.5143855,0.36624125,0.5068131,0.5172742,0.5778612
2008-05-09,173.27842410676269,-0.58237046,-0.41401193,-0.46537796,0.17869581,-0.27325937,-0.043276455,-0.0102052465,-0.49116302,-0.6107978,-0.18613665
2008-05-12,173.22081594984078,0.6224115,0.651519,0.97105837,1.0028679,1.0260423,0.5947183,0.13183698,0.87092733,1.2956917,0.38647267
2008-05-13,173.41345290069057,0.70872134,0.08060786,0.30433896,-0.20179664,0.276284,0.2736721,-0.17021774,-0.1508904,0.034211017,0.038619347
2008-05-14,173.41109450200886,0.4701295,-0.27828524,-0.9265554,0.22631052,0.17021282,0.18865871,0.9217778,-0.5500866,0.010577434,0.20854244
2008-05-15,173.48641635636568,0.46610624,1.3871627,0.6814425,0.8497333,0.12776758,2.3341975,1.4820008,0.8206607,-0.6948649,0.7990695
2008-05-16,173.72582703307972,-0.4407639,0.0047622523,-0.5693013,-0.8079864,-0.45234936,0.08056813,0.64164907,1.8369042,-0.24902673,0.124472246
2008-05-19,174.08170075247932,-0.84125894,-0.27206036,-1.0128541,-0.9406851,1.475474,-0.21998852,1.1405709,0.35634407,-0.24954411,0.18836938
2008-05-20,174.13846770100386,-0.8375291,-0.98578674,0.4292598,-1.2579116,-0.60449666,-1.5913975,-0.6725837,-1.3736743,-1.0949136,-0.8645026
2008-05-21,174.15511838641004,-0.99370617,-0.9285806,-1.8885002,-0.94369453,-0.36463863,-0.8793195,-0.14762154,0.03301369,-0.5480717,-0.6865996
2008-05-22,174.43768541627335,0.5646986,0.3890237,-0.3689472,0.36511612,0.55176586,0.48246002,-0.5799117,-0.40149435,0.6005516,0.28938958
2008-05-23,174.50714311781076,-0.36765873,-0.9384762,0.87695426,-0.78863597,-0.72969663,-0.97267085,-0.2152324,1.7908573,-0.6926786,-0.21556138
2008-05-27,174.3490542679156,1.7466574,0.930454,1.114074,0.673889,1.314961,0.42396536,0.896416,0.9620668,1.4626108,0.52716064
2008-05-28,174.41846697015882,1.1945075,-0.10898799,0.034282647,-0.49908006,0.19948865,-0.2556903,0.1642403,-0.4430039,-0.13047451,0.6054766
2008-05-29,174.48417356372676,0.023063553,1.2509834,-0.1697409,0.20416369,-0.058296505,-0.68709725,0.26066187,0.7706949,0.13052694,0.67893183
2008-05-30,177.5752613489203,-0.22771817,0.9309311,0.3733239,-0.013100922,0.040448926,0.10481808,-0.44113567,-0.7340157,0.3393741,0.11536191
2008-06-02,177.77279066461813,-1.2420152,-0.69574094,-0.7048212,-0.97283965,-0.372511,0.061577115,-0.675137,-0.8986872,-0.9303575,-0.5601719
2008-06-03,177.7695582104324,0.20288722,-0.0313366,-0.26636794,-0.93477976,0.39416468,-0.5442213,-1.0011386,-0.7843311,-1.286431,-0.032935455
2008-06-04,177.1332870449062,-0.2362798,0.7614297,-0.13910773,0.395407,-0.057799213,1.1805447,0.587952,1.3345543,0.61996096,0.47669983
2008-06-05,177.3081069965219,0.45211837,1.3937088,0.8726357,1.352788,0.46726435,0.8412586,0.01786945,0.8055142,0.061323896,-0.36986187
2008-06-06,177.46182266849868,-2.0970392,-1.8238354,-0.96428967,-1.5070219,-1.4714266,-2.0527296,-1.4107703,-2.254438,-1.075596,-1.3590153
2008-06-09,177.49844673796233,0.46285784,-0.21616474,-1.0389518,0.3741041,0.12140355,-0.28756022,0.07117077,-0.11713558,0.0151380785,0.049680177
2008-06-10,178.10430909358922,-0.024037909,-0.14264528,0.8463821,0.29786387,-0.15699185,-0.1574672,-1.6510439,0.2172978,0.01490715,-0.68449783
2008-06-11,178.24666531670107,-1.6370571,-1.3506951,-1.2322999,-1.4535658,-0.9212429,-1.9346757,-1.249721,-1.1878513,-0.67069995,-0.89663434
2008-06-12,178.55555508212188,0.28238714,0.57635367,-1.9361612,2.024553,-0.48526457,0.5645,-0.4591166,2.516509,1.4448047,0.09690755
2008-06-13,178.66750990122068,1.2642264,0.75570863,-0.31979698,1.4402503,1.4909421,1.3804692,1.0236825,0.8607588,1.6260402,1.324374
2008-06-16,179.11972114244432,0.25132155,-0.19884638,1.0086712,-0.27652484,0.55081093,0.45653376,-0.064444385,-0.50722843,1.4974734,0.024517115
2008-06-17,179.29413004356144,-0.99468124,-0.5759439,1.0105455,-0.2600584,-0.8636604,-0.5975768,-0.5074302,-0.948259,-0.8430027,-1.2695429
2008-06-18,179.2761131572053,-0.61515445,-1.3336178,-0.74144447,-0.63455546,-0.23638268,-0.65003335,-1.0879226,0.35944957,-0.30859727,-0.47137585
2008-06-19,183.80095164425728,0.42825168,0.45500463,0.4306457,0.8020246,0.45707235,1.2770712,1.0154532,1.0882322,0.254442,0.7882842
2008-07-01,184.23104009744182,0.37953088,-0.24558477,1.7795689,-1.2320696,0.59705955,0.22410546,-1.0788903,1.4042776,0.37153795,0.7631108
2008-07-02,184.20337302672667,-0.16725408,-0.6773585,-1.7811356,-1.9455712,-1.0952634,-1.4889505,-0.9402804,-0.8722096,-1.2370992,-0.5732205
2008-07-03,184.1684617350889,0.19822215,0.5904767,0.40998742,0.16417304,-0.25030965,-0.63314563,0.3868622,-0.086519815,-0.32647774,0.4085117
2008-07-07,183.87283099991245,1.0978118,-1.2002437,1.1943036,0.06566836,0.7113308,0.1361909,-0.102067165,0.23138198,0.30830562,-0.6591954
2008-07-08,183.3776738922443,1.3234221,0.66147226,0.9947006,-0.38543716,0.9678926,0.5195354,0.28616947,2.0998437,-0.13086618,-0.15574864
2008-07-09,183.3988959641731,-2.1066039,-2.8977127,-1.4220583,-1.2680852,-1.0396587,-2.7068584,-1.8121839,-1.0423739,-2.5576477,-1.326405
2008-07-10,183.42412112737435,1.5687928,1.2302115,0.5007508,0.4098086,0.32183373,2.0169291,1.0245949,1.4698135,1.159671,1.1270258
2008-07-11,183.51432724295148,-0.6846207,-0.7076839,-1.1238464,-0.43390954,-0.7541614,0.06404632,0.3073785,0.067171924,-1.1700425,-0.40793854
2008-07-14,184.38722487524723,-0.40529618,-1.2032236,0.23449741,-0.23471734,-1.1564839,-0.39787823,-0.826461,-0.5588895,-0.44155693,-0.845139
2008-07-15,184.2324654016926,0.90426165,-0.6181561,-1.1941898,1.9548672,-0.49564192,0.5974679,-0.16152531,-1.0064734,0.68477803,1.1828194
2008-07-16,184.4317657217569,1.5061954,0.12940085,0.7236435,2.086955,0.3599035,0.4952009,1.8177145,-0.007479154,0.54710335,0.9462525
2008-07-17,184.58367405453836,0.26306665,0.9628987,-0.3568565,0.4515944,0.8509656,2.5303895,1.9180905,-1.5091401,0.78440976,0.31969753
2008-07-18,185.19429761818117,1.8098031,0.3096575,-1.8627552,-3.208432,0.6228926,0.24145395,-0.6549876,-0.46426186,-1.0479044,0.27437273
2008-07-21,184.94363997630919,-0.7435501,0.39806747,0.20755984,-0.46847326,-0.2470845,0.014946773,-0.6422989,0.0057791495,-1.2741851,-0.761879
2008-07-22,184.83686011276228,0.6746006,0.12440583,-1.2571093,0.2848132,0.9891444,0.014997877,-8.535345,-1.3103226,-1.1744595,-0.8094208
2008-07-23,184.74801621617664,-0.32891238,0.59455717,1.0507247,1.1980798,-0.24341197,0.48763615,1.3686538,0.66420823,0.38931054,1.1810324
2008-07-24,184.57935083506624,0.19913182,-0.934009,-2.0754714,-1.9792358,-1.2137946,-1.4162275,-2.5758467,7.1829324,-1.7000594,-0.99903834
2008-07-25,184.14184736627223,-0.8783051,1.4865396,0.7547436,1.3898814,-0.056992244,0.7928414,0.18525773,1.6660838,0.052713167,0.06438002
2008-07-28,184.86410689286598,-1.3419788,-1.0135022,-2.2715206,-1.3361683,-0.5498005,-0.76260644,-0.14957644,-0.97159547,-0.9239557,-0.8825472
2008-07-29,184.5265259998056,0.72817373,0.9682938,0.66603833,1.1729201,1.446984,1.2894762,0.8497617,1.197222,0.73319906,0.8013757
2008-07-30,184.55680808814975,0.6030929,-0.5655505,0.68658733,0.20137964,-0.307617,0.015133048,0.37758633,0.5172805,0.48001543,0.088327676
2008-07-31,187.58475395117318,-0.54847294,-0.415762,-0.36348864,-1.040604,0.40279514,-0.076336086,-0.34611726,-0.33642107,0.20868412,0.021892963
2008-08-01,187.57909902809007,-0.8088482,-0.010725563,-0.75609374,-0.59481704,-0.11921233,0.37273654,-0.61308306,0.022624463,0.46776474,-0.19424503
2008-08-04,187.44121578697016,0.45056665,-0.010752484,-1.1002194,-0.35678634,-0.5802688,0.39242005,-0.06080168,-2.3094287,0.79442537,-0.027963372
2008-08-05,187.2537132488515,0.66193575,1.4575763,2.0328088,1.8188803,1.9198906,1.4227933,1.6413633,2.3539817,0.42590833,1.5761316
2008-08-06,187.02153988763487,0.3724389,2.7177582,0.8861521,1.5263199,1.2332709,-0.46587625,0.06718154,-0.22762777,-0.38609946,0.06380461
2008-08-07,186.9277037384427,-0.123659804,-0.74204963,-0.26989314,0.6636364,-0.27256334,1.8851527,0.109452344,-0.23644064,1.2463614,-0.3313197
2008-08-08,186.69537967403159,-0.19560501,1.3789569,1.5165479,1.3318468,1.4313136,1.1824225,1.2653359,0.31362492,0.67765534,1.4115305
2008-08-11,186.4925680865721,-1.2936403,0.7399611,0.95138705,-0.45310518,-0.9010441,0.32255954,0.74269867,-1.2960851,-0.74308753,0.47097272
2008-08-12,186.19283486246394,-0.84328634,-0.25318268,0.7129225,0.36886126,-0.40677583,0.3004059,0.44691974,-0.26536334,-0.05726181,-0.28851858
2008-08-13,185.6632620064719,0.26495802,-0.3966212,0.54671973,-0.41569328,0.15715398,-0.8070226,-0.59187335,0.9115043,1.99887,0.115762636
2008-08-14,186.47944478864565,0.5777052,0.71800333,-0.09427179,-0.032939695,0.29141325,0.5088923,-0.86659515,0.70985454,-0.58093077,-0.48445207
2008-08-15,186.21365181576806,-0.38944805,0.46886182,-1.0041776,-0.21646006,-0.3080951,-0.19119751,-0.6046419,-0.069800355,0.3460936,-0.27569294
2008-08-18,185.39950952700931,-1.069677,-0.8528122,-0.18808453,-0.25348362,-0.6221429,-0.5027045,-0.6729665,-0.9409228,-1.3069421,-0.8619082
2008-08-19,185.88768493002664,-1.2333527,-0.5193404,-0.5766888,-0.516901,-0.47085053,-0.86709976,-1.002362,-0.54906386,-0.9662783,-0.37498587
2008-08-20,186.1510597354284,-0.0928017,-0.031472147,0.49401006,-0.08902913,0.14075066,-0.4109928,-0.97477305,0.048855342,-0.007707149,0.34197965
2008-08-21,186.16058474010714,0.21439567,-0.011005491,-0.4964005,-0.23941207,-0.77255577,-0.7172,-0.10478851,-0.28905344,-0.33021238,0.09122108
2008-08-22,186.76759798929714,1.0483737,0.9623335,0.54181415,1.1955433,0.73805946,0.9588799,0.48492983,0.50279206,0.24017985,0.22051
2008-08-25,186.97148778674415,-1.2493598,-1.025383,-1.193638,-0.3653709,-1.0328226,-1.1045822,-0.8047994,-1.3831313,-1.004655,-1.0464505
2008-08-26,186.41662284745115,-0.2721496,-0.21618351,0.18364152,-0.75947046,-0.17780258,0.40423942,-0.23719314,-0.4140906,0.094140776,-0.3304516
2008-08-27,186.4632174405883,0.44522652,0.5209302,0.16650304,0.5083597,0.3249327,0.572207,0.13744128,0.55210173,0.21832973,0.5326058
2008-08-28,186.25247032680113,0.6246903,0.57535577,-0.33886495,0.6675383,0.53924435,0.3969903,0.65944,-0.1805551,0.38963774,0.037671812
2008-08-29,189.14651948890213,-1.6961315,-1.2585427,-1.2203946,-1.2464314,-1.4861547,-1.5367235,-0.47576106,-1.2321168,-1.5318285,-1.2549692
2008-09-02,189.1774899956933,-2.0144866,-0.6359453,-1.0090319,-0.39370534,-0.8410044,-0.6250771,-0.2585864,-1.4057332,-0.38770884,-0.07003951
2008-09-03,188.47623463398048,-0.10384262,-0.94122106,0.11043331,-0.41437936,-0.81174344,-2.3437004,-2.187012,-1.8472384,-1.8830886,0.14567931
2008-09-04,188.56540777278406,-2.086882,-2.260037,-1.6920121,-1.096082,-2.804249,-2.4117208,-2.6310806,-0.7676344,-1.0505712,-0.8514929
2008-09-05,188.5992253967972,-0.47512132,-0.05523706,-0.39442083,-1.4185691,0.2568927,0.23196417,0.48841965,-0.9232736,1.0197192,-1.1451296
2008-09-08,188.7259923544389,1.7454311,2.4124284,-0.74725103,0.9008291,-1.9035167,0.8787873,-0.70263356,-1.4559412,0.4196605,0.49719736
2008-09-09,188.7934568055308,-1.4310465,-0.8702082,-1.9372667,-0.07300782,-0.26687694,-1.5363247,-1.7133409,-0.7609972,-1.2786417,-0.77050126
2008-09-10,188.52736213108082,1.7590522,0.03278295,-0.12083528,0.63213456,-0.080222465,-0.406516,0.26161855,1.0372953,-1.5334578,-0.13671707
2008-09-11,187.98564342650099,0.6302913,0.11897065,0.21033144,1.6856755,0.38500836,0.087804124,0.74458003,2.19552,0.60903835,0.18259458
2008-09-12,187.67574057454502,-0.19945961,0.8654164,-1.213319,0.48962262,0.54055566,-0.06066349,-0.17969045,-1.2031807,-1.1648302,-0.5746118
2008-09-15,188.63400337093753,-2.3452559,-2.3567235,-2.8012917,-1.5456368,-1.4496226,-2.0108924,-0.667366,-1.1610757,0.22581314,-2.1786318
2008-09-16,188.5267834228666,0.46419826,0.9148918,-0.25569582,-1.6502904,-0.17488167,0.3221293,1.555872,0.98929715,0.47235253,-0.032013416
2008-09-17,188.61284779898665,-2.9095566,-2.2432055,-4.2008204,-2.9238555,-2.1373603,-2.432105,-1.2834024,-3.0584948,-2.45608,-1.8521491
2008-09-18,189.58679439497894,2.2123928,2.2265382,2.0895295,1.3949444,1.5270289,1.8907942,1.4968145,1.6923834,0.5798793,3.0202124
2008-09-19,190.16258824029006,2.1864169,3.1505644,2.1800182,-0.23898423,3.0004857,-0.06546725,1.8863308,1.8930353,-0.16747808,1.017792
2008-09-22,190.7291211515522,-1.6412355,-2.499448,-3.4469836,0.4573649,-0.7799968,-1.9235348,-2.1483967,-2.8031816,-1.2686857,-1.5590776
2008-09-23,191.19243379298962,-0.576019,-0.8396128,-1.611446,0.04730385,-0.1939363,0.36229128,-1.7171247,-0.13593122,0.12301814,-0.42254335
2008-09-24,191.645763834358,0.6070045,0.14406577,0.5784026,0.534117,0.53448266,0.19942811,0.1114508,-0.7145151,0.15105271,0.4442136
2008-09-25,191.47497852785008,2.1085565,1.4613333,1.0446559,1.7314807,1.1026375,-0.33716732,1.3084927,1.1740724,1.0080132,0.24545304
2008-09-26,191.4775770421167,-0.46444252,0.7097428,-1.4157273,1.4842719,0.27210915,1.6810311,1.2502313,-0.78665817,-0.28048545,0.052540734
2008-09-29,191.32093663335368,-3.0414186,-4.4680004,-9.245074,-4.769509,-4.291533,-5.287959,-4.287292,-6.5295997,-4.0037193,-3.576516
2008-09-30,192.77588620719115,1.4550372,1.7336806,3.488358,3.3564587,3.5077322,4.073344,-0.10856986,3.3661358,1.4414636,2.9642262
2008-10-01,192.78508903993847,-4.2740736,-1.385888,-2.0070395,-0.44689488,-1.0698831,-0.5530954,0.26573846,-1.672968,-0.5937634,-1.294488
2008-10-02,193.89910296401737,-3.564794,-1.7591999,-4.165653,-0.4924139,-0.90986633,-3.6918461,-2.580043,-1.1554692,-2.2189565,-2.843462
2008-10-03,192.91845550339497,-0.9333162,0.10857532,-1.5395534,0.10412591,-0.08018378,0.3302746,0.94846433,0.25540575,-0.33639973,-1.628828
2008-10-06,192.4246803897455,-1.9969065,-1.9102998,0.41028017,-2.9029574,-2.8792963,-1.0994465,-1.1672453,-0.8154593,-2.2077315,-3.2980762
2008-10-07,192.17383399351306,-3.6127164,-4.1456995,-4.5695486,-3.6685643,-3.9710453,-2.7532501,-3.1393507,-1.3087659,-4.254013,-2.4441133
2008-10-08,193.03800175797886,-3.8950787,-1.3608024,0.22854121,-0.5318193,0.21181183,0.7247195,-0.5270649,2.0934362,0.35650662,1.4651393
2008-10-09,194.60730433962152,-1.262105,-3.2736416,-0.65852165,-1.6828643,-1.8975172,-2.0342906,-2.418891,-1.6768806,1.0997275,-2.5090618
2008-10-10,195.16305619297316,-1.0427711,0.10799833,4.028607,-1.9606632,1.2438842,-1.3241601,1.7482643,-0.9078024,-0.43602204,-1.1918708
2008-10-14,194.3427730666046,0.98713934,-1.9549726,-2.8269346,-2.9998767,-2.9649827,-3.2158625,-3.811072,-2.3015451,-2.2973197,-1.4689655
2008-10-15,194.35988710357518,-4.135112,-5.6688957,-2.97002,-3.2702405,-4.758563,-3.0355783,-4.552148,-4.928271,-4.7102504,-4.2181783
2008-10-16,194.41413103755414,2.4508293,3.4566767,1.762454,3.395934,2.8115683,2.8992543,0.77905726,3.0884092,3.7594676,2.192647
2008-10-17,194.08562604526773,-0.6248228,0.4423078,-2.2271774,-0.6020653,0.022957908,-1.2022502,-0.022624288,0.92608833,-2.075159,0.5252799
2008-10-20,194.15898622417274,1.2608852,2.859466,0.3995518,1.6685389,2.8850071,1.7256473,0.91433686,0.5386835,2.7349298,1.2848785
2008-10-21,193.7640240208004,-2.8720906,-3.0166085,-3.5472224,-2.9987812,-1.2456263,-2.5181208,-3.5796254,-4.4888635,-2.0391855,-2.1926177
2008-10-22,193.19409990927716,-4.3293014,-1.2919672,2.5775669,-4.297429,-1.4072895,-2.2380905,-1.9361508,-1.3523775,-2.2844465,-2.9613378
2008-10-23,191.89942477821222,0.5675639,-0.5015703,0.5471623,1.8389804,-0.63863224,-0.22916523,2.496056,-0.56823105,-1.186387,-0.6773987
2008-10-24,190.9520398336507,-1.9876593,-2.7833498,-0.9788951,-0.8768093,-2.094006,-0.78712046,-0.49387157,-0.45439756,0.07792666,-1.6134015
2008-10-27,191.90573639411176,-2.1514437,-0.6904065,-2.2173922,-1.9148327,-1.2704458,-0.09357076,2.1230912,-1.4404204,-0.48144025,-0.3918937
2008-10-28,192.5392007299691,6.344558,6.475613,3.7033477,4.487563,4.9545903,5.3687477,5.1937113,6.180858,4.2758,4.5683484
2008-10-29,192.7929193261498,0.6758382,-1.2309151,2.0214274,-0.26118812,-0.91172594,-2.9798353,-3.6437848,-1.2773384,-1.7893126,-0.44707274
2008-10-30,193.26063844336554,1.890045,-0.23513684,2.723416,-0.88262963,2.562265,3.9717264,2.8068411,2.059338,0.29491892,-0.008494589
2008-10-31,192.98655945262144,1.680188,-0.06618852,-1.5788938,-0.7316055,-0.13111895,-0.4241239,1.1128334,-1.8172954,2.929395,-0.37194878
2008-11-03,192.7969061442989,-0.27754965,-1.6465193,-0.37575886,0.6382748,0.04180359,-1.2215391,-1.9022142,-1.3848028,0.09355598,0.58497584
2008-11-04,193.16252683331376,0.48330975,3.187402,1.6323017,2.0255916,1.3287488,1.9572241,0.42638507,0.84995997,1.1256155,2.3835413
2008-11-05,193.42900750701696,-2.6990411,-2.6562715,-3.4729123,-3.3615367,-2.721661,-3.3943985,-2.418149,-3.6154172,-3.0703022,-2.4814312
2008-11-06,193.2699585598329,-3.4982183,-1.3272443,-2.048297,-2.9556608,-2.5906017,-4.1097946,-3.5502594,-2.9604256,-6.1821413,-3.6619637
2008-11-07,193.28037249155412,0.8561164,1.8541217,-0.51017064,1.4944109,1.7339063,2.6816778,0.16710527,3.429662,1.5924201,-0.043806013
2008-11-10,193.41178693709915,-2.0320842,-0.038222197,-1.2430086,-0.5238365,0.020420853,-0.9564891,-1.0299112,-0.5414016,-2.269118,0.3914425
2008-11-12,193.4036855366071,-2.642053,-1.8877537,-2.4633462,-2.3036103,-2.2571933,-1.48466,-1.8002502,-3.5051637,-3.1607373,-2.7617643
2008-11-13,193.41024655273105,3.757614,2.1021197,3.08087,2.3567228,3.2555938,3.2721415,3.2037866,3.0037644,5.9603024,3.5472102
2008-11-14,193.33205826909492,-3.3589523,-1.908844,-3.2194698,-3.0478015,-2.202083,-3.9962096,-4.1998787,-2.6520314,-4.867086,-3.0110948
2008-11-17,194.44432960991068,-2.5790129,-1.2681032,-1.2149625,-2.0096378,-1.393429,-1.2074274,-0.7569634,-1.9321048,-1.1101645,0.62518924
2008-11-18,194.51447102566902,2.24628,0.7313049,0.83875984,1.1288106,1.600933,0.43250942,-0.35543108,0.14797086,-2.4016519,-0.33232945
2008-11-19,193.8306810954203,-3.7406828,-4.3851466,-2.0364032,-3.7124639,-2.8588853,-2.4151027,-4.329796,-2.7786171,-5.5445294,-1.6761811
2008-11-20,193.71717298779834,-4.0633583,-2.0868168,-3.375024,-2.257446,-1.7893188,-1.0424925,-2.3773816,-1.3346214,-1.6127096,-1.5327033
2008-11-21,193.8487186262935,2.9362767,2.3677602,1.1055896,6.025752,2.7400928,3.4900558,2.3574033,1.409979,1.0713919,0.95571345
2008-11-24,194.908815890884,4.4592295,3.923233,5.5088067,2.5984373,0.65915555,1.7009337,2.0420792,3.80677,2.4966223,0.48143053
2008-11-25,195.5591326659014,0.6027203,-3.1219804,-1.217091,-1.8526719,-1.9018044,-1.6046997,-2.542948,-0.2684634,-0.7507983,1.009455
2008-11-26,195.24775138334357,0.81899023,3.0704386,2.047652,1.2664664,0.39646587,3.11706,3.285712,0.9772713,4.923292,1.3367708
2008-11-28,194.41855316563922,-0.11734332,0.44959027,-1.2755446,-0.7320329,-0.19800343,-0.60269,0.08959537,0.080415174,-0.7843718,-0.37161154
2008-12-01,194.43060747942656,-4.1986446,-5.0684233,-2.049236,-4.3931794,-1.8417577,-4.705072,-5.7732553,-5.345002,-3.513879,-3.504326
2008-12-02,193.44834845178494,2.5664465,1.185916,1.7318088,1.461006,0.8702077,2.8017223,2.2847903,0.801383,0.47596002,1.5322673
2008-12-03,193.910530829738,0.6649276,2.2076783,1.6142206,1.8988842,0.90902567,1.4234853,2.150575,-0.45002562,1.5015523,0.75867736
2008-12-04,193.56859829860022,-2.9159658,-2.1922727,-2.355103,-2.0759292,-2.037657,-3.3623278,-2.9461768,-0.4222238,0.92840594,-3.4902601
2008-12-05,193.51468275737588,2.7306547,1.9524797,1.2113055,2.0052514,2.4537656,2.0092545,0.25025633,2.6312232,2.1459486,1.9311953
2008-12-08,193.3573067753327,3.554119,3.9604597,2.67108,2.8817685,1.8976824,2.4015465,0.869329,2.2192402,-0.03636484,1.3913656
2008-12-09,193.60216414264295,-1.8696086,-0.27267787,0.058570795,-1.0665765,-0.323679,1.2875048,2.505704,0.06692271,1.2554884,0.3575463
2008-12-10,193.69664814317068,0.085580796,0.48634988,-0.9793184,-0.009733067,1.1311162,-0.09430492,0.5361965,1.2622403,0.09375196,0.74049115
2008-12-11,194.9389770201764,-2.0027003,-1.2469789,-1.6783938,-3.0849273,-2.557234,-0.91085845,-2.144943,-2.677709,-1.3663872,-2.0032778
2008-12-12,194.2763937620602,1.3323591,0.22827017,1.4965694,-0.2787758,0.97902465,2.5883582,1.4944984,1.7641538,1.6392522,0.28898013
2008-12-15,194.14668812066594,0.42504779,-0.45603082,-1.8227378,-0.9096047,-1.1203401,-0.5355423,-0.50000554,-0.23538586,-1.2216518,-1.7910461
2008-12-16,195.0867256981808,2.9350717,1.6994864,0.23763861,2.844196,2.1566176,3.49182,2.701266,2.89315,2.3367293,1.4520801
2008-12-17,194.86755926983432,-0.51061463,-1.7172908,-3.3243268,-1.226451,-1.474649,-1.2218575,-0.21633351,-1.3324965,-0.41926926,-1.0876334
2008-12-18,195.46929608798274,-1.5659482,-0.5520205,0.04190653,-1.0109385,-0.41240677,-3.3859909,-4.186132,-1.3939191,-2.5620444,-0.5910929
2008-12-19,196.0452897849575,-0.4549516,-0.06990187,0.20141342,-0.53176373,3.0501838,0.6384484,-0.012285283,1.1314962,0.052438576,1.1246198
2008-12-22,195.64123725822319,-1.3438227,-0.83581036,-2.4136934,0.12957036,-0.72877,-0.33822602,-1.4240564,-0.3762079,0.0075872275,-1.7415797
2008-12-23,194.29986975464,-1.2515316,-0.41108152,0.24958494,0.2375778,-0.6307724,-0.9414367,-1.7579018,-0.9295636,-2.0400653,-0.31856406
2008-12-24,194.3605265453905,-0.12685424,0.3306669,-0.84044534,-0.33583403,-0.0046428572,0.5768706,0.6295425,-0.11224676,0.4275635,0.17890967
2008-12-26,195.41718812371016,0.6405519,-0.2569781,0.32695183,-0.14599654,0.23123316,-0.16630514,-0.458387,0.27884772,-0.72965854,-0.16955231
2008-12-29,195.69316371901206,-0.12503068,-0.8232678,0.3403516,-0.5073621,-0.6098991,-0.1670518,1.1060386,-0.5301393,0.42836726,-1.0311142
2008-12-30,195.07548217027033,1.8889399,0.6793732,-0.27770054,1.0095378,1.5269607,1.9573305,1.6878769,1.0398195,1.5046788,0.8059124
2008-12-31,192.89810109776903,0.45091954,0.2063961,-0.61369884,0.2342421,-0.31132695,-0.0910888,1.1794844,1.077959,-0.17100957,0.30752328
2009-01-02,193.1458314957661,2.5618656,1.9846138,2.7739122,2.303528,1.6460767,1.8218789,1.6904756,1.4631157,2.2712014,2.6292653
2009-01-05,194.6327812915374,-0.49794373,0.43451253,1.8551617,0.45349503,-0.8539717,-0.9544552,-0.6920606,-0.83992004,-0.081550896,0.08012692
2009-01-06,194.2208451086187,1.8545961,1.9533663,-0.88675255,0.5748103,0.6894587,1.5323517,1.884334,0.7942841,3.6215794,1.5200174
2009-01-07,194.74265106827042,-1.1922102,-1.3594368,-1.1367712,-3.3015463,-1.924203,-3.1161208,-3.0129156,-2.1203039,-4.0801153,-0.072004974
2009-01-08,194.808980256643,-0.54350287,0.6271949,0.7702278,1.5840435,-0.13446936,0.39048904,-1.1319431,-0.43755695,0.51172507,2.2392369e-05
2009-01-09,195.2628256962033,-2.0678632,-2.4867952,-1.2019975,-1.6316271,-0.73408246,-1.3865348,-1.2252434,-0.45333827,-1.6658947,-0.49255264
2009-01-12,195.47635174316844,0.76899004,-0.9248323,-1.1222316,-0.1711511,-0.8782056,-1.2812566,-0.9196204,-0.27031693,-1.7230151,-0.45341167
2009-01-13,194.45579115104698,-0.3593937,0.1439792,-0.6110931,0.90039426,0.18200739,-0.42726466,0.31721768,0.2847117,0.76981276,-2.6150868
2009-01-14,194.47480845584747,-1.8384947,-2.232762,-1.4026566,-2.00673,-2.172675,-2.1992445,-2.8404653,-1.9373646,-2.1710267,-1.686651
2009-01-15,194.36665811614338,0.71863,0.21411972,-1.1940842,0.37554705,0.4123248,0.80824643,1.5722026,1.3175709,-0.2212553,-0.5524281
2009-01-16,194.51794906970764,0.6032863,0.022450162,-0.70122933,1.2325511,0.9754054,1.6783108,1.6667418,1.507839,2.103082,0.29708612
2009-01-20,195.19106930155533,-2.512519,-2.6621988,-2.5477612,-3.431365,-2.291737,-3.3059607,-2.319665,-2.5629227,-3.6843894,-2.9790263
2009-01-21,195.09098710428802,7.540462,2.2587283,2.6297061,2.4690986,2.1228473,1.544739,0.47461388,2.1999395,0.014555858,2.6383488
2009-01-22,195.02188767929763,-1.094203,-1.0811565,2.9657938,-6.595605,-0.70831144,-1.6803132,-0.82959443,0.1591345,-1.3961773,-2.9371238
2009-01-23,195.4293046342133,-0.50673,1.6711215,-0.10207101,0.24098687,0.29714063,1.1690602,2.2321436,0.56407785,2.6025417,0.5960352
2009-01-26,196.27349742904858,1.5644003,1.2800039,0.58624256,1.2716856,0.43021828,0.9932851,-0.8820292,-0.0723006,0.47298053,0.3214895
2009-01-27,196.9608204067925,-0.010116878,1.310837,0.478872,0.053957127,0.7987064,1.5953909,1.8556005,-1.30074,1.0513524,0.23029436
2009-01-28,196.87427959428916,2.2982187,0.4433423,1.702095,1.0944902,1.402856,0.7303201,1.1802807,1.4332151,1.2415268,1.2548231
2009-01-29,196.8056497979356,-1.7687612,-2.9439769,-0.71875167,-1.3776835,-0.70330423,-2.3348334,-2.2438533,-2.2560263,-3.6056626,-1.5333291
2009-01-30,196.35442116378547,-0.7053623,-3.1549873,-1.6041694,-1.5330585,-2.0757215,-1.7841681,-0.083932154,-0.8543007,-1.1760225,-1.4095682
2009-02-02,196.7986865305734,-0.60350376,1.1288601,0.6276715,2.1834028,0.13265818,2.7692199,2.525245,0.8944022,0.11068371,0.4026046
2009-02-03,196.57805313290126,1.8660574,1.0060875,0.66216886,1.9203391,0.34684524,0.37600392,1.0399195,-1.5077095,0.7265062,0.12839507
2009-02-04,196.1624053805148,-0.5414553,0.6984439,0.19006552,0.3345958,0.3693038,1.0680286,1.3457923,-0.61470276,1.0815649,0.23302723
2009-02-05,196.43774557177434,-0.37118483,1.5951711,1.3659595,1.117691,1.0189956,1.3283565,1.1810962,1.5390966,1.7186579,1.6908225
2009-02-06,196.84247852022952,3.069411,2.085586,1.4952532,1.6655045,0.84306806,1.6704286,1.6207241,1.5729986,0.8783886,1.2204986
2009-02-09,197.17505224028147,0.43375054,-0.57760715,1.226904,-0.6351247,0.14622396,0.61833805,-0.33328098,0.3330873,-1.1733651,-0.545368
2009-02-10,197.11362032871418,-2.6484005,-2.4753516,-2.3533797,-1.8167369,-1.2663591,-2.862761,-2.57634,-2.1869347,-2.1286168,-1.6707276
2009-02-11,197.43508355918732,1.3363757,0.3690808,-0.60382664,1.112634,0.5131703,0.009159686,-1.041091,-0.6289192,0.28922626,-0.3815476
2009-02-12,197.89170766605264,-0.12047957,0.08535228,1.1073475,0.10198521,-0.7075085,-0.2768622,0.44626102,1.1402534,-1.7252325,1.4655287
2009-02-13,198.02242575405936,-0.95704025,-0.3234504,-0.15680999,-0.51043504,0.38574582,-0.42291927,1.7324071,0.09687806,0.34697655,-0.28806227
2009-02-17,197.78035275512082,-2.4371107,-2.630552,-2.4170415,-2.5432045,-2.0711093,-2.472579,-3.9847333,-1.3448149,-4.5617557,-1.281433
2009-02-18,198.08183027462266,0.58410037,0.25647548,-0.18522528,0.051736042,0.6955668,0.575277,0.18949726,-0.6200643,-0.18618202,-0.10445753
2009-02-19,198.5678928212294,-2.033671,-1.1131768,-2.0659223,-0.6616261,-1.1665851,-2.6125858,-3.210402,-0.73527807,-1.4112421,-1.6004477
2009-02-20,198.41068717581362,-0.16358155,0.126373,0.19622065,0.23136678,-0.8022672,0.402896,0.20432241,0.2282211,2.1312208,-2.9234717
2009-02-23,198.77226449863204,-3.5866578,-2.4995143,-2.4293134,-2.4444864,-2.0492291,-2.8182752,-1.3582246,-1.8675632,-2.1314933,-2.011771
2009-02-24,198.63981658990738,1.5908675,2.1766553,1.7105409,-0.16177493,1.5978535,2.6385584,2.0815933,2.2642312,1.8661102,2.0913005
2009-02-25,198.17469478907614,-0.4566717,-0.7604065,0.38378826,-0.6948833,-0.62061995,1.1773883,0.16287714,-0.62614185,3.4368522,-1.1371044
2009-02-26,198.36484563422326,2.3767223,-0.98219496,-1.1648868,-1.7688161,-1.3804281,-1.2388008,-2.6807637,-0.45376474,1.7399147,-2.0312808
2009-02-27,196.3029883272177,2.2951465,0.2695458,-0.038001586,-0.91436696,-0.7575434,0.12781541,-1.1639857,-0.4017899,-3.0681934,-0.08669159
2009-03-02,196.24684179294638,-2.3450763,-0.8848745,-0.8424214,-1.2299249,-1.06787,-1.7112626,-2.3110096,-0.97828543,-1.8813909,-1.5044782
2009-03-03,196.17415540822677,-1.0631126,0.23761205,0.13103548,0.2648196,-0.6317389,-0.11259182,1.5758176,0.8360428,-0.08148379,-0.21840112
2009-03-04,195.52582155046062,1.2949336,2.922902,1.383707,0.75583136,-0.20925434,1.9313331,2.3306117,1.663965,2.1592004,0.651515
2009-03-05,195.44739609114527,-1.6390238,-2.3824036,-1.3345426,-2.8937736,-1.3859688,-1.7889272,0.09748727,-0.23162419,-1.362675,1.1787974
2009-03-06,195.58034069088066,-1.3988312,-1.3105502,-2.039692,-0.0013199828,-0.24579543,0.41540295,-0.7761931,-1.4393567,-1.8133752,0.40731275
2009-03-09,195.70490236375568,-1.9729743,-2.0454838,-1.3426275,-0.48720115,-2.0541153,0.5720626,-0.15730143,-0.9590689,-0.7088779,-0.8721916
2009-03-10,195.23464146232573,3.0212302,3.636334,2.954864,4.399446,3.8468835,5.200985,3.3646402,3.1078064,3.169792,3.3683696
2009-03-11,195.17130038928246,1.0289702,1.2840718,2.02112,1.9410727,0.6908106,0.15393066,0.08809405,-0.09816223,1.7439206,0.12081746
2009-03-12,195.55702886921262,1.3282921,1.6125208,1.7480707,-0.34523514,0.796382,1.9808178,0.70024025,1.7604661,2.3908095,1.3876
2009-03-13,195.86237922179566,-0.08717994,-0.00917391,-0.310804,-1.1667086,-0.2620012,0.6272913,0.8224464,-0.13525777,1.879542,-1.4685022
2009-03-16,196.20517195125979,0.6026023,-0.20521557,-0.3574638,-1.3235984,-2.0369837,-1.548623,-1.7750801,-1.2437245,-0.7687736,-0.522206
2009-03-17,196.55748900145127,1.2198186,2.2033808,1.9833531,2.0438697,1.452149,2.245605,2.401356,1.7726338,1.0718607,1.1875417
2009-03-18,196.49337926705886,-0.7778169,1.1078318,0.78428584,0.15169568,1.20185,1.14059,1.3092526,0.7010612,0.54680467,3.7777932
2009-03-19,194.9347371536208,0.47932655,-0.84163576,-0.05518029,0.5200772,4.1657653,-0.2864374,-0.9856204,-0.46426192,-0.71092576,-0.26713428
2009-03-20,195.95921315286498,-0.16904837,-1.0161146,-0.11638084,-0.28341517,-0.7722155,-1.6721208,-2.8177538,-0.8026732,-2.1982687,-1.4005758
2009-03-23,196.32112490864816,4.4542127,3.2849927,2.6772227,3.767642,2.916821,2.9013338,3.9679606,2.0592246,3.5281255,3.5519404
2009-03-24,196.91439790465535,-0.34464592,-0.9124173,-0.62369454,-1.2085915,-0.918499,-1.6992905,-1.2393932,-1.0349,-2.0402753,-1.4009081
2009-03-25,196.38548277594194,-0.30396384,-0.34399992,-0.10691034,-0.18414725,0.39979714,-0.19127244,-0.80200815,0.48269472,1.5919399,0.29744533
2009-03-26,196.75039509480584,0.5303869,2.2044017,1.3985989,2.7118905,1.4114078,2.8788216,2.8895025,1.1468098,2.4334345,1.2277297
2009-03-27,196.76351046461298,-3.390399,-1.07378,-1.4417233,-2.0475068,-1.7289609,-1.2744706,-0.83578044,-0.79146117,-1.6216846,-1.8184031
2009-03-30,196.7602129144373,0.21671754,-1.9589806,-1.1756142,-1.9745809,-0.955461,-2.3197467,-2.3385723,-1.3724024,-2.431583,-1.7722198
2009-03-31,194.82490082949826,1.6701555,1.3933419,0.18309009,2.5771356,0.98648953,1.054346,0.210919,1.1673163,0.2985954,0.8578567
2009-04-01,195.0014314681008,0.45918044,2.0249863,1.4831153,2.591955,1.2091196,0.010251292,-0.9396502,0.8207583,-0.039480433,0.8336098
2009-04-02,194.8915248851633,2.1993783,1.917827,1.620505,-0.09013892,0.52658653,2.195009,0.6412167,1.7758884,2.689057,1.9548566
2009-04-03,194.62897649018495,0.90497446,0.04615184,1.2561829,-1.5279926,1.0638475,0.80174994,1.4964561,-0.2196401,1.3580155,1.2098529
2009-04-06,194.91376456149752,-0.5088416,-1.7903574,0.89355135,-0.007531618,-0.36550695,-0.2731848,-1.533605,-0.683771,-1.0488576,-1.5195786
2009-04-07,194.5249564180537,-2.015616,-2.0033371,-1.5000337,-0.03546407,-1.432772,-1.3013537,-0.5756334,-1.5874048,-4.216809,-0.43450314
2009-04-08,194.7611433771327,1.6454409,0.8216795,0.4389332,1.1564013,0.016401367,-0.5766801,1.3148046,0.91407424,0.76764864,1.3453112
2009-04-09,194.62695197392586,0.2934791,1.9813033,1.2027242,1.2631128,1.2454875,2.2868698,1.3418761,1.5300136,2.7714503,1.2742528
2009-04-13,194.27981769973422,-1.269612,0.18801264,0.15436915,-0.24926764,-0.17603128,0.010578125,-0.3029778,-0.94792694,0.15492526,-0.29745632
2009-04-14,194.60912437574297,-0.533701,0.103179276,-0.8598283,-0.6833991,-0.51235276,0.10437528,0.4161851,-0.1756748,0.8902501,-1.1044624
2009-04-15,194.62137332908665,-0.35314688,-1.0605161,-0.3705933,-1.4673847,-0.736466,-1.224845,-1.0883164,0.028034847,-1.3687817,-0.6289718
2009-04-16,194.54573475629496,1.7407851,1.4614105,1.4062458,2.4976804,1.3624167,0.8688594,2.363013,0.7438147,1.4742163,0.9901056
2009-04-17,194.52555915685932,-0.16755866,-0.2609303,0.65942013,-1.5459845,-0.3422552,-0.9120877,0.4285762,-0.8237879,0.26124632,0.36900097
2009-04-20,194.41807697847472,-0.6389651,-1.9508728,-1.2335372,-1.6745781,-0.632572,-1.9538538,-2.0691752,-1.6338179,-3.183567,-1.8844497
2009-04-21,195.01409145444794,1.2360835,1.0863196,0.39180848,0.97324556,1.6277592,1.1983644,-0.74153274,0.6554506,0.40323678,0.34336782
2009-04-22,195.1730071231544,0.106375985,-0.72770447,-0.19963191,-0.566137,-0.47868475,1.0112503,1.5918324,-0.25757647,1.3421186,0.51270044
2009-04-23,195.4305470232374,-0.8285137,0.5093138,1.3979107,0.3560068,0.7132294,-0.4396126,-1.0396302,0.61245114,-0.7085469,0.37456927
2009-04-24,195.70182060017245,-0.9824845,2.234692,-0.67605674,5.2465687,0.19697623,0.29950392,1.5707113,0.62443554,0.8941561,2.588922
2009-04-27,195.7834484605841,-0.14692377,-0.14656141,0.21639249,-1.3406875,-0.10338068,-1.0929613,-1.3355503,1.8946213,-0.5081537,-0.46050376
2009-04-28,195.48112026114842,1.3164463,0.8089705,-0.4200147,-1.2657514,-0.12641181,-0.7499335,-1.2142055,-1.0916607,-0.7887454,-0.68155575
2009-04-29,195.44093750070402,1.3636843,1.5358349,0.37197372,0.8045441,-0.3814003,0.9990289,1.1085871,0.82510334,0.625749,1.3167878
2009-04-30,194.15286103903952,-0.61713237,0.17329459,0.15785342,-0.009423621,-0.6630876,1.3942121,1.9841079,-0.90810245,2.2765317,0.687274
2009-05-01,194.0712317190639,0.883512,0.6635187,0.42391708,-0.087105215,-0.057066746,0.105793804,-0.41281152,0.28476098,-0.1928912,0.053602636
2009-05-04,194.32878500400471,0.9891751,-0.21570571,1.6584505,-0.16522804,-0.93414,2.6333017,1.1332486,0.6566307,2.0230656,-1.0789298
2009-05-05,194.33016571802054,-0.28145942,0.32528514,0.12667695,-1.0858916,0.038585417,-1.0929074,-1.5715554,0.063923806,-1.4128104,0.17415562
2009-05-06,194.4461713912636,-0.5096558,-0.060769897,-0.17659575,-0.035435487,0.062176853,-0.11362686,1.257294,0.16924228,0.96500355,-0.79464287
2009-05-07,194.43383784358684,-1.4252764,-1.734519,-1.3453131,-1.29783,-1.6082951,-1.0889211,-2.2763438,-1.57855,-3.143922,-1.0536044
2009-05-08,194.80959211003722,-0.80907637,-0.5982731,-0.05412745,0.23601675,-0.30464458,-1.5380527,-0.94927275,-0.68955153,0.07081958,-0.37406614
2009-05-11,194.7764675879172,0.90519,-0.33348954,0.037328508,-0.30710065,0.53462726,0.27176407,-0.20855789,0.058484044,-0.50181174,0.9032551
2009-05-12,194.59757713152973,0.6444309,0.28767988,-2.0213463,1.4926914,-0.49997544,-0.5137315,-1.4435599,-1.1900578,-1.0173466,-0.30080432
2009-05-13,194.97455622525467,-1.1932713,-1.848091,-2.0203812,-0.40749472,-0.83094704,-0.25388727,0.6796598,-1.2400861,-2.0535157,-1.2079465
2009-05-14,195.09461004091185,-0.88667697,0.102414764,1.2536688,0.78469414,0.91460484,1.3497041,1.3808321,0.61593336,0.20548765,0.95462245
2009-05-15,195.17025152353682,0.16344243,-0.485866,-0.30722377,0.3828999,-0.15590015,-1.1311007,0.19218436,0.13111524,-1.5349615,-0.10000057
2009-05-18,195.45246980879264,2.1148283,2.1966047,1.5151006,0.94650865,1.1630943,1.0869427,0.7359985,1.3345404,1.615896,0.66257703
2009-05-19,195.3138987027068,0.56004345,0.42040244,0.19749892,-0.44947115,0.06297587,0.42803797,0.4558335,0.2986048,-0.040903445,0.019144395
2009-05-20,195.39437799517034,-1.0274235,-0.76376927,-0.69570553,0.14570369,-0.1292587,-0.21453598,0.8624659,0.16537514,-0.7358008,-0.31152192
2009-05-21,195.5483975846787,-0.8847961,-1.3857863,-0.7460756,-1.5065244,-0.9563345,-1.2932718,-1.3895247,-1.0505166,-1.4614161,-0.5142877
2009-05-22,196.17998752690747,-0.68807906,-0.57128423,-0.7541173,-0.22339632,0.1390715,-0.42136857,1.5150522,-0.5081178,0.045622967,0.4618455
2009-05-26,196.79576331059897,2.0459533,1.6340696,3.0406153,1.5266538,0.96197325,1.4218405,1.3563267,2.0784833,1.0047034,1.7416313
2009-05-27,196.71315098999798,-1.4522487,-0.7541736,0.72393835,-0.5870984,-0.24967627,-0.055350866,-0.14086622,-0.8302989,0.533506,-0.9046583
2009-05-28,197.08259242856633,1.1214356,0.7916854,0.62295645,0.80217165,0.4704171,0.8455764,0.73516476,0.47798058,0.8052533,0.2867254
2009-05-29,196.5822530502636,0.991618,-0.036427666,0.15965141,1.0928997,0.83856404,0.009540445,0.27910805,0.59858716,-0.24148835,0.72216654
2009-06-01,196.53764975158862,1.2975137,2.6565852,1.1318754,1.2428821,0.70658624,2.437173,2.523929,0.765935,3.0159643,1.3573824
2009-06-02,197.10310595433342,-1.0489842,0.27630046,-0.054307643,-0.03644195,0.9212429,-0.9417327,-0.8052204,-0.59761,-1.7964184,0.1885449
2009-06-03,197.2660083146864,-0.27653155,-0.6597713,0.39928094,0.777951,-0.07990949,-0.7711362,-0.1917255,-0.43337324,-0.9837052,-0.72522897
2009-06-04,196.56395121191727,-0.16036084,0.7953818,0.83791894,0.20727514,0.5457791,0.60354483,-0.0032389015,1.6936467,0.5486268,0.37067756
2009-06-05,197.27073601128043,0.53598976,0.5042336,0.2082225,0.7139499,0.16451629,-0.6479315,-1.1711893,0.027255973,-2.3244503,0.5550828
2009-06-08,197.7678688910197,0.10643251,-0.0088380575,-0.37801415,-0.25404736,0.29607612,0.009012011,0.16256848,-0.11531238,-0.57663304,-1.0566181
2009-06-09,197.48604956963018,0.3629597,0.5246642,-0.48370036,0.035883658,0.20567377,1.5600425,3.2291608,0.5824977,0.6187836,0.63289267
2009-06-10,197.30082413897017,0.07928135,-0.33840016,-0.94472665,1.0846661,-0.6068154,0.13122565,-0.23848535,-0.044705857,-0.53336483,0.3845735
2009-06-11,197.1912780149446,0.6139039,0.37094203,-0.20594616,0.6200421,0.38253552,-0.3269842,-0.3941983,-0.17519721,0.8584902,0.18126701
2009-06-12,197.15840841606104,-0.81455004,-0.4906021,-1.1397,1.1159344,-0.25477475,-0.11353262,-0.2138043,-0.014554806,0.24094133,-0.3783709
2009-06-15,196.44998189342928,-0.4359767,-1.4272029,-0.41147932,0.16791396,-1.4599266,-1.0150247,0.7918683,-1.8648652,-0.60696346,-1.674389
2009-06-16,195.9129571197806,-0.25058314,-0.745749,-0.011057978,0.03169832,-1.2692302,-0.36793232,-1.115231,-0.99084383,-0.9026001,-0.887595
2009-06-17,195.88690923425702,-0.26418862,0.3077955,-0.37266633,0.48002845,0.51843905,0.8868885,1.6577971,1.6273835,0.083915,0.5433125
2009-06-18,195.90077883446114,-0.49346015,-0.5652047,0.0033141032,-0.43939605,0.6466983,-0.8355982,-0.28590307,0.10934387,-0.49616325,-0.037684787
2009-06-19,196.19031549439958,-0.34457183,-0.19593677,1.1489409,1.232692,0.85824656,0.44994453,0.7447616,0.64412636,0.4978103,0.6521366
2009-06-22,196.20595956912072,-0.96176505,-1.391682,-0.8318662,-1.8029834,-1.6088183,-1.0342264,-1.8313969,-1.7210182,-2.0994284,-2.5952525
2009-06-23,196.98912326755314,-0.10873172,0.42967367,-1.2943283,0.10041069,-0.28725463,0.42334935,-1.0193682,0.008694202,0.38859424,0.42607826
2009-06-24,196.7695825185485,-0.24886785,0.09999743,0.6833275,0.25856274,3.0372057,0.9207414,0.87696266,0.71824956,0.71934736,-0.04864965
2009-06-25,197.21835707437907,1.2057997,1.1229793,1.1683514,0.6840923,0.7335339,0.65909153,0.86051995,0.9945708,0.6228164,0.8923033
2009-06-26,196.8858550265274,-0.30487877,-0.3295729,0.7763859,-1.0280161,-0.89040935,-0.052112613,0.16837862,-0.23468933,-0.3288702,-0.73559767
2009-06-29,197.17420668648472,0.043001715,0.20515488,-0.26198578,1.1129181,0.5002739,0.28556317,-0.46314174,-0.18499385,0.49357855,0.68633366
2009-06-30,195.89733121167822,-0.9897618,-0.9225618,0.052237865,-0.2357724,-0.22731766,0.52727467,-0.08388381,-0.98615277,-0.24526012,-0.48139194
2009-07-01,195.30144009270504,0.22289519,0.39515737,0.031372372,0.55975014,0.61809367,1.4720107,0.6705236,-0.12599628,0.4083289,0.3562325
2009-07-02,195.9643211147626,-2.1515994,-0.82257813,-1.0516208,-1.5308656,-1.5509033,-0.940304,-0.8386899,-0.57883775,-0.08149302,-1.359303
2009-07-06,195.87282127919804,-0.11108571,0.07275831,-0.5854604,-0.42191154,-0.86671406,-0.53260106,0.16886647,0.4498189,0.4028053,-0.7016277
2009-07-07,195.9448383961476,-1.0630329,-0.80675614,-1.2216107,-1.5856361,-1.1520814,-0.87666166,-1.6964206,-1.6659354,-1.3845723,-1.1631814
2009-07-08,196.05166347391048,0.28316793,-0.31508958,0.53600836,0.03436257,0.81660175,-0.9555732,-1.0011193,-0.22272104,-0.95747596,0.086321205
2009-07-09,195.6703552366071,0.9049447,0.10214201,-0.40189385,-0.31757545,-0.6147174,0.2608176,-0.031048162,-0.6079771,0.87741905,1.1502715
2009-07-10,195.92786850617955,-0.9137333,0.46172738,0.6484527,-0.15390192,0.32291085,0.07235655,-0.057484582,0.32109088,0.12423943,0.117678575
2009-07-13,195.83913207638457,1.8432573,0.6208273,1.1963565,1.910662,0.56348515,1.3964597,0.961385,0.83149374,1.6107966,0.90470546
2009-07-14,196.4544817258016,-0.30460656,0.42525387,-0.12602785,-0.3107229,-0.25629565,1.0326486,0.559551,0.26831877,0.7797092,-0.17366202
2009-07-15,196.50120458027143,2.566389,2.829329,1.4268711,2.2318294,1.8526275,3.517778,1.90065,1.3518051,2.4441655,1.7901949
2009-07-16,196.82115952660746,2.1251118,0.77776945,0.10637838,0.66356635,0.21848497,1.2440366,1.0150102,0.57257015,1.4674789,1.0975477
2009-07-17,196.699421826103,2.8826911,0.96345943,1.2551419,-0.36299837,0.15361525,0.78926694,1.5118426,0.58285373,-0.33004835,0.083999306
2009-07-20,196.92740271967267,0.5553779,1.548351,0.26370606,0.48600474,-0.54436755,0.30203816,1.3063576,-0.44697627,0.34375525,0.12852456
2009-07-21,197.0990035817986,0.30127445,1.0350683,-0.5456882,0.60995615,0.8286778,0.009309567,-1.3339227,0.8391899,0.059403747,-0.030355316
2009-07-22,196.7110446027844,-0.93382853,-0.33856818,1.52738,-0.10044192,-0.43442562,0.6421102,0.47492015,0.36558932,1.3718625,0.0032767951
2009-07-23,196.8318726803935,0.8340632,1.0430385,0.22748855,1.5667009,0.88010657,0.892236,1.0849721,-1.0973094,0.72837466,0.9876776
2009-07-24,197.29394029345673,0.2876062,-0.055271033,0.55583805,-4.622619,0.21033971,-0.30065,0.52497184,-0.1336058,-1.095494,0.26122758
2009-07-27,196.84827331743367,-0.06154859,-0.10173097,-0.069558635,-0.8120414,-0.78054434,0.29348272,-0.2636601,-0.94178796,0.32709652,-0.10841284
2009-07-28,197.14505961305173,-0.2622862,0.19959848,-0.13282251,0.7857071,0.48153844,-0.24890955,0.3195089,-0.20427194,0.15511073,-0.39125827
2009-07-29,196.98283981930092,-0.06738747,-0.4967264,-0.09361595,0.7056489,-0.53348684,0.08695989,0.050429616,-0.19463934,0.6873241,-0.38264605
2009-07-30,197.04219662705975,0.29878533,0.5942927,0.7205222,-0.014072558,0.21245086,-0.17194262,-0.061654057,0.18410774,-0.015219948,0.15444727
2009-07-31,195.62388733535582,-0.015228482,0.059734374,0.07320472,-0.6829128,-0.077828854,-0.19785799,-0.30770436,-0.39404675,0.4784276,0.06520413
2009-08-03,195.67891542867378,1.1084917,1.2603847,0.7768854,0.6556869,0.29172486,0.32139325,0.6292695,0.66896963,0.60071963,0.19362168
2009-08-04,196.20094105451318,-0.24196154,-0.3013871,-0.3560822,-0.16956419,-0.90485054,-0.119854346,0.4231227,-0.7389278,-0.30760485,0.25587964
2009-08-05,196.52453285802306,-0.7156324,-0.62195665,-0.23013233,0.05291607,-1.0071237,-0.8338642,-0.5690004,-0.58655494,-0.7664824,-1.1589805
2009-08-06,196.60561680235966,-0.37478584,0.3097671,-0.45257506,-0.8218141,-0.5506435,-0.41754878,-0.26141477,-0.29724675,-1.1455977,0.36143702
2009-08-07,196.19779715948545,1.089686,-0.28201625,0.3624984,0.1891446,0.4140887,-0.5292458,-0.5300223,0.2885264,0.2873017,0.7702581
2009-08-10,196.39571667768976,-0.4239732,-1.2795061,-0.33170387,-0.35203144,-0.44284624,0.70918834,-1.1015447,-0.31672415,-0.048101943,-0.51292026
2009-08-11,196.08702805677308,-0.59156024,-1.1198131,-0.6541584,-0.69537693,0.007201171,-0.31186593,-0.106721185,-0.42978704,-0.9273378,-1.0636551
2009-08-12,195.90165490676807,0.8242344,0.60800755,0.6196697,0.8704861,1.2114979,0.4648259,0.46122977,0.8920974,1.3970798,1.1242055
2009-08-13,195.99764183294823,0.112648346,0.179283,0.7883929,0.16593127,0.17163959,0.6452443,1.3873923,0.12385768,0.93179214,0.32553908
2009-08-14,195.75584394273596,-0.6468896,-0.4813416,-0.5690163,0.12043815,-0.11948577,-0.73212457,-1.3743942,-0.53368247,-1.4602547,-1.3258003
2009-08-17,195.83708076752976,-1.0675037,-1.4041246,-2.2057788,-1.0268506,-1.2356418,-0.8518726,-1.498571,-1.2826506,-1.5379504,-1.258965
2009-08-18,195.5921603690069,0.40076447,0.6686219,1.1968199,1.0041972,0.32462472,0.87164146,1.0596366,0.12018592,0.7712099,0.48181915
2009-08-19,195.5344251672554,0.49769458,0.54077613,0.07184747,0.12063924,0.3632071,0.090046614,0.23204164,0.49483943,-0.3186569,-0.08655509
2009-08-20,195.31932350486764,0.16613719,1.5126818,0.39529717,0.008810468,0.27617693,-0.23034184,0.20775779,1.2796907,0.45884824,0.33061868
2009-08-21,195.23210998733703,0.49745062,0.67783076,0.7168101,1.5868056,0.2942629,0.48984525,0.86954033,0.11084994,0.8489932,0.7115637
2009-08-24,195.57802815578708,-0.39425027,-0.30606908,-0.14720003,0.4592431,0.373656,-0.33604592,-0.836505,0.032111302,-0.9445671,-0.20421074
2009-08-25,195.4332533219749,-0.34335092,-0.14678462,-0.0063979975,-0.03579926,-0.24124885,0.9100116,0.31588703,-0.496325,-0.85910225,-0.15084109
2009-08-26,195.61455505486092,0.31744397,-0.17023326,-0.66537756,-0.22906804,-0.11877051,0.86835885,0.09286997,0.6106209,0.15650868,-0.25874138
2009-08-27,195.66729565137936,-0.07988619,-0.12454878,0.47534367,0.26442644,-0.13943571,0.11301876,0.048358273,-0.358121,-0.18335643,-0.14056627
2009-08-28,195.73472765283734,-0.76531726,0.26722166,0.066401124,-0.057289932,-0.057214517,1.9783286,0.89733,-0.114351265,-0.14951763,-0.88466287
2009-08-31,195.24610320065167,-0.1571372,-0.9355856,-0.6192046,-0.09990119,-0.63612765,0.18302721,-0.9108675,-0.87488776,-0.3890783,-0.4303169
2009-09-01,195.32948574313332,-0.86416304,-1.0245717,-0.93212825,-1.4448287,0.06754475,-1.491616,-0.7014738,-1.163001,-0.94691753,-0.44511405
2009-09-02,195.33336789366385,-0.41591012,0.8890284,-0.13658151,-0.34426108,-0.41144335,-0.62914,-0.5741448,-0.013738616,0.058040097,-0.19934164
2009-09-03,195.68933515370784,0.08724826,-0.15012416,0.2917017,0.5146137,-0.49919975,-0.11894048,0.42880607,-0.49387315,0.5410822,0.4635723
2009-09-04,196.16698054412137,0.6161758,0.8082205,0.9657957,1.0720162,0.8030965,0.5743773,1.1014569,0.6281005,0.93688875,0.5329118
2009-09-08,196.2798352440308,-0.23390418,0.17591202,0.62861574,0.39240372,-0.24481799,0.41636017,0.34859633,0.21731244,0.68393683,0.41444433
2009-09-09,196.00401315216044,-0.29421875,0.7010449,-0.5995263,-0.12133871,1.2587507,0.33779192,0.088133976,0.11544547,0.63889617,0.22530407
2009-09-10,196.02299868042385,0.48384106,1.7349455,0.292674,0.43157047,0.42666477,-0.4195676,-0.38529325,0.34299916,-0.9340935,1.1962382
2009-09-11,195.83657955093827,0.16799933,0.16628084,-0.21303517,-0.33279723,0.14275673,-0.628221,-1.4168154,-0.124621555,-0.514003,0.55746794
2009-09-14,196.3089473305171,0.43107036,-0.6709505,0.32965967,0.2613785,-0.33798125,-0.37717614,0.72882944,-0.4632632,-0.78861755,0.45718426
2009-09-15,196.11889965128904,0.21825108,0.41084304,0.29250282,0.3856487,-0.1779727,0.49922034,0.06848666,-0.56730807,0.08792424,0.34015426
2009-09-16,196.91342296657305,1.366877,0.82224315,1.7054439,-0.036367726,-1.1410826,0.26519573,-1.628612,-0.1252698,0.05348133,-2.4088387
2009-09-17,197.15904367955608,-0.02127196,0.05612201,0.60207516,0.17419747,-1.3383741,-0.6069323,-1.283827,-0.78765357,-1.3104734,-0.63087463
2009-09-18,196.8741936601834,0.075278506,0.012679281,0.019702487,-0.1204026,0.15490577,0.39538872,0.9586276,-0.66324425,-0.08145497,0.031093692
2009-09-21,196.8762632663314,-0.36342388,0.48669454,-0.36320788,0.0476983,-0.16334113,-0.041887127,-0.28640833,0.3392996,-1.3809332,-0.19397046
2009-09-22,196.60790789374866,-0.032976393,-0.4827659,0.017320564,0.94018847,-0.39785045,-0.016114943,-0.55912304,-0.3741828,2.0419936,0.19087595
2009-09-23,198.2899440463057,-0.5059127,-1.351378,0.16465639,-0.16162728,-0.6634096,0.89990777,0.57198757,-0.4591563,-0.18335238,-0.5184861
2009-09-24,198.50359437596634,0.014267497,-0.34458646,-0.54581827,0.4400228,0.02956616,-0.85686785,-1.1746912,0.36222327,-0.8358953,-0.5133099
2009-09-25,198.6147912409418,0.025702145,-0.07612986,-0.48882344,-0.8489391,-0.73740757,-0.42982656,-0.59151083,-0.04331547,0.19441994,-0.40759867
2009-09-28,198.3151039672476,-1.0626906,2.1696875,0.8934377,0.5462776,0.6215303,0.9580843,1.1976432,1.2094448,1.2732413,0.8964519
2009-09-29,198.39361021913555,-0.35685736,-0.68099594,-0.30464664,-0.20299971,-0.1664007,-0.6564955,-0.90471596,-0.5594064,-0.82134616,-0.35774848
2009-09-30,197.6257499796155,0.41024745,0.5114184,-0.11074014,-0.098815694,-0.670134,0.24026145,0.23631673,-0.615847,0.2566991,0.30061606
2009-10-01,197.698537840654,-1.0533615,-0.98894393,-1.2889744,-1.8077503,-1.127556,-1.738223,-2.5107007,-2.4880717,-1.7628963,-1.0203348
2009-10-02,196.83656204035844,0.60097736,-0.9392104,0.9593948,0.13414942,-0.10227005,0.19478415,-0.46685457,-1.468909,-0.8224586,0.09893334
2009-10-05,196.85528709436144,0.3689911,0.59097415,0.18773238,-0.72168374,0.055052616,0.35181496,0.17953584,0.46930817,0.20224552,0.13048095
2009-10-06,197.16143885545836,0.86582637,0.88940805,0.9198019,0.9686447,0.27854323,1.3817751,1.0982268,0.6583084,1.2762355,0.93923706
2009-10-07,197.82963342843973,0.7570817,0.55361265,-0.041836124,-0.0579963,0.0095846895,0.31470004,-0.74336255,-0.5641853,-0.56374043,-0.352188
2009-10-08,197.9441501712387,-0.33197227,0.12017263,-0.35325673,1.1624517,0.4536437,0.338008,-0.7755426,-0.8912904,0.16038075,1.0348387
2009-10-09,198.33760643777973,1.9763042,0.7589456,0.2038997,-0.28770936,-0.07971629,0.735375,2.5169127,0.19306979,0.3980804,0.23196942
2009-10-13,198.3751642229695,-0.06543599,0.22599411,-0.30481675,0.15000974,0.36274606,0.22960868,-0.49478254,-0.36354354,-0.6805622,0.18050168
2009-10-14,198.5158512570056,0.6665276,1.0243356,0.22081701,0.2733856,0.5552476,0.8344259,-0.08415978,0.95512587,0.814266,0.7345165
2009-10-15,198.76715973522562,-0.25399044,-0.029541656,-0.28970045,1.4905576,0.22446616,-0.37836084,-0.938443,0.15535505,-0.47715813,0.23261054
2009-10-16,198.39019589228022,-3.5720627,-0.74455494,-0.7476554,-0.45950264,0.9887448,-1.194996,-1.2600175,-0.6210224,-0.78273004,-0.16669694
2009-10-19,198.33073126804513,0.74902064,0.47592908,0.3622226,-0.320372,1.2123127,0.577366,1.7161278,0.025263585,0.4539786,-0.10703953
2009-10-20,198.66682818311156,-0.189386,-0.30339822,2.127826,-0.016770585,-0.53288865,-0.5600836,0.23691005,-0.91576326,-0.3147326,-0.32739717
2009-10-21,198.66064478575387,-1.1617621,-0.32634625,1.3831346,0.38816285,-0.39112636,-0.7934696,-1.6147918,0.026998982,-1.2666743,-0.69483256
2009-10-22,199.04329508248878,0.97929794,0.45705453,-0.036769748,-0.017044546,0.27645856,0.6612359,1.9479041,-0.4541523,0.29436693,0.27920142
2009-10-23,199.08805053708392,-1.3796058,-0.029670674,-0.40436032,2.7773175,-0.34985653,-0.8469779,-0.95244586,-0.5138696,-1.0439838,-0.48465964
2009-10-26,199.1735246831385,-0.19768259,-1.009409,-0.45468763,1.2142007,-0.18350135,0.13512741,0.3745157,-0.10729587,-0.15090713,-0.42719936
2009-10-27,198.95138083255728,0.2560837,-0.35366625,-1.3508687,-0.2059339,-0.31011268,-0.21982968,0.14363164,0.27727172,-1.1735857,-0.6078746
2009-10-28,198.42760032096893,0.43149802,-1.1450596,-1.3431839,-1.1152002,-1.2737004,-1.8291801,-0.63514996,0.61969256,-0.98243064,-1.278504
2009-10-29,198.30314731879798,0.7218378,1.0839926,0.88399106,0.343631,0.26550636,0.507196,1.0121716,0.620066,1.2813637,0.67225885
2009-10-30,198.14640880595982,-1.3406119,-1.5669523,-2.0827675,-0.9732925,-0.81428903,-0.27909726,-1.1572121,-1.1236249,-2.0677888,-0.7272702
2009-11-02,197.91312552284097,-0.083616965,0.41262951,0.104696825,0.25126404,-0.079245925,-0.25421873,-0.08409614,0.44870496,0.28643075,-0.16239463
2009-11-03,198.47781629811155,0.28916433,-0.20818554,-0.24732998,-0.7135419,-0.49641877,-1.3557868,-0.03803015,0.36608773,-1.6079894,0.06380396
2009-11-04,199.10071463005855,0.02013199,0.82965314,0.426849,0.9873525,-0.035527013,0.6332714,0.14592247,-0.76791537,0.107462406,0.81862706
2009-11-05,199.23846426168652,0.96988547,1.3732517,0.71488637,0.74275076,0.8616046,0.8118978,1.2988693,2.3482435,1.6194766,0.78647786
2009-11-06,199.2750255630355,0.47418636,-0.24347702,-0.02545558,0.057061892,0.15858378,0.11453324,-0.39858255,-0.031963304,-0.08136371,-0.13881098
2009-11-09,199.33473681250265,1.3365824,0.35405102,1.6573339,0.84203815,0.8186721,1.3944118,1.2283478,0.8011256,2.193409,1.7194408
2009-11-10,199.63544524820514,0.44335562,-0.7368461,0.26497605,-0.00031106628,-0.12135321,0.11127874,0.8313761,-0.49923277,-0.012104507,0.059265744
2009-11-12,199.76384446991764,-0.5602219,-1.1303593,-0.40904272,0.40513217,0.23731941,-0.39840004,0.0011811771,0.11150626,-1.5648865,-0.3974637
2009-11-13,199.83289651019115,0.3662512,0.66339767,0.49080515,0.45628682,0.5684574,0.3640114,0.064954005,0.8531532,-0.43345287,0.80530745
2009-11-16,200.1228464857838,0.58468527,0.33517417,0.4181883,-0.20206046,0.9483849,1.0361854,0.9910351,-0.34755388,1.0699576,0.20556845
2009-11-17,200.40961344489705,0.17245153,0.46067527,-0.015768325,1.0372897,-0.11889228,0.23077147,-0.25167847,0.39998794,-0.4616834,-8.402659e-05
2009-11-18,200.51300858132504,-0.31073868,-0.19979954,-0.35270882,0.160355,-0.05784376,-0.48899883,-0.33636922,-0.5892291,-0.3599613,-0.39066586
2009-11-19,200.57196464746323,-0.38184553,-0.6949467,-1.4284598,-0.63494664,-0.90101486,-2.0822117,-1.9472913,-0.49225146,-1.4289194,-0.56205577
2009-11-20,200.80369092326248,-0.36681864,-0.48600224,-0.24995524,-0.33025798,-0.16186388,-0.14873025,-0.39031595,-0.074206635,-0.8069623,-0.3878746
2009-11-23,200.9864445730482,0.61680114,0.9431837,1.3509437,0.54549927,0.48071373,0.4236812,0.7852644,0.5483743,0.35541984,0.53996295
2009-11-24,201.2373706266209,-0.19760542,-0.3524298,-0.45270446,-0.09270647,-1.0162979,-0.018456513,0.2167692,-0.07426736,-0.2627056,-0.5760748
2009-11-25,201.05196608493972,-0.4033794,-0.008276217,-0.16491021,-0.2564944,0.8995951,-0.12212555,0.21502589,-0.20616673,0.20864463,0.13180491
2009-11-27,201.38545824204328,-0.91203004,-0.79146075,-0.98818326,-1.0899276,-1.1224139,-0.5937936,-0.44843656,-0.54385424,-0.5897533,-0.8849048
2009-11-30,201.42967652139163,0.30258748,0.035613764,-0.27319497,0.31464073,-0.079114415,0.24353597,0.0013932717,-0.07410938,-0.008310173,-0.3954068
2009-12-01,201.74107848713294,0.8080137,1.1195234,-0.84261364,1.0632946,0.69738466,1.1971979,1.2925639,-0.022810956,1.984632,1.2475429
2009-12-02,202.13083612151397,-0.4451239,-0.1155787,-0.29277688,-0.45927218,0.39844564,0.16029577,-0.04268505,-0.08429176,0.29988557,0.011147461
2009-12-03,202.5475076240962,0.13182488,-0.094256006,-0.0411036,0.05317585,-0.09959728,0.38796213,0.91038597,-0.5268469,0.15948685,-0.5896772
2009-12-04,202.7111100622209,-0.2130854,0.6994669,-0.9185576,0.23636614,0.33393195,1.4782863,0.75123435,0.46067157,0.7680683,0.41324013
2009-12-07,202.2053709115436,-0.16525345,0.098114334,-1.24771,-0.38638532,-0.7813905,-0.21455458,-0.5516009,-0.36109865,-0.317566,-0.21770322
2009-12-08,202.0831076101614,-0.18182606,-0.8636752,0.13787557,-0.44375557,-1.259692,-0.93950486,-0.67911077,-0.39383668,0.15505897,-0.37835568
2009-12-09,201.7915407342989,0.8049178,0.099488996,1.9344089,0.21928927,0.027154133,0.05750273,-0.7898282,0.10166748,0.4877923,-0.31949723
2009-12-10,201.56702648614987,0.45497027,0.16348197,-0.45025003,0.2543543,1.2833769,0.35772288,-0.18896605,0.72316456,-0.68417543,-0.13850848
2009-12-11,202.08518771660073,0.12860736,-0.37407213,-0.5542225,-0.075172395,0.333739,-0.6204703,-0.7159536,-0.757916,0.15400721,-0.5158994
2009-12-14,202.40243093658123,0.080678895,0.14307797,0.48569247,0.43626365,1.0195328,0.20869641,0.63073945,-0.3213233,0.51795655,0.31977665
2009-12-15,202.48776072406835,-0.8169832,-0.7902675,-0.8246416,-0.20279385,-0.36080676,-0.44808078,-1.2251847,0.1322491,-0.18055923,0.49569964
2009-12-16,202.59235165047295,0.06598382,-0.073794864,0.1166045,0.10711665,-0.13928896,-1.0712206,0.21347475,-0.28007805,0.117095165,1.3809795
2009-12-17,202.67049409855977,-0.75376534,-0.6036545,-0.92698103,-0.95776737,-0.5478105,-0.80398047,-1.1567672,-0.47837603,-0.879983,-0.9142709
2009-12-18,201.90099776519642,0.22271551,0.32294267,0.8148626,1.3457835,2.8335474,1.4619697,0.73165584,0.18575957,0.8170364,0.23310034
2009-12-21,202.17072334989135,0.3446165,0.66996884,0.6061637,0.24886513,0.11461185,1.1715616,0.719715,0.77761394,0.6374221,-0.14660984
2009-12-22,202.2413996676877,0.62853086,0.23042366,0.42962438,0.4965622,-0.0006872921,-0.11822275,-0.5063992,0.35075858,0.24161552,-0.030001797
2009-12-23,203.5332467057317,-0.013912128,0.057217382,0.3312106,0.13941474,0.4588449,0.15689543,-0.7674074,0.026479824,-0.049108233,-0.49256143
2009-12-24,203.60967363991435,0.24907486,0.38099247,1.6002955,0.10330707,0.35908258,0.57891583,0.9994894,0.06627701,0.078996025,0.1481344
2009-12-28,203.895714012249,0.8561989,0.25002563,0.5131444,0.26293126,-0.020658718,-0.06798779,-0.80531293,0.07577665,-0.53117365,-0.069254085
2009-12-29,204.28205257868316,-0.28864318,0.03513839,-0.7115674,0.35016397,0.017148964,0.25353512,-0.3414852,0.3033246,-0.47036943,-0.06937521
2009-12-30,204.0318669430737,0.3224596,0.16330382,0.5063544,-0.80267656,-0.20983863,0.47280958,1.207539,0.1231692,0.9493987,-0.11861784
2009-12-31,202.4793996140095,-0.9222259,-0.5208357,-0.32071543,-0.89497113,-0.81636465,-0.45916432,0.0824149,-0.6790912,-0.46560013,-0.4813224
2010-01-04,202.3043393972611,0.75702566,1.5770047,0.6678305,0.7989556,0.54884994,1.1762791,-0.18885,0.58932287,1.0621705,0.21618813
2010-01-05,202.23816900420832,-0.88681746,-0.23745409,-0.018401112,-0.02096609,-0.1146768,-0.01702431,-0.39851916,1.0138043,-0.42758963,0.5033263
2010-01-06,201.9631047291049,-0.49997336,-0.3434118,-0.9047372,-0.3747622,-0.7413021,-0.16174006,-0.4847902,-0.53789437,-0.17620997,-0.16515072
2010-01-07,202.42120154573504,-0.28978688,0.22295514,-0.19751486,-0.61135346,-0.21171375,-0.47879007,0.084387355,1.2349395,-0.55879587,-0.79991084
2010-01-08,202.43556913962198,0.6342039,0.26364428,0.2269532,0.33775422,0.51499224,0.5652108,1.1456032,0.37522152,1.6145324,-0.2858139
2010-01-11,202.55383521008258,-0.7743012,-0.15417825,-0.549014,-0.7405562,-0.03918927,0.29576916,-0.7901857,-0.2525026,0.8940812,-0.5670076
2010-01-12,202.76383287967047,0.49253094,-0.83049583,-0.67926925,-0.4027733,-0.30605337,-0.81600463,-2.41094,-0.8395088,-2.1477678,-0.6454679
2010-01-13,201.992370004018,-0.1995406,0.9169734,0.594387,0.46783775,0.39666194,0.85362583,0.15464321,0.11518428,0.13930075,0.53600425
2010-01-14,202.32751742534086,1.0368835,0.6343855,-0.39545536,1.0507025,1.0453501,1.2391233,-0.7614715,-0.39815363,0.16944566,-0.47046417
2010-01-15,202.31989549942594,-0.3274273,-1.1534775,-0.94797426,-0.21578026,-0.24336238,-1.6103576,-0.547933,0.0682098,-2.061903,-0.11869934
2010-01-19,201.87454880631122,1.1684828,0.929786,2.0538688,0.3844837,0.10827502,0.6077663,0.40061575,0.66110736,0.6961921,0.98534846
2010-01-20,201.98536460840953,-2.0749512,-0.9252999,-0.8787964,-0.9418331,-0.5592586,0.0787405,-0.4590866,-1.0012691,-0.63052875,-0.5419048
2010-01-21,201.59042802883891,-0.71563095,-0.9196771,-0.9721822,-1.0816203,-0.48840776,-0.5681241,-0.9083978,-0.333286,-0.80252326,-0.75763136
2010-01-22,201.55943089348105,-1.9446843,-2.2149146,-2.6351564,-1.9790505,-1.3540262,-2.2869074,-2.540035,-1.3593924,-3.33616,-1.5702206
2010-01-25,201.44275716856495,0.28683537,0.036412902,1.2150499,0.6344638,-0.29037082,1.0317059,1.2602288,0.043752562,-0.0457748,-0.31978142
2010-01-26,201.62859841326434,-0.25432742,-0.20935658,0.5940054,0.29528865,-0.35036775,-0.790426,-0.86886555,-0.104031526,-0.045768954,-0.32159844
2010-01-27,201.69562162163308,0.26443842,0.5488306,0.36234254,0.27496704,-0.09718104,0.6067987,0.33220485,0.21987684,1.2812587,-0.95045763
2010-01-28,201.58301016246372,-1.4718008,-1.4231704,-2.204199,-0.98326284,-0.8272774,-0.79356503,-0.9253365,-7.174829,-1.5861509,-0.3616641
2010-01-29,201.98827974585578,-0.81158185,-0.12226464,-1.9488723,-1.9061184,-0.8822708,-1.3224367,-1.3953139,-1.5793257,-1.6376995,-0.7437761
2010-02-01,201.82350205806722,1.2171614,0.58224803,0.5835669,0.40517995,0.2650322,0.54837674,1.2260747,0.59383506,1.154052,0.112873785
2010-02-02,202.32478529853978,0.42062983,0.6434017,0.1846618,0.057592984,1.0186735,0.770325,0.52449954,-0.680025,-0.11709578,0.46601647
2010-02-03,202.49005527423247,0.01952737,0.103526205,0.7497172,0.28760374,-0.0779327,-0.17667694,-0.3414574,0.34871784,-0.9132852,-0.08842269
2010-02-04,202.43824218019313,-1.5211121,0.19208483,-1.942813,-1.5715778,-1.3383945,-1.708155,-1.5314049,-1.8169163,-1.869099,-0.91249526
2010-02-05,201.85504277958094,0.23805036,1.1747603,0.7728463,0.31332716,0.82337594,1.1825631,0.8207717,-0.24181126,1.5246102,0.50183034
2010-02-08,201.69263199874007,-0.6645308,-0.44291502,-0.44708726,-0.62540376,-0.91862315,-0.30342844,0.22175235,-0.7320727,-0.6722233,-0.89126545
2010-02-09,202.15267690196666,0.6940434,0.8373132,0.4252518,0.5305237,0.72476727,0.78051853,0.5695201,0.40537158,0.215009,0.20459446
2010-02-10,202.36182781403443,-0.2750164,-0.2884781,-0.37853727,-0.0777868,-0.8621129,0.10922935,0.054603245,-0.6724568,0.2130475,0.41366515
2010-02-11,202.57996500382265,0.46097586,0.35858688,0.79891896,0.21524732,0.42628646,0.9430299,0.67468774,0.62550247,0.7900138,-0.22183499
2010-02-12,202.959623235017,0.09836979,-0.37494853,0.32575813,-0.41155434,0.06231965,0.92596716,0.5064193,0.9128242,-0.08124524,-1.4417
2010-02-16,202.82246454847174,0.62611973,0.5091586,0.64619833,1.0368328,0.73723984,0.7156504,1.6068411,0.12918371,1.6116263,0.32576168
2010-02-17,203.26338190475576,0.5487067,0.14215156,-0.3162383,0.42505118,0.6672165,-0.13928165,-0.2603115,0.3982474,0.05694355,0.5031865
2010-02-18,203.32462594223847,0.7476716,0.43971357,-0.01077861,0.6881565,0.59890145,0.44297186,0.17864686,0.3584733,-1.1632874,0.92493767
2010-02-19,203.2683339214652,-0.3844555,0.16155116,-0.419043,-0.42055276,-0.44373265,-0.041694596,0.30791,-0.33991706,-0.72174597,0.6074577
2010-02-22,203.3989680421764,-0.23445162,-0.13499285,-0.41890725,-0.11587457,0.8808869,0.12724006,-0.696623,-0.76529217,-0.045257296,-0.28339723
2010-02-23,203.3960346143654,-0.26203576,-0.54086006,-0.9580272,-0.81182206,-0.6888629,-1.1639845,-1.0381,-0.64357275,-1.6929231,-0.37173626
2010-02-24,203.01552210190425,0.55919445,0.609136,0.80538344,0.5401136,0.49518865,0.7656206,0.9123593,-0.6896197,0.8785098,1.1015093
2010-02-25,202.89921846001218,-0.33153087,-0.029110234,0.22936556,-0.09655103,0.1309594,-0.16359581,-0.5918466,-0.9329248,-0.26427728,-0.07803485
2010-02-26,203.2777215947282,-0.0024065154,-0.007908976,0.5441649,0.095504634,-0.47644112,-0.23782434,-0.3958214,-0.70902264,-0.007974773,0.0062234737
2010-03-01,203.506614489753,0.70500714,0.5610756,0.9614031,0.6298987,0.11328037,0.83289427,0.46988505,-1.5152996,0.860223,0.1635473
2010-03-02,203.4779884391935,-0.6667633,0.013051873,-0.13914214,-1.1135828,-0.3639906,-0.40497273,-0.41673243,2.8935401,-0.36882296,-0.24629363
2010-03-03,203.80572465241792,-0.34156635,0.47214016,0.01066575,-0.039375935,-0.21229044,-0.43308365,-0.2627163,0.83140177,-0.18950045,-0.0046757977
2010-03-04,204.05224598859627,-0.1368458,0.22033234,0.22749357,0.29007712,0.44019333,0.030784667,0.5138597,0.57905596,-0.5533711,0.037197907
2010-03-05,203.90610821015505,0.23529214,0.5272377,1.8368012,-0.11672592,0.30241582,0.6396457,0.57260406,-0.66384864,0.028190522,0.1411118
2010-03-08,203.91704527256894,-0.504161,1.8421156,-0.07547031,0.03787804,-0.53389895,-0.04210253,-0.69798476,-0.048400935,0.17304417,-0.19339237
2010-03-09,203.80260002677676,-0.5182763,-0.007823921,0.796324,0.28773776,0.2841213,0.41657013,-1.1971828,-0.21518141,-0.33551478,-0.026299912
2010-03-10,203.71126120559097,-0.012497161,-0.5236521,0.30549377,0.28562382,-0.07738819,0.60354173,0.80699486,0.1538937,0.78480774,-0.057634484
2010-03-11,203.3922715227217,1.0212512,0.1909295,0.04252396,0.35883543,0.4500486,0.14881828,-1.246395,0.17622624,-0.5122913,-0.016085058
2010-03-12,203.4615920839562,0.13159043,-0.18683116,0.14026542,0.13056888,-0.22728994,0.053867474,-0.24297707,-0.26153666,-0.262077,-0.15111683
2010-03-15,203.49204304326753,-0.109784395,0.38897064,-0.72386205,-0.0015535455,0.37215197,-0.2305902,-0.22074923,-0.17903458,-0.5547958,0.25271022
2010-03-16,203.79101902411372,0.39808208,0.13049708,0.032189067,0.111320175,-0.18924946,1.9643663,1.5706282,0.08180157,0.7170516,-0.57725537
2010-03-17,203.93881897322203,-0.53668076,0.20882817,-0.18003258,0.4479122,0.42597625,0.52945757,0.41975164,-0.21443419,0.6676524,0.39981368
2010-03-18,203.9934309824021,0.2810509,0.14926481,0.014124019,-0.07679099,-0.22569391,-0.084274024,-0.5011699,1.6961399,-0.18742862,0.17871073
2010-03-19,204.19490323928127,-0.40852943,-0.38169068,-0.6506606,-0.07700578,-0.41378725,-0.47216076,-0.8827682,-0.5198138,-0.58011395,-1.2157313
2010-03-22,204.02086079173642,0.09414953,0.24822298,0.46129537,-0.020787904,0.6302621,0.57518977,0.7351618,0.180126,0.9462911,0.20606105
2010-03-23,203.82905834639385,0.6894455,0.6941949,0.7008707,0.4808773,0.72879314,0.96999013,1.475832,0.19003512,1.5020434,0.19301058
2010-03-24,204.81281983909903,-0.4953757,-0.37799338,0.1190874,-0.46959785,-0.48026186,-0.5299122,-1.515039,-0.46133426,-0.89941937,1.2373539
2010-03-25,205.04108384059248,0.32676068,-0.04678225,-0.71528476,0.63219666,0.45463696,-0.17406209,-0.08483512,2.156734,0.4658151,-0.74274373
2010-03-26,205.24315712248256,-0.03901083,0.07072849,0.84415627,-0.6943299,-0.7019989,-0.24271534,-0.172786,-0.47934517,0.08835999,-0.4626917
2010-03-29,205.4093447596956,-0.4044584,0.07070226,0.2232449,-0.17208764,-0.28156942,0.20909026,-0.12889835,-0.16121846,0.2559388,0.14948298
2010-03-30,205.42094246230025,0.04603574,0.26541477,0.6508064,0.29847863,-0.11465043,0.02826774,-0.34981546,0.3230009,0.386525,-0.1518665
2010-03-31,203.7786817626802,-0.32785088,-1.2222342,-0.28808418,-0.9373205,0.25451908,-0.106384955,-0.39491546,-0.27071434,-0.014657106,-0.40853596
2010-04-01,203.5931354534266,-0.050773438,-0.40560737,0.10271421,-0.28472516,-0.5189423,0.23169875,0.26961046,0.25556082,-0.481994,0.29184067
2010-04-05,203.2433405868059,0.5346978,0.6657774,0.42993796,0.16818969,0.16289136,0.45396835,1.5669512,0.19885406,0.48565093,0.16571018
2010-04-06,203.652388099105,-0.27361798,0.090583,0.116587706,0.05489924,0.40011546,-0.41852522,-0.8176655,-0.1927714,-0.21389768,-0.3849493
2010-04-07,203.7143220075827,-0.2902356,0.22771065,0.11782739,0.01713779,0.08740566,0.11861569,0.49819082,0.28420728,0.2497279,-0.75117594
2010-04-08,203.97643051123714,-0.51584834,-0.12551832,-0.24256629,1.0244328,-0.2045172,-0.3085198,-1.3890165,-0.4850783,-0.87945086,-0.21474752
2010-04-09,203.97484512047254,0.5639311,0.6169382,0.2814163,0.73155385,0.48680544,0.5447702,0.3971479,-0.33511767,0.35293278,0.46311784
2010-04-12,204.05003262905478,-0.26350835,-0.14380394,-0.00084259367,-0.075986,0.15839007,-0.016028274,1.5267987,-0.0184722,0.44736597,-0.5575171
2010-04-13,204.1462405850865,0.30603316,-0.18328586,-0.07632371,0.19738069,0.21128318,0.51717263,0.29508123,-0.007670459,0.47359413,-0.37324512
2010-04-14,204.10928804632988,1.1176124,0.8444987,0.5717625,0.62909406,-0.0047236118,1.6372253,2.038888,0.24206889,1.85485,0.19503902
2010-04-15,204.2805599939766,-0.23827103,0.6226426,0.5575216,0.05021353,-0.38237754,1.4822984,0.09694205,0.024096116,-0.2991262,-0.7562487
2010-04-16,204.49127060839797,-0.18618333,-0.44652656,-0.41727954,-0.40042636,-0.5125639,-0.6213036,-0.9177332,-0.0408417,-0.018824302,-0.5089468
2010-04-19,204.16168558846638,0.7830634,0.16424026,-0.17334653,0.62452084,0.37661812,0.1742617,-0.39256907,-0.07326183,-0.26863286,-0.28399515
2010-04-20,204.0533083273226,-1.3785871,0.20156547,-0.6169518,0.5280983,-0.13071407,0.25727108,0.36613938,0.49513057,0.41685072,1.0959076
2010-04-21,204.2637222556871,-0.4207703,0.10616971,2.8437827,-0.09265469,0.19397412,-0.6660299,-0.5563233,-0.7930158,-0.17414877,-0.09964808
2010-04-22,204.37842303527344,0.024035404,0.14383537,1.2959512,0.06645872,-0.14863488,0.4063727,0.079738736,-3.8018618,-0.26766312,1.0002431
2010-04-23,204.57351385158105,0.4040091,0.27542105,0.72013396,-0.805617,0.37266147,0.11088846,0.26317567,-1.3688433,0.229053,0.19626002
2010-04-26,204.778859072114,0.33826116,0.18032673,-0.3568085,0.22888327,-0.07655652,-0.45691517,0.90618235,-0.25321034,-0.4225081,-0.19120488
2010-04-27,204.78603590480657,-1.0563868,-1.0693612,-1.5367787,-0.50648737,-0.94475186,-0.997392,-1.341763,-0.31463575,-1.4410849,-0.9249951
2010-04-28,204.70475829887877,0.6262573,0.049769852,-0.19146024,0.06814528,-0.27808005,-0.18841214,-0.12601244,0.99829847,0.3025125,0.04600961
2010-04-29,205.08210564453424,0.13915746,0.9222728,1.250642,0.1219697,0.14287542,0.50130326,1.158937,0.1057779,0.58223003,-0.6246282
2010-04-30,204.5656249730949,-0.82003,-1.1470494,-1.556478,-0.8697706,-0.24135032,-1.4065832,-2.1377904,-0.44054112,-1.6131074,-1.5501982
2010-05-03,204.7306480982941,0.26739988,1.1509776,0.91040176,0.5395353,0.19722447,0.9233989,0.8282189,-0.13177666,0.62731254,-0.10029583
2010-05-04,204.91780609957192,-0.8350837,-1.8829323,-1.5968508,-1.3721635,-1.9951143,-1.5326728,-1.5660928,-1.3428777,-2.0736048,-0.58720875
2010-05-05,204.79389522080172,-0.40310326,-0.027115699,-0.63879204,-0.5589925,-0.115663275,-0.5181956,0.18939584,-0.047203004,-0.65271884,-0.29019725
2010-05-06,204.9904335575165,-1.6256723,-2.1167727,-2.086331,-1.6868056,-2.0609362,-1.5159074,-1.7949737,-1.2763596,-1.8405586,-0.61979747
2010-05-07,204.91569474422923,-1.0613999,-1.6161263,-2.3055542,-1.5385184,-1.0615144,-0.4644272,-0.8061784,-0.29840672,-0.8263211,-0.16901511
2010-05-10,205.69634518778338,2.243385,2.8907585,3.6949687,1.3888113,1.8953407,2.8546762,2.243054,1.0027803,2.3199239,1.980534
2010-05-11,205.67900437566814,0.28511113,-0.3460625,0.40237916,-0.15638147,-0.45117888,-0.60118777,-0.444813,0.051678468,0.49113896,-0.61299855
2010-05-12,206.10228056205278,2.9949589,1.5298475,0.9995703,1.0367484,0.7437102,1.8047292,0.86299825,0.7455543,1.2690698,0.9952416
2010-05-13,206.66851184341783,-0.667771,-2.415964,-0.848051,-0.42465854,-0.7653658,-1.2995064,-1.374781,-0.3262325,-1.8671639,-0.5114363
2010-05-14,206.45635308067415,-0.1993301,-1.2228267,-1.0219953,-0.6399786,-0.97582775,-1.3799552,-1.4056886,-0.89292586,-1.036352,-0.8459892
2010-05-17,206.44965455716078,-0.4396622,-0.15352523,-0.025378454,-0.021261007,-0.13961141,0.30367297,1.0857728,0.0026244472,0.7049687,0.009343297
2010-05-18,206.68189848244756,-0.30506986,-1.0851104,-0.48654476,-0.45278966,-0.68883806,-1.3638057,-2.006502,-0.90575844,-0.90158033,-0.6808037
2010-05-19,206.4603946571767,-0.6230331,-0.22123459,-0.9357979,-0.75297284,-0.55174094,0.40348125,0.15890598,-0.41171366,0.19406807,-0.54135597
2010-05-20,206.03256012738098,-2.782212,-2.0814986,-2.346972,-2.3299685,-1.8202866,-1.9203418,-0.9541146,-1.1853347,-1.2280535,-1.4026119
2010-05-21,206.01344141046286,0.83798,0.3255523,0.87103784,-0.6015368,-0.46647495,0.2954087,0.6070537,0.3032996,0.02432933,0.42217952
2010-05-24,205.70744764878,-0.5793134,-0.20688419,0.8257492,-1.2411724,0.19851539,-0.5759589,-0.8216239,-0.36759388,-0.6499999,-0.72957593
2010-05-25,205.93929258447798,-0.010731732,-0.14094177,-0.428367,-0.46864864,-0.23056696,0.44231495,0.2735884,-0.16157222,0.5580977,-0.18401834
2010-05-26,205.8345152226552,-0.75997746,-0.950957,-0.3394895,-2.3644924,-0.68594474,-0.35823134,-0.6686735,-0.7926481,-0.6132857,-0.81508297
2010-05-27,206.04781363911414,1.6784859,1.7323323,1.805704,2.1362624,1.3791732,2.521653,1.4949739,0.8067807,1.8393801,1.3951635
2010-05-28,205.73540775151977,-0.66238636,-1.1374564,0.6041658,-0.47242233,-0.07999002,-0.78776866,-1.0359613,-0.083926715,-0.5970035,-0.22837509
2010-06-01,205.55440002447162,-0.5527916,-0.36699376,0.6761265,0.15439561,-0.84588563,-0.561921,-0.24127175,-0.7240872,-1.2375866,-0.03195682
2010-06-02,205.89969783072723,1.6154011,0.7763537,0.5048994,1.179447,0.877363,1.4822112,0.8250142,1.1491364,0.83212686,0.835461
2010-06-03,205.85093986449834,0.244814,0.808312,-0.26822218,0.7997581,0.3605556,0.2129896,0.5278371,0.4888367,0.54036975,-0.13497011
2010-06-04,205.7149165541838,-1.4942688,-1.6967168,-1.5226449,-2.3145442,-1.5638422,-2.2284806,-1.9890441,-1.5881985,-1.6873014,-1.5978627
2010-06-07,205.73326764872525,-0.67880505,-0.46138594,-1.123315,-1.1357288,-0.99409497,-1.5573674,-1.2463691,-0.4645016,-1.4896024,-0.7178525
2010-06-08,206.16472742826411,-0.27463,0.4469804,-0.43812153,-0.4413645,0.07297224,-0.31819138,0.3965479,0.25743067,0.5017806,-0.16197956
2010-06-09,206.19973102751817,0.05025703,-0.41628444,-1.3892878,-0.7604857,-0.5445589,-0.6227604,-0.40551051,-0.8088914,-0.6274333,-0.41581658
2010-06-10,205.86956265998523,2.001849,-0.030283917,1.4157314,0.43204722,1.3806306,1.5488693,1.6989413,0.3261651,1.1479746,1.0883341
2010-06-11,206.04256004268308,0.36115995,0.310779,0.5062345,1.4205217,0.9833833,0.22561716,-0.26299563,0.34863988,0.48566312,-0.078194425
2010-06-14,206.2468730193655,-0.022344498,-0.3486969,0.049746774,-0.39178255,-0.05898777,0.6120378,0.18194817,-0.83354867,-0.081161566,-0.12526128
2010-06-15,206.43694081989824,0.63225365,1.2783271,0.9801553,2.291341,1.0045087,1.4089227,2.3667264,0.95188934,1.8808726,0.85126776
2010-06-16,206.61907189328704,0.24482827,-0.096607916,1.3767201,-0.59410334,-0.10039859,0.028620714,-0.6824396,-0.7366349,0.35444564,-0.17072998
2010-06-17,206.5668214331021,0.27997482,-0.275987,0.77891546,0.06603392,-0.28683808,0.07552901,0.15049729,0.7371963,-0.047829162,0.68457496
2010-06-18,206.79707149408696,-0.48165974,0.7063569,0.31040406,0.108530045,0.21031217,-0.2767419,-0.25621036,-0.109658144,-0.28146884,0.35881835
2010-06-21,207.0668180438402,0.21279855,-0.34091496,-0.8504224,-1.0972121,-0.28740254,-0.4922304,-0.51551896,-0.14845853,-0.34958902,-0.52911466
2010-06-22,206.800851081591,-0.756197,-0.83883524,0.5935419,-0.43316114,-0.47621745,-0.49693415,-1.175961,-0.1745283,-0.7595405,-0.5104523
2010-06-23,207.3482263570489,0.37691876,-0.25742292,-0.65673727,-1.0601311,-0.5025029,-0.40536493,-0.018940894,-0.27867946,0.123354346,-2.923872
2010-06-24,207.14989947705803,-1.0605733,-0.67231476,-0.485701,-0.7372739,-1.0435557,-1.1964396,-1.1973366,-0.9115435,-1.3226588,-0.23891383
2010-06-25,207.50546690804987,-0.6184412,-0.91608775,-0.5541224,-1.1161188,0.8846026,-0.72009444,-0.62732035,-0.37631932,0.5781856,-0.60371804
2010-06-28,207.38445265709413,0.9406173,0.55368,0.20394082,-0.550988,-0.5071395,0.828907,0.6366332,-0.7963327,-0.4965,-1.5406657
2010-06-29,207.0648027393331,-2.1339328,-1.8993856,-2.50686,-2.412707,-1.580174,-1.4266249,-1.1480163,-1.3196894,-1.8912758,-2.5444586
2010-06-30,205.6251281528474,-0.93381965,-0.7565081,-1.0440264,-0.76450574,-0.69822514,-0.86733484,-1.4939946,-0.50348574,-1.1829121,-0.74353206
2010-07-01,205.94769982099814,-0.55388194,-0.12940636,-0.73382455,0.32362095,0.14077865,-0.5152857,-0.34304187,-1.3369292,-0.15556516,0.23225339
2010-07-02,205.51088689429474,-0.44617203,-0.32552308,-0.42489177,0.22452489,0.55571824,-0.12534262,-0.22611883,0.50410616,-0.08117855,0.007510357
2010-07-06,205.82753581008595,0.8411418,0.5056416,0.24403855,1.2675483,0.99964976,0.7349037,-0.061354943,0.31343699,-0.90794146,-0.63578194
2010-07-07,205.72315261010186,1.8806278,2.6921315,1.9260925,1.0758798,1.5575861,1.6840506,2.5150106,0.9361902,1.4476858,0.5390085
2010-07-08,206.10023696915175,0.47006783,0.15397556,-0.2220865,0.2128193,0.20917031,-0.09474631,-0.15244,0.6699942,-0.3752824,-0.006686086
2010-07-09,206.22835736218454,-0.054239824,0.33699757,0.19807245,-0.36348075,0.2487779,0.35511145,0.49713475,-0.11108704,0.61415577,0.39246693
2010-07-12,206.43076794637375,0.32850116,0.35768905,-0.57200825,1.2417071,0.06390133,0.82032,0.51309615,1.5071639,-0.044883918,-0.2412955
2010-07-13,206.27901353253895,0.90379024,0.51269144,-1.2186689,0.63386846,0.6110184,1.0718874,1.3068323,1.0199065,0.67434597,1.2873929
2010-07-14,206.51996011150425,0.07653191,1.4359843,0.08374185,0.64893305,0.40306163,0.8379038,-0.7331157,1.1192684,-0.045531046,-0.19655105
2010-07-15,206.4822164720153,-0.04873647,0.38530222,-0.36889586,0.11383491,-0.2794746,0.35794443,0.584593,-0.108856715,-0.33130476,0.16200314
2010-07-16,207.08401240842872,-1.4643276,-2.6189659,-0.42775303,-1.4304291,-1.2010977,-1.1568027,-1.4554229,-1.2489883,-1.0587854,-1.2096256
2010-07-19,206.8239436820239,0.881699,-0.053126916,-1.0097281,0.7238856,0.5957532,1.3538609,1.6061579,0.9436246,0.6092218,0.29026532
2010-07-20,206.67683430367404,-1.7714267,0.7198428,1.2053146,0.51442325,0.6064869,0.14502895,-1.7759159,-0.10894002,-0.22561637,0.17896076
2010-07-21,206.7490279597119,-0.7413126,-1.125286,0.37372795,-0.84253454,-0.78592485,-0.9111556,-0.68279725,-0.83035284,-0.59051156,-0.35959548
2010-07-22,206.89794215715202,1.1375576,1.6054684,0.8580968,1.5528367,1.444104,1.2232562,1.646188,3.53352,0.8242403,1.1210965
2010-07-23,207.01942994041752,0.43616793,0.17139281,0.07695779,-0.10655222,0.31455564,-0.20373635,0.108788066,-0.11919318,0.13343063,0.7522894
2010-07-26,207.05377399885597,-0.032424197,0.5692813,-0.2388103,0.58982265,0.21439576,0.05145299,0.5135891,0.104655035,0.0968487,-0.16743125
2010-07-27,207.0232313693908,0.06820617,-0.6954762,0.8443059,0.08861486,-0.19575568,-0.29778025,-0.25539225,-0.10731482,0.09617696,-0.026223063
2010-07-28,206.95480173364018,-0.15441066,0.19335069,-0.722906,-0.49567008,-0.6288917,-0.5823766,-0.60173464,-0.6279989,-1.0110027,-0.77594984
2010-07-29,207.24216074819827,-0.26589188,-0.409762,-0.67745376,0.13290095,-1.2213176,-0.7092912,-0.8257566,-0.059984677,-1.587567,-0.07742885
2010-07-30,206.69552731463875,0.15341762,-0.32207814,-0.27941474,-0.5188263,-0.18056391,-1.0361766,-0.50311494,-0.9240645,-0.60770625,-0.06419768
2010-08-02,207.0705417058743,1.1920301,1.6149439,0.81248105,1.0852847,1.2432772,1.3334415,0.8352923,0.73258436,0.7060974,1.0409434
2010-08-03,207.1853205589984,-0.25163117,0.036442105,-0.09114998,-0.40711576,-0.2177437,-0.66701055,-0.74092704,-0.44217664,-0.79272014,-0.7038818
2010-08-04,207.1841144197158,0.4201935,0.68787026,0.100751914,-0.97763264,0.49330705,0.048764255,0.7227305,-0.119757764,0.107209146,0.64945406
2010-08-05,207.67622171293254,0.24167745,0.05760259,-0.3615736,-0.84026086,-0.4544405,-0.1414578,0.38984782,0.0001807143,-0.30712345,-0.4218635
2010-08-06,208.02382414609858,-0.5887972,-0.22366533,-0.42989868,0.36033863,0.11913067,-0.044242226,0.043734547,0.09562097,0.03197399,-0.36123496
2010-08-09,207.83661274273248,0.9173639,1.4889917,0.22469792,0.091727756,-0.29735208,0.0046785483,0.42722034,1.2104872,0.03170996,0.28143394
2010-08-10,207.69407799599583,-0.13041791,-0.9851835,-0.57534015,-1.2498626,0.00022510292,-2.0643787,-0.833788,-0.04894859,-1.3772457,-0.5399767
2010-08-11,207.479666733858,-1.0935599,-1.2662282,-1.9904519,-0.51756495,-1.3240763,-0.9973931,-0.90951145,-0.5732791,-1.3366798,-1.2957002
2010-08-12,207.5310418699935,-0.85464704,-5.493934,0.22474216,-0.89064944,-1.5471284,0.056701478,-1.3232604,-1.4151591,-0.280529,-0.3177128
2010-08-13,208.22617058874107,-0.27573457,-0.007132834,-0.6697395,-0.25118357,-0.65309316,-0.77974373,-0.37687787,-0.43474254,-0.041224748,-0.1854221
2010-08-16,208.17162250968957,-0.10072756,1.321029,-0.41499797,0.19111428,0.06831454,0.8406203,0.47442973,0.7472216,0.07824953,-0.9786194
2010-08-17,208.08760202540103,0.31321022,0.32552612,0.7988836,0.7463713,0.63702977,0.15981422,0.29205737,0.50921565,0.6290546,0.72859323
2010-08-18,208.2578704970855,0.4480517,0.83914936,0.12056393,0.21125211,0.024367366,0.15926892,0.37738463,-0.20165971,-0.12029114,0.09790911
2010-08-19,208.3629876862661,-0.30527484,-0.45219788,-0.7722418,-0.9207985,-0.24844201,-1.8048253,-0.9250862,-1.195485,-0.15952627,-0.6475873
2010-08-20,208.6237213087123,-0.7889114,0.016479703,-0.15812454,-0.534431,-0.017495956,0.031028269,0.29221988,0.8743085,-1.1529157,0.22259173
2010-08-23,208.63584247868354,-0.59819484,-1.3176967,-0.9217007,0.07583749,-0.43994388,-0.5592074,-0.82026315,-0.5242391,-0.20256343,-0.22738767
2010-08-24,208.83113403763207,-0.8951772,-1.3521091,-1.3789243,-0.6098577,-0.9816565,-0.78463346,-0.31000185,-0.6857629,-1.7327703,0.05861142
2010-08-25,208.875816757007,0.15372206,0.19079836,0.5372379,0.1005913,-0.038001113,0.19580387,0.004806746,0.6535641,0.42082685,-0.7088594
2010-08-26,208.9397774445266,-1.4099036,-1.2814698,-0.6764811,-0.71062094,-0.42912316,-0.8219199,-1.1754991,-0.2999178,-0.8360934,-0.2300751
2010-08-27,208.97840291633088,1.0225496,0.27050644,0.18496047,0.22162035,0.5044093,0.52901256,0.6440461,0.3479628,0.5906006,0.73331106
2010-08-30,209.16938557189462,-0.7742842,-1.2555169,0.083752155,-0.74086374,-1.1295977,-1.1354054,-2.1620688,-0.50313175,-1.0071762,-0.3511775
2010-08-31,207.72165279965154,-0.19689348,-0.8614657,0.021593466,-0.45074674,-0.45490256,-0.81634074,-0.6279476,-0.07171348,-0.5091403,-0.21296023
2010-09-01,208.07693216658654,1.3945826,0.69353515,1.4248184,0.99085397,1.6353229,1.328938,1.6200297,1.455639,1.3571336,1.4457074
2010-09-02,208.30944474692157,-0.4430341,0.6593282,0.2760243,0.05358004,-0.35977137,0.3924008,0.57789063,0.40283498,0.25059035,0.64936143
2010-09-03,208.527434192432,1.3187283,1.3017018,1.2479129,0.78621596,0.87911516,0.41677105,0.57007104,0.3292884,0.6966941,-0.0010919461
2010-09-07,208.90352120109927,-0.9199748,-1.1644058,-0.30341488,-0.8244288,2.697907,-0.85201204,-1.7042872,0.1328415,-0.7349716,-0.5062487
2010-09-08,208.92314484793545,0.022985762,0.14539279,0.9251013,-0.11369308,-0.30033195,-0.6123537,0.053473376,0.3124425,-1.0802655,0.09068205
2010-09-09,208.86178387467032,0.10352915,-0.08315794,-0.07779504,0.14887509,0.32071522,0.2854587,0.28287292,-0.1061549,0.75312644,4.254349
2010-09-10,209.11682494217905,0.8228701,0.018399224,-0.03982569,-0.42510512,1.3575201,-0.08009933,-0.40729535,-0.62795985,-0.49615416,-0.8643259
2010-09-13,209.12588305475492,0.80659896,1.5944011,0.6134933,2.9073453,0.056529697,1.6350088,1.6407169,0.5733264,0.3339435,-0.04422548
2010-09-14,209.16494611027025,-0.44590545,0.4592061,0.0930588,-0.22500163,0.46016884,0.49139592,0.42652252,0.03994946,1.2617213,0.17932968
2010-09-15,209.62942329254625,0.25796652,0.33442342,0.31655332,0.16397862,0.6267313,-0.050007574,-0.1296106,0.8819622,-0.362466,0.24828501
2010-09-16,209.9391854935351,0.07918902,0.8137616,1.1238745,0.43725458,-0.7863261,0.6738942,0.5980808,-0.09452958,0.07987407,0.013220473
2010-09-17,210.16494487901534,0.22491969,-0.17487009,-0.3395025,-0.2939221,3.8664565,-0.42418906,1.5127977,0.52756983,-0.3226516,-0.17406556
2010-09-20,210.5007689178297,0.78101647,-0.2721923,1.3909186,0.43699694,-0.042269964,0.32491142,0.21187367,0.4338803,0.4803788,0.29359594
2010-09-21,210.35179480531735,0.051487666,-0.27344644,-0.00715286,-0.682806,-1.2681692,0.5610233,-0.2125643,0.44934493,0.27619547,-0.29029623
2010-09-22,210.7535892452099,0.25607795,0.0661723,0.6348468,-1.3014091,0.6304263,-0.34094486,-0.8551283,-0.3064981,-0.43821713,-8.244569
2010-09-23,211.09369949354297,-0.5063263,-0.34827214,0.10832307,-0.4699005,-0.20517421,-0.07647325,0.62081254,0.28766194,0.43372792,-0.47200298
2010-09-24,211.0055821486991,1.1964794,1.3461802,0.51698285,0.78314245,-0.3511406,1.1616989,2.3271081,0.8573214,1.2378981,0.5898869
2010-09-27,211.38786549812815,0.22631489,0.041104004,-0.32234904,-0.16104567,-0.07863654,-0.4675469,-0.5967519,-0.042045135,-0.42630535,-0.09285539
2010-09-28,211.1882067159924,0.07493379,-0.60618806,-0.9059267,-0.16095772,0.3760893,0.70774376,0.6896176,-0.62410855,0.6447456,-0.9675263
2010-09-29,211.17276840445672,0.24966052,0.017416831,-0.013779281,-0.46899992,-0.09648949,-0.7011379,-0.53282964,0.16690625,-0.27090746,-0.4481984
2010-09-30,210.2084332140599,-0.71949565,0.065221176,-0.78230613,-0.06627673,-0.6395857,-0.10144708,0.5231566,0.7618449,-0.08108556,0.069863066
2010-10-01,209.85391909289754,0.7073301,0.017059367,-0.33855206,-0.30179378,0.6439811,0.31851125,0.1360488,-0.9809847,0.033057015,0.08350945
2010-10-04,209.18031010251661,-0.24225274,-0.36694103,-0.837183,-1.1578296,-0.58099383,-1.1856514,-0.16559555,-0.47068506,-0.9257315,-1.0760933
2010-10-05,209.16751991411292,1.1515642,0.54394776,1.8060155,1.0029052,0.657747,0.74772054,2.1205072,0.30348077,1.3303745,0.160663
2010-10-06,209.65848832501533,0.04207602,0.7276491,-0.062407866,0.14624865,0.43766484,0.4241074,-0.12395334,0.32092556,-0.5717145,-0.15124877
2010-10-07,209.57197823986849,0.38490972,0.20437372,-0.102640666,0.19244434,0.13413762,0.23876774,-0.41480696,-0.18695323,-0.08109616,4.071158
2010-10-08,209.63477530745868,0.016961405,0.20357187,0.7718913,0.05131556,0.48283684,0.31532642,1.049973,0.13325594,0.259136,-2.428193
2010-10-12,210.24792237777595,0.045973506,0.34291968,0.46098432,0.5182826,0.11534835,0.54316086,-0.2569045,0.5486592,0.44273975,0.48195907
2010-10-13,210.45521231831722,0.20524299,1.2795823,0.17614317,1.1333457,1.0662897,-1.3693932,-1.165195,0.45880684,-0.043897714,-0.022734178
2010-10-14,210.6841876701017,0.49684927,-0.25712904,0.27568728,-0.29507345,-0.5255386,0.21316409,0.28343633,-0.36915913,-0.30454773,-0.39999148
2010-10-15,210.95338929307138,-0.25633588,0.651357,2.045696,0.66596824,0.91879505,0.0033918011,0.7023605,-0.3400155,0.32764453,0.72866756
2010-10-18,211.25785100952663,0.79772055,-0.1422965,0.44332388,0.591244,0.4987871,-0.33803308,-0.77679735,-0.39317727,-0.3406521,-0.120402545
2010-10-19,211.0381180906401,-2.3578877,-0.75837535,-1.5601707,-1.6863459,-0.22877681,0.055997822,-0.7267836,-0.36403912,-0.71799284,-0.7604112
2010-10-20,210.73933443489418,0.4621927,0.9696803,0.070376955,0.43999308,-0.89278346,1.1222357,0.03170925,0.08303594,0.51879925,0.7794326
2010-10-21,210.9468179515455,0.3230739,-0.3228498,-0.28298715,0.20867151,0.24770321,0.31125534,0.16755559,-0.5008125,-0.23024788,-0.79811513
2010-10-22,210.85784128027043,-0.12318621,0.48905334,-0.46379113,-0.13442597,0.22864541,0.20763205,0.7621731,0.12571268,0.770044,0.61246914
2010-10-25,210.89870882679327,0.03661757,0.28405508,0.12882912,-0.47925568,-0.31506768,0.07977776,0.5229044,0.07280753,-0.007846013,-0.10625685
2010-10-26,210.9801491351622,0.35469517,-0.4774147,-0.2458001,1.5711328,-0.4194699,0.4339771,-0.27483776,-0.49079365,-0.30113444,-0.17499724
2010-10-27,211.32038619099166,0.31885323,-0.2551831,-0.14726964,0.29289222,0.059983026,0.3802346,0.967196,0.4796063,0.46688563,-0.051474325
2010-10-28,211.37897082183423,-0.29914066,-0.23365174,-0.5623092,0.4686894,1.060064,0.69955134,-0.21655579,-0.14562705,-0.044766933,-0.18942256
2010-10-29,211.6491553727054,1.2374502,-0.7632596,-0.8647334,0.81626886,-0.02681035,-1.045208,0.52987075,0.6781563,0.28010318,-0.023853099
2010-11-01,211.91057888698685,-0.17683722,0.13190585,0.46046463,0.5671521,-0.48306608,1.2979612,-0.3271884,0.089790076,-0.009166223,0.0036635667
2010-11-02,211.77784729880213,0.19958046,0.5663344,0.79950494,0.9025268,0.6133448,-0.5655704,0.2117235,-0.03256992,0.3121941,0.99572474
2010-11-03,211.74448728204993,0.10973305,1.2100134,0.48579443,-0.81636447,-0.61556804,0.744289,0.65056366,0.23042211,0.13200939,-0.38939953
2010-11-04,211.6289875668515,1.1718174,1.0950451,0.8227311,0.19351469,0.3938744,1.198696,1.2684244,2.5152256,1.1419481,0.7883831
2010-11-05,211.98434758205767,0.014830219,0.10246641,-0.302713,-0.67235285,-0.4312297,0.65002346,1.184,-0.09287025,0.22792941,-0.5193989
2010-11-08,212.24049293281445,0.042855445,0.27609485,0.14374125,-0.13128851,-0.41765448,-0.020954741,-0.24267536,-0.5915285,-0.70108837,0.10740359
2010-11-09,212.34976196228894,-0.19233935,-0.093358204,-0.54218143,0.2617321,-0.5755701,-0.16425082,-0.15558371,0.03222885,-0.011736865,0.17292553
2010-11-10,212.38120974944425,0.14441226,0.2968181,0.22308001,-0.0657498,-0.14701524,-0.2849262,-0.085575126,-0.31471032,0.022700742,0.30284756
2010-11-12,212.14024840577545,-0.8340561,-0.96861255,-1.5989145,-0.9510832,-0.4958331,0.7603439,0.18097357,-0.5181828,-0.22191586,-0.618882
2010-11-15,211.57304114083092,-0.092262134,-0.53312135,-0.2820511,-0.19911316,0.07878693,-0.53994393,-0.26290277,-0.6696721,-0.0105473595,-0.1324785
2010-11-16,211.93349765453542,-0.7065267,-1.3749466,-1.0742878,-0.56263286,-1.509442,-0.5460948,-0.585623,-0.56771684,-0.61254567,-0.74626595
2010-11-17,211.3080598384088,-0.18341081,-0.088140465,-0.30310962,-0.58720285,0.5255462,0.02724942,0.52076167,1.4798777,-0.36732307,-0.2535468
2010-11-18,211.6695074644138,1.092435,0.5346424,1.2914048,0.56962955,0.64212555,-0.1410405,0.9164542,-0.33382565,0.8774065,-0.39039072
2010-11-19,212.19691169855517,0.27714473,-0.006549963,-0.40782803,-0.38505337,-0.3413813,0.2908474,0.7103564,0.14786306,-0.5042808,0.15122272
2010-11-22,212.066191041303,0.11315681,-0.14156818,1.0441154,0.047318157,-0.23669818,0.26545498,0.42731908,-0.2283013,0.1677291,0.33730397
2010-11-23,212.1381757514576,-1.0790628,-0.9887365,-0.91274685,-1.4493961,-1.6026119,-0.3794243,-0.52978915,-0.58937263,-0.50838125,-1.4419966
2010-11-24,212.48254252590377,1.1837047,0.70544726,0.9440875,0.537653,0.93323517,0.71740615,0.8840043,0.8561518,0.55819744,0.19732691
2010-11-26,212.75012368213066,-0.93388677,0.07511317,-0.07524858,-0.3232189,-0.5108555,-0.11575288,-0.6791279,-0.43936715,-0.29306722,0.34645802
2010-11-29,212.64016054393062,-0.5196834,-0.14249599,0.21106859,0.0954787,-0.55111295,-0.020990444,-0.085601054,-0.4908624,-0.11647805,-0.5887274
2010-11-30,212.51456769937505,-0.72331876,-0.7745079,-1.0955666,-0.1601987,-0.37167522,-0.40211853,-0.7716396,-0.5338788,-0.40129176,-0.8754451
2010-12-01,212.78533345977726,1.3477464,0.43413723,0.7978801,1.7462448,1.0302291,0.7621886,1.244769,0.9580255,1.1165245,0.7038659
2010-12-02,213.29042837901272,0.31428176,-0.2817899,0.19044256,1.8538923,0.7445663,0.5182785,0.36767915,0.49048117,0.4025923,0.90888786
2010-12-03,213.3152735155189,0.048748754,-0.42215666,-0.23165372,0.24057418,1.1842954,-0.02086378,-0.13583882,0.22931999,0.43133438,-0.039867673
2010-12-06,213.79863895345727,-0.22465363,0.9876374,0.35458496,-0.44135824,-0.20030506,0.025545297,0.13156943,-0.5575489,-0.21702516,0.02787226
2010-12-07,213.98413283591177,-0.49549916,-0.115896374,-0.44308516,0.021473829,0.49409327,-0.27866298,0.6764407,0.059643615,-0.18330768,-0.38102567
2010-12-08,214.3768834997903,0.40363047,-0.11620514,0.37064394,0.74809104,0.24917184,0.5623,0.47111937,0.30492243,0.089218676,0.16537517
2010-12-09,214.274541256511,-0.35975075,0.94791484,-0.32452917,-0.37403718,-0.009727818,-0.021175077,-0.10206608,0.10496277,0.7271631,-0.9354891
2010-12-10,214.2300145643727,0.19862501,-0.006266563,0.02665403,0.5238159,1.0922868,0.23378049,-1.6395549,0.2908067,0.1851177,0.058123227
2010-12-13,214.22384388913522,-0.29488045,-0.3314364,0.0792222,-0.24134907,0.73729676,-0.95479774,-0.42208043,-0.41960028,-0.547886,-1.3629174
2010-12-14,214.51408372807296,0.6709126,-0.115161985,-0.3469262,0.75947505,0.087285966,-0.06877767,0.25064862,-0.02689533,0.18628563,0.39022732
2010-12-15,214.81529860154524,-0.5521789,-0.19754267,-0.098628916,0.45053783,-0.094456606,-0.44860604,-0.35489446,-0.16750658,-0.4153378,-0.7114656
2010-12-16,214.98508746748922,-0.121948086,0.75557005,0.042299457,0.25477925,-0.42694524,0.049355898,-0.1195678,0.43943912,0.5188063,1.0457014
2010-12-17,214.81271087712727,0.1659426,-0.5488637,-0.22062238,-0.23802547,1.8822862,0.38109332,-0.23784114,-0.25973842,0.67388386,0.28210586
2010-12-20,214.72865157340138,-0.27074972,0.1843389,0.16350377,-0.23843716,0.2737806,-0.54415655,-0.42512888,-0.101774946,-0.113588564,0.443207
2010-12-21,215.02973020682188,0.5267436,-0.25148764,0.22911537,0.5119428,0.08176433,-0.30955955,0.10111318,0.42658514,0.9170321,2.2413673
2010-12-22,215.10677037616324,0.05391741,0.07574231,0.05246274,0.21010326,-0.2207964,-0.5052346,-0.03496693,-0.083093934,0.20456877,-0.46046603
2010-12-23,215.9712155824206,-0.06988823,0.348492,-0.3787409,0.18892494,-0.25476336,-0.120176785,-0.27288854,-0.5926407,-0.08102256,0.16730426
2010-12-27,215.99510503163137,-0.29574892,1.2564565,0.07405567,-0.5387119,0.13116357,0.0013648389,-0.051898718,0.07509247,0.17109239,0.0350296
2010-12-28,215.96605734069885,0.12833092,0.49597618,0.023857713,-0.17529519,-0.20647094,0.09861565,-0.32466477,0.14851087,-0.018210882,-0.13524394
2010-12-29,216.66576099852813,0.32981157,-0.2701446,-0.1425451,-0.13327089,-0.17539087,0.14669712,0.37389606,0.036980048,-0.018347902,-0.030664025
2010-12-30,216.54874343890492,0.026711062,-0.058969885,-0.39218646,-0.30715293,-0.40324455,0.19461894,-0.10295436,-0.3231513,-0.04971416,-0.62562865
2010-12-31,215.72910993935483,-0.0012934749,-0.006064213,-0.30015957,0.08365656,-0.045517024,0.02558427,-0.08590391,-0.30588293,-0.3322952,0.18068032
2011-01-03,215.84351171345077,0.28615883,0.67707485,1.0832725,0.10499445,0.45460853,-0.43448317,0.30258125,0.55473787,-0.049545985,0.56853384
2011-01-04,215.1576372672352,0.03002839,0.07194663,0.17676952,0.18966994,-0.2857446,0.7258065,-0.18685849,0.6364971,-0.3653666,0.18603636
2011-01-05,214.6504918286598,-0.3124414,0.6391315,0.33777803,-0.23697436,-0.7701038,-0.5037241,0.13269079,0.86513424,-0.75201887,0.7957416
2011-01-06,215.09076602866583,0.6889363,0.45432663,-0.15548114,1.6844565,0.1495499,-0.4114162,0.66420794,0.48013097,0.33536485,-0.03310099
2011-01-07,214.86894616812847,-0.37398556,0.04469669,0.28271592,-0.50391394,-0.28844795,-0.26728043,-0.13549864,-0.91273224,0.14162454,-0.3817203
2011-01-10,214.71737864204187,-0.17506668,-0.4656789,0.9168216,-0.8446935,-0.045144413,0.07537449,0.17857698,-0.11875029,-0.68808323,1.0373446
2011-01-11,214.72148011607408,-0.20727795,0.22404109,-0.24108057,-0.27871156,-0.14261642,0.875983,0.11164296,0.25431722,0.9051595,-0.070815094
2011-01-12,214.85734446176417,0.7826736,0.6032797,0.33607903,0.88371754,-0.14285229,0.6000918,0.17636263,0.15514848,0.48162326,0.6150409
2011-01-13,215.06712211851917,-0.16923265,-0.10730202,0.0908072,-0.80598146,0.3286646,-0.02205798,-0.3809559,-0.4986526,-0.14319861,-0.3231209
2011-01-14,215.19440802647486,0.48787937,0.3220465,0.33504862,0.18797089,0.13291124,-0.50076294,0.82733226,0.06766627,3.1558242,0.39511785
2011-01-18,214.9745763660788,0.24769269,0.018971518,-1.3647867,0.7114307,0.3886598,0.0017694174,1.2084569,0.7850362,-0.42927757,0.36489692
2011-01-19,215.38699105324864,2.1678853,-1.0226083,-0.40592402,-0.44535518,0.050602373,-0.16701111,-1.1869924,-0.8627637,0.0062621925,-0.41481596
2011-01-20,215.42202644458206,0.004786669,-0.1345551,-1.1269845,-0.29958096,1.0631207,-0.14340787,-0.49035576,-0.8042944,-0.5779371,-0.5974579
2011-01-21,215.6098715794042,-0.1719794,-0.10913327,-1.1135913,-0.75054216,0.25106975,-0.31406188,-0.085893035,-0.16387507,-0.22820947,-0.36160567
2011-01-24,215.60311380937097,1.7177422,1.1165905,1.6808025,0.7223638,-0.23344825,1.0141346,1.1030792,0.14114086,0.9679817,0.8153813
2011-01-25,215.79258616746958,0.7144866,0.9206774,0.5351058,0.10243599,-0.23432986,0.7362059,-1.1615347,-0.05621978,-0.0810238,-0.6578872
2011-01-26,215.54930359634977,-0.20915556,-0.30466744,0.28529617,0.647862,0.36018488,0.46991268,0.4624264,0.21992822,0.17741925,-0.14376363
2011-01-27,215.93541198843815,-0.02983198,0.043919183,-0.21486028,0.14226826,0.49677595,0.0013889645,0.6186132,2.540961,1.7137552,0.30048093
2011-01-28,215.71801179719023,-0.82227445,-1.2934159,-1.27302,-2.4291754,-1.4994079,-0.6791579,-0.66152734,-1.0667974,-0.9975576,-1.7517685
2011-01-31,215.9797621551407,1.1236261,0.553547,0.41902262,-0.08960877,-0.01420635,0.0013708695,-0.66781056,0.25006923,-0.30604038,0.5958507
2011-02-01,216.10252475045814,0.60087,0.79796386,0.8176845,0.5176065,1.8240094,0.048543114,1.6575652,0.7183452,1.3886902,0.46416566
2011-02-02,216.44079443762791,-0.1486959,0.36717385,-0.22652592,-0.1547319,-0.21557438,0.18979561,0.10273654,-1.0035875,0.27203292,-0.19353984
2011-02-03,216.51346077955563,0.052441146,0.70833045,-0.25445297,-0.67887783,-0.29335296,0.45239586,-0.29045302,0.75391275,-0.65270364,0.025149181
2011-02-04,216.9434406358648,0.15069938,0.33602813,0.38529631,0.21664804,-0.6391902,0.25913343,0.6188751,0.1259701,0.8673548,-0.30444464
2011-02-07,217.2833128062904,0.29262766,-0.05463542,0.7537492,0.89014506,0.50057906,0.024291947,-0.36706492,-0.21651314,-0.34983763,0.14810045
2011-02-08,217.46331660779893,0.7211932,-0.10352932,0.41633493,0.12597091,0.015448776,-0.11637616,-0.054746613,0.7704797,-0.70543224,-0.08489257
2011-02-09,217.87112555127524,-0.60769296,0.11645965,0.35616997,-0.72273797,-0.28120723,-0.4235394,-0.3685819,0.007325437,-0.88083225,-0.7912543
2011-02-10,217.89979902015185,-0.26904795,-8.225335,-0.68577147,-1.0859413,0.5137188,0.7988589,0.055298734,0.5598054,0.609323,0.59653246
2011-02-11,217.85731143055295,-0.1389929,-0.635536,0.25433978,-0.606861,0.2615985,-0.09264791,0.5845481,0.39932036,-0.38344416,0.025217941
2011-02-14,217.9155667760227,-0.29886082,0.31007963,0.25518727,-0.092355445,-0.34026435,-0.4447387,0.23852983,0.37058133,0.44004446,0.13470343
2011-02-15,218.05942696292144,-0.19684105,-0.40825862,0.00088381604,-0.2973199,-0.89012086,-0.28277153,0.12924103,0.28770024,-0.29962733,-8.733741e-05
2011-02-16,218.16789739358865,0.18879084,-0.26621085,0.3930797,0.08899396,0.48584336,0.7059755,0.0365854,-0.16144958,0.54455,0.8064588
2011-02-17,218.189235197089,0.30215755,0.28360197,-0.8700201,0.38294446,-0.21871655,0.51167107,0.5688858,0.2775548,0.10763475,0.24674474
2011-02-18,218.32627212648336,0.20313047,0.4827587,-1.3494364,-0.38759428,0.97547126,0.3920302,-0.46609822,0.06521472,0.053232353,0.38498643
2011-02-22,218.2992225735109,-1.2237616,-0.75461876,-2.076543,-1.1248934,-1.8571633,-0.76240087,-0.8230238,-0.8278983,-2.3075922,-2.0754178
2011-02-23,217.65737371936456,-0.77687216,-0.55858254,0.5512919,-0.047190942,-0.6186244,-1.5594989,-0.62922275,-0.91540056,-0.13745241,-0.53876126
2011-02-24,217.68681380628416,0.2049385,-0.12290115,-0.06937586,0.36557627,0.049334753,0.33568507,-0.039332457,0.55086374,0.45240834,-0.011063365
2011-02-25,217.6245243953198,0.5846734,0.8084828,0.7487936,-0.55180585,1.0414633,1.3422074,0.20915592,0.87899476,0.7209788,1.3290788
2011-02-28,218.47065265983412,-0.20565908,-0.23776658,0.70405066,0.02180648,-0.14124201,-0.9141564,-0.10167699,0.3519991,0.9519489,-0.25398144
2011-03-01,218.66854162896794,-0.83396715,-0.005684972,-0.74319136,-1.0300888,-2.03618,-0.18938592,-1.041198,-1.2885768,-0.70321405,-0.7417324
2011-03-02,218.806051537635,0.038873088,-0.1805516,0.34281635,-0.23701468,0.66863465,0.23731431,1.6856747,-0.83461416,0.51424205,0.52220255
2011-03-03,218.86556346429748,1.3307352,0.08188425,1.0765438,0.23558626,1.38613,0.70472294,0.5525716,1.2992852,1.0597336,0.58478934
2011-03-04,218.9206009076278,-0.7182535,-0.38605326,-0.04316148,-0.6404985,-0.48873642,-0.53904086,-0.5264932,-0.6259306,-0.39640567,0.16251749
2011-03-07,218.87920366990127,-0.8296075,-0.59606695,-0.8506606,-0.59793025,-1.1185178,-0.83147657,-1.3037043,-0.5363444,-2.1601677,-0.7530839
2011-03-08,218.78519974906857,0.9344933,0.053651847,-0.048759423,0.40639818,0.96051806,-0.19177672,0.5027176,-0.4279475,-0.5536134,0.5796188
2011-03-09,218.73944136808618,1.4180028,-0.30286533,-0.6405647,-0.09554075,0.016253497,0.16833888,-1.8401574,-1.8483934,-1.4722595,-0.28720397
2011-03-10,218.65028259433717,-1.6064228,-0.6048197,-1.0547645,-1.201736,-1.650335,-0.9919367,-0.8713156,-0.8936,-1.072891,-0.41878295
2011-03-11,218.31255205646232,0.1282617,0.08446487,0.7500358,0.6023271,0.11575787,0.19556041,0.13923037,-0.45070276,0.036886267,-0.395959
2011-03-14,218.441726785873,-0.4702179,-0.30709127,0.13981932,-0.02373423,-0.583835,-0.072686344,0.18630716,-0.1946392,-0.19889618,-0.7380195
2011-03-15,218.4862346434302,-1.0297931,-1.4143174,-1.4318079,-0.77102685,-0.75500315,-1.6345785,-1.1516837,-0.4979633,-0.31770176,-1.3840557
2011-03-16,218.04837474726247,-2.6230443,-1.0695438,-2.6934118,-1.5149033,-1.6926061,-0.93929124,-1.9248983,-2.3078485,-1.3454186,-1.3029739
2011-03-17,217.81082420529472,0.47314742,-0.16390361,0.67380524,-0.07200603,0.5306431,0.2308184,0.38342196,1.54754,1.0350039,-0.41977358
2011-03-18,218.24980032212042,0.6969477,0.4364212,-0.7880078,0.002016782,0.29112568,0.077036984,0.39620396,-0.6228763,-0.051254924,0.09682934
2011-03-21,218.69628323250268,0.7226471,0.7761156,1.3508717,1.2564609,1.03695,0.6588668,0.4414655,1.5958256,1.0058784,0.35441893
2011-03-22,218.84294696341328,0.09506733,0.18039502,0.20483461,-0.12116883,-0.54368615,-0.10053933,-0.15189482,-1.0720911,-0.37208873,0.5914641
2011-03-23,219.03396706707665,0.6035787,0.3955197,-0.44931266,0.535868,0.4020883,0.35209402,0.8428574,-0.11787388,0.0647501,-1.6498508
2011-03-24,219.95315598771984,0.17323427,-0.6882347,0.8559156,0.60660535,1.1378113,0.22486599,0.95561016,1.0186722,0.72578645,1.0938233
2011-03-25,220.2783367290602,0.84642065,-0.25617492,0.97134364,-0.5105476,0.7455584,-0.025241993,-0.43694276,-0.92151254,-0.109573975,-0.034623977
2011-03-28,220.27441818656885,-0.37343264,-0.28888285,-0.2936393,-0.56310153,-0.1919658,-0.07528634,-0.32665387,-0.5828078,0.03309942,-0.37221858
2011-03-29,220.22302314465176,0.58170944,0.9677186,-0.028145997,0.1474371,0.89309263,-0.15054874,0.6631288,1.4187425,0.56944346,0.14739248
2011-03-30,220.32481577166837,0.25468716,-0.34894118,-0.49660495,0.24459067,-0.23755836,0.44917828,-0.4359279,0.42679888,0.0031184754,0.32619122
2011-03-31,219.77300894567207,-0.25639638,-0.57126105,-0.132883,-0.5853753,0.53368056,-0.70079464,-0.37378943,0.18672872,-0.39043823,0.16812927
2011-04-01,220.24319834778484,0.44949657,-0.35466918,-0.76864856,0.17210905,0.8531659,-1.1732036,-0.6176047,-0.38594654,-0.3356913,1.1559404
2011-04-04,219.65419369915455,-0.04802649,0.057980444,-0.67556554,0.12204056,0.12053903,-0.5965738,-0.28063458,-1.2467837,-0.45168155,0.1584805
2011-04-05,219.98942631347947,-0.1453658,0.50060207,-0.5013141,0.5098531,-0.4013254,0.57064146,0.84705585,-0.5444239,0.28955054,-0.33277583
2011-04-06,220.39363734386467,-0.019092198,2.6104126,-0.2580281,0.84218025,-0.591757,0.61537653,0.18442729,0.7501755,0.53888136,-0.025295794
2011-04-07,220.55503194162722,0.098724864,-0.48856613,-0.106728144,0.070519686,0.15499908,0.20319696,0.5141782,-0.35000032,-0.78599477,0.19642179
2011-04-08,220.52034437093576,-0.17333135,-0.7997453,-0.63044,-0.3604701,-0.34446755,-0.025807839,-0.19648553,0.26194867,-0.6244649,-0.50711745
2011-04-11,220.78698775623357,-0.07980683,-0.56267613,-0.8522644,-0.26619747,0.40565193,0.25304028,-0.4658252,-0.2804953,-0.02349404,0.18536417
2011-04-12,220.9589671280646,-0.32415667,-0.09887021,0.16510876,-0.8769706,-0.65941095,-0.91939354,-1.3542074,-1.0847262,-0.9514848,-0.46058622
2011-04-13,220.610656980974,0.2459524,-0.60063374,0.52967244,-0.07357839,0.40620542,0.05103416,0.23721065,0.2945692,-0.52292925,0.04933254
2011-04-14,220.56628750322676,0.37415394,-0.25796723,-0.7531408,-0.56433326,0.09209219,-0.51748323,0.5072751,-0.15262721,-0.37811345,0.048784617
2011-04-15,220.73825201563733,0.45992061,-0.45044035,-0.9810559,-0.17269596,0.52428573,0.43942007,0.35880503,0.3874998,-0.26020673,0.12228007
2011-04-18,220.7203815211597,-0.14758714,-0.9714131,0.6546433,-0.77008146,-0.91636467,-0.33651078,-0.40399462,0.047063526,-0.8051966,-0.919732
2011-04-19,221.17479986803784,-0.25602117,-0.39723283,0.9252437,0.12589505,-0.0010191989,0.6181939,-0.48619607,0.029484706,0.31258067,-0.3530056
2011-04-20,221.183964102002,-0.30120268,1.0333776,0.6606127,1.4588289,0.6211916,3.8244762,0.85251564,1.4843825,1.8934776,-0.049508173
2011-04-21,221.06488888609584,1.3733913,0.026729243,1.2699865,-0.63802993,0.91605765,0.11813572,0.5255214,1.2874882,-0.16756019,-0.3665516
2011-04-25,221.16596189296965,-0.28082362,0.50631183,0.26620722,0.17204379,0.057593185,1.1252699,-0.24269979,-0.17974451,0.0631418,-0.4199209
2011-04-26,221.45297623378224,0.28607604,1.3166949,-0.5412306,1.362889,0.14821337,1.2370754,0.41229367,0.24025306,0.80207807,-0.22938505
2011-04-27,221.34922512624559,0.70014113,-1.0410244,-0.15861425,0.40590268,0.35744378,0.33781415,0.16120437,0.68315107,0.7848155,0.5653217
2011-04-28,221.53271218381283,0.1213251,0.31077486,-0.680499,0.7349131,-0.0038939363,0.3802613,-0.42859983,-0.5597144,-0.7216471,0.3678125
2011-04-29,222.81744147513336,-0.11575595,0.7180962,0.4539513,-1.9655463,0.9399462,0.77502537,-0.11781496,-0.47578582,-0.08101393,-0.7055862
2011-05-02,223.34764552546514,0.57093525,0.18231587,-0.76561993,-0.6968163,0.5431873,-0.532686,-0.9060958,0.03822789,-1.6203206,-0.102115594
2011-05-03,223.22828439372017,0.23961483,-0.5377497,0.21021731,0.3220976,-0.40430704,0.7055887,-0.42093638,-0.6893627,0.1793175,-0.18005474
2011-05-04,223.10415410411952,-0.90810335,0.18334843,0.115884855,0.5654043,-1.3988217,0.9862828,-0.05467672,-0.4176791,-0.5158317,-0.45439407
2011-05-05,222.79759608749674,-0.88470346,0.0261331,-0.5893774,-0.7147737,-0.9501475,0.23669541,0.23154363,-0.041543357,-0.4614849,-0.4690076
2011-05-06,222.69009942376306,0.42811885,0.24460553,-0.1297838,0.14680526,0.24252316,-0.78412426,0.24546231,0.27679417,0.7056058,0.49972236
2011-05-09,222.86370843142356,0.044749208,0.1193894,0.04408773,-0.14942086,0.4387824,-1.0867509,0.08658225,-0.009367527,-0.6329936,0.6333146
2011-05-10,223.01522189531573,0.46332222,0.58290607,0.1968236,-0.44774047,0.56986195,0.59967846,0.10171699,0.120070115,-0.0226011,0.88582474
2011-05-11,223.3134956407375,-0.38152263,-0.03596578,-0.48987925,-0.8290423,-1.0363542,0.8327868,-0.97131675,-0.3419505,-0.49150768,0.70674735
2011-05-12,223.07091760454486,1.0276976,-2.6886249,-0.22649719,-0.15171628,1.07049,0.64761984,0.5937877,0.5233287,0.4170564,0.4601472
2011-05-13,223.151359272521,-0.9385968,-0.16723453,-1.1531609,-0.787581,-0.87971497,-0.650422,-0.3230067,-0.2593907,-0.9340457,-0.7506712
2011-05-16,222.91416273363788,-0.45365226,-0.92096734,-1.3684105,-1.2347242,-1.6205727,0.49692717,-0.5145819,-0.42210045,-0.92080826,-1.2736393
2011-05-17,223.34677842570312,0.60434586,0.12682419,0.38440728,0.23697948,-0.4423497,-0.19591548,-0.8399813,-0.36740792,-0.72131354,0.3148442
2011-05-18,223.52034984180233,-0.060777005,0.027861344,0.53523916,0.3921056,-0.11210544,0.70790297,1.0951778,-0.00090430176,0.49861068,0.08629333
2011-05-19,223.98562909753366,0.021226611,0.027930342,-0.0005054524,0.0267451,0.86438406,-0.7330152,-0.41972056,0.60516,-0.5990674,0.57288146
2011-05-20,224.06009098698817,-0.20460713,-0.43560582,-1.0450692,-0.65376586,-0.42540267,-0.6998314,-0.03900204,-0.018262858,-0.8228866,-0.2271933
2011-05-23,224.2346951282352,-0.78186446,-0.6071677,-0.26044714,-0.900292,-1.8420283,-0.79881686,-1.2918973,-0.8912667,-1.0261854,-1.2154335
2011-05-24,224.44547685326808,-0.14337672,-0.27494556,-0.5088567,-0.105270416,-0.26098564,-0.56287634,-0.36365288,-0.1395719,-0.33648595,-0.47683784
2011-05-25,224.27594435843488,-0.13179879,-0.27613923,0.6977974,0.055175852,-0.1467016,0.1558675,0.23887268,0.645805,0.396832,-0.11588498
2011-05-26,224.4950589391707,-0.26258394,0.19858326,-0.4300006,1.2185805,0.602886,-0.40840414,-0.021857254,0.06266357,-0.78354776,0.4246971
2011-05-27,224.52236895641036,0.089997664,0.7018431,0.31004456,0.18369025,0.41858625,-0.66377455,0.55823576,0.062191155,-0.5039927,-0.4244124
2011-05-31,225.16120247427548,0.5268674,1.123002,1.6982677,0.60081446,0.7669231,0.68267,0.83599615,0.901606,1.0479288,0.33553526
2011-06-01,224.91951604448576,-0.9730394,-1.4005278,-0.5141454,-1.5744808,-2.2323484,-1.1715671,-2.2581303,-1.2271008,-2.3692243,-0.76246417
2011-06-02,225.02446374817455,-0.2237351,-0.44433558,-0.014047657,-0.6127829,-0.33013064,0.20626846,0.38692945,0.43785056,0.15323547,0.07838834
2011-06-03,225.13975015719134,-0.4526522,-0.8256873,-0.57589,-0.8895858,-0.71692514,-0.8408181,-1.3037769,-0.69121504,-0.7197098,-1.4091076
2011-06-06,225.2029967881828,-0.15694742,-0.07391441,-1.0613464,0.21910323,-0.30130196,0.2322098,-0.38689297,-0.53621686,-0.31866196,-0.6833434
2011-06-07,225.2547991675011,-0.46398336,-1.6868868,-1.1847001,0.083021104,-0.6599837,0.5327815,-0.17047746,-0.057928566,0.39296585,0.12625389
2011-06-08,225.31622189251445,0.22622398,-0.75734174,-0.07994398,-0.37785858,-1.0831568,-0.56058073,-1.1006933,-0.2536147,-1.1030154,-1.1566743
2011-06-09,225.4769253049346,0.16495635,0.031193683,-0.2510182,0.0019073378,0.5930492,-0.14285015,0.32102567,-0.43502083,0.09093502,-0.13182089
2011-06-10,225.61491970112112,-0.7063867,-0.6948654,-1.133711,-0.7369891,-0.84702307,-0.901818,-1.3889241,-1.1399714,-0.7729156,-0.87468463
2011-06-13,225.61355383224304,-0.040180497,-0.224568,0.012363531,0.84925836,0.7159867,0.021554984,-0.8021451,-0.25112402,-0.4310965,-0.11835598
2011-06-14,225.56867931151825,0.34826037,0.06840969,0.94421726,0.43398517,0.7046903,1.0138896,0.93958527,0.9047024,0.68550795,0.49918896
2011-06-15,225.64226213789064,-0.762301,-0.89137465,-1.1493019,-1.3590112,-1.6528102,-0.94699967,-1.3773454,-1.323743,-0.5323285,-1.4637816
2011-06-16,225.56189425322708,0.10236759,0.77136683,-0.40779063,0.65783733,-0.6990171,-0.0022986836,-0.56518185,-1.0358775,-0.43141302,-0.5807954
2011-06-17,225.34306362519538,0.68063855,-0.29913774,-1.0227274,0.6490736,0.60198903,-0.5533249,-0.22927594,-0.3435236,-0.2926681,-0.5845709
2011-06-20,225.66071321146947,0.19700645,0.619144,-1.0465657,0.5099502,1.197088,0.33391315,-0.015558361,0.60215676,-0.045671865,0.5955218
2011-06-21,225.60839837535278,0.4436585,1.3291173,1.7485374,0.7160845,1.1847572,0.7579569,1.2336615,0.72754794,0.8277435,1.402592
2011-06-22,225.80130346113626,-0.251485,-0.5421258,-0.6136704,-0.34368587,-0.82359475,-0.5954641,-0.59384984,-0.45565143,-0.4282776,-2.9973707
2011-06-23,226.74464075069275,0.13997851,0.3909948,1.4743452,-0.10690618,0.3763895,0.7321313,0.5772701,0.7366132,0.5415236,0.5392746
2011-06-24,226.69262676192633,-0.45482424,-1.9750851,-1.0116473,-0.94117373,-2.3488247,-1.2173316,-1.1215316,-0.73112184,-1.3351846,-0.80986863
2011-06-27,226.48629514636647,0.978441,0.4388453,0.92447895,2.3364832,0.70443445,0.3336346,0.28343445,0.3905464,0.82848525,1.2609458
2011-06-28,226.48752960728572,0.90092075,0.2889866,0.46474466,1.4929577,1.2397544,0.35518503,0.33336115,0.5019717,0.09173202,-0.25155348
2011-06-29,226.80733203457405,0.17038158,0.7599639,-0.3365899,-0.514718,0.08693245,-0.24108513,-0.26172975,-0.09885057,-0.21916416,0.4216589
2011-06-30,226.61487734937256,0.3550402,0.9625424,0.17692775,0.915153,0.74152666,1.8041866,1.551572,1.0324448,1.0795366,0.32845777
2011-07-01,226.08125180148903,1.1077095,0.8744174,1.2263273,-0.0025696168,0.16660766,0.8432372,1.0729704,0.79210097,0.85260695,0.009596098
2011-07-05,225.01377899503785,0.3005278,-0.46049502,0.94569373,-0.027206887,-0.04882188,-0.20638323,-1.0926722,0.12378911,-0.74648285,-0.11775878
2011-07-06,225.6197057548057,0.8189607,-0.39410344,0.28169063,0.69509447,0.18137841,0.6981741,-0.20548533,0.35858557,-0.2489122,0.07995839
2011-07-07,225.7202977757713,-0.49592,1.1898496,0.80301696,1.0295987,1.3619536,1.0637714,0.93868476,0.3543719,1.2441565,0.48626968
2011-07-08,225.77523704633737,-0.03229735,-0.5639758,0.30342606,0.31231228,-0.30640498,-0.3110618,-1.061538,-0.0047815368,-1.204817,-0.8513948
2011-07-11,226.1533707271621,-0.6006402,-1.1058931,-1.0775467,-0.7627819,-1.2750974,-0.53617084,-0.8382189,-0.9583871,-0.4845033,-0.9111471
2011-07-12,226.202664957702,-0.39220154,0.6017859,-0.15872592,-0.2749787,-0.96579814,-0.90458626,-2.171196,-1.4610372,-1.2447433,-1.030104
2011-07-13,226.5080942821176,0.06695758,-0.111455664,0.60622805,0.16925326,0.08549761,0.06556727,-0.5350519,-0.43352684,-0.7800971,-0.52392083
2011-07-14,227.07645300768056,-0.06939548,-0.5062775,-0.15894513,-0.45153156,-1.1565759,-0.48252535,-0.59354323,-1.0516355,-0.6838237,-1.2077007
2011-07-15,227.27545303482492,0.4599034,0.56849873,1.0815831,0.7161557,0.0026933718,0.22608136,0.09451029,-0.048772678,0.55683655,-0.19908483
2011-07-18,227.20372521958757,-0.13314033,-0.5418123,1.3385888,-0.52432984,-1.1081198,-0.20895474,-0.70639783,0.18474431,-0.6120161,-0.9214666
2011-07-19,227.47549310976456,3.6057518,0.7819922,0.37593767,2.271188,1.917868,1.7560809,1.6096216,1.3105539,1.182322,0.8833549
2011-07-20,227.430007582236,-0.5939238,0.5604314,1.478834,-1.2180911,-1.0232702,-0.15838443,-0.44365954,0.17527823,0.02259933,-0.48016933
2011-07-21,227.4840098376047,0.41317725,1.8276745,-0.0557815,0.043908518,0.60217947,-0.40486386,0.60644317,-0.37203336,0.7394718,0.5163066
2011-07-22,227.3737915357388,0.06492615,0.36798984,0.81637555,0.9879644,0.06976561,0.7092095,0.21257117,0.3358017,0.657899,0.14035858
2011-07-25,227.5934034099703,-0.5650072,-0.6163139,0.680353,0.8548289,-0.647763,-0.22456855,-0.6346221,-0.6053475,-0.24787734,-0.21398063
2011-07-26,227.89684622848384,-0.31211695,0.029520007,0.6278286,0.34931648,-0.16995803,-0.29263327,0.09026695,-0.30123854,-0.08105078,-0.13739774
2011-07-27,227.99483475487122,-0.60743606,-2.0950348,-1.7720184,-1.8549542,-2.6115026,-0.83618826,-2.2162366,-1.6959538,-1.6457912,-1.8927376
2011-07-28,228.3166708017981,0.12908673,1.1212775,-0.23702082,0.8902884,-0.13920975,0.042052332,-0.34637356,0.25348365,-0.638532,-0.8899123
2011-07-29,228.92757367266566,-0.016011711,-0.1443444,-0.32744417,-0.8330279,-0.23133266,-0.5051985,-0.77876556,-0.25804356,-0.64544547,-0.6238375
2011-08-01,228.9544127674031,-0.43424842,-0.49663267,0.85866237,-0.37373337,-0.9334682,-0.21019769,0.17558122,-0.6393927,-0.045567915,-0.17455038
2011-08-02,229.06430841646724,-1.0265279,-1.3267727,-1.34157,-1.2213228,-1.1182188,-1.2143592,-1.5862626,-1.0348155,-0.9769087,-1.1954288
2011-08-03,229.49029281063886,0.2543294,0.10405842,0.4583499,0.24526665,1.1365322,0.70528406,0.29636937,0.5380512,0.38688442,0.47582066
2011-08-04,229.70556971833997,-2.799109,-2.4819489,-2.5503016,-2.5557344,-2.5634263,-2.3084497,-2.7894242,-2.254278,-2.7757607,-2.243077
2011-08-05,229.57858057347966,0.5402318,0.4471399,-0.7324583,-0.73395765,-1.1084273,-0.15131742,-1.5708867,-0.2888608,-0.23363787,-1.065401
2011-08-08,229.5839170718166,-2.374482,-3.8845947,-3.5752702,-3.2788475,-4.888372,-1.7061874,-2.1857362,-3.5718703,-1.4393975,-3.3377948
2011-08-09,230.04968832410285,1.6835533,0.47637272,3.4149,2.9156106,3.258286,1.2288615,1.8060374,2.3779504,1.2767128,1.6279876
2011-08-10,230.47584979118017,-3.2232788,-1.3386852,-1.8508149,-3.8178217,-2.4123127,-1.697793,-1.3217947,-2.5710928,-0.812677,-4.098542
2011-08-11,230.65842293091904,1.642166,8.3148575,1.5650674,2.667167,2.4852583,2.0861266,1.5805727,2.0926433,1.7064699,2.3178453
2011-08-12,230.6622009482217,0.54470456,0.24224657,0.4251395,-0.29940188,-0.70561737,-0.2763315,-0.33432007,0.79076153,-0.5305664,0.087551355
2011-08-15,230.5130578726446,1.8153743,0.13596624,0.92771083,1.0431777,0.4467803,0.58782357,0.54859906,0.6044606,0.92394716,0.9569345
2011-08-16,230.71388357842227,-0.70223284,-0.10972561,-0.5940789,-0.056325383,-0.21148878,-0.25001195,-1.2415366,-0.25267944,-0.7857984,-0.14768584
2011-08-17,231.11128443645055,0.05929098,-0.5346319,-0.12502518,-0.32607967,-0.27458727,-0.30093217,-0.08731773,-0.13605714,-0.305945,-0.24500746
2011-08-18,231.1431022370152,-3.0350535,-3.070495,-2.516844,-1.6410863,-4.997043,-2.285716,-3.3914149,-2.924922,-2.5145829,-2.6559854
2011-08-19,231.43460928076553,-2.607233,0.25791827,-1.8483092,-1.7962224,-1.003641,-1.5306145,-1.3618157,-1.4733126,-0.76151925,-1.3351544
2011-08-22,231.95941992191513,0.5657063,-0.26699543,-0.04683195,-0.25724515,0.57487696,0.50054085,0.6767907,-0.2006596,0.07987441,0.894426
2011-08-23,232.36403349194117,2.1383162,1.5928737,2.8292868,2.034328,2.4857981,0.86117744,2.2744498,1.5330722,2.188015,1.1421721
2011-08-24,232.36914335869406,0.9362587,0.06895674,0.31254977,0.4417929,0.97396696,0.22891562,-0.36651364,-0.00039742436,-0.38717496,0.5336639
2011-08-25,231.64425590380404,-0.4993884,-1.4080539,-0.52812606,-0.9702211,-1.7625122,-0.9979046,-1.834578,-1.0312715,-2.246719,-0.5689421
2011-08-26,231.76032052752248,1.365995,0.8866973,1.5076694,1.813209,1.5633515,0.9111709,0.37663612,1.825493,0.91653633,1.2156389
2011-08-29,232.2107591941417,1.3060193,1.5242721,0.91600806,1.5304761,2.5809104,1.3519862,1.30424,1.7403327,1.5179052,1.7742708
2011-08-30,232.2564074708292,-0.07400575,-0.4006361,-0.115750894,0.97273785,-0.150682,-0.15652378,-0.001568073,0.20588847,0.03361097,-0.7377053
2011-08-31,230.8492667241948,-0.26227027,0.13936418,-0.94518083,0.8964554,0.33808878,-0.28341913,-0.06587927,0.11485061,-0.46512976,-0.015367791
2011-09-01,231.03310044717813,-0.64037055,0.53185964,-0.7352414,-1.0627425,-0.53551364,-0.36193544,-1.4742558,-0.44065174,-1.0956167,-1.0026972
2011-09-02,230.6357325064747,-1.3405526,-1.4803417,-1.264342,-1.1270576,-1.866853,-0.9090337,-1.1723155,-1.3412802,-0.9585949,-1.3083059
2011-09-06,231.21628345130532,-0.7735968,-0.48149154,0.82100767,-0.82783586,-1.0901029,-0.26595226,-0.46894252,-0.29525587,-0.7711437,-0.9250135
2011-09-07,231.15457105300135,0.83798957,2.164463,0.564083,1.2407062,2.3292804,1.3926704,2.0778775,1.9538958,1.6043777,2.9183419
2011-09-08,230.53823795924924,-0.848746,1.4279324,-0.08434181,0.5156353,-1.9640738,-0.46538994,-0.2825233,-0.20669745,-1.0367281,-0.69165087
2011-09-09,230.89566754944875,-1.5963861,-1.6514583,-1.2044125,-1.3138156,-1.6188108,-0.52176917,0.5181884,-1.1188533,-0.5667176,-0.7785901
2011-09-12,230.94117117418963,0.39384103,0.9478904,0.28510055,0.33906755,1.5474707,1.4825457,0.34122604,0.81191313,0.4447428,0.9572115
2011-09-13,230.5511954257256,0.37492383,0.8963637,0.6402397,0.33587033,1.9495487,1.1942021,0.6966436,0.7422549,0.5577617,-0.14661339
2011-09-14,230.63028743683333,1.4838033,-0.07320061,0.6314068,1.1329495,0.80456305,0.8766089,1.2023796,0.57208705,0.8210777,0.9680366
2011-09-15,230.79190645845495,1.0790328,1.154552,0.46234652,1.1894535,1.5221403,1.0046958,0.8104037,0.40037587,1.5195513,0.5483264
2011-09-16,230.4083576790763,1.0798675,-0.17314376,1.0581694,0.26965213,0.47692615,1.0083721,0.13486372,0.123185895,-0.4570059,-1.2054844
2011-09-19,230.7803719914965,0.020244557,-0.37782812,1.5825083,0.16889748,-0.4768343,-0.097562656,-0.32975554,-0.25299272,-1.3836257,-0.5757678
2011-09-20,230.44642639029203,0.56867194,0.063601956,0.15493628,-0.63178533,-1.3893398,0.62273765,-0.41200954,-0.5641321,-0.47181624,-1.3007742
2011-09-21,230.77493559187045,-0.6765478,-2.4022067,-0.31522778,-2.598031,2.2648113,-0.6077927,-1.4477798,-1.3542403,-1.1937697,0.36896598
2011-09-22,230.57150830451795,-1.7287816,-1.8435473,-1.6895188,-2.529702,-2.4166028,-0.7567713,-1.4597825,-1.5555555,-2.0995414,-1.2236873
2011-09-23,230.33967715740044,0.24728705,1.0119278,0.2625099,-0.05604218,1.0387805,1.2595425,1.9894564,0.1561709,0.8781707,0.9838855
2011-09-26,229.47305616200697,1.9483665,1.342047,-0.28990197,0.9574188,1.4854355,0.18073627,0.28189987,0.18221332,-0.95671844,0.35888472
2011-09-27,229.25286868229657,1.164027,0.27468017,-0.71608275,0.5493887,0.7200644,0.68216324,1.185408,0.9957555,1.6128569,0.6825676
2011-09-28,229.99828802618077,-0.092788845,-0.812979,-0.46683082,-0.29314196,-1.354712,-0.529128,-1.5042822,-0.72570676,-0.8162239,-0.94284755
2011-09-29,229.731441377245,0.5648309,0.03089184,-1.1254408,-0.3991482,0.31362507,-0.233836,-0.37483928,-0.92699134,-0.03988543,-0.3326069
2011-09-30,229.18752103122594,-1.6356267,-1.2534508,-1.5887797,-1.5491616,-1.8141446,-2.048757,-1.210057,-1.4787024,-1.164962,-1.6607755
2011-10-03,229.00008711239659,-0.63265765,-1.1337436,-1.2074714,-1.0318462,-1.6468936,-1.7599453,-0.48753217,-1.0180242,-2.2889256,-1.8902496
2011-10-04,228.56611487444397,0.5154677,1.6311504,-0.46093333,2.1158824,1.4107939,1.4639922,1.5584097,1.6039711,1.7458515,1.4177406
2011-10-05,228.15050158869295,0.7577629,2.0324388,0.81626934,1.3754967,1.5003707,1.4931133,1.8287027,1.1476343,1.2619004,1.1023703
2011-10-06,228.63841739127506,1.7470747,1.9972665,-0.2598168,1.0972134,0.9823444,0.4162848,0.1503996,0.008283089,0.574991,1.0955924
2011-10-07,228.77637903358158,0.21945092,-0.30546185,-1.3576807,-0.28394777,-0.2533523,0.5968749,1.1438379,-0.6641977,-0.2441364,-0.1988618
2011-10-11,228.64205006891282,-0.6094851,-0.3322089,1.6618904,0.09391281,-0.13894711,0.24194494,-0.4447793,-0.472146,-0.2004173,0.036297377
2011-10-12,228.82260556082733,0.3639697,0.84380955,0.17240867,-0.15415743,0.25742602,0.2850447,0.063798115,0.26367715,1.1755362,-0.035641167
2011-10-13,228.96518308405697,0.21343952,0.5435321,0.82599354,0.48967305,-0.0130323,0.5905792,1.216479,1.026299,0.98950404,-0.2512538
2011-10-14,228.92143926682814,1.2628207,0.4109013,1.8849454,0.16653024,1.1940061,0.23656377,0.88004845,1.335897,-0.0055753016,1.6748034
2011-10-17,229.1951911564751,-1.4116918,-1.2288754,-0.4106709,-0.7731259,-1.1688598,-0.48500246,-1.4055828,-1.2164094,-0.8799749,-1.1081585
2011-10-18,229.12421042851858,-2.8091204,1.0919544,0.21015942,0.76072115,1.0869268,0.25952092,1.1587374,0.6996535,0.94350094,0.80516315
2011-10-19,228.89063923869563,-0.5932193,-1.1327091,-3.643533,-0.49794066,-0.7551983,1.8011514,-1.2586186,-1.7640471,-0.76157963,-1.4085006
2011-10-20,228.95457013713803,-0.08616878,0.09307605,-0.6285234,-0.27771863,0.0040574577,-1.3510716,-0.6448557,-0.6007287,-0.6563272,-0.00054410845
2011-10-21,228.83435642838398,1.5759463,0.60946304,-0.49657857,0.24154793,0.969376,0.89870954,0.8576099,-0.07328921,1.28722,2.0124598
2011-10-24,229.12209540859882,0.19070075,0.50791746,1.8645171,0.018941317,1.2259383,1.1754045,2.1285574,1.3019152,0.8076697,1.4011062
2011-10-25,229.2606761326217,-0.7211839,0.2500528,-1.3404939,-1.0008008,-0.926634,0.07953436,-1.3737026,-1.2018086,-0.7086608,-0.6896204
2011-10-26,229.6063411802718,0.5519559,-0.036288682,0.31855813,-0.6106123,-0.015149336,0.14151432,-0.032975614,-0.7190657,0.21529695,-0.17535442
2011-10-27,230.05775804375565,1.3668216,2.579155,0.5091928,1.6017994,2.085064,0.8798798,1.6838647,1.5971376,2.4288843,0.7787423
2011-10-28,230.6727747759625,0.5205306,0.3602336,-0.07844192,-0.73275447,-0.01721597,-0.31083384,-0.6540809,-0.3317604,0.19663827,1.0128999
2011-10-31,230.7898906767975,-1.0306091,-0.09533836,-0.1444006,-0.9442357,-1.6386193,-0.9147103,-1.4753299,-1.5113382,-1.1317159,0.5232486
2011-11-01,230.40517125515356,-1.2133963,-2.9283834,-1.3958027,-1.7052298,-1.9633342,-1.3576275,-1.6972495,-1.4012575,-1.5229217,-1.4431965
2011-11-02,230.0793852602649,0.8933972,0.81874436,0.022009054,-0.0038247146,0.97349554,-0.111194335,0.28685927,1.7509521,0.35659906,1.1248089
2011-11-03,230.221631738378,1.1659139,1.023801,0.75608253,1.2840598,1.3666267,1.1950941,1.8550591,3.2554898,1.0649799,1.1731603
2011-11-04,230.74358843816867,-0.3571131,-0.47025946,-0.5553815,-0.77751565,-1.0351799,-0.9874171,1.1073567,0.23626348,0.13040449,-0.69390637
2011-11-07,230.70819995090392,0.2980259,-0.06680586,-0.1973865,1.3527464,0.48694876,1.148095,-0.5478392,0.25834674,-0.116258524,0.096900284
2011-11-08,230.95152620614638,0.2064879,0.9252404,0.8836209,0.85192424,1.1968528,0.9781685,-0.051730737,0.0066929027,0.72072893,0.67725337
2011-11-09,231.26775579892626,-1.816547,-2.2001886,-1.819564,-2.5127034,-3.5973823,-1.9242601,-2.3375065,-1.4062922,-1.842907,-3.9229324
2011-11-10,230.96781228608606,0.36659372,3.1037395,-1.720055,0.15106964,0.18338305,0.466432,0.4652311,-0.24821287,0.31274083,-0.19413137
2011-11-14,230.54173199581015,-0.0436984,-0.24125981,-0.9876368,-0.435509,-0.19024846,-0.45964572,-0.69573575,0.30596596,-0.73791844,-0.42595366
2011-11-15,230.34527473808365,0.45692763,0.52673566,1.4236009,0.40159616,1.0761672,1.4515676,-0.10525256,0.15876977,0.2659035,0.27359575
2011-11-16,230.57190437301492,-0.78021425,-0.9528997,-0.7686194,-1.7787149,-1.7595863,-0.81919986,0.46799105,-0.5003091,-0.67248833,0.006977598
2011-11-17,230.27702499453147,-0.34808055,-0.9682322,-1.3124304,-1.4469804,-2.173219,-1.2512528,-2.0267816,-0.48788437,-3.505144,-1.5334009
2011-11-18,229.69570520693156,-0.20773703,-0.18669015,-0.5223195,-0.692075,-0.47033706,-0.10906304,-0.7173686,-0.6646287,-1.2334181,-0.97847974
2011-11-21,230.0195546571716,-1.38427,-1.2982068,-1.1021117,-0.86202204,-1.3538015,-1.544806,-1.6566602,-1.0749322,-1.1121261,-1.0690085
2011-11-22,229.3765912618226,-0.095628366,-0.25379503,1.1188706,-0.62257606,-0.2550812,-0.7254184,-1.1120031,0.095439784,-1.3850948,-0.63639224
2011-11-23,229.61742765313255,-1.266367,-1.6217271,-1.694387,-0.930867,-1.6162841,-1.2073643,-1.57075,-2.1972125,-1.5958545,-0.8061218
2011-11-25,229.4926545867625,-0.3642796,0.2841779,-0.6936606,-0.5246443,-0.5730971,0.06387343,-0.38862717,-0.2325333,-0.29567122,-0.3065093
2011-11-28,229.50771823537613,1.8559127,1.603952,1.9697924,1.5053407,2.0994885,1.6144664,1.7171211,1.7255546,0.9396297,1.2993277
2011-11-29,229.80044331010276,-0.4944809,-1.0409783,-0.5982883,-0.13707148,-0.31293336,0.25739935,-0.20445053,-0.79487354,-0.71604794,-1.0868183
2011-11-30,230.65182837201394,2.4863622,2.9679048,1.3590307,1.9376155,2.9202964,2.8068345,2.7009342,1.3576152,2.1207745,2.2795467
2011-12-01,231.15017314541245,0.47264972,-0.18591644,0.8071595,-0.86104226,0.5098367,0.0162459,0.117349446,-0.14076687,-0.12161742,-0.598024
2011-12-02,231.18445287454006,0.04008152,-0.09532059,0.16475433,-0.21873184,-0.91874826,-0.5834165,-0.53489274,-0.41066647,0.16145399,-0.16237074
2011-12-05,231.2211473215638,0.37524882,0.71968406,0.40780777,1.2295686,1.1950046,0.7595131,0.39738473,0.044669386,0.55911463,1.2749517
2011-12-06,231.05129219152474,0.68714654,-0.18439017,-0.445124,-0.16267334,-0.37164494,0.6876333,0.264219,0.20384142,0.314385,-0.024537653
2011-12-07,231.22212360735787,0.34463742,0.77211666,-0.4152966,-0.21644214,-0.40982333,0.61854357,0.3719804,-0.40161356,0.54421186,-0.28036952
2011-12-08,231.25609436872332,-0.8753901,-1.2641709,0.13213475,-0.5919444,-1.5307659,-1.9377854,-1.4767138,-0.40384382,-1.4206938,-0.9376181
2011-12-09,231.027679863886,0.98268527,0.927501,0.35071766,0.743316,1.6620616,0.61412317,-0.049825545,0.85184884,1.0643082,1.0221183
2011-12-12,231.19112443406348,-0.842429,-1.058167,-0.40051097,-0.5628147,-0.73627377,-2.1168818,-1.6263616,-0.41635582,-2.8154576,-1.2261088
2011-12-13,230.6521037249531,-0.3868199,-0.18668245,-0.59953177,0.6061398,-0.961381,-0.9520906,-1.4907506,-0.5797356,-0.16419454,-0.80524856
2011-12-14,230.5030635218702,-0.87542385,-1.5150648,-1.5067142,-0.5053863,-1.8584486,-0.5505198,-0.82224345,-1.0159193,-0.7940833,-0.9388349
2011-12-15,229.78628534588714,-0.4679753,0.1822443,-0.3209075,-0.13476606,-1.6733328,-0.003838774,0.8439874,-0.5607003,-0.6774725,-0.21445784
2011-12-16,229.81160743159322,-1.4221863,-0.31603256,0.2195186,1.0960671,0.28075272,-0.17989655,0.26537246,-0.029652532,0.51531345,2.876938
2011-12-19,230.05609642648878,-0.2778941,-0.79170835,0.074553825,-1.2891555,-1.2383767,-0.2913293,-1.55156,-0.6888665,-0.93538004,-1.2729214
2011-12-20,230.19243940073648,1.5146954,2.2345984,2.064643,1.2567352,1.0272774,1.6109161,2.7283232,1.8168635,1.1521437,1.4562943
2011-12-21,230.5361111774373,-2.093722,-1.5202155,-0.04003963,-0.76376617,-7.085166,-0.34906143,-1.6935016,-0.6117072,-1.0131718,-0.89649975
2011-12-22,231.21692261571658,0.17354031,0.6518539,0.2102624,0.07560008,-0.2449592,0.72626406,1.7299021,0.676308,1.3088776,-0.24614082
2011-12-23,231.2070675490382,0.93928725,1.042078,0.62335545,0.5223216,0.74593,0.80006003,0.34847647,0.12874758,1.104914,0.5681691
2011-12-27,231.29351419577617,0.038460232,0.33016437,0.37349793,-0.030529732,-1.0155591,0.33059004,-0.27641535,0.11946797,-0.040760495,0.24257416
2011-12-28,231.3548092803589,-0.37496975,-1.2927177,-0.7174588,-0.6362205,-0.33541018,-0.6977212,-1.1582526,-0.5280607,-0.935762,-0.91985583
2011-12-29,230.9732346487572,0.74568343,0.273836,0.263102,0.46888506,0.5743604,0.66802853,0.4313361,0.34727412,0.16487338,0.37938973
2011-12-30,230.8423943306378,-0.8510073,-0.5307567,-0.13674743,-0.21346448,-0.3987018,-0.63417083,-0.528708,-0.20788456,0.0413971,-0.17642345
2012-01-03,231.25705134013543,0.8272611,1.8709097,0.83170134,2.0400777,0.39627752,0.60488135,1.1519573,0.39438355,-0.121865354,0.39300516
2012-01-04,231.32995262585825,-0.3015275,1.0740676,0.21522993,1.5315478,0.26148573,1.1724685,-0.44681302,0.3812572,0.1629849,-0.5962421
2012-01-05,231.61029125729604,-0.34509662,-0.21258421,0.570202,0.6387369,1.190938,0.584138,0.30996084,0.10692317,0.20188841,0.22682841
2012-01-06,231.6250589213366,-0.791737,-0.21337888,0.5302378,0.99799716,0.6573114,-0.30812022,-0.08736175,-9.893284e-05,0.63824284,0.29117087
2012-01-09,231.59800643558447,-0.37561503,0.35356197,-0.21770534,-0.9636071,0.27079052,0.44017977,0.62448984,-0.28700697,1.2076868,-0.4275199
2012-01-10,231.6976766927954,-0.13395174,-0.42217022,0.10440434,0.18935952,-0.19511983,0.236453,0.85418314,-0.21366954,0.9080721,1.0008451
2012-01-11,231.98205698283545,0.33283195,0.7109139,-0.22087653,-0.35369024,-0.23835869,0.4144404,0.022361513,-0.18925041,0.33066168,0.08637715
2012-01-12,232.02660212894142,-0.67343056,0.23217458,-0.29083773,0.63266253,0.52493185,-0.10410874,1.0704881,0.50086635,0.25288925,-0.25829
2012-01-13,231.95962220151128,-0.54026604,-0.2703032,-0.3537411,0.552702,0.28876263,-1.2338625,-0.844478,0.08899518,-1.2046045,-0.5394483
2012-01-17,231.68019744589205,0.27504078,0.7308342,0.6041914,-0.032821983,0.596541,-0.20881157,0.12992167,0.40305954,0.9686299,0.51342326
2012-01-18,231.9148945872256,0.35720772,0.6641954,0.5270356,-0.13008928,1.3214432,0.70708364,4.509601,0.27847934,1.1602964,0.76429844
2012-01-19,232.037678172709,-0.23220398,0.71379584,-0.31745887,-0.32531592,0.37460798,0.47778663,0.07894311,0.24399464,0.59745365,0.44874147
2012-01-20,232.30302032207197,2.8168035,0.36588043,-1.2202508,3.726414,0.23218855,1.474409,-0.38729838,-0.29634005,0.4821336,0.3016732
2012-01-23,232.74404977983716,0.47478783,-0.26059538,0.93530864,-0.011360904,-0.7140399,0.63284165,-0.84461427,0.25108427,-0.96406835,-0.5419232
2012-01-24,233.10833694444148,0.6386609,-0.032772142,-1.159696,-0.97213066,0.17473672,0.35869136,-1.2345846,0.33488843,0.23869704,1.0327312
2012-01-25,233.17408238016077,-0.10002684,0.024416296,3.6983519,0.45918432,-0.0688274,-0.0050395723,0.39478165,0.16017376,0.09554752,0.49750122
2012-01-26,233.7302160780445,-0.2883801,-0.0041342285,-0.40766492,-0.1998308,-0.5184622,-0.29225683,-0.8477831,-1.0100503,0.059626702,-0.36292416
2012-01-27,233.9001468373055,-0.20999837,-0.78343964,0.25669542,-0.6989766,0.1971456,-0.043689527,0.6423279,-0.09777493,-0.6824211,-0.31745157
2012-01-30,233.90670400023666,0.66755015,-0.00412023,0.68649125,0.8407864,0.29758218,0.013914743,-0.8349504,0.580981,-0.690796,-0.19158407
2012-01-31,234.55119837937696,0.003237899,0.25748557,0.36533427,-0.24846616,-0.8708429,-0.6238205,0.26153848,0.06676376,0.70580304,-0.19294305
2012-02-01,234.80474752389088,-0.023873081,0.42960033,-0.16041383,0.7900298,1.3030865,0.24651057,0.74183255,0.49232155,0.9347154,0.34852764
2012-02-02,235.19700782080656,-0.40213618,-0.004022911,-0.2699694,0.08135773,-0.21208572,-0.12196425,0.2545491,0.81155056,0.16046835,-0.034310393
2012-02-03,235.34564538075963,0.6871694,0.8266656,0.5168444,0.6184263,0.53841376,0.8857835,1.3775059,0.1670652,0.43204495,0.7699051
2012-02-06,235.35657306192041,-0.3082314,0.27966255,0.4734043,-0.15295401,-0.2921264,-0.04425323,-0.62218237,-0.07429372,-0.6977568,-0.09839379
2012-02-07,235.27386567111492,0.14935744,0.024270194,0.5454004,0.2888312,-0.17104894,-0.15982768,-0.3905389,0.2777331,0.36506724,0.5381397
2012-02-08,235.58054768473156,0.088654354,0.6433528,0.94221944,0.65649825,-0.5185484,0.39762732,0.6167389,-0.14151008,0.7975392,-0.39362845
2012-02-09,235.45827268540035,0.030779341,-1.2197609,2.0542097,0.1924176,0.2564653,0.0133062685,-0.17105363,0.26796433,0.28535175,0.7334609
2012-02-10,235.52237350141505,-0.2714089,-0.29054192,-0.08777462,-0.6810077,-0.8689459,-0.3128312,-0.82693815,-0.23774645,-0.6152907,-0.79161227
2012-02-13,235.27017990658234,0.037610937,0.36789292,1.0571407,0.12452096,-0.21408805,-0.0057668686,-0.25700563,-0.07436244,-0.14839654,0.10198936
2012-02-14,235.35006317897222,-0.16647233,0.10997379,0.7460769,-0.3615813,-0.463522,0.14789538,-0.1555455,-0.10412466,-0.28350666,0.024413925
2012-02-15,235.18772391285904,-0.020217154,-0.46106562,-1.6146487,-0.52599555,-0.6121568,-0.39088696,0.23397094,-0.17863944,0.020151597,-0.08320386
2012-02-16,235.2656217804532,0.23139638,0.7936008,0.45981842,2.7845538,1.9299774,0.47522968,0.7501483,0.42986223,0.95197123,0.49582604
2012-02-17,235.40781918289204,0.10526656,0.27833557,-0.13161147,-0.14990012,-0.39537868,1.0180908,-0.6225378,0.10220819,-0.8117429,-0.28129548
2012-02-21,235.54446814694225,-0.04042121,0.19288667,1.4813765,0.36732402,-0.17210639,-0.40165645,-0.6108106,0.10876303,-0.76027703,-0.43548024
2012-02-22,235.7303851626452,0.13211937,-0.68230623,-0.3458263,-0.44271767,-0.4605393,-0.8260804,-0.6329685,-0.2503102,0.5641542,-0.4384074
2012-02-23,235.93151180058507,1.2205951,0.3081623,0.29698077,0.16544378,0.4645029,-0.14077996,0.5254858,0.6175776,-0.6238832,0.86840975
2012-02-24,235.97158747364372,0.019674517,-0.25928137,0.6230072,0.18724507,0.8239388,0.07108857,-0.08772382,-0.13241595,-0.4582306,0.55044705
2012-02-27,235.79395720618206,-0.1062832,0.0811875,0.28918394,-0.35231495,-0.049871393,0.35843036,-0.4445237,-0.17595634,-0.4268668,-0.32476228
2012-02-28,235.87117663645103,0.118872955,0.08109351,1.0454508,1.1020849,0.19121945,0.65872073,0.94269437,-0.540981,0.022824848,-0.1145734
2012-02-29,237.02770174657644,-0.44347212,-0.92147326,0.72115076,-0.3521928,-0.35439894,-0.6906276,-0.71150416,-0.2916627,-1.1668915,-0.698719
2012-03-01,236.38656596231135,0.23573513,-0.0039377967,0.11962875,1.1577249,1.0914373,-0.044407364,-0.39341486,0.23466286,-0.11668444,0.20564893
2012-03-02,236.55588866829663,0.39281014,-0.35128525,-0.03672454,-0.5239323,0.18724655,0.10851591,-0.6870059,-0.21392302,-0.15226433,0.83666056
2012-03-05,236.62967509090618,0.5761676,-0.4704725,-1.5559918,-0.6834758,0.48096928,-0.7372363,-1.1828363,-0.31767917,-0.76217705,-0.88520014
2012-03-06,236.62294585570746,-1.147336,-0.3563145,-0.47174567,-0.5988575,-0.66128933,0.12922594,-0.21075153,-0.4900955,-0.15349066,-2.021629
2012-03-07,236.19187592719777,0.13910392,-0.21021008,-0.06839018,0.56509286,0.47975323,0.5702165,0.83639836,0.7753541,0.24336685,0.5410726
2012-03-08,236.22149122373358,0.64158726,0.7876665,1.2328446,0.3167151,-0.36429504,-0.13999885,-0.17432375,0.35537198,0.24097054,0.86879456
2012-03-09,236.4937063884567,0.23492904,0.34475398,0.25585845,-0.10498109,0.047720104,0.43252766,-0.6624671,0.35843882,0.55589485,0.7775522
2012-03-12,236.77651169628905,0.09420994,0.08299819,0.68162477,0.0502082,-0.903376,-0.1584603,-0.7217342,-0.13922404,-0.04606602,-0.23600736
2012-03-13,236.81393387689351,0.86871034,1.1144366,1.7324195,1.3241571,0.7626607,0.9376617,0.5811909,0.63168806,0.33792877,0.87048537
2012-03-14,236.92285251714736,0.2714485,-0.060748544,2.2729166,0.15661713,-0.6450238,-0.062470652,-0.58003044,0.1019803,0.057599895,-0.78666013
2012-03-15,236.70516035408255,0.37806445,-0.83393526,-0.56130934,0.11249678,0.36520416,0.5339416,1.255296,-0.011284058,0.7766073,0.48003894
2012-03-16,237.05289874248658,-0.02620978,0.34144488,-0.11964604,-0.6053332,-0.70690525,-0.04346317,0.32456967,0.05885253,0.02058473,-0.638408
2012-03-19,237.14383449612464,-0.12143999,0.31093833,1.5696485,-0.9413177,-0.030626772,0.012147216,1.2989466,0.8492028,-0.047332525,0.9102987
2012-03-20,237.19529182353438,-0.4980347,1.2107729,0.39938244,-0.52783656,0.60545796,0.012113108,-0.5238862,-0.08171511,-0.4893817,-2.1446137
2012-03-21,236.99121548508765,0.11128203,-0.19975056,-0.49015653,-0.23932317,-1.4487287,0.049204886,-0.037327345,-0.30232528,-0.047031842,0.49250698
2012-03-22,236.92267878201062,0.22557193,-0.34114274,-0.45987847,0.13951676,-1.6671108,0.2153524,-0.39130142,-0.17859836,-0.32094175,0.110389814
2012-03-23,237.35479063522519,-0.03239827,0.41798735,-0.4767478,-0.03896163,-0.23745483,-0.043383237,-0.22335008,0.18758295,0.055901922,0.034736823
2012-03-26,237.51873489643552,0.6951146,0.8588226,1.055113,1.2222239,1.1903975,0.5623623,0.98730856,1.2146504,0.83302265,0.7662616
2012-03-27,237.84342036869435,-0.21467645,0.18937427,0.67525774,-0.2156604,0.31737652,-0.006642704,-0.28799626,-0.14864334,-0.5527237,0.22451113
2012-03-28,237.66716876116308,0.0056180535,0.4624594,0.20922321,-0.7913506,-0.050520215,-0.72337353,-0.99704677,-0.33033362,-1.3179511,-0.3678808
2012-03-29,237.45603485967598,0.27909982,-0.14051911,-0.9388559,-0.21691471,-0.19274506,0.6554061,-0.32590592,-0.20991276,-0.011543989,-0.08663431
2012-03-30,237.39853848606788,0.08992542,0.32350272,-1.2235576,0.24931586,-0.35621005,-0.079614684,0.6233067,0.006040574,-0.18574563,-0.36797076
2012-04-02,238.33857022542966,0.22746281,0.10524378,1.9157829,0.0048293686,0.6854278,0.4668969,-0.6806208,0.09332557,0.09271542,0.46452746
2012-04-03,238.1316234974776,-0.019452078,-0.80173475,0.99157673,-0.8442492,-0.35583162,-0.4986938,-1.2224427,-0.20947047,-0.99353784,-0.6972889
2012-04-04,238.36279781837302,-1.1128134,-1.2935417,-0.6409305,-1.7244506,-0.5426906,-0.33746153,-0.85731107,-0.58287793,-0.7241283,-1.4084369
2012-04-05,237.8205810078005,-0.21307647,-0.4014305,0.8447909,0.6463804,0.74355525,0.2506351,0.43750048,-0.21811245,-0.18934979,0.08186636
2012-04-09,237.8070669890098,-0.1977018,-0.7494954,0.1393463,-1.0224466,-1.0721935,-0.57804936,-0.6484226,-0.55549824,-0.6991066,-0.6833632
2012-04-10,237.70424216563623,-0.8664094,-1.1993086,-0.91912746,-1.52638,-1.4456152,-0.5843835,-0.8855671,-0.27536488,-0.48577893,-1.0637957
2012-04-11,237.76933322733956,0.051686853,1.3647826,-0.3523641,-0.34413847,-0.51525533,0.7377264,0.4452102,-0.08168931,0.5424423,0.50706464
2012-04-12,237.825516585695,0.8487343,0.11115126,-0.47709766,1.4101433,1.1071767,1.1444035,0.8245175,1.3580067,0.4616852,0.7138896
2012-04-13,238.18847440855745,-0.8352252,-0.6109662,-1.9770714,-0.4570567,-0.36422485,-0.71640235,-0.6654836,-1.2104392,-1.0631124,-0.6867403
2012-04-16,237.8721000730803,-0.054693688,-0.35328582,-2.8677678,0.5635791,0.09632625,0.5762199,-0.052714262,-0.37173608,0.13894974,-0.62848526
2012-04-17,237.7265628221911,1.4778712,1.0090001,3.1003275,0.7628919,1.2494949,0.101944916,0.92212254,0.5923305,0.5367176,1.4015715
2012-04-18,237.7725485577073,-2.3758285,-0.0612496,-0.2657163,-0.7481881,-0.37788504,-0.9550931,-0.19151856,-0.24586172,-0.7357316,-0.80132425
2012-04-19,237.6421674109449,-0.23176989,-0.4360348,-2.3850667,-0.3607921,-0.3173146,-0.48740935,-0.22635284,-3.2221086,-0.008010681,-0.87157965
2012-04-20,237.84947826420225,0.0004958478,-0.0038400798,-1.7370429,3.1242545,-0.3395285,-0.17416075,-0.3833469,-0.30970588,-0.44847974,0.131745
2012-04-23,237.83528474344422,-0.35042638,-0.6733978,-0.2660091,-0.7276527,-0.9048861,-0.28705928,-1.1077214,-0.59328824,-0.78778005,-0.80243343
2012-04-24,237.8143694260558,0.4233398,-0.77011615,-1.4290649,-0.5090309,0.3682637,-0.26973787,-1.0361425,0.14145172,-0.41994122,-0.46289214
2012-04-25,237.98672738924577,1.1267734,0.20357586,5.3961782,0.5646147,0.3033635,1.0193669,1.0023807,0.9454961,0.4818111,1.0255541
2012-04-26,238.04030445813763,0.6128784,0.32070756,-0.36628243,-0.26260787,0.23928668,0.6540009,0.1784616,0.38751918,1.0233247,0.08407575
2012-04-27,238.33657420425115,0.360849,1.1045963,-0.6259784,-0.35365483,0.38203207,0.28418338,0.30060604,0.111821525,0.24464792,0.37561908
2012-04-30,239.51784824898064,0.0570977,0.51606554,-2.2189665,0.027713997,0.25850132,0.029080916,-0.49486494,-0.33252084,-0.22564226,-0.16490325
2012-05-01,239.59998905003488,0.2611402,-0.52368695,-0.3292591,-0.085616946,0.27738056,0.9807098,-0.24803405,-0.21840173,-0.5538646,0.22241381
2012-05-02,239.63379261338739,-0.009127053,-0.4114337,0.31008416,-0.54031754,0.21429186,0.4003427,0.33773172,0.34895208,-0.2643846,-0.13390213
2012-05-03,239.37465673074297,-0.28566518,-0.3551934,-0.5873072,-0.15388697,-0.7468784,-0.7412417,-1.3383769,-0.5771432,-1.1216295,-0.8006805
2012-05-04,239.4449248950464,-0.7400906,-1.7940928,-2.0116076,-1.8639479,-2.102257,-1.2112626,-1.5517296,-1.2812685,-1.0316764,-1.2396157
2012-05-07,239.72480777906281,-0.42355666,-0.12518582,0.36686733,-0.84016496,-1.1261652,-0.26639938,-0.050939683,-0.074209355,-0.4285236,-0.26284608
2012-05-08,239.8134483420746,-0.48578316,-1.1398497,-0.27139542,-0.41932592,-0.05012406,-0.73610693,-0.050977085,0.4708029,-0.19761169,0.12187078
2012-05-09,239.5143229477551,-0.10895859,0.21267277,-0.0064200736,0.5522465,-0.3975672,-0.3470048,-0.14358059,-0.5674048,-0.39315614,-0.35808516
2012-05-10,239.30775952167338,-0.2326783,-6.421912,0.032244753,-0.109825835,-1.7477198,0.08746226,0.24450025,0.26486576,-0.15959233,-1.0862617
2012-05-11,239.37568534568018,0.15699673,-1.046944,-0.55962116,0.91969615,-0.1164092,0.7249183,-0.16171892,-0.53922665,-0.3960235,0.3361815
2012-05-14,239.2146168962348,-0.5916567,0.6933858,-1.1076468,-1.1853603,-0.16109887,-1.1566869,-0.2911681,-0.3793048,-0.19990185,-0.06965779
2012-05-15,239.02648711690344,-0.15924574,-0.5954076,-0.71446633,-0.7051959,0.15179113,-0.2745332,-0.72051924,-0.09658686,-0.63933647,0.042753644
2012-05-16,239.07575695170874,0.19754702,0.51867473,-0.9635919,-0.8078021,-0.8342768,-0.74014306,-0.70877284,-1.8557044,-0.68727285,-0.06978012
2012-05-17,239.21021209705845,-0.6319909,-0.49145952,-2.0593154,-0.49934223,-1.143129,-0.6130392,-1.2539536,-1.6209372,-0.8197299,-0.68279934
2012-05-18,239.66193393677827,-0.6936662,-0.284699,-0.08946177,-1.1696877,-1.5669677,-0.24378659,-1.2988961,-1.0387222,-0.580475,-1.2722181
2012-05-21,240.15963543822429,0.59496933,0.6973959,3.5967221,1.1203929,1.4515642,0.15042208,1.3743707,0.9235731,1.1556494,1.0407138
2012-05-22,240.26203582537536,-0.33813098,0.20507936,-0.6281907,-0.03896773,0.15915802,-0.24443373,-0.3195424,0.48416382,-0.20439285,-0.119086735
2012-05-23,240.04033124063284,-0.25999764,-0.14271075,1.4603382,-1.6691377,0.6609443,-1.1885036,-0.5148346,0.08441418,0.4499462,0.15861277
2012-05-24,239.69937443122313,-0.037889384,-1.0556554,-0.7259318,-0.16277608,-1.3571018,0.4161729,-0.57669085,-0.8696038,-1.2757107,-1.1671431
2012-05-25,239.72278606260488,-0.6258636,-0.2164346,-0.4736687,-0.08801061,-0.025429271,0.17316946,0.010057259,0.05467707,0.58181304,-0.019307775
2012-05-29,239.82853754524973,0.6930099,0.9127875,1.0316231,1.1756767,0.66605955,0.68839014,0.72930413,0.76698494,0.6122161,0.6204545
2012-05-30,239.4126294456567,-0.6720127,-0.70646566,0.6624327,-0.6037855,-0.7380536,0.071716875,-0.88531256,-0.62943304,-1.105319,-1.3672235
2012-05-31,239.01651322743712,-0.5773485,-0.21595863,-0.2838489,-0.43269914,0.6158373,-0.58167726,-1.0155379,-0.19359691,-0.6236697,-0.5168972
2012-06-01,238.9576798445564,-1.3335403,-1.3295034,-2.0397012,-1.9162822,-1.1513177,-1.4210349,-3.1117847,-1.8695941,-1.4461321,-2.2113934
2012-06-04,239.42767136777204,-0.21460123,0.5382648,0.26214728,0.19129474,0.39175397,-0.21242261,0.100685865,0.5220756,0.30686027,0.7301384
2012-06-05,239.65226695985905,0.1999432,0.032252084,-0.29124945,-0.16470943,1.0959616,0.78878653,0.72261417,0.99824107,0.7266334,0.56557506
2012-06-06,239.83565329292992,1.602352,2.012452,0.8759454,2.0456614,1.7620906,1.273062,2.1780903,0.8870236,1.4091763,1.523425
2012-06-07,240.33038204351786,0.12348323,-0.38801375,-0.09186164,-0.36200732,-0.85074764,-0.26504296,-0.8272069,-0.39688748,-0.24429673,-0.7362228
2012-06-08,240.01953386288713,0.20652829,0.5191901,0.85802394,0.9740481,-0.11664763,0.9176591,0.4918677,0.5156774,0.52710086,0.4301015
2012-06-11,240.12674548420247,-0.9121584,-0.87814623,-1.1651417,-1.9274993,-0.8602282,-0.8333028,-1.8460815,-0.84525543,-0.77135783,-0.9875415
2012-06-12,240.26712784179927,0.6594297,1.0791589,0.44982263,0.91279584,0.42509407,1.0326775,1.1103044,1.1790706,0.88969356,0.9494626
2012-06-13,240.4707659964583,-0.5149634,-0.4556421,-0.5800436,-0.46305406,-0.094674565,0.031324666,-0.93877417,-0.43822482,-0.36219364,-0.08618298
2012-06-14,240.64019025692227,0.6439708,0.8973153,-0.19433859,0.46068808,-0.32102713,0.839782,-0.2720989,-1.7862165,-0.0008466532,-0.3188102
2012-06-15,240.78883367974763,1.2948055,0.6123309,0.1771518,1.6105007,1.6942681,0.67550373,0.17755376,-0.31643626,0.7542826,1.0670699
2012-06-18,240.7969240273767,-0.2928351,0.1323204,1.2016456,-0.50334924,-1.3643,0.14294651,0.23713292,0.1371467,-0.04190215,0.2701173
2012-06-19,241.17040684516812,0.18277664,0.13225146,0.06143818,2.0172615,1.7947845,0.16118579,0.41659573,0.12000416,0.62145656,0.30058825
2012-06-20,241.30991795794452,-0.07613998,1.1058983,-0.31007844,0.48301536,1.0780855,0.23523079,0.452076,-0.09761943,1.3281844,-1.592555
2012-06-21,241.52219016196779,-1.8166076,-1.9694535,-1.0394772,-1.9639177,-1.5549494,-1.7724398,-1.9920387,-1.611468,-1.5292928,-1.3990878
2012-06-22,241.65206780883096,0.07745591,0.68204725,0.3833891,1.2882451,0.3455069,0.4341863,0.8313743,0.34080473,0.18904138,0.45614323
2012-06-25,241.85883295596074,-0.3096024,-0.65527314,-1.4241617,-2.0811152,-0.91315013,-1.7402866,-2.3000822,-1.828841,-1.2519122,-1.3517932
2012-06-26,242.53086095516323,-0.3339964,-0.41987184,0.024245901,0.30499533,0.39490438,-0.08742695,0.017167943,0.22569363,0.11586624,0.26038834
2012-06-27,242.5435276091207,0.3284832,-0.31778678,0.16404638,0.30313492,0.6771956,0.40659198,-0.004079171,0.7527913,0.46612275,0.46338502
2012-06-28,242.60541600697408,-0.56777906,-0.8854805,-0.75600946,-0.70490617,-0.07308961,-0.7812401,-0.5103778,-0.593725,-0.23704852,-0.53376853
2012-06-29,241.69811479861153,1.379486,2.391432,1.5942701,1.5878017,3.1765952,1.6034799,3.638359,1.0695021,1.3012114,1.8920598
2012-07-02,242.17548286876217,0.056556482,-0.037816975,0.8386406,-0.13716127,0.13425392,0.030616673,-0.90716153,-0.08974241,-0.7284196,-0.41950172
2012-07-03,242.2180918444423,0.0067055915,0.23564048,0.6448892,0.4161378,0.27779138,0.35803,0.47236648,0.4019514,0.6412528,0.40871364
2012-07-05,242.6404980835434,-0.2391185,-0.7253408,1.0356277,-0.20952,-0.59097755,-0.60705024,-0.38802212,-0.089634,-0.65060604,-0.08837869
2012-07-06,242.8340373606219,-1.3311914,-0.5948223,-0.5668901,-1.305231,-1.2083641,-0.7717187,-1.4882843,-0.8541852,-1.1642616,-2.0780916
2012-07-09,242.3595420967091,-0.6205109,-0.42386994,0.7498442,-0.5309066,-0.24238518,0.011573909,-0.72824466,-0.07322718,-0.19902167,-1.752751
2012-07-10,242.59777881098643,-1.2063562,-0.8540402,-0.740296,-0.70852906,-0.17939791,-1.2248017,-0.12977928,-0.20598826,-1.2760577,-0.10374838
2012-07-11,242.58781671214152,-0.37997562,-0.110762306,-0.5367791,-1.1667203,0.4364951,-0.35244656,-0.27560169,-0.7512596,-0.65036976,-0.5468697
2012-07-12,242.4404622668337,-0.78937954,-1.4509324,-0.732868,-1.7731375,-0.94521123,-1.3458202,-1.2678251,-0.62449735,-0.9075397,-0.22800049
2012-07-13,242.49094158888596,1.0028723,1.1932784,0.5477588,1.8700739,1.534616,1.0443316,0.5046563,0.97310615,0.3750109,0.7797376
2012-07-16,242.8177954472804,-0.4541333,-0.4364608,0.09064547,0.060503434,-0.19887283,-0.25404835,-1.3453795,-0.6014832,-0.49588475,-0.5628432
2012-07-17,242.98809205014032,-0.42845413,0.14114508,-0.119088285,0.48614627,0.76081103,0.502369,0.25549048,0.00278358,-0.039712142,0.32016122
2012-07-18,243.08452935773423,1.5823488,1.6713548,-0.19714913,1.8831016,1.1172386,1.6519936,2.1383293,1.2379729,1.1086906,1.235473
2012-07-19,243.02849005278088,2.3776972,-0.07385403,0.7573514,0.46800444,0.67416936,-0.3045021,0.70947963,1.8330683,-0.00047054575,0.6625276
2012-07-20,243.2616621055802,-0.99487966,-1.1407608,-1.2192098,-1.4084611,-1.6003237,-1.0888708,-1.7164891,-0.6815999,-0.85574114,-0.99434406
2012-07-23,243.42117080759658,-0.575327,-1.0540931,-0.17444153,-2.166668,-1.050832,-0.5369294,-0.99466854,-0.36849594,-0.16369346,-1.415423
2012-07-24,243.51051229149522,-0.19294176,-3.5838797,-0.44507232,-0.39652455,-0.7694718,-0.5217865,-0.62205476,-0.5073195,-0.5368976,-1.2310332
2012-07-25,243.2591435125546,0.2262589,1.1498252,-3.066373,-0.88473386,-0.20053925,0.23856932,0.040218443,0.31242034,0.29179567,0.43379167
2012-07-26,243.80687550194625,0.94300646,-0.15627676,-0.13307758,0.7812998,1.4824771,0.74575806,0.80383706,0.6568777,0.6144749,0.9780774
2012-07-27,243.89105514476157,0.78665954,1.1704884,1.0628129,1.45095,1.5061607,1.033349,0.8791856,0.7999147,0.9615767,1.5230949
2012-07-30,244.26637339451588,0.07041741,0.6684459,0.99793756,-0.36793715,-0.460887,-0.5271989,-0.36026397,-0.22840163,-0.39953136,-1.6688677
2012-07-31,243.92312424043442,-0.25724232,0.29233015,1.6227559,-0.49461558,-0.85331064,-0.12897302,-0.025504788,0.32748112,0.1972243,-0.35144836
2012-08-01,243.87096264281604,-0.29139417,0.107011214,-0.5565612,-0.21786405,0.17353769,0.45121598,0.72221965,-0.20450726,0.037469037,-0.4585442
2012-08-02,243.84392022795168,-0.26915005,-0.8936583,-0.0147270365,-0.62516177,-0.9012549,-0.048434272,-0.8778953,-0.57703495,-0.08137175,-0.31798863
2012-08-03,243.60258047060944,1.3204024,2.2311935,0.7411328,1.3471513,1.5682713,1.0750676,2.0062006,0.965409,1.0897137,2.3755188
2012-08-06,243.9077346057545,0.05288703,1.2074223,0.6174452,0.4330397,0.492029,0.14857075,-0.1488571,-0.16522905,0.14904073,0.080979496
2012-08-07,244.0267420274001,0.35574627,1.56244,-0.29921046,0.7014154,0.92456955,0.36273777,1.8766317,0.8318621,2.1208534,0.26587868
2012-08-08,244.06164285751095,-0.041858267,0.06514686,-0.235951,0.106082104,-0.7509772,0.18574229,0.16474284,0.0006968751,0.10019245,0.11248604
2012-08-09,244.29487220168568,-0.22474557,1.8218348,0.2583634,0.35094637,0.34596562,0.18496351,0.26030186,0.32701397,-0.19022764,0.11178092
2012-08-10,244.48838065400992,0.25876656,-0.53883535,-0.01804366,-0.26283565,0.40305328,0.33804625,0.3158505,-0.09620758,0.13596232,-0.13999997
2012-08-13,244.4090057795506,-0.116663925,-0.67940146,0.7663536,-0.14013964,-0.5705243,-0.37499377,-0.49255714,0.0072473087,-0.5902553,-0.74681306
2012-08-14,244.25774513229143,-0.26084933,-0.58384603,0.056779727,-0.21486552,-0.0937584,-0.41655394,-0.20434725,0.132123,-0.44865784,-0.39452934
2012-08-15,244.2110018396701,0.010565913,0.6107137,-0.21395597,0.10688187,0.32345638,-0.4197409,0.71861887,0.013992086,0.24930236,1.2207427
2012-08-16,244.49655753289844,0.768471,5.4142103,0.4604947,1.3554027,0.87104934,0.61629313,0.61339563,-0.044773653,0.57229793,1.0942177
2012-08-17,244.74287592532446,0.09754,0.12047125,1.1076965,0.22459705,0.25778124,-0.51627815,-0.8668173,0.44296953,-0.009389233,0.12061115
2012-08-20,244.83331117065893,-0.25782302,-0.3762735,1.6202536,-0.45557287,-0.3864855,-0.20540445,-0.7228204,-0.4376157,-0.18944444,0.07109845
2012-08-21,245.07537837277187,-0.626686,0.67868155,-1.0480603,0.07932521,-0.64530414,-0.24580395,0.12390212,-0.60985893,-0.44624186,-0.40035325
2012-08-22,245.43250796365416,-0.48377377,0.1814671,1.1792608,-0.70415944,-0.17353998,-0.76633394,-0.5918013,-0.015000324,-0.081419036,0.022980439
2012-08-23,245.35330199390205,-0.53679746,-0.28098258,-0.7538657,-0.75894326,-0.29301885,-1.4130374,-0.20519821,-0.17729586,-0.008217232,-0.6813415
2012-08-24,245.52949239995115,0.6579719,0.21261641,-0.06296781,0.6744538,0.6394826,-0.27802363,0.37732568,0.2057812,-0.19125164,-2.2091827
2012-08-27,245.58448579666816,-0.7107174,0.48758054,1.1312052,0.251937,-0.31153154,-0.15453352,-0.5542641,-0.12543662,-0.6347698,-0.021470571
2012-08-28,245.6008226641266,-0.29718474,-0.43293262,-0.21077216,-0.21445633,-0.5713257,0.322498,-0.24460249,-0.3466425,-0.044303767,-0.57104236
2012-08-29,245.4976412554433,0.04508107,-0.065053456,-0.25581715,-0.018146276,-0.25409508,-0.69545597,0.22333406,-0.00754011,0.17748828,-0.29681078
2012-08-30,245.79768124320324,-0.59575856,-0.9359876,-1.0912453,-0.8824838,-0.71896094,-0.8536949,-0.851746,-0.75768954,-0.93780893,-0.99823517
2012-08-31,244.33586559765257,0.46981424,0.55501175,0.015426946,1.1550448,0.8815408,1.1688877,-0.029405626,0.112897776,0.7390708,-0.45423695
2012-09-04,244.45673560462228,-0.12870015,-0.2512004,0.85090977,-1.1164428,-0.23225033,-0.868435,-0.58171004,-0.5687591,0.10290472,0.17353584
2012-09-05,244.76445511537784,0.14147958,-0.3148742,-0.5959913,-0.06670257,0.91106987,-0.072353676,-0.6262572,0.00932123,-0.15501563,1.2897229
2012-09-06,244.723446242789,1.312471,2.5321796,0.47947645,2.260997,1.0109301,1.4727215,1.9559839,1.3609756,0.6128744,0.7706452
2012-09-07,245.14648140537824,0.10528983,-0.5147754,0.29056564,-1.0303253,-0.1320198,-1.9161415,-0.82733977,-0.5891677,-0.26297182,-0.681021
2012-09-10,245.5402922749768,0.4451369,-1.2567568,-1.8985415,-0.62808836,-0.6372611,-2.0341258,-1.0959466,-0.55740625,-0.7042962,-0.6891198
2012-09-11,245.41811823865203,0.72009456,-0.3441577,-0.34174258,0.10383864,-0.054851517,0.16821717,-0.26805267,0.33542266,-0.22930646,0.38913327
2012-09-12,245.46041468279245,0.13458733,0.12069432,0.8085366,-0.09160354,-0.19133902,-0.34215194,-0.0684393,0.35368595,-0.26698238,-0.1411701
2012-09-13,245.6145423140597,0.7947223,0.8586363,1.1912525,0.32268187,0.62505597,0.3681119,0.54755884,0.94188374,0.8384335,0.5372708
2012-09-14,246.00438383968512,0.11679343,0.39309254,0.69232166,0.5873437,0.5614113,0.012826433,1.1827183,0.6518713,0.64036524,0.7650436
2012-09-17,246.39246647643998,0.0822104,-1.0166608,0.7031457,-0.06784443,0.21290459,-0.142243,-0.98564214,-0.13081442,-0.47681984,-0.008120921
2012-09-18,246.24951251583158,-0.049455084,-0.3448849,0.08227765,-0.14033403,-0.22780609,0.12344696,-0.95983267,0.10913415,-0.9201491,-1.5417004
2012-09-19,246.30949729888115,-0.22505961,0.21413276,-0.10474633,-0.383242,-0.5364318,-0.4981183,-0.028659482,-0.08135267,-0.8616994,0.8073715
2012-09-20,246.70716989683862,-0.10272479,-0.034501716,-0.4517188,0.90041006,-1.0895149,0.05743861,0.2297209,-0.5981179,-0.30690747,2.204048
2012-09-21,247.41445284886595,-0.086623356,-0.66130376,0.0116504375,-0.6989386,0.33833787,-0.12133322,0.18865812,-0.13829377,-0.04384032,-1.2772468
2012-09-24,247.55352203658376,-0.24111424,-0.28774914,-1.0314814,-1.0741564,-0.568165,-0.7526269,-0.7044498,-0.51091546,-0.42139885,-0.8123195
2012-09-25,247.4373226054593,-0.121668085,-0.44822037,-1.839935,-1.0369638,-1.9213902,-0.6025946,-1.8117568,-0.7625699,-0.8852284,-1.0076685
2012-09-26,247.43610978384157,-0.33427092,-0.29111657,-0.9711056,-0.6203564,-1.2464864,0.24191451,-0.6262158,-0.38166305,-0.12013962,-0.761839
2012-09-27,247.19286631738817,0.5799969,0.6968637,1.5027813,-0.093533345,0.9316758,0.98476535,0.55167234,0.7706739,0.4947844,0.3381124
2012-09-28,248.36712646990864,0.45912486,0.94221574,-1.5601251,-1.0878628,0.41517892,-0.9820407,-0.7506483,-0.8229597,-0.54146945,-0.75219303
2012-10-01,248.66587979949762,0.912402,-0.19153179,-0.916131,-0.76574075,0.35137987,0.2175687,0.015329091,-0.49359414,-0.23590073,0.18747452
2012-10-02,248.43823963862482,-0.21731341,-0.09828088,0.074749015,0.36948097,-0.116074406,0.17136282,-0.08865138,-0.17013183,0.072890736,-0.2137329
2012-10-03,248.4352651273523,0.18310486,0.18626966,0.91347724,0.44366094,0.26784953,-0.6707808,-0.3801955,0.12577611,-0.12008092,-0.074528456
2012-10-04,248.73536774593322,-0.059980035,-0.098260015,-0.5974071,0.36446738,0.08553256,-0.19395433,0.8229828,0.3446001,-0.31350675,0.01236086
2012-10-05,248.88677550218782,0.038459353,-0.13009958,-1.5935013,-0.5293714,-1.1115754,0.47091842,0.42300698,-0.0885898,0.034625243,-0.4940763
2012-10-09,248.98384150617912,-0.58988345,-0.32089022,-0.37207112,-1.3652875,-1.1782715,-1.4311229,-1.4791194,-0.8406769,-0.51355594,-1.0897653
2012-10-10,248.72666821561737,-0.7019876,-1.5826223,0.41724533,-0.85654503,-0.0967155,-0.3417997,-0.40453008,-0.5461439,-0.08152466,-0.45079827
2012-10-11,248.77680553907118,-0.04194982,-0.1669453,-1.5007312,-0.14867103,0.21768884,-0.20063964,0.18519948,-0.5199785,0.115419656,0.35822248
2012-10-12,249.04679388984724,0.61548847,0.4863685,0.051403526,0.5885315,0.5078657,-0.48956302,-0.13077223,-0.32935894,-0.27843922,0.15900485
2012-10-15,248.8006764431774,0.32793707,0.44973412,0.4215872,0.7379071,0.5429642,0.5882679,1.8550454,0.22867635,0.15470521,0.563321
2012-10-16,248.55259693582926,0.6150139,0.95544297,1.471882,-0.12107332,1.0820711,1.4447032,0.9386772,0.73774076,0.85076547,1.4488926
2012-10-17,248.8491602773214,-3.2847362,-0.44934258,-0.66957045,0.18936592,-1.379268,-1.3224981,-0.61030644,0.3866386,-0.23549263,0.2142834
2012-10-18,249.17366760246603,-1.8779427,-0.32432735,-1.4039274,-0.30303767,-0.30303288,-0.29592058,0.49304911,-0.85353553,0.033943012,-0.076172926
2012-10-19,249.29132064928513,-0.5559967,-1.867084,-2.6319387,-2.3370442,-1.4145145,-0.97401875,-2.0171525,-1.0146085,-1.4484017,-0.5212577
2012-10-22,249.16766519939608,0.32420433,0.4925221,2.533962,-1.8005854,0.5964526,0.44971713,-0.13000312,-0.13584761,-0.0022363625,0.30016926
2012-10-23,249.40539721609215,-1.0796624,-0.59943205,-2.3895144,0.06691586,-0.51695913,0.30203563,0.014493932,-0.3708207,-0.3198327,-0.4356059
2012-10-24,249.2713783551488,-0.20235296,-2.1365411,0.262116,-0.48068827,-0.054862957,-0.32266846,-0.37812072,-0.6182937,-0.5218989,-0.04177271
2012-10-25,249.42530360487393,0.27506322,-0.6273579,-0.93638074,-0.12486571,0.46946114,0.5411103,0.7958131,-0.24042451,-0.12179194,-0.059030175
2012-10-26,249.57339826018554,0.53868276,0.30959052,-0.7480453,0.8329098,0.19519114,0.6060175,1.5019524,1.1844697,-0.2025248,0.90834916
2012-10-31,249.65407803496714,0.3977334,-0.49107072,-1.1139411,0.8226519,0.11113079,-0.77015454,-1.3427095,-0.41588062,-0.28392193,-0.09405142
2012-11-01,249.78952509424744,0.84271026,1.2433202,0.016662367,2.5229805,0.7499382,1.4748323,2.1573186,0.78527594,1.3152015,0.42555252
2012-11-02,249.8641161116411,-1.2545298,-0.5543653,-2.4277163,-0.12225236,-0.632814,-0.47741848,-1.4420495,-0.41198125,-0.6348076,-0.077820435
2012-11-05,249.60823977991143,0.21432965,0.16921991,0.79785895,0.26742586,0.0066129365,0.0014323083,1.773101,0.78288466,1.0181193,-0.37798
2012-11-06,249.61366387349776,0.28648964,0.27174634,-0.3308812,0.5234046,0.7039563,-0.271615,0.8200462,-0.12671739,1.3297405,0.122605674
2012-11-07,249.93917556405674,-1.0495425,-0.938022,-2.7955985,-2.104584,-1.8162847,-2.0006151,-1.349931,-1.8198713,-2.0386693,-1.6846945
2012-11-08,250.17746861623354,-0.3819186,-1.3449937,-2.6572754,-0.788131,-0.8589014,-0.20887344,-0.38386372,1.8841953,-1.8853366,-0.9764243
2012-11-09,250.24981984976327,-0.17898434,-0.039085593,1.0532906,-0.017010622,-0.2254789,-0.085191645,0.6364865,0.6299254,0.6087332,-0.26795846
2012-11-13,250.2607010590207,-0.34086516,-0.0390131,-0.114672154,-2.5859652,-0.67755914,-1.2459002,-0.34255856,0.2960306,-0.6924001,-0.4105074
2012-11-14,250.26029018674825,-0.99439704,2.8186817,-0.8880275,-0.7840523,-1.0325488,-0.8335418,-1.314777,-0.37685853,-0.57655114,-0.66128546
2012-11-15,250.32479759797033,0.09607447,0.9423366,-1.5770556,-0.5885406,0.7290328,0.17052184,-0.02883042,-0.41609928,-0.3311911,0.5817956
2012-11-16,250.25091960512378,0.35577834,0.16390246,0.14466175,-0.4756684,0.03171426,0.40104976,-1.0349284,0.40170807,-0.7121383,-0.11055924
2012-11-19,250.23917366472628,1.1465204,1.0234234,4.6499834,0.5365558,0.2252079,0.14295074,1.0765625,0.036885016,1.1814437,0.34573007
2012-11-20,250.49093287795674,-0.41398507,0.12803441,-0.710613,-0.12822494,0.05254009,-1.937005,0.7212104,-0.04439089,0.0426687,-0.62088454
2012-11-21,250.73530269226967,0.34920314,0.4544016,-0.026920818,0.61916673,0.35209763,-0.410141,-0.3050667,-0.081212945,0.08348536,0.2243274
2012-11-23,250.8499876447676,1.0558234,1.1585497,1.0645761,2.0472934,1.0253747,0.94267803,0.6744108,0.64215076,-0.20533496,0.8489777
2012-11-26,251.1406517289235,-0.22593985,0.69648,2.01194,-0.9405028,0.007485914,0.43338183,-0.011081355,-0.54747504,0.20651266,-0.3200151
2012-11-27,251.19923993913036,-0.5769956,0.123990625,-0.67985904,-0.95069945,0.46765193,0.093092285,-0.4199795,-0.24993306,-0.53521913,-0.32077566
2012-11-28,251.31845281959346,0.23109028,-0.41833705,-0.3403558,0.7242195,1.1221336,0.40293854,0.5330089,0.20454124,0.9018522,1.0823846
2012-11-29,251.12144973455574,-0.17354563,0.57006735,0.6294331,-1.2374249,0.0051674363,-1.4739575,0.43055913,0.4272385,0.48197716,0.22915712
2012-11-30,251.29384003999908,-0.51622814,-0.32139155,-0.60138077,-1.0235537,0.6149928,0.09497461,-1.2106305,0.11342851,-0.12162852,0.7492475
2012-12-03,251.03438080234628,-0.22285302,0.37781155,-0.016773395,-0.6241218,0.18559033,-0.09023437,0.18388888,-0.2613869,-0.3627414,0.021582829
2012-12-04,251.20779705480118,-0.06280448,0.4386199,-1.3473746,-0.2467054,0.0642049,1.1157084,-0.08883236,-0.009042491,0.79572403,0.86496353
2012-12-05,250.93122499797397,-0.2647822,0.12216963,-4.6940155,0.8023452,-0.8438487,-0.32270253,0.39488396,0.2146051,-0.39861974,0.034957364
2012-12-06,251.06146674210075,0.33677655,0.8377796,0.94604343,0.10257136,-0.015662398,0.79114765,-0.185269,0.32690647,0.27485016,-0.55570906
2012-12-07,251.25924649790517,0.74006337,-0.4382949,-1.904631,-0.8557882,-0.3006661,-0.010900223,-0.011650927,-0.32418,0.23272228,0.4295099
2012-12-10,251.39807341217508,0.20331538,1.384352,-0.56756717,1.3192557,0.22872245,-0.21674226,-0.14674367,-0.031061005,0.23040764,0.3110904
2012-12-11,251.51100642492105,0.5060454,-0.03387275,1.3632077,1.0125902,0.46979383,1.437844,2.1640434,0.21841976,0.03479793,-0.47145635
2012-12-12,251.44153450941744,-0.4388956,-0.15606435,-0.42798865,-0.2980361,-0.524077,0.03914406,0.0038777885,-0.6968189,-0.04290889,0.55321556
2012-12-13,251.65141087519237,-0.34385344,0.0272166,-1.3232718,-0.44171047,-0.7544319,-0.46374127,-0.9856896,-0.61032116,-0.0042614494,-0.8289581
2012-12-14,251.48886768762642,-0.09915821,0.3624445,-2.7589953,-0.93218887,0.6410354,0.08996558,0.32384962,-2.2688196,-0.19770588,3.098852
2012-12-17,251.47179571975948,0.6018938,0.75153446,1.0860909,0.76113933,0.6533497,0.089794256,0.1163978,1.578495,0.03446584,-0.34603047
2012-12-18,251.67763081800538,0.6653175,0.8020429,1.8480237,1.231916,1.0440185,0.9611716,0.706708,0.88208413,0.18802796,-0.020516085
2012-12-19,251.55322658823954,-0.22340347,-0.33003786,-1.1091465,-0.77651024,2.2797968,0.33360925,-0.25442612,-0.66990346,0.52848357,0.79370356
2012-12-20,251.3211613451501,-0.124528594,-0.09270443,-0.72479177,0.96937644,-0.36390674,-0.18289769,-0.033634312,0.14502124,0.0695933,-0.46510068
2012-12-21,251.51445039147634,-0.47104847,-0.8441118,-0.4409263,-0.7168719,-0.42346582,-0.6548973,-0.73667324,-1.0002363,0.36876518,-0.37515488
2012-12-24,251.71742871702307,-0.363166,-0.39799732,-0.012284978,-1.1795715,-0.36749142,-0.33603898,-0.08886444,0.13366686,-0.5696815,-0.40772003
2012-12-26,251.79343117454945,-0.17276306,0.27021325,-1.0796673,-0.64609045,-0.07688528,0.014006017,-0.31275836,-0.3108888,-0.006178395,-0.09830976
2012-12-27,251.5611489915972,0.23355405,-0.8271262,0.152319,0.21635073,-0.73980635,-0.36309874,-0.21981987,-0.14066389,-0.23268785,-0.51746005
2012-12-28,251.57717293002992,-0.99439657,-0.6209276,-0.8585985,-1.2573593,-0.5687315,-0.7225111,-0.5968255,-0.7329487,-0.42343616,-0.75596505
2012-12-31,251.86548229652666,0.56105554,0.6148145,2.8635716,0.3940997,0.5138221,0.9773776,0.69964635,0.83013844,0.5991455,1.089235
2013-01-02,252.22729918657495,1.5767953,2.0845068,2.0275102,2.5280333,2.5594327,1.8625963,2.501059,2.0076182,1.3931577,0.8846072
2013-01-03,252.27583933014702,-0.37745714,0.32295936,-0.99979,-1.1184964,-0.7979357,-0.1566974,-0.84293354,-0.2936178,-0.19050041,-1.0358154
2013-01-04,252.28538977754715,-0.44595534,0.085361645,-2.0722165,-1.5380926,0.4927172,-0.40118575,-0.21554635,-0.76049274,-0.0816505,0.4555946
2013-01-07,252.04205340428217,-0.3050437,-0.56686467,-0.5302787,-0.21671697,-0.41781896,0.20858327,0.09190027,0.28480238,-0.59346366,-0.42090243
2013-01-08,252.09333107104004,-0.111796826,0.05622899,0.061724134,-0.47947225,-0.058009308,-0.40240553,-0.76065016,-0.15270458,-0.6741196,0.1772602
2013-01-09,252.2580916717051,-0.2056779,-0.033164877,-1.2100616,0.3655328,-0.039079614,0.8650592,0.72724795,0.60792994,0.5474967,0.66149473
2013-01-10,252.21994548587725,0.16636376,0.41245922,0.7260177,-0.7723442,0.771861,0.8267051,0.68027395,-0.15173489,-0.22885239,-0.19009446
2013-01-11,252.5897212395649,0.5021773,0.11504986,-0.54819393,1.0071498,-0.17111744,0.46155939,-0.10666576,0.0034918042,0.17554554,-0.9390922
2013-01-14,252.5072067376349,-0.6316904,1.4283452,-2.629273,0.10167192,0.110522516,-0.011269536,-0.23135093,-0.54874027,0.06465089,-0.022369264
2013-01-15,252.74825782472385,-0.061312795,0.025520112,-2.3376753,0.84781134,-0.5669417,-0.2945357,-0.1960306,0.061031047,-0.008711343,-0.14535134
2013-01-16,253.0958718746493,0.009257673,0.14108045,2.6878548,-0.56014454,-0.19108899,0.5300523,0.320655,0.16659518,0.49734345,-0.5476043
2013-01-17,253.13866652258395,0.33328193,-0.23461153,-0.5910073,0.53012496,-0.11536439,1.3065404,1.0357586,0.16525066,1.5752903,-0.3634851
2013-01-18,253.2314037755585,0.25182757,0.19912428,-0.493252,-0.07230138,0.84676826,-3.3839045,0.5514585,-0.40525886,0.7742174,0.25815392
2013-01-22,253.27181519078187,0.51119155,-0.43809536,0.53302807,-0.35871965,-0.41547725,-0.2068009,-0.19233778,-0.08114347,0.121201664,-0.17682347
2013-01-23,253.30353638612166,2.7616632,-0.734953,1.1310322,1.236688,-0.5309637,-0.15849054,-0.74803936,0.067117564,-0.115432575,0.33302808
2013-01-24,253.2824583814495,-0.11547818,1.1629723,-9.2447815,-0.015905391,0.39486212,-0.40545756,-0.071528465,-0.42781222,-0.42065412,-0.34609866
2013-01-25,253.12075007594962,0.15249579,0.37071732,-1.7728069,0.62905705,0.7451108,0.013230516,-0.5967802,-0.6097237,0.6940424,0.19275264
2013-01-28,253.2343047663298,-0.033455346,-0.26216176,1.4231706,0.011490345,0.21929953,0.21040718,0.3316895,-0.073961295,0.35059428,-0.2532342
2013-01-29,253.25796998996128,-0.3459913,-0.81577885,1.1619203,0.206319,0.36518803,0.55124503,-0.3708539,-0.23944281,-0.61432946,0.2988767
2013-01-30,253.32453638912068,-0.14117886,-0.5905387,-0.34126335,-0.5187593,-0.8170366,0.2070531,0.17536785,-0.023501256,0.11883107,-1.023334
2013-01-31,253.4721499991172,-0.16355343,-0.032874104,-0.32687643,-1.2002524,0.1639436,-0.8174927,0.36646995,1.6770184,0.084647335,-0.3015202
2013-02-01,253.27569306982863,0.64615893,0.7591271,-0.40812045,1.2781445,1.2064819,0.77015954,1.0167433,0.40806246,0.7732742,0.6575814
2013-02-04,253.48292629163092,-0.45930576,-0.03251241,-1.8691049,-1.4523333,-2.0709786,-0.49871767,-0.86441684,-0.834299,-0.63868666,-0.50045836
2013-02-05,253.61564941055627,-0.33805114,0.75084275,2.2634473,0.09782748,0.57553536,0.5909433,0.7379318,0.82250965,1.2813053,0.50067276
2013-02-06,253.63092256027855,-0.31524318,0.31296098,-0.19773196,-0.5277098,-0.786978,-0.47825682,-0.41487426,0.07569745,-0.14563914,-0.29926395
2013-02-07,253.65378527885395,-0.43275037,-0.26202244,1.9047291,-0.2439404,-1.0990963,-0.4576276,-0.3303317,-0.5188687,-0.40277416,-0.6396947
2013-02-08,253.59761669415622,0.6028933,0.16921006,0.8685461,0.6956288,0.5673186,0.45908022,1.3776925,0.1997736,0.9059647,1.4737533
2013-02-11,253.62242102086415,-0.5087383,0.3117472,0.59401697,0.8002198,0.03559994,0.062355068,-1.0911978,0.07569731,0.07548711,-0.8586556
2013-02-12,253.32448147155978,-0.059515685,-0.8657524,-1.8794491,-0.016434612,0.20420262,0.38096297,-0.3120422,-0.96786076,-0.0816893,0.24921389
2013-02-13,253.35758303867343,-0.004642661,0.48688847,-0.25532016,0.34579998,-0.3027177,0.13490628,0.18549082,-0.38755122,0.26219416,-0.2516119
2013-02-14,253.45332641025604,-0.16282606,-0.43585393,-0.1858428,-0.04464539,-0.24700877,-0.06031989,0.03072467,-0.025290774,0.29030094,-0.43480968
2013-02-15,253.3168369301475,0.40762144,-0.0033468385,-1.083399,-0.15572912,-0.24730454,-0.28048477,-0.43153536,-0.15096858,-0.26853624,-0.09988232
2013-02-19,253.21984490095744,-0.2331198,1.3406537,-0.14914389,0.68106943,1.0276959,-0.08509626,0.50913405,0.086291425,0.38391066,0.4152792
2013-02-20,253.20007104982304,-0.3470591,-1.0012882,-1.8187757,-0.5736797,-0.8057438,-0.9029987,-1.6046531,-0.36056444,-1.0179735,-0.46304956
2013-02-21,253.1326574193298,-0.33900452,-1.0177497,-0.5546796,-1.1412354,-1.4623137,-1.2245648,-1.1100875,-0.3975628,-1.1681736,-0.7858263
2013-02-22,253.10934140863264,0.8709755,0.40441847,0.60868573,0.68876415,0.8175525,0.42145038,2.8541741,0.0034489376,0.9416721,0.19080243
2013-02-25,253.0644152410039,-1.1802461,-0.7039785,-1.3628197,-1.173618,-0.9720779,-0.4954825,-0.85346675,-0.17986347,-1.1698407,-0.80464804
2013-02-26,253.11340553153332,0.5095021,-0.15036327,0.833033,-0.072229646,-0.0007533724,0.87677836,-0.03768736,0.24938636,1.1956257,0.60540116
2013-02-27,253.54242417736174,1.0045909,0.81649494,-0.805167,1.171166,0.6096835,0.86173713,0.81017756,0.17736883,0.26287287,1.3923649
2013-02-28,254.40860860631025,-0.50011396,-0.090888456,-0.6198198,-0.101132534,-0.9220879,-0.13571967,0.14641513,-0.081114694,-0.17535315,-0.56673664
2013-03-01,254.35495737579637,0.6441197,-0.09103256,-1.862207,0.34782976,0.67086345,0.3589664,0.061823167,0.37629297,-0.45835784,0.6477314
2013-03-04,254.41674089926101,0.70025665,-0.26716283,-1.8228621,0.48467824,0.7193113,0.5759292,-0.022113258,0.14587559,-0.1448238,0.79928166
2013-03-05,254.4688707143017,0.39946243,1.3909224,1.6837932,0.48078862,0.6913279,0.56933165,0.6420691,0.8292193,0.4515701,1.3167758
2013-03-06,254.56227855421042,0.554794,1.4163077,-1.0109594,-0.7940491,0.6643271,0.5628646,0.14168872,-0.7955287,-0.3005012,-0.37492123
2013-03-07,254.53648468595043,0.3007968,0.22069807,0.67361385,0.06610259,0.0695186,0.32047793,0.009563547,0.0011091098,-0.45941746,0.16985492
2013-03-08,254.67389773288278,0.27469742,0.0805243,0.059894074,-0.4635919,-0.5029,-0.75069946,0.058572855,-0.17702422,-0.113365665,-0.13119113
2013-03-11,254.9248831107434,-0.11205175,0.13626558,0.8584906,-0.43788338,0.2367545,0.25141108,0.28654614,-0.046845227,-0.14504774,-0.1600033
2013-03-12,255.07506110073987,0.12408134,-0.50773984,-1.6371695,0.039036892,-0.91508085,-0.13154463,0.073534496,0.1513371,-0.46347412,-0.24633053
2013-03-13,255.2867905836516,0.44069612,-0.3421849,-0.13652197,-0.045414813,0.20233984,0.035765614,-0.6275015,-0.2792571,0.64677936,0.14136961
2013-03-14,255.35366241061908,1.1069093,0.024982775,0.5464746,0.54220074,1.2520733,-0.036023982,0.05826538,-0.20450832,0.074982226,-0.08858141
2013-03-15,255.43800120955808,-0.28316194,0.95175964,1.6470735,-0.35296422,-0.0050076456,-0.6622669,-0.5818048,-1.1930298,-1.2554324,-0.47661638
2013-03-18,255.39591720075302,-0.5346004,-0.73231363,1.7403487,0.09414976,-0.62865806,-0.30368528,-0.852767,-0.37042105,-0.92620045,-0.5946044
2013-03-19,255.4967169682125,0.049723092,-0.42806995,-0.3113748,0.14949663,-0.7266077,-0.30536297,-0.022292446,0.03205236,-0.37799594,-0.58391833
2013-03-20,255.68726262165663,0.46752805,0.42159867,-0.49321094,0.31544173,0.07067138,0.0857422,0.5750462,0.6335429,0.63858813,2.3241231
2013-03-21,256.64930489143063,-0.8631827,-2.4000366,-0.023363017,-0.66033626,-6.891024,-0.35607615,-1.3760365,-0.35290742,-0.8016414,-0.52969164
2013-03-22,256.7625055202503,-0.07381606,-0.26905447,1.2752476,0.3169972,-0.74361926,0.69680315,0.19745526,0.3157054,0.8966943,0.98309505
2013-03-25,256.6177862159494,-0.42742476,0.29160216,0.12792833,-0.32549742,-1.6199569,-0.45157075,-0.05552761,-0.25466454,0.11125445,-0.806923
2013-03-26,256.59013564193623,0.47392052,-0.003381842,-0.491048,-0.074227035,0.537989,1.484652,0.9434966,0.5751707,0.1742593,0.23413187
2013-03-27,256.49704179643703,-0.46670777,-0.062244926,-1.5052903,0.51063496,0.7832202,0.13019703,-0.122164525,-0.039936535,-0.049918644,-0.2586609
2013-03-28,256.91657112333957,0.7125903,0.20267698,-1.5909665,0.58940995,0.711545,0.011202776,0.5680501,0.09672533,0.1407719,1.0683494
2013-04-01,256.3933809498871,-0.2977365,-0.20909914,-2.320593,-0.074119486,0.086341165,-0.99431616,-0.8616609,-0.72725624,-0.46425825,-0.3253982
2013-04-02,255.79808325611492,0.5782808,1.131895,0.019030657,0.44616958,0.59564286,0.06025582,-0.48727903,0.091716036,-0.46789598,0.5124173
2013-04-03,255.62881762448495,-0.53276795,-0.061047997,0.23149474,-0.73075914,-0.7722065,-1.0115465,-1.1303977,-0.27465662,-0.37369415,-0.336369
2013-04-04,255.62714000566191,-0.43006933,0.025726963,-0.81418264,0.036202453,-0.13981517,0.20885567,0.4842609,-0.19206028,0.14543745,0.5612358
2013-04-05,255.5930280559536,-0.6017686,-1.2662866,-0.8621127,0.20035984,-0.7800761,-0.5046238,-0.5777526,-0.5347382,-0.14656948,-1.2633717
2013-04-08,255.86335803774844,-0.04725633,-0.122289166,0.36948386,-0.37554407,0.6037888,0.3575601,1.3651274,0.4072548,0.49777293,0.4307433
2013-04-09,256.0257344730183,-0.05032924,1.1761757,0.0020924625,2.6816165,1.306401,1.5842408,0.059280396,-0.011759026,-0.33837694,0.3852913
2013-04-10,256.29636275780007,0.8308686,1.440993,1.2823575,1.6861109,1.2994663,1.1885477,0.89097553,0.831128,1.5277612,0.58304834
2013-04-11,256.05293191502005,0.2594598,0.62108004,-0.34101668,-3.6321464,-0.29594705,-1.0229255,-0.20257333,-0.25799423,-0.11276301,0.547279
2013-04-12,256.2413850609099,-0.4869831,-0.42868596,-0.8533128,-0.48274794,-0.39637876,-0.36960578,0.16989744,-0.32028434,-0.61205477,-0.37114483
2013-04-15,255.71742282240743,-0.6691666,-1.41129,-1.7523106,-0.34698647,-1.4031446,-0.7341112,-1.0331687,-0.90406466,-1.0984797,-0.70512044
2013-04-16,253.98313716855577,0.8185695,0.31377533,0.9228823,0.6857384,1.1580772,1.2801905,0.67553455,0.14175747,0.39853072,0.7637363
2013-04-17,254.5310399646083,-0.7327942,-1.5494373,-4.047122,-0.45206836,-1.9449639,0.011760528,-2.6176605,-1.1921285,-1.4067808,-0.63106745
2013-04-18,254.5800139724172,-0.79984474,-0.15132403,-2.0001817,-0.18177499,-0.8357814,0.7152173,-0.58107734,-0.5029855,-0.5105729,-0.71553826
2013-04-19,254.59413330508863,-5.5922685,-0.35986096,-0.3930705,2.5465329,0.43518308,0.45183808,0.47053978,0.12675308,-0.048605204,0.24144691
2013-04-22,254.81413238598327,-0.7606118,0.38306448,1.3082852,2.6667986,0.22827853,0.9939098,0.8486213,0.38132894,0.41219524,-0.4108816
2013-04-23,255.08832107334882,1.2643327,0.9383191,1.1640296,-0.6603568,-0.20053631,1.1078354,1.3709902,0.4606926,1.0488855,0.32137647
2013-04-24,254.90549827927242,0.01361553,-1.5401349,-0.23816904,2.8415334,0.02400662,0.60470986,0.4108684,0.37131253,0.55124754,-0.3969639
2013-04-25,255.06911416952602,0.72878623,0.7406929,0.37479106,0.36958086,-0.56943977,-0.6287038,0.07132884,-2.61566,1.5213733,0.37279525
2013-04-26,255.54857454383546,0.099751644,0.0854354,1.3619003,-0.44314831,0.10688468,0.032148767,-0.23464762,-0.7595001,-0.11203479,-0.31748024
2013-04-29,255.37988768418117,1.5657742,0.9064554,1.9959134,1.9244775,-0.32487392,0.778866,0.2820381,-0.014284486,0.6981678,0.067263566
2013-04-30,254.88301202351965,1.0680861,-0.17808722,1.8902289,1.0949984,1.0226771,0.40058264,0.29544383,-0.088523924,0.24413349,-0.10492758
2013-05-01,255.16537511480516,-0.95270103,-1.6005998,-0.6732197,-0.9787125,0.6865714,0.07443986,0.22953475,0.15574044,-0.19994748,-0.6223206
2013-05-02,254.92347804285413,0.865125,1.0358099,0.8541497,0.97321147,0.97290987,0.24649681,0.36967993,0.62945235,0.8549177,1.1581043
2013-05-03,255.1824563930043,0.65170705,0.29057845,0.5684062,0.7029612,-0.6914544,0.15034556,0.3974244,0.5540638,0.033871062,1.5649595
2013-05-06,255.2419903650209,-0.5674141,-0.062055614,1.5136269,0.53302324,0.17984857,-0.12026516,-0.04220849,-0.016637027,-0.1395491,-0.7942859
2013-05-07,255.1801388118763,0.24970229,-1.2786398,-0.43333298,-1.1023827,-0.5749051,0.5053366,-0.08907381,-0.0024377487,-0.3427153,-1.2828124
2013-05-08,255.0880400905634,0.6570284,1.0069021,0.65642375,-0.83002543,0.31953618,0.20204386,-0.01104059,0.025969628,0.29471123,-0.49808654
2013-05-09,255.34464636191672,-0.5189346,0.32021064,-0.732406,-0.8622086,0.39640194,0.2223741,-0.21401179,-0.08822513,0.11954352,-1.9346038
2013-05-10,255.54014722220876,0.3690617,0.78417313,-0.70427406,-0.0015894329,0.5498385,0.28474003,-0.04220798,0.2951887,0.06142,-0.0638368
2013-05-13,255.1970535046803,-0.6534242,0.48680085,0.14736496,0.7378655,-0.5478764,-0.90780085,-0.8752091,0.04602244,-0.89011365,-0.6889136
2013-05-14,255.48714161725638,0.2152817,-0.0033644743,-1.806765,1.6538854,-0.29487696,-0.53105533,-0.13659495,0.27011162,0.2086169,0.45385882
2013-05-15,255.49958730024275,0.015113578,-0.1761084,-2.5148182,0.6718599,0.55026376,0.76430625,0.38441396,0.0725712,-0.05284237,1.2480084
2013-05-16,254.88914639624093,0.41288698,7.257418,0.79787743,0.45721045,0.65872616,-0.5715037,-0.41984826,-0.011386672,-0.4887596,-0.80794966
2013-05-17,254.5795258214529,1.1503319,0.8832808,-0.33463532,1.7202498,1.1807314,0.20405406,0.17879403,0.58951634,0.7859427,-0.06458767
2013-05-20,254.52793690057837,-0.28055924,-0.736949,1.4076161,0.39672714,-0.32379907,0.07425611,-0.3095084,-0.4324937,-0.22514115,-0.55818
2013-05-21,254.80057510750441,0.3051117,0.14928071,-0.6378812,-0.5883728,0.30053252,0.1384161,-0.13641,-0.31685027,-0.488503,-0.49463645
2013-05-22,254.71900744351043,-0.5351365,-1.7294024,0.14267752,-0.61420256,-1.9529103,-0.18378487,-1.0285152,-0.4510485,-0.46296024,-1.2893057
2013-05-23,255.001738143203,-0.2789594,0.4396343,0.00062654784,-1.1218405,0.13535926,-0.055049088,-0.12119775,-1.01559,0.094568096,-0.68523955
2013-05-24,255.43489911919,-0.1575295,0.0486182,0.34801334,0.20163487,-0.42838848,-0.29290748,-0.0890882,0.16853057,-0.3759549,-0.6077388
2013-05-28,255.40456223242577,0.62235266,0.9246952,-0.7051446,1.6250346,0.85154986,0.33327082,0.24754408,-0.21643156,0.9967941,0.53934664
2013-05-29,255.47864232394764,0.023621503,0.5824377,0.4269631,-0.38797915,-0.32878312,0.3950273,-0.26518428,-0.05257221,-0.2837327,-0.5642927
2013-05-30,255.74249754578528,0.42505914,0.62757915,0.90507823,0.26327953,-0.19438224,-0.14043753,0.51715755,-0.031189792,1.1999944,0.6902482
2013-05-31,255.24867655479713,-0.43375036,-0.6333083,-0.4087452,-0.36508346,-1.1693559,0.13750522,-0.9841996,-0.5823919,-0.22237018,-0.5190811
2013-06-03,255.23416859809456,0.2676276,0.6516326,0.02921021,1.4618448,1.1096328,1.9967266,0.10389091,-0.008737681,0.5611816,0.62734133
2013-06-04,255.4095273737304,-0.87673986,-0.053530358,-0.34127098,-1.4076176,-0.52385217,0.2336222,0.88227224,0.26456672,0.22230949,1.1312903
2013-06-05,255.30469077417297,-1.1073678,-0.10379386,-0.77607435,-0.545708,-0.15589292,-1.3781556,-1.3177696,-0.4846211,-1.1698266,-0.87471604
2013-06-06,255.28391813531474,0.31623453,0.5717507,-1.1693927,0.33139223,-1.5932808,-0.11706002,-0.41254115,-0.21155553,-0.6506692,-0.49973834
2013-06-07,255.4084098177782,0.7815415,-0.15290941,0.4054315,1.5039424,0.8316279,-0.13833447,0.73228323,-0.71698076,1.4371108,0.6166072
2013-06-10,255.03918289899784,-0.43677878,-0.3283027,-0.58403563,-0.51402605,0.39098075,0.8652877,0.61001533,-0.13264394,-0.16476917,-0.17187843
2013-06-11,255.11467584015233,-0.34777042,-0.7346792,-0.328002,-1.4782621,-1.0197322,-0.6371618,-2.2779086,-0.35457405,-0.8361009,-1.4559665
2013-06-12,255.16277550884732,-0.9044011,-0.20671545,-0.9876423,0.28580326,-0.17699857,-0.53882897,-0.8652362,-0.49064663,0.08702268,-0.68652105
2013-06-13,255.31933472504187,0.79813635,0.9067943,0.4799749,-0.7035693,1.3521655,1.0984629,1.0470574,0.5502962,0.8896052,0.672356
2013-06-14,255.11041185241612,-0.5184781,-0.658889,-1.0715439,-0.79925615,-1.0141802,-0.1573592,-0.089069866,-0.51101106,-0.60642797,-0.7673278
2013-06-17,255.21516456756376,0.24729615,1.5241914,0.19074455,1.2824711,0.8972134,0.3607842,0.39797097,0.4298728,0.9340045,0.6284969
2013-06-18,255.34783580221048,0.558442,0.29279527,-0.16054729,-0.11838349,0.1732474,0.74601537,0.45807952,0.14661346,0.43059888,-0.17280725
2013-06-19,255.26673933134575,-0.9483196,-0.34896457,-1.549258,-0.95281476,-0.67896914,-0.9769505,-0.7494785,-0.42677966,-0.8117385,3.10505
2013-06-20,255.01240736977627,-1.5020543,-0.5998846,-1.1422104,-2.6059206,-1.8119894,-1.7181784,-1.8650053,-0.8179745,-1.8353773,-1.2862924
2013-06-21,255.54274502847494,-0.63985765,0.09662956,-0.6827804,-0.59100544,-6.5240126,0.009269383,0.443198,-0.26903483,-0.053379808,-0.30475968
2013-06-24,255.84043982925647,-0.65563875,-1.0626104,-1.9920124,0.98165774,-0.012125459,-1.3568572,-1.3618395,-0.6800404,-0.36649415,-1.7153456
2013-06-25,255.64822374061663,0.45796868,-0.13064164,-0.10793955,-0.19020009,-0.5426268,0.64279515,1.2991117,1.3687053,0.7388166,0.91393244
2013-06-26,255.72011415021973,-0.05932028,0.9574251,-0.91559994,1.4965657,0.3201167,0.2690818,-0.18837234,-0.48209643,-0.9309058,1.6069402
2013-06-27,255.01582895786623,0.2407813,0.5943913,-0.87599117,0.5402435,0.60040635,0.074220546,-0.2712885,-0.22308975,-0.25370783,0.19338039
2013-06-28,255.16146914536247,-1.5331892,-0.7267524,0.3598659,-0.254847,0.48598602,0.37422183,-0.08907212,-0.07359684,-0.05306789,-0.6131818
2013-07-01,255.3799619317792,0.037462153,0.42503586,2.0655978,-0.48347494,-1.3884127,-0.7441717,0.22547445,-0.1784704,-0.3696374,0.7519125
2013-07-02,255.2023378765228,0.054192208,-0.05358773,1.4325291,-1.0378367,-0.10013533,-0.38199875,0.05930739,-0.11109496,-0.081761606,-0.40265507
2013-07-03,255.13033772874655,0.5664044,0.67092323,0.2588012,0.08811729,1.2311828,0.07526529,0.46802315,-0.08860128,0.43513662,0.37093455
2013-07-05,255.33863706100726,0.5380054,-0.053121146,-0.6839349,0.38641548,0.9732339,0.6378956,0.76895666,-0.051092662,0.54151165,0.60875493
2013-07-08,254.99157173211847,-0.0034705326,0.14552669,-0.5189408,0.20107605,0.89254975,-1.9198061,-0.58917105,-0.80682373,-0.30741996,-0.6015879
2013-07-09,255.46651658478473,-1.2476968,1.2982229,1.0883473,-0.027920848,-0.35160017,-0.12392403,0.7957816,-0.5405037,1.3636497,0.6690892
2013-07-10,255.7645232407007,0.29953715,0.60165745,-0.3907805,0.7224946,-0.43938318,0.23347451,0.46723843,0.7198467,1.632327,-0.14444102
2013-07-11,255.72934092286303,0.16440561,1.094377,0.95240617,2.1355808,1.250001,1.6110464,0.821178,0.5646236,0.4141593,0.79687876
2013-07-12,256.27703411749496,-0.26375178,0.16227987,-0.25064677,-0.11814373,-1.3671143,-0.20711118,0.40738815,0.4524974,0.35692856,0.36553472
2013-07-15,256.1570062359451,0.62463474,-0.027018934,0.028097466,1.0205988,1.5225604,0.074319646,0.3724432,-0.62959266,-0.5724831,-0.46719313
2013-07-16,255.35781335770588,-0.06970295,-0.5240615,0.32373667,0.1430817,-0.09887996,0.65442413,-0.043167405,0.34209996,0.20316789,-0.91738516
2013-07-17,255.63113714257423,0.21256842,0.020401316,-0.10575976,-1.2294933,0.25333545,-0.22625208,0.033182494,0.5062618,0.20123486,0.55599105
2013-07-18,255.4004854492131,1.1097463,0.32845578,0.110268146,-0.7349272,-0.38866377,-2.0018995,-0.5488758,-1.2111287,-0.4164955,0.05433503
2013-07-19,255.63689971285336,-1.4844996,-0.09803559,-1.2289037,-9.576765,-0.39048928,-0.45997345,-0.61481005,0.17242937,-0.08177882,-0.28063878
2013-07-22,255.783434067319,0.16322254,-0.24088028,0.09870117,1.4375601,-0.057383884,-0.62290907,0.15893637,0.47325242,-0.62790215,0.1287729
2013-07-23,256.41298533712603,0.2753342,-0.38602084,-1.3294357,-0.5426118,0.33871657,-0.057949577,2.202567,-0.01502453,-0.3178997,-0.3936417
2013-07-24,256.402628347515,0.51688147,0.06855766,3.3640451,0.27135047,0.58373344,0.3959649,-0.089143746,-0.75340325,-0.5047793,-0.47002205
2013-07-25,256.39284255830023,0.18015572,-0.2194317,-0.44189864,-1.4901683,-0.11968355,0.28053063,0.385091,1.4054233,-0.0021864804,-0.14466386
2013-07-26,256.4935641390396,0.023163892,-0.0033798886,0.27090213,0.50042707,0.2709464,0.4350262,-0.29615793,0.7683348,-0.08181335,-0.3208507
2013-07-29,256.45857154905974,-0.39244473,-0.4136103,0.94215626,-0.2735037,-0.20161295,-0.05695558,-0.44835022,-0.34350556,-0.37446982,-0.72711325
2013-07-30,256.63782019742956,-0.08489426,0.81482065,0.7315375,0.6958618,0.06515447,0.29871675,0.1655721,0.11057456,0.58036715,0.10923576
2013-07-31,256.6035083647679,-0.3387717,-0.19487542,-0.24493273,-0.09893527,-0.4899448,-0.10116928,0.5353504,-0.045650907,0.049394894,-0.23375404
2013-08-01,256.46666442959895,0.23447399,0.71143204,0.5122815,-0.49550197,0.74130875,-0.32411397,0.84954345,0.41867143,0.36140096,0.3985914
2013-08-02,256.4743725781393,-0.23343514,0.70322716,0.7644397,0.47069234,-0.4461674,0.032216836,0.08517066,0.94340855,-0.52502286,-0.44752082
2013-08-05,256.4220186934495,0.09278073,0.27692276,0.9091028,-0.544396,0.3501791,-0.18166296,-0.20528331,-0.42461812,-0.6622956,0.09503426
2013-08-06,256.27980950845773,-1.5227666,-0.23678012,-0.7490859,-0.37239528,0.3674289,-0.2843332,-0.27833357,-0.5385735,0.077318795,-0.4348952
2013-08-07,256.1737858452474,-0.5230902,-0.21412805,-0.16386321,1.1122793,-0.44285497,-0.24007356,-0.2058749,-0.34656715,-0.8025997,-0.4997637
2013-08-08,256.16262928649735,-0.23502466,0.324155,-0.2622202,1.9359055,0.32638443,-0.58609915,-0.08913023,0.7108792,-0.732868,0.38724038
2013-08-09,256.5829739638731,-0.056987558,-0.49599633,-1.1217211,-0.53034115,-0.28096923,0.12586497,0.10051984,-0.13619946,-0.027189706,-0.5507632
2013-08-12,256.48027884809096,0.41475496,0.6756371,1.827278,0.3339531,0.58692116,0.28595564,-0.19118467,0.049756225,-0.13644476,-0.106722265
2013-08-13,256.9398742082977,-0.24764016,-0.050039023,3.1124334,-1.0705703,-0.078654245,-0.28791574,-0.016222673,0.45880178,0.13617052,-0.20891167
2013-08-14,256.83385639406447,-0.32401612,0.13643219,1.1361638,0.21841489,0.5613029,0.10239697,-0.9557205,-0.2785005,-0.08182709,-0.51623535
2013-08-15,257.1362834442702,-0.61914545,-4.5976386,-0.20596316,-1.4512789,-1.7737713,-1.2674378,-0.8641064,-0.087881364,-1.2108141,-1.3928623
2013-08-16,257.6762306327734,-0.17481872,-0.5338299,0.4933761,-0.049996193,-0.7374585,-0.29578432,0.04573101,-0.115156874,0.74677885,-0.7547693
2013-08-19,257.9409484953916,-0.4052218,-0.003411035,0.6244594,-1.1001081,-0.80749375,0.85501224,-0.54043865,-0.47183496,-0.27376267,-0.8160651
2013-08-20,258.2002541753074,0.09667277,0.12351396,-1.0466939,0.50199306,0.21360956,0.5423625,0.37712538,0.17985408,0.22114314,0.109413534
2013-08-21,258.2704874802082,0.086025454,-0.6407434,0.056317076,-0.10011284,0.12925434,-0.8246784,-0.5405581,-0.17695339,-0.109349005,-0.03893876
2013-08-22,258.49347623111123,0.0964036,-0.15749235,-0.03985902,1.8529079,0.12871303,0.19702163,0.46700194,0.30149275,0.21909156,0.5881123
2013-08-23,258.3719671658813,0.06143995,-0.3901063,-0.3931807,5.4863863,-1.3987141,0.40444332,0.28355256,-0.06742085,-0.19109479,-0.013697733
2013-08-26,258.5947519375951,-0.25470275,-0.08111317,0.14818788,-1.4532238,1.1168683,-0.40714052,0.08885315,-0.21722749,-0.5491403,0.25012887
2013-08-27,258.8741048927767,-0.7183391,-0.9178257,-2.1505497,-2.1659026,-1.2552394,-0.19957632,-1.5000757,-0.71968335,-1.1449949,-0.8763153
2013-08-28,258.90132522617546,-0.22261827,-0.082478195,0.20650178,-0.6487917,-0.3339509,0.21994294,0.18354827,0.29091805,-0.39463353,-0.09314375
2013-08-29,259.0095429749401,0.1511266,-0.0034413827,-0.0093172975,1.1854496,0.0057685254,-0.5506657,0.18230823,0.021752177,0.4286006,0.39848974
2013-08-30,258.76135867998164,-0.14869909,-0.37334886,-0.76281846,-0.43001708,0.25963128,-0.20132819,-0.709545,-0.1360884,-0.4500633,-0.37156364
2013-09-03,258.6993416555301,0.57545906,0.44540176,0.07156676,-3.7611856,0.2578874,0.19873112,0.576093,0.24161437,0.20157543,0.03912639
2013-09-04,259.11345539394836,-0.30894244,0.7557128,1.308777,-1.7831836,0.54904693,1.308404,0.9986144,0.28005174,1.3348691,1.2428801
2013-09-05,258.97475195960175,0.33913115,-0.2118427,-0.6042004,0.00061048527,-0.20441712,-0.10474039,0.072888725,0.2907026,0.08173708,-0.39278737
2013-09-06,258.7406563292822,-0.4106792,-0.36958092,0.29181418,-0.27832955,-0.20443703,0.14723471,-0.5324552,0.04671361,-0.5473046,0.04848918
2013-09-09,258.786324701315,0.66348165,0.9596923,0.98315895,1.2100072,1.0606781,0.53272986,0.74992454,0.7702116,0.1377266,0.35720554
2013-09-10,258.85328489288025,0.54265296,0.61350673,-1.7336544,1.7290918,0.1465276,0.14502826,0.7236415,0.43651712,0.97285396,0.8487612
2013-09-11,258.750657577537,1.3798614,0.5565234,-4.0353622,0.7752577,0.24767093,-0.3978562,-0.4942419,-1.4028523,-0.21569899,0.09403066
2013-09-12,258.82255229566204,-0.008072644,-0.23193754,0.6170479,-0.19635485,-0.5497145,-0.42365435,-0.26371482,0.39927024,-0.081909776,-0.84294087
2013-09-13,258.36982614824655,0.4655147,0.07270883,-1.2839459,0.74308324,-0.7588559,1.809608,0.44665447,-0.23392685,-0.1355397,0.019478234
2013-09-16,257.85660545390436,0.30872554,0.14839116,-2.3783114,-0.6268447,0.9667599,-0.12345864,0.1551859,-0.4085391,0.025408551,0.34631723
2013-09-17,258.27408464030555,-0.34911814,-0.028719133,0.67892355,0.23763677,0.50928116,0.7568056,0.3113332,0.80238533,-0.21597211,-0.13295248
2013-09-18,258.2179018657854,0.73384523,1.0752529,1.2977328,0.8556241,1.1416254,0.33521762,0.08154772,0.06345108,0.742813,5.210024
2013-09-19,258.0633940236101,-0.3603604,-0.47748256,1.0123223,0.6802941,-0.03934105,0.008832697,-0.16032377,-0.19922152,-0.39926797,-0.9556077
2013-09-20,259.2369032009654,-1.1485748,-0.2553555,-0.85083693,-2.1030626,0.23815164,-0.31751606,-0.48962316,-0.34465536,-0.5084308,0.380694
2013-09-23,259.3827327003857,0.30945444,-0.612557,3.2690096,-0.19661157,-0.29758346,-0.34134042,-0.16112608,-0.13392183,0.07849255,-0.7299146
2013-09-24,259.46882246923633,-0.36224845,-0.33595946,-0.3429725,-0.7808484,-0.6783585,0.16201192,-0.31969798,-0.39309227,3.6462557,-0.58187807
2013-09-25,259.2915746254051,-0.1874763,0.73549277,-1.2138871,0.07074781,0.38004017,-0.013190396,-0.07485706,0.078628615,0.8613392,0.3970138
2013-09-26,259.6939831867727,0.23619245,-1.7003148,0.5550308,0.5557787,-0.199147,-0.6513978,-0.002834948,-0.0013874113,-0.24970357,0.13629982
2013-09-27,259.70616294364953,-1.1430339,-1.1611468,-0.6241079,1.1249199,-0.13940233,-0.9741694,-0.40710545,-1.0793827,-0.49202174,-0.21543862
2013-09-30,260.9349553789563,-0.61816937,0.26251775,-0.99875915,-0.052555494,-1.3148963,-0.14913584,0.09889567,-0.12162089,-0.2518341,-0.23988427
2013-10-01,260.6856837261556,0.39775577,-0.05694828,1.504563,0.63651544,0.59076947,-0.21747985,0.069422305,0.034121048,-0.2281515,0.4410564
2013-10-02,259.5938458778247,-0.50964373,0.20937152,0.1059149,0.72286,0.2822351,0.12275318,-0.2912124,0.04730884,0.015619313,-1.2005002
2013-10-03,260.03930947874943,-0.40111822,-0.8334734,-1.0077255,-0.21643783,-0.9683643,-0.6742181,-0.14718737,-0.46700174,-0.5226404,-0.8968066
2013-10-04,260.09565823191156,0.06625981,0.02345491,-0.17803486,-0.029135453,0.10387158,0.465962,-0.5104997,0.533726,0.5046041,0.6890817
2013-10-07,260.1173952479617,-0.7515726,-0.35480145,0.5576231,-1.4462291,-0.8369878,0.032013096,-0.19147249,-0.6413233,0.40071702,-1.0283902
2013-10-08,260.5156191269664,-1.1898072,-0.6856641,-1.107323,-0.7707609,-1.0554668,-0.8142564,-1.0021851,-0.6550824,-0.7103751,-1.6448696
2013-10-09,260.5480373931114,0.9108113,-0.38881987,0.6948098,0.067993216,-0.45716703,0.23946801,-0.015222433,-0.5232806,-0.49789894,-0.29434052
2013-10-10,260.4531368455515,1.1939718,1.3884845,0.314557,1.5633863,1.5817556,1.1435953,1.1278398,0.6970934,1.249328,1.957467
2013-10-11,260.3694534850515,0.4642096,0.72078437,0.32882082,0.7891779,0.4718633,0.34428295,0.28669527,0.40123114,0.1794083,1.0730939
2013-10-15,260.1145564526632,-0.81677574,-0.4302071,0.24850819,0.016050547,-1.1648804,-0.14619444,-0.52153105,0.20106758,-0.74686944,-0.9513915
2013-10-16,260.2971274680776,0.6989864,-0.48740575,0.2173352,0.2683802,0.47577152,0.6689439,0.6293528,0.38525006,0.2517162,-0.1571823
2013-10-17,260.29872380542736,-4.2501473,-0.60007006,0.34902015,0.5628928,-0.3876047,0.46544886,-0.2324111,-0.19378123,0.22556041,0.054469116
2013-10-18,260.91010159213886,-0.40433854,0.48595586,0.48395455,0.014630138,-0.017935285,-0.100378804,-0.003413703,-0.28065494,-0.17634062,0.5215981
2013-10-21,260.8975577346267,-0.35835016,-0.08480726,1.5726576,-0.008248665,0.023168411,0.547641,0.30992714,0.16518688,-0.5091524,0.38780415
2013-10-22,261.0711184179966,0.7623684,-0.76799935,-0.3232737,-1.0131912,-0.1828022,-0.164182,-1.1075425,0.018426925,0.3922799,-0.029986149
2013-10-23,261.36175120488747,0.27598995,-1.0851641,0.5598636,-1.9846022,-0.49367645,-0.72927016,-0.8908153,-1.3426975,-1.6917466,-0.2609902
2013-10-24,261.3834135564444,0.72066796,0.30345547,0.79868615,-0.17087719,0.68370634,0.07350279,0.13025157,-0.14907949,0.9341285,1.1820362
2013-10-25,261.6575200440644,-0.36105105,0.24679168,-0.9109341,4.528399,0.08415962,0.97920644,0.42010638,0.81647724,-0.36983237,-0.5889202
2013-10-28,261.68125562220615,0.16442588,0.24571371,0.39763188,-0.43367365,-0.10045728,0.24211273,1.0303899,0.09909068,-0.009899487,0.0028813346
2013-10-29,261.63884650735633,1.6879642,0.76564515,-1.8903719,-0.18860821,1.0782553,0.3254818,1.39547,0.17787184,0.5853889,0.9162837
2013-10-30,261.6011152144929,-0.71561676,-0.3319967,0.9832931,-0.031924106,-0.44352743,-0.056095805,-0.14528072,-0.008221421,-0.39060774,-0.9907641
2013-10-31,261.20302767160405,-0.35323718,-0.41600195,-0.4169978,-0.36779755,-0.14056222,-0.077230506,0.4251974,0.21541852,-0.12971179,0.0020277402
2013-11-01,260.9941355505031,-0.010048963,0.024044745,-0.4815163,0.19241005,-0.019112274,-0.31100237,-0.17252935,0.1874494,-0.46550393,0.30542982
2013-11-04,261.1335028240877,0.35457724,0.02404978,0.776603,0.8354029,0.28326875,-0.16303842,-0.14486618,-0.29687533,0.0381994,0.7357543
2013-11-05,261.1415757066494,-0.88551813,1.3325392,-0.29589078,1.456688,-0.50364125,-0.024469601,-0.21444088,-0.4497024,-0.034039572,-0.8017025
2013-11-06,261.30919425845013,0.80921924,0.5607262,-0.32150254,3.1965334,1.0649285,0.45862502,0.24349478,0.39908433,0.27613175,-0.03318722
2013-11-07,261.3790976206334,0.27274555,-0.4599956,-1.2657862,-1.5053728,-0.219477,-0.42143708,-0.7711663,-1.8482571,-1.4346474,-2.076596
2013-11-08,261.3280873007367,-0.020653892,1.0650687,0.9717965,0.51478124,0.615088,0.050837964,0.37059256,0.1631691,0.8645565,1.7637047
2013-11-12,261.33857026929786,0.049676254,0.7356387,0.006718792,-0.5644701,0.5685334,0.5408389,-0.00577523,0.5155826,-0.46671864,-0.06839609
2013-11-13,261.36066633944534,0.15115589,0.7010433,-0.039275263,1.6078602,0.50431985,0.34566963,0.65791434,0.9201219,-0.009635108,1.2791308
2013-11-14,261.30001209899626,-0.48784068,-7.23035,0.8832241,-0.3687319,-1.2925674,-0.45809463,0.23966537,0.6877766,-0.34808478,-0.54035187
2013-11-15,261.53437471659294,0.3275988,0.49016836,-0.54456073,-0.45401585,0.9781993,0.2617308,-0.1989248,0.5235,-0.17915183,0.05908968
2013-11-18,261.6118635736546,0.43034533,-0.7311376,-0.97673124,-1.4333743,-0.06050079,0.15502274,-0.24034414,-0.22656482,-1.5160682,-0.94249165
2013-11-19,261.3466805872001,0.25400957,0.37559167,0.001396003,-0.46514687,-0.4109504,0.19652055,-0.4890876,-0.14445534,-0.13265873,-1.0404248
2013-11-20,261.54897674183496,-0.037795942,-0.55875,-0.7389999,0.65590036,-0.09942375,-0.30841926,-0.394531,-0.5982077,-0.05671161,0.052955624
2013-11-21,261.5778043969024,-0.38569197,0.6969916,0.70774513,0.60669106,0.29028082,1.3811836,0.6155093,0.3536789,1.0173299,0.18360665
2013-11-22,261.39695586232403,-1.0121195,-0.032527376,-0.30315888,0.28400362,-0.29387173,-2.885712,0.18464272,0.7074118,-0.13139464,0.062246367
2013-11-25,261.4486738720109,-0.85871416,-0.5575324,0.4063636,0.07137421,-0.17742555,-0.27500156,-0.21258007,-0.37582263,-0.03265215,0.45092142
2013-11-26,261.55979960216024,-0.60482186,-0.17955057,1.1578892,-0.69176036,0.21226813,-0.23249234,0.115755074,0.6432586,0.53020483,-0.40411633
2013-11-27,261.53797633870084,0.5816614,0.17246531,1.5080466,0.45384583,0.6162743,0.5312233,-0.33570692,0.08056622,-0.49738353,0.09306577
2013-11-29,262.6812010515476,0.2377104,-0.062390484,1.163871,1.0374156,-0.08019112,-0.14438522,0.56596106,-0.068556964,-0.20491172,-0.27508494
2013-12-02,262.9534094305616,-0.8072473,-0.47656938,-0.73530626,0.5884017,-0.4870163,-0.31941843,-0.3481398,-0.16777128,-0.55200154,-0.1559053
2013-12-03,262.5953108890671,-0.5249759,0.4982823,1.7708212,-0.36757648,-0.09959262,-0.34313247,-0.048544746,-0.16174401,-0.05721027,-0.52615935
2013-12-04,262.61338987329736,-0.14060943,-0.03300426,-0.28604788,1.2216805,-0.080176234,0.40238184,-0.6508999,-0.16188303,-1.3692949,-0.5177053
2013-12-05,263.0288367121037,0.10777074,-1.0132092,0.23659326,-2.0237868,-0.5092062,1.1087664,0.2262796,-0.049792644,-0.3648021,-1.2559879
2013-12-06,262.82720336160264,0.56071246,1.0936183,-1.1020886,0.67377865,1.1404073,1.1686064,1.0357887,0.2478723,0.76061666,0.48998916
2013-12-09,262.82082033998955,-0.09232358,-0.18019196,0.67552453,0.64608794,0.14981098,0.2150543,0.031252444,-0.32265252,-0.08208454,-0.31184042
2013-12-10,263.006958240419,-0.13945422,-0.033122774,-0.23141159,-1.3215715,-1.6294353,-0.24336474,-0.3177534,-0.074742675,-0.082093455,-0.2678498
2013-12-11,263.2624526073487,-0.7158239,-0.9858511,-0.64375234,-1.1295979,-0.5523304,-0.85626423,-0.90274006,-0.3114019,-0.0821049,-0.8977255
2013-12-12,263.44754799510537,-0.69007874,-1.1241558,-0.22477148,-0.9080219,-2.00256,0.09168275,-0.62435186,-0.25610027,-0.3610189,-0.873354
2013-12-13,262.9957557240781,-0.22775465,-0.8330051,-0.8908183,-1.2196827,-0.83499604,-0.3967931,-0.74023867,-0.17506573,-0.13301603,7.284836
2013-12-16,263.1563091910517,1.832854,1.3430859,0.26484758,0.35572687,0.5528699,0.3260294,0.382089,0.05078147,-0.18414263,-2.6053567
2013-12-17,263.42129293376985,-0.774884,0.7194588,-0.43872717,-0.88068706,0.10246569,0.42894477,0.1036555,0.0004125153,0.27383265,-1.0167246
2013-12-18,264.21564218449936,1.0486094,0.23606808,-0.6572992,0.053135924,1.8630738,1.0050894,0.8269377,0.08129763,0.49590108,1.3184922
2013-12-19,264.3324460993671,0.52767634,0.20544395,-0.93015736,-0.8003246,3.7613966,-0.03512779,-0.96480745,-0.55040556,-0.4581975,-1.0957061
2013-12-20,263.83405280132973,-0.0872002,0.17475025,0.46271557,1.1225923,-0.5109446,-0.17957851,0.43144208,0.22017835,0.691697,1.0559803
2013-12-23,263.88208304875695,0.76706123,1.289715,2.5187557,-0.4684579,0.963169,0.5205031,0.61594945,-0.12474401,0.7020965,0.08445745
2013-12-24,263.92175575186843,0.3317237,0.3445338,-0.42046484,0.9174024,0.63711846,0.21021135,0.0047920486,0.04407384,-0.37450567,-0.07191393
2013-12-26,264.0809412978815,0.72582686,0.3139777,-0.5893709,0.69253206,0.5936567,0.5328612,0.12553906,0.19282,0.039912842,-0.082338706
2013-12-27,264.3063797827843,-0.109305866,0.6272459,-0.59745854,-0.39789388,0.44343907,-0.21656737,0.017718501,0.11714046,-0.106525175,-0.20704737
2013-12-30,264.3821840323407,0.44367966,0.649372,-0.82296705,-0.07782435,-0.062541775,0.4890718,0.21784294,-0.2231862,0.063913375,-0.09269555
2013-12-31,264.1543094869735,0.38226312,0.50236386,0.69515884,0.17844155,0.403507,0.20557128,-0.07622292,0.33841813,0.377163,0.20762733
2014-01-02,264.34092778558227,-0.71739334,-0.74200106,-1.1153287,-0.6124355,-0.83521134,-0.354967,-1.1788933,-0.6553565,-0.39583838,-0.747169
2014-01-03,264.01261807005994,0.36688167,-0.060758658,-1.6796718,-0.61577034,-0.26184678,-0.03456073,0.16772531,-0.34901857,-0.17918263,-0.27003285
2014-01-06,264.4471894085051,-0.23606323,0.08206423,0.25935492,-1.7808751,-0.353756,-0.6617876,-0.57817185,-0.19986446,-0.6195342,-1.2323091
2014-01-07,264.5052000250415,1.2513901,0.84745014,-0.6253262,0.53767514,0.6095518,0.24933152,-0.40392947,0.25632742,0.11402717,0.76468694
2014-01-08,264.3784933729155,-0.6069199,-0.060024355,0.32066947,-1.5140406,-0.3158242,-0.33954787,0.7133653,0.19206412,0.04003005,-0.20781106
2014-01-09,264.31786067723203,-0.21745303,-0.57004064,-1.0233271,-0.59222156,-0.20751867,-0.25961605,-0.40119493,0.061114687,-0.13097568,0.06504193
2014-01-10,264.3581768264998,-0.05682564,0.36506802,-0.59156173,1.0584621,0.7497871,0.43393072,-0.021666558,-0.105597846,0.0884928,0.32490793
2014-01-13,264.5261136484602,-1.0866233,-0.08864553,0.24420336,-2.4582376,-0.72977114,-0.075492494,-1.2826145,-0.4836772,-0.44865203,-1.1092694
2014-01-14,264.68602449733,0.59457815,0.6169082,1.2597324,1.725244,0.7480807,1.9981943,1.4151924,0.024774082,0.67167145,1.7089134
2014-01-15,264.731974037116,0.6093205,1.0265355,1.2720917,2.0767632,0.27660006,0.2971618,0.17990854,0.60922813,0.6348256,1.1955383
2014-01-16,264.5231368337747,0.33199802,-0.003691884,-0.5144287,0.20361313,-0.29457122,-0.2677643,-0.31845546,0.047353894,-0.7992789,-0.18450797
2014-01-17,264.63959738133104,0.43479636,-0.11421589,-1.8615506,-1.1879997,-0.22368863,-1.3796314,0.01829136,-0.07482291,-0.27542382,-0.39613804
2014-01-21,264.7260526152201,-0.57826024,0.24479198,0.9591892,-0.5396142,-0.25989977,-0.53845274,0.4468456,0.36207607,0.06286912,-0.66141564
2014-01-22,264.59140415423576,-2.1549733,0.023842867,0.18897052,-0.6087531,-0.31434637,-0.58468235,0.91608983,0.11191629,0.038304914,0.79500663
2014-01-23,264.62242063548626,0.15310924,-0.77947205,0.46936786,0.21009593,0.22494753,-0.3844324,-0.7758029,-0.026832273,-0.39614922,-1.0331308
2014-01-24,264.9984612220957,-1.1093907,-1.0165714,-1.4082894,1.5636436,-1.9728539,-0.6787467,-1.6234748,-1.1687633,-0.963717,-1.9839507
2014-01-27,265.04040760913784,-0.63976413,-0.57363015,0.44474477,-1.7861614,-1.2342095,-0.20301098,-0.5137316,-0.6253918,-1.2104205,-0.9048256
2014-01-28,265.20322359970606,-0.39503354,-0.7237321,-5.963109,0.45138657,1.0547293,0.36118233,0.2664638,-0.84030855,-0.006053127,0.657443
2014-01-29,265.0163914669504,-0.17888533,-0.29392222,-0.922478,0.77488244,-0.3209781,-0.47455105,-0.365149,-0.6349033,-0.13294871,-0.81965256
2014-01-30,265.0673065790827,0.33268464,0.94894886,-0.25779548,0.35585135,0.7110842,0.111119516,0.30957723,1.2698456,0.0445965,0.84405446
2014-01-31,264.80848727898945,-0.2619584,-0.20442022,-0.006965795,2.0145247,-1.0016835,-0.43524894,-0.48859215,0.51231354,0.018974701,-0.34329408
2014-02-03,264.8348582858033,-1.4028249,-1.0463501,0.0082699135,-2.9969175,-2.0753677,-1.2756919,-1.3455489,-0.63682723,-0.2340114,-1.296602
2014-02-04,265.16834239006795,-0.037649512,0.722883,0.8859593,-0.36281478,0.14817178,-0.29674932,-0.95680445,-0.58703977,-0.031521805,1.581431
2014-02-05,265.3663602874822,0.50207335,0.5145374,0.40001932,-1.2496846,-0.09974528,-0.1797421,0.024888908,-0.16893184,0.19528487,1.1809798
2014-02-06,265.5861283446889,0.4934626,1.443033,0.2858069,0.71936774,1.3716443,1.0103056,0.28108993,0.46344742,0.31816372,0.21057272
2014-02-07,265.6788015484794,0.9250881,0.49916172,0.8524307,0.7550742,0.79097354,0.45808974,0.9249556,0.6410319,0.24030276,1.404402
2014-02-10,265.7108264546914,-0.054962933,0.43998468,1.1233172,0.4435944,0.121687576,0.15603296,0.48038802,0.09020436,0.090424106,0.7476386
2014-02-11,265.8941692658525,0.90495926,-0.33650193,0.7961284,0.71965,0.9047845,0.367585,0.9663136,0.48275203,1.2025058,0.05037288
2014-02-12,266.25543511949587,0.17745417,0.38459158,-0.1267297,0.56269723,0.33486596,0.1540997,0.14108439,0.39835814,0.22694728,0.9914097
2014-02-13,266.4078892521855,0.5516907,-1.6293683,0.98287374,0.21890754,0.5472042,0.30052665,0.5033819,-0.06895476,2.1335478,1.6517376
2014-02-14,266.5698860615308,0.63410336,0.81458193,-0.17807274,-0.057381283,-0.87162817,0.11058098,0.071099296,-0.17631309,0.34507513,1.0590671
2014-02-18,266.9182742860063,-0.18934515,-0.42628032,0.13588622,0.091994405,-0.09908529,-0.015176003,0.110733725,-0.48858857,-0.32909566,0.15618946
2014-02-19,267.0703315657497,-0.09860682,-0.3723879,-1.2362384,0.11287496,-0.26215437,-0.5619997,-0.1964767,0.021384185,-0.3079074,-0.7437796
2014-02-20,267.1534626411651,0.44273424,0.05297366,-0.9368859,0.42990586,0.6408519,0.48970282,0.27005583,0.027146613,0.4571599,0.312308
2014-02-21,267.1961513475355,-0.5278702,-0.48883587,-0.9038488,0.40560865,-0.38688993,-0.6895869,-0.15610313,-0.28513488,0.16265646,-0.3706548
2014-02-24,267.3253562251589,0.21649106,-0.032531645,0.1849579,-0.6900946,-0.008920428,0.42821896,0.3079875,-0.1894014,-0.14895634,0.36516762
2014-02-25,267.604591796397,-0.091225855,-0.81215733,-0.8537521,-0.39688542,0.11690917,-0.036372166,-0.06326223,-0.39573526,-0.19361083,-0.8252428
2014-02-26,267.7449577794185,0.2752685,0.25712228,-0.75572395,-0.22776763,0.36678985,0.3618822,0.12131523,0.0041166325,0.095610775,-0.30807897
2014-02-27,267.4522339249917,0.4055185,-0.03283765,1.262534,0.7468641,0.7176549,-0.09891185,0.10735816,0.0039608325,-0.28258342,1.7622693
2014-02-28,268.72545728745973,-0.04853888,-0.3533828,-0.31052744,0.8623205,0.20090988,-0.015619334,0.14626732,-0.020388328,-0.19391985,-1.292694
2014-03-03,268.8111462006751,-0.32938573,-0.6792745,0.08120783,-1.1892989,-1.1453978,-0.56219727,-0.5890446,-0.8832489,-0.64457047,-0.83598566
2014-03-04,269.1885744964108,0.73959607,0.73039407,0.3392314,1.2380309,1.5093416,0.21619366,0.8011921,1.4261497,0.21080899,0.5412119
2014-03-05,269.5228209402879,0.22642353,0.14195752,0.026894912,-0.70387846,0.07580811,-0.24771348,-0.19390565,0.25261047,0.6526572,0.13790046
2014-03-06,269.6403903217455,0.15732913,-0.15014471,-0.33205375,0.004092065,-0.15109035,0.2580874,0.55833286,0.11451974,0.3787694,-0.11556831
2014-03-07,270.08575583246244,0.0003068003,-0.268216,-0.16092089,-0.602847,-1.190196,0.005067942,0.12907784,-0.20504692,0.4814935,-0.49568024
2014-03-10,269.94458661838803,-0.4550242,-0.121775046,-0.056973875,-0.2477343,-0.028100558,0.40250278,-0.0640553,0.08466823,-0.6464132,-0.5709789
2014-03-11,270.0824175413606,0.11364221,-0.24021786,0.55696887,0.34019777,-0.010522876,-0.24563898,-0.3472479,-0.2937784,-0.6318424,-0.65696216
2014-03-12,270.4075751715697,-0.19859226,0.61433834,-0.05230045,0.4417601,-0.7577791,0.04671777,0.88298124,0.07302676,0.7496557,0.40828604
2014-03-13,270.97041971440706,-0.815499,-0.89101,-0.89922833,-0.8731015,-1.6559545,-0.41473785,-1.9479736,-0.87923723,-1.4704401,-1.0352026
2014-03-14,270.9031511295214,-0.603992,-0.51210564,-0.90817493,-0.4794108,-0.17300482,-0.16374986,-0.98798263,-0.6189893,-0.4423591,-0.031308223
2014-03-17,270.96537472987825,1.2393998,0.47404483,0.15241218,0.6548138,1.0457779,0.40451568,1.1743436,1.2852354,0.50077283,0.7673578
2014-03-19,271.001423354427,-0.7366059,-0.0042015533,-0.13819766,-0.64458454,-0.59801,0.3990846,0.065897964,-0.45803666,0.1352552,-0.94625723
2014-03-20,270.7864119641109,1.0830576,0.585056,-0.45695758,2.0382547,-0.40396175,0.8249437,1.7341117,0.6763706,1.4532104,0.65271163
2014-03-21,270.65286296040813,-0.4335412,-0.5636265,0.4285972,-0.41570255,-1.6619325,-0.54784775,0.16083716,-0.028479619,-0.12436312,-1.3716806
2014-03-24,271.7531135238231,0.526706,-0.21222156,0.70245534,0.5895011,1.1572857,-0.119202,-0.8205292,-0.34315208,-0.22942945,-1.9169326
2014-03-25,271.6019933875022,2.2550266,2.2464275,0.6264615,-0.39429027,0.31458852,0.6791433,0.062060792,0.39605674,0.4606865,0.40775442
2014-03-26,271.68217447921563,-0.8117697,-0.061792605,-0.7891187,-1.1701097,1.1284678,-0.17911153,-0.47032523,-0.22569467,-1.1333184,-1.9634132
2014-03-27,271.47619267255243,-0.9465779,-0.8722256,-0.41996843,-0.9430926,0.20018783,-0.15914714,-0.48552305,0.34664664,-0.4458692,0.4768878
2014-03-28,271.42875748070696,0.19590145,0.89235413,-0.19748113,1.795198,0.49579886,0.61351764,0.6230183,0.05120731,0.9565216,0.20325719
2014-03-31,272.1954909242868,0.6692797,0.25422427,-0.13486041,1.2670048,2.2142024,0.36569178,0.5650636,-0.32215548,0.41690233,0.68522006
2014-04-01,272.20635976882636,0.6522018,2.463156,0.5150726,0.74800944,0.88891804,0.34296998,0.37176055,0.6280591,0.32920647,0.046568714
2014-04-02,271.5996837631175,-0.3260874,-0.31055704,-0.0037686185,-0.2142451,-0.68217456,-0.21573725,0.02183197,-0.058134113,0.26450753,-0.55864304
2014-04-03,271.7538106160405,-0.29767594,0.2743215,-0.60420793,-0.73555636,-1.3671681,1.0122999,-0.0031244494,0.15107629,0.019002983,-3.0772848
2014-04-04,271.75849750294356,-0.31895527,-1.0695461,-1.0271183,-2.3184617,-0.5454322,-0.50831586,-1.7850801,-1.2350185,-1.2961771,-1.2676795
2014-04-07,271.8886595306143,0.8985319,0.3903833,-1.2223123,-0.21948327,-0.966472,0.63201743,-0.20462792,-0.3419881,-0.5440891,-1.0001721
2014-04-08,271.92771205841944,-0.41851127,0.24818368,-0.123368084,-0.040060923,1.2503469,0.7972529,0.5703465,0.3881612,-0.46397582,1.2390753
2014-04-09,272.0145158523227,1.0869993,0.49778938,0.7905562,1.205132,1.0062139,0.11797863,0.5006747,0.51429623,0.21444482,1.4938959
2014-04-10,271.95175668053935,-0.32579398,-1.32346,-1.0240442,-2.2876225,-1.9444561,-1.081664,-2.2669532,-1.1507735,-2.029014,-2.0921452
2014-04-11,272.0988020715856,-0.17296764,-0.54558796,-0.6362808,-0.3830029,-1.499265,-0.50795627,-0.80763096,-0.11574587,-0.016182357,-1.1410326
2014-04-14,272.11548737730834,0.82777077,1.1019019,0.15773885,-0.14070606,0.9540716,0.72885716,0.3549113,0.5726383,-0.30406657,0.7744362
2014-04-15,272.35477857134106,-0.25555688,0.10815155,-0.61756194,1.0656577,0.19664565,0.39080986,0.54547185,0.11966774,-0.4393821,0.5914641
2014-04-16,272.10126486429465,-0.21424827,0.38747725,0.021746557,1.2071921,0.6090353,0.29177722,-0.8685002,0.3119012,0.051649526,0.7905282
2014-04-17,272.08812767661686,-2.1291752,0.49591583,0.6722232,-0.84981996,-0.16745149,0.19439708,0.7145758,0.56067383,0.07350382,0.84495544
2014-04-21,272.1143280924696,0.7441009,0.5195763,0.70264804,-0.2189859,0.19315848,-0.18882747,0.2698996,-0.2992688,0.24984805,0.11896409
2014-04-22,272.0366274599628,-0.052511692,0.32431608,-0.049850438,0.019322025,0.2942996,-0.22795534,0.5217735,-0.26084608,0.40033337,0.040906217
2014-04-23,272.1749704444299,-0.15252876,-0.059002947,-1.0358111,-0.6775451,-1.2325599,-0.19014814,-0.2549127,-0.024505308,-0.32325912,-0.2194663
2014-04-24,272.3414325767784,-0.5183658,-0.47115263,5.3681297,0.25901976,-0.15083994,-0.016474249,2.412246,-1.7083669,0.17995435,-1.2714111
2014-04-25,272.5359483749015,-0.21113312,-0.92084444,0.39036673,0.019315563,-0.6037471,-0.9724969,-2.7453403,-0.23275281,-1.7503154,-1.7340868
2014-04-28,272.8269057964199,1.1611155,0.051589426,2.5249093,1.8037634,1.0964605,0.121053085,-0.8522539,0.17599241,0.030662853,-1.3632965
2014-04-29,272.915811784888,0.6370415,0.3860926,-0.3253871,-0.7812556,-0.115919515,0.27711007,0.7752235,0.19186375,0.81243336,0.38934782
2014-04-30,273.2361789672673,0.43229893,-0.14376198,-0.38223538,-0.2955528,1.2290331,0.39165688,-0.95529085,0.028963093,-0.104742065,0.6568884
2014-05-01,273.39257958648705,-0.976536,-0.28406644,0.04480539,-0.86799866,0.06998713,-0.48362187,-0.3768773,0.08045694,-0.48306215,0.7658127
2014-05-02,273.1443413963368,-0.70676506,-0.20077248,0.010336405,-0.6964224,-0.35122156,-0.09490091,0.6248513,-0.080817215,0.095898636,-1.1614219
2014-05-05,273.3612344563886,-0.072196744,0.05175912,0.85743445,-0.6005504,0.590645,-0.046347786,-0.1674802,0.24573079,-0.06034117,-0.25311878
2014-05-06,273.69463228146026,-0.42460623,-0.6826259,-0.87990445,-0.82624763,-0.41681236,0.042447977,-0.53157896,-0.2237275,-0.32800427,-2.1824841
2014-05-07,273.8256588066736,0.11324987,0.4202853,-0.3620394,0.64540726,0.0024083706,0.31741887,0.17040244,-0.06934452,0.20720397,-0.9818331
2014-05-08,273.506923406401,-0.14391214,0.41723517,-0.24268709,0.36026943,-0.40122816,-0.07554946,0.59402347,0.016385151,0.64443386,0.34185553
2014-05-09,273.5736177032254,0.38299847,-0.0044721286,-0.40876126,-0.28017354,0.20447776,-0.095313855,-0.43733633,-0.08081443,-0.104462534,0.40066534
2014-05-12,273.5878261457038,0.8205037,0.4702439,0.74108845,0.7757028,1.4298,0.120606735,1.3256688,0.18686505,0.26560494,1.0117594
2014-05-13,273.71489136185215,-0.13819802,-0.92949015,-0.0097005665,1.361648,-0.18022636,0.13979469,-1.119675,0.14573601,-0.8700909,-0.019777743
2014-05-14,273.6947861234665,-1.1773852,-0.14580679,-0.105744876,-0.43338037,-0.09798295,-0.25181624,-0.7734843,-0.05821876,-0.43737632,-0.06068456
2014-05-15,273.62718969217195,-0.78259873,3.7589633,-0.7119801,-1.3489469,0.0006165933,-0.6487775,-1.0313566,-0.4379832,-0.66559505,-0.8280633
2014-05-16,273.42873485041275,0.19348663,0.5002995,0.8995658,0.37825316,-0.47714484,-0.39569005,0.041762438,-0.2862046,3.2172732,1.3333067
2014-05-19,273.5028578711517,-0.03248389,-0.05740837,0.6999224,-0.23938474,0.691031,0.42182624,0.70682335,0.1416329,-0.27097717,0.42851362
2014-05-20,273.5662293925865,-0.7378488,-0.6167475,-0.104839414,-0.21973586,-1.069352,-0.01675369,0.05265176,-0.05237639,-0.39997348,-0.62220824
2014-05-21,273.62442805327834,0.5048848,0.95143294,0.064931124,1.2447265,0.11712306,0.29982752,-0.16760999,-0.18897401,0.19256544,0.62653005
2014-05-22,273.539560569884,-0.25608954,-0.26851082,-0.0087378835,-0.57216245,-0.34664184,-0.115495354,0.54175055,-0.14355737,-0.31537622,0.5389654
2014-05-23,273.71935869337426,0.077612184,0.36505786,0.66174453,-0.040814903,0.95618325,0.25919527,0.051040333,0.1014462,0.23442177,0.98618746
2014-05-27,273.7115534088816,-0.4122253,0.49366906,1.1702052,0.05765604,-0.47507483,0.8023322,0.037909098,0.24771993,1.0392933,0.7767524
2014-05-28,273.2837444567241,-0.60332835,0.2818896,-0.29904568,-0.43563417,-0.64292973,0.31129393,0.050321907,-0.21648994,-0.16471025,-0.5230453
2014-05-29,273.2428906810253,0.22504899,-0.36902457,1.136666,0.5702253,0.9551046,0.1369527,0.16415188,-0.09781678,-0.62029505,0.44847783
2014-05-30,273.3115802932728,0.19649836,-0.16132699,-0.3796483,1.0888499,-0.37616333,0.6690122,0.31437588,0.0662012,-0.27034885,-1.0003207
2014-06-02,273.2139767666241,0.44773164,0.41300666,-0.5983309,-0.37088177,-0.16363463,-0.13034879,-0.077310346,0.17386502,0.601773,-0.036201525
2014-06-03,273.32208930171873,-0.46844143,-0.26511556,0.85744625,-1.0567887,-0.34477612,0.7363012,-0.08987648,-0.12599562,1.7291278,-0.66199493
2014-06-04,273.4357490463077,0.036560528,-0.47652707,0.67044044,-0.021296373,-0.26313463,-0.1289756,-0.26636055,-0.3527642,0.19235891,-0.054768894
2014-06-05,273.57308533420894,0.49564898,0.52003586,0.15345204,1.6476333,0.57631,0.0954889,0.60061926,-0.22878149,0.3458095,1.1109648
2014-06-06,273.62691491928365,0.12204154,0.33422074,-0.30993956,0.43646875,0.78056395,0.9275361,0.03481538,0.32778445,-0.005199329,1.2162234
2014-06-09,273.7865707743331,-0.063406706,-0.082517155,0.9840572,-0.4818043,0.03149456,-0.49603003,0.3816354,-0.32439402,0.091047615,-0.11340769
2014-06-10,273.7048656953538,-0.6782989,0.513858,0.2879571,-0.38755614,-0.14616431,0.59072936,0.021226026,-0.5202527,-0.12114973,-0.1041979
2014-06-11,273.78578476290795,-0.7238584,0.098722,-0.4065595,-0.5628173,-0.24327467,-0.58726746,0.057969112,-0.06359075,-0.08262182,0.32894927
2014-06-12,273.8126253090627,-0.3744026,-0.991688,-1.2901131,-0.6241881,-0.9942742,0.038669523,-0.028378963,-0.0063599376,-0.35332152,-0.9639115
2014-06-13,273.8692913238061,0.4593563,0.100136206,-0.88273054,1.1764721,0.14775689,3.3981822,0.14321554,-0.21263495,1.1031628,0.10960567
2014-06-16,273.9841013753025,-0.085393034,-0.45055422,0.57780993,0.4358214,-0.06521989,0.2247807,-0.33536735,-0.3455856,-0.12033027,0.60517764
2014-06-17,274.01689861418805,-0.043390922,-0.08358357,-0.20887078,0.26186982,0.19570516,-0.12027962,0.06980078,0.21265139,0.18076971,-0.20509756
2014-06-18,274.1041951010237,0.4567548,0.33734933,-0.04306762,-0.13728757,0.7115775,-0.051394578,-0.57025975,-0.06359884,-0.30832902,4.748829
2014-06-19,274.17546294018956,-0.28403276,0.20501442,-0.35971916,-0.34641755,-0.5660782,0.25860417,-0.040452354,0.23909569,0.08672644,-0.24192147
2014-06-20,274.9034995932186,-0.45724347,0.30903965,-0.8384356,0.24203865,-2.8750443,0.17143993,-0.052839387,-0.018250404,0.45812804,-0.4199691
2014-06-23,275.5519843647966,0.1962635,-0.34515157,-0.17863496,0.5032073,0.3888735,0.034078468,0.083000176,-0.32577294,0.19419329,0.10654007
2014-06-24,275.5735047395482,-0.45505545,-0.45263773,-0.5379966,-0.5320027,-0.65325177,0.4419342,-0.54806846,-0.45363054,-0.37812868,-0.56400913
2014-06-25,275.60450734243153,-0.06775518,0.4957408,-0.05642862,0.44594398,-0.59001714,0.62214935,0.3188581,-0.5031519,-0.3615648,-0.07974471
2014-06-26,275.636798087392,-0.13513564,-0.18866633,0.29455575,-0.6635426,-0.6108523,-0.18468995,-0.39937383,0.3357806,-0.4009701,0.2172496
2014-06-27,275.6778222381293,0.4620531,0.12674761,0.69934297,0.91352755,0.5666482,0.23378387,-0.12720518,0.045762967,-0.12031899,-0.8545809
2014-06-30,276.1781545903447,-0.16595696,0.38852003,0.5925502,-1.1110234,-0.08157425,-0.06742714,-0.052667014,0.03963684,0.19832167,0.17664145
2014-07-01,276.04129455077015,1.7559732,0.59353495,0.3199272,0.23951422,0.3245334,0.11618413,0.7728437,0.22175008,0.12220837,0.4203349
2014-07-02,275.7746974084936,0.68498415,0.35922348,-0.14722697,-0.024103891,0.22156918,-0.017245535,-0.06549653,0.16889417,0.15826467,-0.3422204
2014-07-03,276.00319715216364,0.036449544,0.40900543,0.28800768,-0.2685569,0.57047385,0.24862538,0.4457879,0.38082808,-0.0458025,0.55149114
2014-07-07,276.02296823859604,-0.17742306,0.09828023,1.2940373,0.27624393,-0.6344862,-0.19998193,-0.12633845,-0.17613433,0.19331597,-0.8804196
2014-07-08,275.77729302974166,-0.29052684,-0.41760775,-0.5658842,-0.47522718,-0.63917184,-0.41812417,-0.17486699,-0.17633177,-0.48830143,-1.4511048
2014-07-09,275.7883875061775,0.39734095,0.94607806,-0.088598296,-0.28809485,-0.5923772,0.15016139,0.429923,-0.013321226,0.8878175,0.24077158
2014-07-10,275.9039536186333,-0.25584233,-0.0047505316,-0.37170354,-0.042784177,0.020863943,0.597438,-0.42799452,-0.27216145,-0.8130816,-0.018828204
2014-07-11,276.01327727838174,0.09104394,0.19908886,0.013267386,0.6707344,-0.4065385,-0.03381964,0.26016432,-0.55134666,-0.11959539,0.34872702
2014-07-14,276.01619863246685,0.61840624,-0.20862092,0.76962006,0.012850446,0.532796,0.37764993,-0.5370281,-0.12642321,0.30257425,0.39575765
2014-07-15,275.8231297855662,-0.47413513,0.5793939,-0.9325503,0.49640805,0.0033314044,0.34219614,-0.40605667,-0.12648372,-0.3944239,-0.63178086
2014-07-16,275.59621356646136,1.2882465,0.7739059,-0.5107935,2.887222,-0.55852187,4.561107,0.38349727,0.021906504,-0.15640858,-0.0541213
2014-07-17,275.67988894176165,0.032025535,-0.8846996,-1.3622377,0.71930444,-0.68247294,-1.452623,-1.1883245,-0.94948804,-0.23047414,-0.98011893
2014-07-18,275.8483833108122,-0.007783449,0.7004819,0.87068206,0.20175913,0.073425554,-0.017261779,0.72985274,0.65657675,0.34060943,0.8628056
2014-07-21,275.6265227064766,-0.56157553,-0.1550921,-0.47764668,0.18338385,-0.06441475,0.5314425,0.33369255,0.07895302,-0.24788308,-0.6344809
2014-07-22,275.5732139497731,1.0651305,0.24570435,0.4544366,-0.09806324,0.6371247,1.0778304,-0.15028542,0.9662921,-0.80613244,0.12575877
2014-07-23,275.51695675825914,-0.16293184,-0.68295896,1.6636856,-0.010237053,-0.28618914,-0.44944465,-1.211079,-0.04189095,-1.2589886,-0.31903952
2014-07-24,275.69576661210016,0.5182717,0.37315434,-0.2316403,-0.90969485,0.19103006,-0.39274588,-0.50979376,-3.2049716,-0.35288513,0.51634586
2014-07-25,275.6493553720757,-0.28685588,0.34592754,0.337112,0.096658975,-0.32004744,-0.017218217,-1.392909,-0.122526035,-1.1215736,-0.28350967
2014-07-28,275.9026072748358,0.44114223,-0.12984185,0.8315272,-1.0234679,0.29270408,-0.047430523,0.5778208,-0.24203831,0.17441079,-0.062817894
2014-07-29,276.0095619559271,-0.40737793,-0.53300476,-0.56571555,-0.22382325,0.05401795,-0.077656694,-0.44409084,-0.3929193,-0.4193088,-0.49608567
2014-07-30,275.8695888587393,-0.1986833,-0.20703556,-0.2794019,-0.6384166,0.47495666,0.22375987,0.4906555,0.3568117,0.095811136,-0.45562312
2014-07-31,275.6682966940751,-0.7836959,-1.025193,-1.9387243,-0.84315115,-1.0459356,-0.7133437,-1.3335019,-1.4866015,-0.7210866,-2.4381526
2014-08-01,275.6227679210895,-0.85737956,-0.59879094,0.2648036,-0.62986344,-1.423597,-0.2462399,-0.10279386,-0.8066331,0.17779906,-0.4075695
2014-08-04,275.7841559120554,0.15428309,0.43508145,-0.50721115,0.850684,0.7643701,0.4549455,0.10218247,0.36100793,-0.0029133114,-0.2829613
2014-08-05,275.8550188919168,-0.8731863,-0.52256095,-0.45838234,-0.60860646,-0.3221764,-1.5744791,-0.60366786,-0.39772388,-0.6648514,0.048302215
2014-08-06,275.91203561448776,-0.021387486,-0.10883425,-0.23397806,-0.7041151,0.26187858,0.029897284,0.14181328,0.006434382,0.53920484,-0.7954529
2014-08-07,276.4646187632633,-0.5875269,-0.18760307,-0.1245746,0.8151394,-0.9256167,-0.2851877,-0.7363806,-0.33038414,-1.0085943,-0.49204984
2014-08-08,276.4428538265765,0.79223037,0.43816522,0.07244773,-0.13514596,0.3848303,-0.14387791,0.7618053,0.7806654,0.20120746,0.3755827
2014-08-11,276.28176188598997,0.27614978,0.51238763,0.78805566,-0.08057709,-0.11603472,0.643389,0.12740697,0.438055,0.4395874,0.38945642
2014-08-12,276.3840983082103,-0.055227168,-0.21124846,-0.13172139,0.4994532,-0.11604462,0.15427172,0.1266704,-0.44029334,-0.44367558,-0.2911699
2014-08-13,276.5412372587083,0.19697557,0.12430747,0.790297,0.9238301,0.5018304,1.4719143,0.4293215,0.13889404,0.03786505,0.7574928
2014-08-14,276.5583942100709,-0.034686998,-1.7306137,0.067086704,0.25727472,-0.11576729,-0.26012352,0.13660578,0.07718916,0.27705637,0.098485865
2014-08-15,276.77524144343107,-0.18108457,-0.29716069,0.22171493,0.83612466,0.020908922,0.33105525,0.28580377,-0.29359636,2.4843152,-0.11253906
2014-08-18,276.6350723193443,0.66114146,0.5254231,0.7090146,0.47852945,0.53008,0.3437587,-0.0899637,0.29552102,-0.80045104,0.73254013
2014-08-19,276.6521869435188,0.22842598,0.021551337,0.8297451,0.7904605,1.2086983,-0.12253998,0.07212482,-0.02039582,0.01277189,0.720575
2014-08-20,276.88505230206897,-0.0006378789,0.17974803,-0.08961889,-0.74130124,-0.34758818,0.22238076,0.14617342,0.7030659,-0.37008902,-1.0146998
2014-08-21,276.8225937764869,0.36809826,0.46744594,-0.110256866,0.3894776,0.4660675,0.94566786,0.26866207,0.11455469,0.48990628,0.48127753
2014-08-22,276.7641862258953,-0.28546745,-0.6352645,0.3886214,-0.20226756,0.0010250519,-0.32667854,-0.2751999,-0.051273134,-0.13969928,0.13497816
2014-08-25,276.91782748435554,0.24059907,0.12702568,0.032557454,-0.04587479,0.09980732,-0.20983495,-0.8993958,-0.21677706,-0.17781757,-0.31788537
2014-08-26,276.84160713745655,0.5982986,0.28427184,-0.5601183,-0.35911727,0.08289486,-0.03230559,0.060271397,0.16720499,0.12600991,-0.378668
2014-08-27,276.96079926461226,-0.25628987,-0.03111293,0.72536033,-0.32507756,-0.4108138,-0.03230894,0.27163267,-0.10435666,0.6677842,-0.11277567
2014-08-28,276.9951569219662,-0.0938018,0.12622274,-0.036043566,-0.06313909,-0.6948295,-0.22557569,0.20763995,-0.45344412,0.23217228,-0.28463706
2014-08-29,277.18160693957554,0.089150764,0.36100015,0.051368058,0.87442005,0.34985408,0.3828937,0.107675605,0.026568348,0.48548037,0.32433757
2014-09-02,277.11396373819866,-0.25705895,-0.2922043,0.41896862,-0.6698021,0.13317877,-0.53725606,-0.4238334,-0.7046874,-0.4118499,0.040694788
2014-09-03,277.10776557375914,0.119372144,0.412555,-3.0896983,-0.30709636,0.31311908,-0.017535508,0.4531264,-0.18359712,-0.13789342,0.15052049
2014-09-04,276.84364102429964,-0.4350531,-0.34364837,-0.6911735,0.44137463,-0.65804094,0.48754233,-0.21293133,0.052228093,-0.7497283,-0.10458884
2014-09-05,277.0060222816939,0.16340615,0.22991505,0.47774106,1.0380294,-0.54616374,0.11532089,0.3149328,0.3398301,0.32598332,0.43536124
2014-09-08,277.35081246123764,-0.36588767,-0.13537386,-0.54279315,0.869536,-1.138032,0.46650866,-0.20017247,-0.026998473,-0.24951264,0.08804082
2014-09-09,277.1994771762812,-0.061055746,-0.24028969,-0.37663215,0.40712792,0.036681436,-0.63451296,-0.3478607,-0.11664433,-0.4744136,-0.9464148
2014-09-10,277.171064652616,0.5087599,0.17819971,1.9683346,0.053416185,-0.08154454,0.14473902,-0.447931,-0.027025746,-0.25177073,-0.20613143
2014-09-11,277.2915963535637,0.04946832,0.6451365,0.17584704,0.18663403,-0.13214764,-0.01757434,0.107795425,0.026558373,0.95754665,-0.053420037
2014-09-12,276.994943942708,-0.15754841,-0.056600016,0.039163273,-0.58298737,-0.386292,-0.61023295,-0.48605114,-0.5478633,-1.2552899,-1.3634938
2014-09-15,277.18472190019133,0.16625097,-0.26431382,-0.13725504,-0.8568555,0.18932144,-0.13688333,-0.38884628,-0.23152016,-0.55720884,-0.7468638
2014-09-16,277.31487354267256,0.37151143,0.4097389,-0.6408531,0.7958454,0.80793864,0.5616043,0.32064918,0.29803738,0.52341515,0.27062088
2014-09-17,277.34046365084555,-0.06358233,-0.030805202,0.37319124,-0.48394477,-0.1649566,0.056215376,0.46545154,-0.008991592,0.067402594,-3.179214
2014-09-18,277.3820017880367,0.30363944,0.020923663,0.025423648,0.18840455,0.5995009,0.26183948,0.6547711,0.28245476,0.19735634,0.42380685
2014-09-19,277.2950679561963,0.071841925,-0.05663413,-0.6809878,1.3173082,-3.0370586,-0.5335379,-0.36964574,-0.62375087,-0.17600052,-1.0124298
2014-09-22,277.08348885093136,-0.30455014,-0.6019305,-0.04873118,-0.8435771,-0.4623653,-0.18076271,-0.19976781,0.37313795,-1.2368412,0.108154185
2014-09-23,277.50880154360897,-0.5055345,-0.71366954,0.9515223,-0.9174168,-1.3951428,-0.45037532,-0.08998368,-0.35494506,-0.6814794,0.4063882
2014-09-24,277.51826078039704,0.2192487,0.729873,-0.7164515,0.78934896,0.9539132,0.47452688,0.09295718,0.16366908,0.5541427,0.9817568
2014-09-25,277.61663072815435,-1.1166908,-1.1637611,-2.7932446,-1.8298603,-1.2406783,-0.9310278,-0.9115835,-0.9391128,-0.9537655,-1.312768
2014-09-26,277.5847670339348,0.34361047,1.2058692,1.8800453,0.5461647,0.25419322,0.16331898,0.14414436,0.07044764,0.36457744,0.45610026
2014-09-29,277.53923784582327,-0.15188172,0.30721387,-0.5555717,-0.030058678,-0.98646253,0.93702936,-0.17613558,-0.22596219,-0.06346421,0.6368856
2014-09-30,277.4368048073318,0.05350345,0.6195057,0.32214138,-0.21571632,-0.36796722,-0.13601309,-0.79609746,-0.111081004,-0.35449296,-0.15619527
2014-10-01,277.5991013629055,-0.91236025,-0.36868775,-1.1980082,-0.8615664,-0.42315236,-1.2619352,-1.1082755,-0.6236112,-1.3675358,-1.6088326
2014-10-02,277.049059735517,-0.09949239,0.073111214,0.38168997,-0.32026577,0.24238306,-0.73592436,-0.14068635,-0.21602038,-0.95515,-0.5678739
2014-10-03,277.20483497210455,0.58844405,0.64167243,-0.31033242,0.482731,1.0224077,0.76145905,-0.11535732,0.6518788,0.3454511,1.0845495
2014-10-06,277.0520548694639,0.11457169,-0.78129184,-0.11699369,-0.08063764,0.46562597,0.10361962,-0.33153343,-0.16566429,-0.367833,-0.7887873
2014-10-07,277.4227628648179,-1.1464331,-0.97631925,-0.72097325,-1.0384849,-1.1797252,-0.9946183,-0.88546324,-0.82093984,-0.5552076,-1.699311
2014-10-08,277.68154665137394,1.2335378,0.04792253,1.2975944,2.0397444,0.9107903,1.2005569,1.0996405,0.9435083,1.4977779,1.7278738
2014-10-09,277.751186440352,-1.010472,-1.2601819,0.03339437,-1.6524516,-0.57584393,-1.0052409,-1.2667823,-0.7549282,-0.64340854,-2.2654579
2014-10-10,278.0785913098248,-0.17847648,-2.3402524,-0.31413817,-3.2477145,-1.2243085,-2.7093453,-4.4876385,-1.8651394,-2.232299,-2.3783722
2014-10-14,277.98444150840135,0.087112635,0.36395377,-0.85080653,0.06250052,0.33002383,1.0685737,0.4465206,0.6503898,0.8404676,-0.92822933
2014-10-15,278.31801175617574,-0.7269538,-0.28890997,-0.96350354,-0.99720144,-0.36741102,-1.416057,0.53940666,-0.49888352,0.11232965,1.1724045
2014-10-16,278.28824853192066,-0.6852932,-0.4045961,-1.0241123,-0.9533601,-1.4194862,-0.731422,1.0536582,-0.119011514,0.8585961,0.52612627
2014-10-17,278.48946932011165,0.77035576,1.2148578,0.8824513,1.5285602,0.4820469,0.8602481,0.019082703,0.7335218,-0.06170567,1.4633939
2014-10-20,278.6156183641707,-4.7254434,-0.9111316,1.3374317,0.720194,-0.20831174,0.30960074,0.91002315,0.44166115,0.31690884,0.022504488
2014-10-21,278.71700372222716,-2.2676744,1.6282814,1.7235017,1.3226532,0.9085209,1.6363196,2.991708,0.97654295,1.3782462,1.5006734
2014-10-22,279.06298025089063,-0.576117,-0.70483553,0.23113497,-0.95386016,-1.3612864,-0.5580093,-0.28126863,-0.50555354,-0.67341167,-1.4171022
2014-10-23,279.20464386356065,0.14396499,0.8615787,1.0978173,1.0345495,0.98350906,0.64828235,0.39342558,0.42844254,0.74944025,0.6903153
2014-10-24,279.08120937487314,-0.04934023,0.5753597,0.13866535,1.8173059,0.80842143,0.74868834,0.62774265,0.43474138,0.0976459,0.8710599
2014-10-27,279.1478284352226,-0.09272549,-0.06025142,-0.18765326,-0.4532019,-0.6139221,0.013091628,0.38380626,-0.176243,0.017050235,-0.1101173
2014-10-28,279.27874572215484,0.66940475,0.84358853,0.9386826,0.8969259,0.30937436,0.81325,0.5892072,0.35311326,0.33431134,1.0770383
2014-10-29,279.42211659828655,-0.06450379,0.07635718,0.26816532,0.13660522,-0.20546824,0.25607586,0.119873114,0.10811084,0.36928678,-0.52095187
2014-10-30,279.47539329720865,0.3371785,-0.059621416,-0.3458143,-1.0380418,-0.2234793,-2.0943725,-1.0843318,0.20110266,-0.3575951,0.44246718
2014-10-31,277.9483314438414,0.009086879,1.0434848,0.5361414,1.433375,0.8918004,2.1973352,2.5169244,0.58215034,1.3697859,1.239054
2014-11-03,277.69301517584427,-0.025951687,0.28748643,0.76984775,0.73211664,-0.18708037,0.43528724,0.4107013,-0.23695444,0.14505357,-0.31319353
2014-11-04,277.86308751546454,-0.678757,0.7865398,-0.62150985,0.13342956,0.16448125,0.32683367,0.28871927,-0.74017674,-0.32973987,0.87837124
2014-11-05,277.89253287529806,-0.3373114,0.6992917,0.047911335,0.39484382,0.19848318,-0.8585532,0.7651048,-0.02793079,0.914749,0.12862828
2014-11-06,277.6107018117617,0.28313863,0.27958903,0.07990223,1.2817816,0.8211601,0.0739214,-0.34630823,-4.1447473,-0.12005859,0.49420977
2014-11-07,277.7372963922554,0.23060706,0.175511,0.07935108,-0.11282448,0.14226642,-0.3849346,-0.101667725,-0.9365733,-0.3818001,-0.55569977
2014-11-10,278.01203392082374,0.54720974,-0.47052118,-0.23015143,0.2559524,0.7890428,-0.5114607,0.67617327,-0.01538364,0.29045683,-0.043773536
2014-11-12,278.12768357728396,-0.5526104,-0.108947635,0.84815395,-0.22478597,-0.64318955,0.090476274,-0.13638113,0.3402604,-0.17623307,-0.37700862
2014-11-13,278.264289009217,0.3322511,1.4609851,0.84667134,1.2377172,0.9024203,0.44350478,-0.20610383,0.15071122,0.15946998,0.13584593
2014-11-14,278.63489280084417,0.5254461,1.6041814,0.7064578,-0.12789483,0.12022631,0.39369863,0.43097416,0.047305048,0.2871035,-0.38461286
2014-11-17,278.9158799643324,-0.0099776955,0.3666271,-0.2302801,-0.2697115,0.4532272,0.42040378,-0.18230762,-0.36943445,-0.71370125,-1.3792841
2014-11-18,278.92808534613863,-0.89972234,0.31536254,0.76882684,-0.7338402,0.08476408,0.6846472,0.24393329,0.9435956,0.47666094,0.61644036
2014-11-19,279.2097873934014,-0.19168563,-0.029812083,-0.5923652,-0.91619426,-0.6479486,-0.55516374,0.024758305,-1.0599978,-0.24996623,-0.1368458
2014-11-20,279.1873279467982,-0.3233218,0.5342322,0.85745054,0.69083977,-0.08143198,2.3277938,0.2415448,0.073207766,-0.008571684,-0.4559785
2014-11-21,279.2430267246009,0.101386756,0.1654923,-0.021655755,-1.2407873,0.78309894,-0.53651184,0.2850775,0.4034793,0.34189796,0.62786007
2014-11-24,279.3318481295792,0.47672063,0.3592316,1.1431869,-0.7161546,-0.09792611,0.9286344,0.2377139,0.058416307,0.6096441,-0.21355857
2014-11-25,279.3348348302491,-0.16371216,0.59774786,-0.71327937,-0.27730694,-0.54562163,0.081382826,-0.55389345,0.28419477,-0.101009816,0.5349253
2014-11-26,279.5530844987135,0.065260045,0.35406148,0.69459504,0.376803,1.1054717,0.7980557,2.0193877,0.17692275,1.0585965,0.69424415
2014-11-28,280.4560770518163,0.07730877,0.49547356,-0.15539686,0.01662813,0.79379576,0.4677428,0.00865042,0.31842908,0.23234355,0.45099348
2014-12-01,280.7556728710845,-0.25798917,-0.12443185,-2.3658795,1.2203616,-0.6144129,-0.12895377,-0.2766746,-0.775289,-0.62739986,-0.069498666
2014-12-02,281.44807373897163,0.43616366,0.5410068,-0.3754657,-0.33529353,0.08051119,0.57323146,0.2501459,0.8734452,0.14598621,-0.35559618
2014-12-03,281.4357655880097,0.71325994,0.30137378,0.6529409,-0.68878126,-0.27538204,-0.2515307,1.0587287,0.5626432,1.1632934,-0.36473602
2014-12-04,281.59202953349984,-0.19174375,-0.43107525,-0.37328568,1.1298594,-0.35705656,0.022727355,-0.3159258,-0.71180016,-0.408332,-0.24977168
2014-12-05,281.6887335144524,-0.31346327,-0.64919615,-0.40371993,-0.74709654,-0.016180716,0.2690385,0.09289153,-0.06226299,1.0026168,-0.64769256
2014-12-08,281.7823376398421,-0.56298715,-0.6557286,-1.6693717,-1.236202,-0.99655634,-0.6641755,-0.6298021,-0.55184567,-1.4444654,-0.4176081
2014-12-09,281.97521077423045,0.43546712,0.4527319,0.9175391,-0.25863662,0.73634297,-0.44886264,-0.16604683,0.16773249,0.2270813,-0.5276514
2014-12-10,282.5232100158689,-0.98800534,-1.3431778,-1.4161906,-1.2036166,-1.6405597,-0.67767227,-1.0871816,-1.0259179,-1.1959624,-1.5833701
2014-12-11,282.62045430053695,0.21377833,0.28846923,-0.31419846,0.36049366,-0.34722704,0.37493536,0.33935952,0.22810167,-0.065477625,-0.21963367
2014-12-12,282.931135400308,-2.3056035,-0.3248164,-1.2705445,-0.4394356,-1.4433508,-0.6809759,-1.6241804,-0.9751474,-0.3126815,5.031552
2014-12-15,283.1440681379338,-0.96925974,-0.4503144,-1.0452732,-0.53935134,1.8604482,-0.46024555,-0.13515386,-0.21550293,-0.563827,-2.5133824
2014-12-16,283.26410546375735,-0.70067626,-0.22928278,-1.0451913,-2.601254,-0.87734944,-0.5361837,-0.7703053,-0.11933438,0.7324737,-0.71593785
2014-12-17,283.0739545026739,0.21042714,0.53878176,1.5524725,0.8981941,0.7982267,0.95439327,1.0727022,1.1247934,0.9746915,1.2474922
2014-12-18,283.29217665195995,2.363971,2.0342474,1.860514,2.8449106,6.4918537,1.0749941,0.9849471,0.6335355,0.8480979,0.58895886
2014-12-19,283.78470852430496,0.32697564,0.28078744,-0.6369164,0.14435081,0.8825782,-0.92839754,-0.35441574,-0.03766301,-0.2845141,-0.47476915
2014-12-22,283.4975560532046,1.1613504,1.0576092,0.58433604,0.4316696,-0.5985037,1.1537704,0.5574583,0.60955095,0.7661333,-0.08433923
2014-12-23,283.6365068223437,0.30733487,0.064407855,-0.35314968,0.6652556,0.45110503,0.2838523,-0.13378222,-0.056523606,-0.08316222,-0.22024825
2014-12-24,283.7851307802923,-0.17385848,0.111119196,-0.43214247,-0.57136744,0.242018,-0.005186724,-0.0027362152,-0.044422664,-0.33112878,0.16327356
2014-12-26,283.80617616253886,0.19660652,0.11093418,1.069857,-0.49465352,-0.27153075,0.13170816,-0.21024404,0.496673,-0.18276387,-0.17981423
2014-12-29,284.3386168139359,-0.7320674,0.25067714,-0.16037554,-0.7685514,-0.80306554,-0.52717465,-0.40817294,-0.45878926,0.11565131,-0.5540547
2014-12-30,284.27836608407574,-0.19139187,-0.23934066,-0.94071054,-0.77504456,-0.4821951,-0.60203713,-0.67581725,-0.06267292,-0.23225966,-0.97008705
2014-12-31,281.6072550718354,0.14641713,-1.2717061,-1.4209615,-1.0220742,-0.63930136,-0.6803318,-0.6016023,-0.4988584,-0.58485174,-0.44016314
2015-01-02,281.36845150461966,0.632641,-0.05320904,-0.76549596,0.43316844,-1.0580949,0.08072709,-0.078883976,-0.11122855,-0.015756838,-0.4257316
2015-01-05,281.22829265220554,-1.0222703,-1.3295037,-2.061278,-0.7948513,-1.0440543,-0.6018452,-1.0236975,-0.29450092,-1.4494863,-0.42755565
2015-01-06,281.77614917094314,-1.4015518,-0.029930996,-0.10808656,-1.2211758,-0.78768796,-0.9860028,-1.0852269,-0.7279417,-1.6927948,-1.3506114
2015-01-07,282.27050388823426,-0.42762205,0.6011703,0.83103436,0.8910975,-0.06539629,1.0485224,0.9737193,0.44369796,0.31162217,0.36600626
2015-01-08,281.97617738700706,1.3645048,0.4995057,2.447515,2.153724,0.32768038,0.9291263,0.8767692,0.39527866,1.2356133,1.385129
2015-01-09,282.0280525219547,0.26870736,0.66198695,-0.041510846,-0.7310278,-0.1125337,0.079440795,-0.056596767,-0.13543114,-0.048464797,-1.0225223
2015-01-12,282.2061847458184,-1.0897324,0.60854733,-1.8082637,-1.049385,-0.26948762,-0.2428363,-0.6276032,-0.60036904,-1.0981876,-0.7303858
2015-01-13,282.6595196865228,0.1421937,0.1118404,0.48528066,-0.4774306,-0.61686957,-0.15929122,-0.46265125,-0.45109916,-0.6716092,-0.5731985
2015-01-14,282.5825747638372,-0.421398,-0.42998385,-0.37294692,-0.74679303,0.12432977,-0.23030463,-0.18073557,-0.547971,-0.64360785,-0.63672906
2015-01-15,282.2124733493638,-0.51507884,-1.2216386,-1.9824547,-0.8889982,-0.76365304,-0.24538921,-0.4539388,-0.6099658,0.477588,0.1311935
2015-01-16,282.85912600404464,1.0445691,0.64176357,-0.64234245,1.1917295,1.3060192,0.3491388,0.9284839,-0.13781777,0.16752933,1.0883024
2015-01-20,282.93425141785843,-0.08583052,0.9186422,1.6085886,0.16790912,0.5245881,-0.5287232,0.49065533,0.667755,0.20147814,-0.32534927
2015-01-21,283.49275990693326,-2.0172353,-0.55022424,0.4005909,-0.8602499,-0.7167651,0.5331554,0.430335,-0.6392684,1.1220084,-0.08268578
2015-01-22,283.4767136101967,1.3624899,1.5442078,1.6227196,1.9108276,0.7860317,0.5829719,0.6658188,0.12084202,0.43019783,1.4708397
2015-01-23,283.80561896092223,0.18868558,-0.68310565,0.2341797,0.0004715392,0.13388841,-0.6627719,0.007825881,0.08860483,-0.959445,0.34379494
2015-01-26,283.7265853732642,0.19213492,-0.57152426,-0.04170281,-0.35667008,-0.526769,-0.9284482,-0.10094429,0.18770634,0.14197515,-1.1947975
2015-01-27,283.6099334408673,-1.1166265,-2.5872846,-2.5217702,-7.5107403,-0.8568603,-2.3960972,-0.32973093,-0.606736,-1.2567086,-1.1819043
2015-01-28,283.67375239305454,-0.89548796,-0.22774686,3.6016629,-2.7631295,-1.1980524,-0.63835347,-0.6972996,-0.57468396,-0.42201367,-1.1411896
2015-01-29,283.61291477713905,1.6266276,0.9984972,1.958157,1.4277784,0.18828064,0.63066936,0.7144594,-4.9855146,0.34442607,1.0429811
2015-01-30,281.37295438018094,-0.9069083,-2.093795,-1.1184344,-3.0997505,-1.6413178,-1.8086259,-1.4373735,-0.9632251,-1.491444,-1.4109488
2015-02-02,281.25041859890877,0.55085725,1.1324677,0.73449093,1.5848523,1.1923852,0.92283106,-0.045400094,2.0905535,-0.046312787,0.7108265
2015-02-03,281.0622743057989,1.545361,0.7016374,-0.10341133,0.51656497,0.49159676,0.058031823,0.96055657,0.8962128,0.9859975,0.5573753
2015-02-04,280.94754421067285,-0.62085927,-1.0563868,0.4059565,0.36446452,-1.0711122,0.19653392,0.1069201,-0.080774724,0.22003824,0.17495398
2015-02-05,281.5323367236031,0.37636247,1.3859197,0.36934832,1.0367932,1.0968983,0.49943367,0.6595259,0.58328664,0.51632756,0.55345505
2015-02-06,281.54230282494007,-0.04572131,-0.05389769,-0.6900748,-0.15349296,-0.36591473,-0.9976602,-1.1245536,-1.1589077,0.4041826,-0.5895494
2015-02-09,281.26127943897825,-0.40572867,-0.29605097,0.33615336,-0.17189358,0.5816708,-0.59322995,-0.18898734,0.43460435,-1.3656373,-0.30139777
2015-02-10,281.31394105733693,1.1330436,0.8863084,1.1811184,0.35583907,0.8390804,1.1706876,1.5910379,1.9949058,1.2686756,0.23109262
2015-02-11,281.53501274520596,-0.15422247,-1.3608375,1.4619658,-0.48046246,-1.0638413,-0.2479257,0.10216668,-0.11299033,-0.11761646,0.08043052
2015-02-12,281.5564635194272,0.1200148,5.9074764,0.7408725,1.201903,0.7463543,0.8631627,1.4259769,0.035089966,-0.29097605,1.1636102
2015-02-13,281.3879076887414,0.7440019,-0.07259806,0.2182744,1.3051614,-0.019149277,0.32708153,0.45826814,0.23311476,0.05630025,1.4060472
2015-02-17,281.5553949468944,0.2135581,-0.2746045,0.2857897,-0.045268063,-0.22091712,0.5473008,0.14640874,-0.13185886,-0.06565914,0.36000565
2015-02-18,281.48340834803884,0.47719577,0.3975411,0.3575699,-0.1693671,0.32165864,-0.71914375,-0.35739037,-0.24724102,-0.13521162,0.34072825
2015-02-19,281.3672687851979,0.6569304,-0.40851715,-0.25768504,-0.13401233,-0.06578111,-0.108563684,0.012885472,0.2006058,1.337126,-0.12638606
2015-02-20,281.74669929129635,-0.10259387,0.6653106,0.43912038,0.555067,-0.60802716,0.2812951,0.401844,0.26210088,0.25196418,0.5055522
2015-02-23,281.7658303819299,-0.29847115,0.038884807,1.6988621,0.42762816,-0.06563523,-0.99926376,-0.34575155,-0.44915518,-0.45174313,-0.4717743
2015-02-24,281.6051222346207,0.7393741,-0.0055743274,-0.5404855,-0.18568492,0.074197926,0.9624165,0.61288345,0.1926568,0.66773325,-0.45093766
2015-02-25,281.5489017997974,-0.79667497,-0.31745082,-1.8774039,-0.25602144,-0.31447753,-0.7107135,0.05156525,0.11534244,-0.51520586,0.17549504
2015-02-26,281.42546877778756,-0.7747863,0.9254232,0.74145746,0.04208672,0.16763048,-0.4750097,0.23235343,0.12705296,-0.40171838,0.55701876
2015-02-27,281.07201924563066,0.41426235,-0.8910376,-1.1468322,-0.45027798,-0.19010903,-0.6336813,-0.7160551,0.23238818,0.1521089,-0.01967242
2015-03-02,281.12489825059396,-0.5877434,1.4931284,0.21849744,-0.027813682,0.24474654,1.2200412,1.0560191,0.2756435,0.8771968,0.39776886
2015-03-03,281.2079847932918,0.2093961,-1.4375992,0.027537638,-1.1451311,-1.0952164,0.041997645,-1.4701436,-0.86607015,-1.991553,-0.7346714
2015-03-04,281.2111432941513,-0.6510619,-0.4749491,-0.5479919,-0.47470778,0.27926448,0.011790237,-0.34537086,-0.43706265,-0.46154734,-1.1746236
2015-03-05,281.07325350739205,0.6921517,-0.072811864,-1.2536442,0.009047371,0.21519545,-0.60988766,-0.06959575,-0.02968886,-0.23885606,0.6386248
2015-03-06,281.0961564454067,-1.0802988,-0.84139484,-0.012501768,-1.4381492,-2.3287482,-0.84881216,-0.81046724,0.2877863,-0.5540936,-0.9540746
2015-03-09,281.0602714531732,0.8991641,0.9649268,0.17516969,0.80892974,0.41578445,-0.75222445,0.7121294,0.67237884,0.23162341,0.16854598
2015-03-10,281.0789618779789,-1.1962651,-1.5927145,-1.5393727,-1.5752352,-1.4854116,-1.6479275,-1.4539812,-0.5940731,-1.105419,-1.6330936
2015-03-11,281.108917879085,-0.41937074,-0.930036,-1.368647,-0.1727867,-0.6543816,0.9941839,-0.01694068,-1.1122564,-0.17233558,-0.12661962
2015-03-12,281.08823221880925,0.46971402,-0.052075196,1.1061504,-1.8699806,0.16494563,-2.5129507,-0.037873164,-0.66414917,0.4676963,0.9676596
2015-03-13,281.29184933221205,-1.5229996,-0.70834786,-0.5870173,0.5945532,1.152204,0.19828556,-0.19445989,-0.55951047,0.738242,0.044768386
2015-03-16,281.55696630344266,1.1398457,0.83747596,0.6300768,0.25437155,1.5545706,-0.18502575,1.1616405,0.806962,0.48400795,0.42233953
2015-03-17,281.9020021918194,-0.057757583,-0.3558753,1.0130392,0.17855012,-0.9331151,-0.42039564,-0.45989493,-0.19725133,-0.7018831,0.8866275
2015-03-18,281.7510318771147,1.1404104,-0.0055983993,0.6466607,1.3850946,1.8910625,0.48341292,0.24896182,0.18413492,0.19314192,-2.2560577
2015-03-19,281.62205448517625,-0.009027023,0.2512969,-0.63017523,-0.46296445,-0.03492992,-0.268844,0.14506915,-0.3392278,-0.5850513,0.06934099
2015-03-20,282.12426212064656,1.2064955,0.4130373,-0.9719552,0.9863892,0.30283794,0.9260404,0.67071354,0.055067442,-0.013507083,0.04537785
2015-03-23,282.4720787174097,0.67383367,-0.075397104,0.5880922,-0.11656926,-0.32636747,-0.19952276,-0.7185088,-0.06141014,-0.34451863,-0.913281
2015-03-24,282.77743599051104,-0.6441446,-0.96586776,-0.39152876,-0.00901699,-0.914767,-0.6984625,-0.31475374,-0.7962694,-0.2056172,-0.8348215
2015-03-25,282.8113332065971,-1.5151864,-1.2920974,-1.9077728,-2.702584,-1.3035412,-1.5431024,-2.9293249,-1.249653,-2.370629,-1.9940518
2015-03-26,282.73275174889545,0.5465916,-0.90164137,0.35683426,-0.54526865,0.013791274,0.30692652,-0.01500132,-0.11442299,-0.51109755,-0.25623786
2015-03-27,282.68845507798335,-0.08427132,0.09166384,-0.65629643,-0.5294253,-0.636294,3.1611218,0.92982036,-0.16838743,0.7135565,0.15322594
2015-03-30,282.8903467553596,0.8889149,1.2484949,1.5795963,-0.09941874,1.1806574,-0.8931904,1.2022649,1.1502733,-0.19334666,0.11120429
2015-03-31,279.68931757368,-0.8677497,0.20938104,-1.1744841,-0.65232956,-0.53959894,-0.3300945,-0.9280417,0.2206478,-0.4720676,0.15228815
2015-04-01,279.58132296378426,-0.53734565,-0.6751761,-0.21479112,0.03397897,-0.41517743,-0.7814417,-0.7710278,-0.022022026,-0.4006307,0.79436046
2015-04-02,279.57101174018004,0.49794954,-0.2944647,0.47138205,-0.9066111,-0.35377178,-0.018054089,0.09933692,-1.0432997,-0.30864477,0.36420155
2015-04-06,279.8141010028718,0.6203581,0.21185982,0.9838036,2.3126566,0.46203163,0.36495465,0.0044529457,-0.2209129,-0.29088205,0.31213832
2015-04-07,279.73833746437566,0.0021441688,0.40288535,-0.8394476,-0.118158,-0.081388734,0.3456738,0.046181045,-0.37580267,-0.40633124,-0.59193057
2015-04-08,279.46183321599915,-0.09655842,0.37633353,-0.33897287,-0.28715447,0.1571219,0.06428882,-0.058637075,-0.121153325,0.6554765,-0.29716328
2015-04-09,279.73896313652017,0.1834434,0.1848161,0.40546533,0.03180153,0.061230198,-0.13337024,0.7512532,0.9509851,0.16030414,0.5848968
2015-04-10,279.63639176243197,0.19461505,0.9601277,0.17578994,0.36795974,0.40779448,1.1072265,-0.17259003,0.14899863,-0.10159299,0.031191187
2015-04-13,279.8344626073653,-0.19824871,-0.14573796,-0.25023645,-0.0062627834,-0.7605812,-0.3417022,-0.59828305,-0.36320892,-0.4014404,-0.53386945
2015-04-14,279.57558602894477,-0.041233897,-0.40464824,-0.41319194,-0.28591692,-0.6395105,-0.4091735,-0.57102054,0.077088594,-0.32815343,-0.18396449
2015-04-15,279.33508709476666,0.70659655,1.0228592,0.14407791,1.0512688,1.9078381,2.1289566,1.7189316,-0.41696218,0.57420003,-0.064053796
2015-04-16,279.2262231512501,-0.4003398,0.8009729,-0.44643956,-0.26521853,-0.9113421,0.044757072,-0.18171243,-0.44615564,-1.3500725,-0.8372462
2015-04-17,279.2184620491535,-0.980762,-1.5806655,-0.89158535,-1.0848377,-0.809964,-0.64881974,-1.201459,-0.61756676,-0.83852607,-1.7710692
2015-04-20,279.43709419796716,2.1369374,1.2956606,1.43138,2.2949197,0.42598948,0.39283276,0.77643466,0.94021285,0.4415414,0.5090913
2015-04-21,279.451307822156,-0.7446219,0.4760337,-0.48710778,-0.5719606,0.07641078,-0.49239695,-0.100248866,-0.12697795,0.9279079,0.44541815
2015-04-22,279.74334633039274,0.41677192,-0.16542785,0.8002992,0.5547558,0.12304939,0.40894365,0.4911281,0.16290852,-0.045282636,0.5846223
2015-04-23,279.6060151305136,1.8485135,0.13197537,0.44091314,0.54997545,-0.33318922,-0.5723643,-4.3035784,-0.47666082,-0.34732473,0.6880232
2015-04-24,279.59221556162686,-0.18260041,0.3138813,0.2056546,7.652093,-0.5719724,-0.449773,-0.079148695,-0.14707899,-0.78982234,-0.112035505
2015-04-27,279.272930629837,0.34666327,0.15361,1.1195427,0.17914662,0.7556877,0.6521608,0.80640244,0.5716248,-3.7663524,-0.12023642
2015-04-28,279.6357957555582,1.173031,0.96307427,-1.202779,1.7277918,1.3007075,0.7995633,-0.2304735,0.19314575,0.06402788,-0.5502818
2015-04-29,279.9472136298828,0.16648877,-0.6121337,-1.1286751,-0.238935,0.27107915,-0.2212916,-0.16581056,-0.7224459,-0.14586191,0.37342846
2015-04-30,277.9283581728217,-1.1602939,-0.50110006,-2.008494,-0.75327414,-1.8058441,-0.55355304,-0.9719141,-0.52518016,-0.5477558,-0.6022825
2015-05-01,277.4816841180683,0.8714543,0.6698128,1.9431691,-0.048470676,1.089077,1.3429322,1.1039428,0.19834639,0.3191468,0.16797973
2015-05-04,277.60105672301256,0.09985684,0.0845013,-0.25032437,-0.7595,0.2580474,-0.0022113258,-0.10074094,0.34126914,-0.29388446,-0.59637827
2015-05-05,277.90668282644475,-0.33812547,-0.63442945,-1.68431,-1.1255972,-1.120444,-0.87938434,-1.4935377,-0.535912,-1.1975223,-0.81921166
2015-05-06,277.99285498213766,-0.65718627,0.1754648,-0.5497583,-2.2802298,-1.1204054,-0.6855455,-0.4323205,-0.45353234,0.11216786,-0.5550117
2015-05-07,278.2005938531798,0.34205693,-0.36670884,0.30742148,0.6254247,0.2664168,0.014224326,0.30745158,0.33169788,0.15427256,0.075886376
2015-05-08,278.05548735230815,0.6182399,0.9397568,1.1669682,1.6579478,0.74972177,0.87019724,0.6099539,0.56365925,0.19568482,1.1510439
2015-05-11,278.2041030739335,-0.5901671,-0.04977291,-0.8201382,-0.7051382,-0.3469541,-0.19096544,-0.37342164,-0.31644183,0.40544534,0.25442347
2015-05-12,278.3925549634258,-0.22339164,0.039651234,-0.3614884,-0.113691054,-0.5050684,-0.7163965,-0.3858232,-0.25174612,-0.1462234,-0.3042199
2015-05-13,278.4938706680084,0.6347834,0.26261973,-0.039897174,0.37966815,0.263825,0.6018134,0.47848204,0.5342056,0.001571594,0.27669758
2015-05-14,279.017609528127,0.64321035,-0.6774902,1.4656256,1.6828799,0.8352296,0.5004296,0.9032475,0.42955434,-0.23072866,1.7022312
2015-05-15,279.35490293328985,-0.30049875,1.1124587,-0.21148688,-0.7547674,-0.4371064,0.013212562,-0.0900207,0.26474595,0.6301508,-0.5202123
2015-05-18,279.36509854271424,-0.083610505,0.4585866,0.63551074,-0.54958576,0.057960924,0.63374174,0.10244244,-0.49057442,-0.10371229,0.24862623
2015-05-19,279.7204419934835,0.14517227,-0.04935372,-0.17870927,-0.2765778,0.042197704,-0.42047665,-0.10069974,-0.5981765,-0.29250875,0.032676533
2015-05-20,279.5869223698054,0.093310505,-0.27022663,-0.12093348,-0.08073775,-0.12770282,0.3226615,-0.25044486,-0.30250698,-0.2513601,-0.13557352
2015-05-21,279.5398149975895,-0.16438212,-0.42692694,0.5809152,-0.34278956,-0.09688455,0.25906298,-0.22939728,0.44567218,0.42034265,0.59350926
2015-05-22,279.42244533162864,-0.4240062,-0.38470268,0.48114416,-0.93893105,-0.6245277,-0.17179865,-0.22973186,-0.4571451,-0.103775956,-0.52212507
2015-05-26,279.5257945736567,-0.7898593,-0.7031542,-1.6411593,-0.59672606,-1.0224295,-0.5598751,-0.9679391,-0.17862482,-0.39692733,-0.6469399
2015-05-27,279.1860112058364,0.6886267,0.8038854,1.1520236,1.6062926,1.186752,0.92291164,1.4293953,0.9905665,0.64631903,0.48270306
2015-05-28,279.18775374020254,-0.11770128,0.08406863,-0.25101164,-0.3429476,-0.5171647,0.43855226,-0.15388018,-0.34943575,-0.041613687,-0.23474371
2015-05-29,278.2310641008648,-0.78154576,-0.094114944,-0.90316015,-1.0585219,-0.6625351,0.65988916,-0.07936399,-0.6752331,-0.5605366,-0.84383893
2015-06-01,277.93944865391603,0.18902077,-0.29512447,0.020554777,0.5345396,0.3902099,-0.8473575,-0.31372422,0.063085645,0.29154202,0.47151873
2015-06-02,278.2695935667145,-0.2095495,-0.22929184,-0.42234927,-0.59530175,-0.22260293,-1.0001079,-0.58324087,-0.12650192,0.061799895,-0.16727653
2015-06-03,278.68153575276216,0.09154741,0.017352713,-0.031730354,-0.197229,0.34067255,-0.86128753,-0.47907874,0.25119156,-0.12415888,0.10793173
2015-06-04,278.9516520339984,-0.5917259,-1.0937597,-0.51780325,-0.9003911,-0.3937703,-0.6834846,-1.085295,-0.7076387,-0.70668983,-1.1876606
2015-06-05,279.0408928064446,-0.38288146,-0.073841006,-0.49337724,-0.45148087,-0.018857354,-0.77302694,-0.2999789,-0.503529,0.10519816,-0.04330395
2015-06-08,278.9557474657278,-0.80116636,-0.6955707,-0.57068944,-0.7766036,-1.2006898,-0.89940286,-1.1734015,-0.7359129,-0.6709083,-0.67207265
2015-06-09,279.2707471986806,0.1213819,-0.0979176,-0.319918,-0.21705453,-0.12906718,-0.10035991,0.022613049,-0.37797615,0.0015664789,-0.3310882
2015-06-10,279.40913401911547,1.2276658,0.96181595,0.66464216,1.5391477,1.2872914,0.9131744,1.3226147,0.23659256,0.19046293,1.1550705
2015-06-11,279.4275603254428,-0.06279441,0.45028567,-0.2700555,-0.36514047,0.44611636,0.030510256,-0.69770014,0.11394641,-0.63146335,-0.059267495
2015-06-12,279.2658438513196,-0.69112533,-0.73529214,-0.8768104,-0.872888,0.011313821,-0.88253975,-0.793634,-0.46433276,-0.42413935,0.03213356
2015-06-15,279.3473629621649,-0.28972304,-0.1430646,-0.2506084,-0.9150304,-1.0453272,0.09699371,-0.045103256,-0.35188034,0.10935784,-0.8642965
2015-06-16,279.3388834286117,0.21267934,0.5215581,0.25025737,0.516101,1.3440619,0.39069104,-0.04513087,-0.19650048,0.15086134,0.66900355
2015-06-17,279.30028756678763,0.11639673,0.49469087,-0.27712,0.15678361,0.33137223,0.484329,0.13393886,-0.019486936,-0.6806256,-1.6942084
2015-06-18,279.3900989476093,0.40166602,0.6256501,0.1956156,1.1790049,-3.4711614,0.6707164,0.9404904,0.4671834,0.55710304,1.0171658
2015-06-19,279.8152141002383,-0.48994315,-0.41060382,-0.8038069,-1.1190628,-1.9466996,-0.5135658,0.2278753,-0.40463445,-0.33769763,0.10899555
2015-06-22,279.7948577609856,0.27283806,-0.2088852,0.4281236,0.13811715,-0.24597304,0.28613806,0.9825948,0.24308002,0.21411847,1.8077177
2015-06-23,280.449105688069,0.32865983,-0.34664825,-0.4263027,-0.61927783,0.2797938,-0.29022652,-0.8143845,-0.33688584,0.12781034,0.800582
2015-06-24,280.55705768736107,-0.6375855,-0.64743197,0.4627344,-0.53791416,-0.9212874,-0.3078142,-1.0108612,-1.1960238,0.21036887,-0.23589616
2015-06-25,280.51227466092007,-0.3508282,-0.25932926,-0.44103542,-0.06374665,-0.31375867,0.11064947,-0.30030736,-0.14317502,-0.16659681,0.26366118
2015-06-26,280.8276093016181,-0.24824052,-0.28377146,-0.517381,-0.7450607,-0.19774553,-1.6029716,-1.0965419,-0.49183705,-0.6727835,-0.99747473
2015-06-29,281.3449497287984,-0.97771454,-1.7507641,-1.317901,-1.6152,-1.0356206,-1.0739884,-1.6680487,-1.5384401,-1.3094552,-1.2000892
2015-06-30,278.9550447981292,-0.13162777,-0.1954794,0.37791044,-0.46825603,-0.2850851,0.032932322,-0.10157808,-0.07352624,-0.061026465,-0.3313219
2015-07-01,279.28270356817075,0.70497847,0.23464228,0.5203905,0.44659552,-0.18341218,-0.42610362,0.3706857,0.11406725,0.54620665,-0.18082038
2015-07-02,279.30098691012745,0.22281209,-0.05310337,-0.20248455,-0.16834173,0.122392096,0.62664616,-0.021229986,0.070185736,0.13185751,-0.27125746
2015-07-06,279.21422323246435,-0.14934897,-0.26927522,-0.35481632,-0.09828712,-0.18366274,-0.9022368,-0.7583877,-0.080780745,-0.81770927,-0.31709513
2015-07-07,279.64218994424954,0.09491703,0.3309827,-0.28425828,-0.23856993,-0.06436116,-0.2586749,-0.2990816,-0.30378938,-0.30146366,-0.059961278
2015-07-08,279.2042457231525,-0.7264158,-0.896624,-1.8387303,-0.18627371,-0.74958736,-0.7119056,-2.0764318,-0.72732073,-1.4641474,-0.58340937
2015-07-09,279.40400019327205,0.25982678,-0.1996723,-1.5273687,0.41034144,0.62057483,-1.0231794,-1.822732,-0.117366895,-0.1509111,0.23600821
2015-07-10,279.5545289188623,1.187772,0.88958,1.6907303,0.07635659,0.22440694,0.40752742,1.0141829,0.55172193,0.48025292,-0.03734042
2015-07-13,279.9832136535768,0.9136337,1.2097287,1.1921061,1.5218985,0.6598952,0.9610965,0.2978948,0.42171136,1.1079296,0.5092782
2015-07-14,280.1323496418672,-0.30064178,0.55892485,-0.1425913,0.055518907,-0.11485288,-0.15691207,0.42736754,0.28180712,-1.0061742,0.2067796
2015-07-15,279.90161153998116,-0.039985,0.18161416,0.5401941,0.15734208,-0.06461968,0.051325675,-0.41433492,-0.1232893,-0.8003719,0.042643376
2015-07-16,279.89775001799046,0.9199743,0.48283675,0.7899685,1.4325595,0.20298868,0.34483626,-0.24676973,0.39169234,-1.6963536,0.16738783
2015-07-17,279.9902560948047,0.5520784,-0.33041933,0.47263506,-0.14733134,-1.0224371,-0.7640925,-0.090032354,-0.22832327,-0.3186021,-0.4373226
2015-07-20,279.72045292838806,0.25273788,-0.35516107,1.1658696,0.4179621,-0.8818028,-0.66885024,0.78478265,-0.4695627,-0.0829416,-0.13522767
2015-07-21,279.3176889578575,-3.867975,-0.45064488,-0.8041006,0.51437503,-0.7014114,-0.6951999,0.07622057,0.8677863,0.05867506,-0.79928553
2015-07-22,279.2657893950476,-1.0846134,-0.7384152,-3.0772698,-3.000786,-0.3414462,-0.2156845,-1.2030379,-0.7462281,-0.8917402,-0.4741768
2015-07-23,279.16317285882695,0.53766745,1.1263435,-0.14875734,0.8883068,-0.8148642,-0.03598391,1.3538953,-1.8142289,0.46599528,-0.19623673
2015-07-24,279.3144444274252,-0.79689556,0.9003028,-0.47809643,-0.36832947,-0.081423,-1.000072,-1.8612773,-0.18354377,-0.9209927,0.12798925
2015-07-27,279.1398768951891,-0.28246123,-0.4445932,-1.0751593,-1.0878353,-0.947299,0.5118348,-0.09001676,0.16838963,-0.058713026,-0.92342526
2015-07-28,279.1826571146018,0.3825594,-0.0051995255,0.22382888,-0.0978822,1.2741684,1.0788956,1.1718322,0.7304416,0.49328488,0.37264168
2015-07-29,279.3079218249126,0.40400863,0.43436795,-0.3327696,1.5338782,0.80168456,0.07088642,0.17283136,-0.03054343,-0.25014663,-0.38555565
2015-07-30,279.1912714741817,-0.061474152,-0.23611419,-0.4622858,0.90585756,-0.32277772,-0.19588915,0.2428239,0.79978836,-0.035063297,0.6560499
2015-07-31,276.35086799188343,0.39687186,0.2702011,-0.72391015,-0.38298467,0.41957015,0.05399015,-0.39794946,-0.094908744,-0.5890488,0.39734435
2015-08-03,276.5178484314225,-1.318516,-0.1422422,-1.7644981,0.1042444,-0.4786505,0.16054617,0.040560607,-0.052624457,-0.5706431,-0.57451636
2015-08-04,276.56962480611736,-0.45947847,-0.7659662,-2.3682368,1.1349894,-0.16818224,0.12451189,-0.3870191,-0.775898,-0.90026885,0.36644793
2015-08-05,276.701664766223,0.110775575,0.54977715,0.33879736,-0.014600654,-0.11622977,0.39174846,1.1130084,0.22548917,0.4145274,0.8509297
2015-08-06,276.9374297138182,-0.12507428,-0.14320879,0.03284992,-1.6800102,-0.63854337,-0.21276563,-0.8066632,-0.82508934,-0.53000677,-1.0130281
2015-08-07,277.0759877936722,-0.50321907,-0.1435355,0.1161664,0.120971724,0.33651614,-0.24924685,-0.0072886143,0.048900824,0.24062295,0.24253854
2015-08-10,277.3117180130828,0.65758604,1.0055952,2.343638,0.9025696,0.48905614,1.3223953,1.9528913,0.012636749,1.4261351,0.5564742
2015-08-11,277.7465026335297,-0.5180115,-1.3185887,-3.794428,-1.6171764,-1.3317854,-1.1968213,-1.7570114,-0.5135183,-0.7088256,0.0753947
2015-08-12,277.6730752936565,0.25615272,-0.28485426,0.9366082,0.47405645,0.11099789,0.8473809,0.45921612,-0.059051394,-0.17997533,-0.18789405
2015-08-13,277.7100070543642,-0.45808923,1.8388349,-0.17041364,-0.097422116,-0.029089918,-1.060998,-0.6509497,-0.48092654,-0.695093,0.22769926
2015-08-14,278.0190408134971,0.26934344,0.74121755,0.36556116,0.36987692,0.092775986,0.24947223,-0.07825476,-0.16854675,-1.106425,1.1707107
2015-08-17,278.036886564725,0.21906365,-0.4563164,0.59145784,0.44992906,0.45606124,0.08877207,0.21457046,0.036190365,0.8913569,0.3309516
2015-08-18,278.1490805804407,-0.1329989,-1.3320227,-0.50480175,0.35046887,0.108251415,-0.3200704,-1.2582735,-0.63170934,-1.088219,-0.3550736
2015-08-19,278.2167708605351,-0.863853,-1.0537262,-1.0011418,-1.1796165,-0.600088,-1.0080782,-0.94227034,-0.18438478,-0.31242207,-0.81903404
2015-08-20,278.57953240453884,-0.5436521,-1.8169733,-1.5398067,-1.6882066,-1.6601593,-1.5488945,-2.2703495,-0.8500886,-1.2757697,-2.155082
2015-08-21,279.0633830026779,-1.624868,-1.3995479,-4.443477,-4.6315885,-2.0234656,-1.8662915,-1.9646347,-2.0352635,-1.418606,-3.010872
2015-08-24,279.17462436919317,-2.3620758,-3.2499328,-1.8486897,-2.6363053,-2.8158593,-0.6228786,-1.4927963,-1.9508952,-1.1271247,-3.7889245
2015-08-25,279.3334200288338,-1.1375628,-1.5041851,0.29487917,-2.374444,-1.2872659,-0.7692669,-1.936111,-1.2426765,-0.8125436,0.11725532
2015-08-26,279.3209405508599,2.5404165,2.7553475,3.7053804,4.11379,2.6813605,2.7539043,2.4420118,2.1979551,1.0344054,2.084373
2015-08-27,279.2912745022631,0.78657275,1.2325362,1.872792,2.0592186,-0.24857579,0.7685975,2.0356615,0.4754005,1.8036833,1.1032933
2015-08-28,278.7617874715744,-0.25137088,-0.43135545,0.10834982,-0.027435277,1.099402,1.267434,1.074796,-0.009754705,0.048734773,0.24912935
2015-08-31,276.2673610484381,-0.04985091,-0.30539736,-0.4412751,-0.8177987,-0.76422465,0.20013171,-0.27574953,-0.3923715,0.17977087,-0.77735347
2015-09-01,275.92265594086405,-2.3039832,-1.939731,-3.2789183,-3.216192,-2.1146233,-1.3364085,-1.9798918,-1.349151,-1.6834826,-2.1882236
2015-09-02,276.4565546756652,1.0422864,1.3525294,2.7823231,2.7609875,1.3170795,1.4097432,1.1899916,0.6064096,0.43053657,0.88151413
2015-09-03,276.26428170342547,0.74697775,0.6254468,-1.3394959,0.17288364,0.19858144,0.8417611,0.04777294,-0.33321857,0.13154982,0.7164352
2015-09-04,275.9714673164211,-1.366862,-0.9644181,-0.80995446,-1.7071086,-1.2662812,-1.0211438,-1.264102,-1.121598,-1.083374,-1.2660471
2015-09-08,275.98968541849007,1.5404673,1.9500729,1.7793256,2.2481792,2.5420876,1.7268188,2.602288,0.67326915,0.83763415,2.1427438
2015-09-09,276.29216251232543,-0.9645543,-0.9004355,-1.4587777,-1.5632302,-1.1669044,-0.47430092,-1.421278,-0.80970377,-0.81181306,-1.1103797
2015-09-10,276.2119768726573,0.49386328,0.7917557,1.3840386,0.3200528,0.87595457,0.03560173,-0.33978125,0.75484437,0.18876538,0.010523521
2015-09-11,276.33041105138943,0.49863112,-0.60147977,0.8816161,0.26366055,0.4829438,0.33411202,0.11002561,-0.633371,-0.24546096,0.25165465
2015-09-14,276.59058926039364,-0.7612885,-0.80959266,0.5443996,-0.87952554,-0.7373411,-0.15771218,0.23364274,-0.37212488,0.18797815,-0.6997736
2015-09-15,276.96011859409197,0.8090669,0.70048267,0.4606377,1.6145633,0.7006396,0.5759709,0.4908726,0.38436225,0.7717986,0.70209193
2015-09-16,277.6283843750881,0.3696675,0.22050941,-0.039768387,0.48701772,0.42261207,0.05170287,0.40028998,0.1910091,0.5726051,0.6363078
2015-09-17,277.79091307243414,-0.1267445,-0.48216337,-1.6044773,-0.16904096,-2.8818238,-0.121719316,-0.7652907,-0.26179397,-0.47482625,-0.2969053
2015-09-18,277.58368506169523,-1.596082,-0.8672067,-0.40134767,-1.4554541,-0.7575523,-1.2296315,-0.52362645,-0.51989764,-0.31981134,0.58375996
2015-09-21,278.05500650862047,0.8550233,-0.005037785,0.94204444,1.0442294,0.7619109,0.23041244,-0.52708703,-0.13075061,-0.8554207,1.4102082
2015-09-22,278.0834201929866,-0.91098017,-1.0356063,-1.2052225,-0.4538386,-1.2841263,-0.89153326,-1.152302,-0.45732525,-1.560363,0.84700173
2015-09-23,277.85211146145906,-0.35200736,0.35731527,0.43932205,-0.13417639,-0.46180484,0.1080624,-0.12828289,-0.40120173,-1.4702451,0.47526944
2015-09-24,278.2891645424252,0.32258716,0.32996833,0.29117307,-0.009536401,0.051733203,-0.48630068,0.12672287,-0.32681966,0.14670867,-1.2765436
2015-09-25,278.5272904902725,0.43525133,1.5704648,-0.28965044,-0.027381392,-0.10049187,0.57599884,0.44220763,-0.12334846,-0.34119356,-0.69919723
2015-09-28,278.56817861298407,-1.2973332,-0.94088024,-1.4886419,-1.2441152,-1.2512767,-0.10737325,-0.3682109,-0.66344184,-0.75032896,-2.0767899
2015-09-29,278.36373099229235,-0.032601856,-0.056042653,-2.2132745,0.18951459,0.05380713,0.83548325,0.6404713,-0.17575924,0.440463,-0.65488905
2015-09-30,276.0178255956127,1.1010884,1.5220382,0.66397154,1.3906887,1.0901132,1.5477111,2.343623,1.0302521,0.32058007,1.6868074
2015-10-01,275.94222383826957,-0.62257355,-0.78226984,-0.57031536,0.5392876,0.146607,-0.25764138,-1.3981731,-0.5475585,-0.1401014,1.0055199
2015-10-02,276.0306931484105,0.42826733,0.070910834,0.38527346,1.5945075,1.141285,0.8529293,0.31289476,1.5033896,0.68538636,0.045703884
2015-10-05,276.25068217702784,1.9312773,2.6879652,0.13251366,1.7273452,1.2112074,1.1535332,1.5423952,0.8647005,0.36581528,1.2109113
2015-10-06,276.4097091192394,-0.12249136,0.9086935,0.21226396,0.121377826,0.17407101,0.8517248,0.29955152,-0.008242091,0.30581978,-0.6269629
2015-10-07,276.401405467313,0.5494906,0.73100144,-0.44690254,0.0034130157,-0.20924868,0.9172705,0.5884479,0.15212846,0.32964084,-3.4715304
2015-10-08,276.5246267078044,0.9151893,0.86288536,-0.9195866,1.0030308,0.33702332,0.30096146,0.46575066,0.75270855,0.6763253,1.0856284
2015-10-09,276.3843653934769,0.03524672,-0.004812205,1.5156084,-0.645746,0.57125694,-0.6240452,-0.8436311,0.01347952,-0.13653079,1.0257871
2015-10-13,276.508906560067,-0.65699023,-0.26112893,0.00018584244,-0.26468483,-0.4803165,-0.29051638,-0.5893113,-0.30106515,-1.3428929,-0.3285013
2015-10-14,276.73157009988563,0.15561515,-0.07497553,-1.099337,-0.43303564,-1.1069722,1.1922952,1.905695,0.79387695,0.74315566,-0.019978158
2015-10-15,276.7384729607841,0.02330794,0.76233083,0.90820044,0.47246557,0.4513485,-0.09617222,-0.33859202,0.40389457,0.6737627,2.0108068
2015-10-16,276.9601588638335,0.116980456,0.22594135,-0.6244154,0.7494855,-0.41170943,0.4373721,0.06840657,0.41385517,0.21068262,1.2005891
2015-10-19,276.8598444467045,-0.50999063,-0.0048744115,0.31018302,0.10091654,-1.0072825,0.8343913,-0.010968034,-0.6980509,-0.13599907,-0.3174123
2015-10-20,276.8876782015867,-3.7959886,0.56853247,1.1309081,0.16616212,-0.100179866,-0.2484158,-0.32733816,-0.15760234,0.91689086,-1.2239478
2015-10-21,277.2640985352495,0.11655663,-0.50975186,-0.12294022,-1.0216334,-0.5302476,-0.12567395,-0.69371367,-0.10384107,-0.3958486,-0.6335013
2015-10-22,277.1724706202047,1.4112754,1.6549892,0.92929846,1.2862533,2.0789504,1.5507601,6.604352,1.0280613,0.28220072,1.5086657
2015-10-23,277.10284736784143,0.2505584,0.75386316,1.9872864,7.4494042,0.4256038,0.7269585,0.81334394,0.1437569,0.5100994,-0.5477092
2015-10-26,277.28472457593705,-0.4627968,-0.8989343,-2.351528,1.9391314,0.4575556,-0.47784746,-0.26150864,-1.2299719,-0.36527237,0.55089015
2015-10-27,277.58752767659274,-2.6443226,0.21984713,-0.5540873,-0.89326894,-0.13522604,-0.19688326,-0.48548362,-0.027225265,-0.2376818,-0.6769799
2015-10-28,277.6651232981345,1.3518369,0.6872508,2.6627395,0.34107715,0.87862396,0.340213,0.551798,0.6699675,0.60949856,0.18292336
2015-10-29,277.66393771727195,-0.1376291,-0.4954685,0.60668236,-0.9851191,-0.11685298,-1.0381058,-2.256802,-0.28430557,0.42273557,-0.39311832
2015-10-30,275.36517237320595,-0.22545302,-0.653045,-0.7119353,-1.1511594,-0.117020264,-0.2757721,0.067056425,-0.52157,-0.007234417,0.2460673
2015-11-02,275.3522985758126,0.120936535,-0.18468376,0.84863144,0.81276435,1.5125799,0.3627367,0.19163433,0.8414211,0.21775645,0.73313355
2015-11-03,275.31908139261503,0.67285275,-0.36615723,0.6717718,1.255332,0.6933283,0.2847782,0.07626518,0.090976216,0.19085145,0.17714421
2015-11-04,274.99427997647575,-0.12417693,-0.3223131,-0.4409521,0.28294384,0.396343,0.10405595,-0.29768002,-0.5378969,-0.4062616,0.3115925
2015-11-05,275.1606706118579,-0.8017997,-0.09575501,-0.43792313,-0.10947672,-0.3030356,-0.24446996,0.3766017,-7.589853,-0.23284937,-0.44405743
2015-11-06,275.28847885716664,-0.16836134,0.04091208,-0.037731346,0.6984151,0.37753603,-0.26073068,0.1471359,1.9606159,0.5147056,-0.03568335
2015-11-09,275.3407736972716,-1.3857203,-0.62276936,-0.39861768,-1.1787602,-0.96851337,-0.7704049,-0.5235818,-0.49036705,-0.6800857,-0.73976815
2015-11-10,275.25139424686705,0.064230956,-0.4662432,-2.3353431,-1.032313,-0.39129665,-0.23437114,-0.27673963,-0.65875876,-0.20824799,0.19805236
2015-11-12,275.15244486602387,-0.95599765,0.018636836,-0.35094556,-0.5669941,-0.8084383,-0.7452237,-1.054771,-0.3132318,-0.7404454,-0.38216853
2015-11-13,275.2685973534723,-0.63433284,-3.891404,-2.1703846,-0.7933261,-2.4935043,-0.48146513,-0.65752316,-0.6365193,1.6896231,-1.3805481
2015-11-16,275.4246087839808,0.93295056,1.4143832,1.0067079,1.2943292,1.4152309,-0.03325537,0.69708717,0.63855475,1.1219907,0.38677466
2015-11-17,275.4285058623079,0.041310936,0.043690138,-0.41546622,-0.732323,-0.06355455,0.8443131,0.107803375,0.09940732,0.3450923,0.22546749
2015-11-18,275.31930082142986,0.93725747,0.7405023,2.0403981,1.2182035,0.93985957,0.79912204,0.8274563,-4.560084,0.64408416,0.53535074
2015-11-19,275.3897634783383,0.42039526,0.5901682,0.7559992,0.05110818,0.4852349,1.7283776,-0.10016045,0.2863669,0.0796798,0.19946562
2015-11-20,275.70254961156166,0.80650765,0.46763614,0.18452324,0.2835809,0.48046112,0.52184606,0.08380818,1.0580059,-0.12903306,-0.09720802
2015-11-23,275.77827796544824,-0.029602017,-0.33509606,-1.0220731,-0.080530345,-0.43228602,-0.2860843,-0.8810537,-0.67902726,-0.19875632,-0.030103391
2015-11-24,275.58217589703304,0.053409275,-0.3841524,0.5431319,0.006638088,0.47877663,-0.19721276,0.42485735,0.32507068,0.49427003,-0.10404761
2015-11-25,275.546840044285,-0.2885751,-0.07609348,-0.61429054,-0.8978602,-0.43128914,0.11789342,-0.6874703,-0.36637858,0.07746693,-0.2853188
2015-11-27,275.48886184054174,0.20152016,0.18548064,-0.2468697,0.27090457,-0.22198042,-0.0022050138,0.19923688,-0.15549186,0.30376548,0.13742165
2015-11-30,274.41097125999386,0.4302553,-0.17046614,0.16966587,0.53244305,-0.45176885,0.44576323,0.49377546,0.15236862,0.25570452,-0.6099926
2015-12-01,274.7152584299479,0.83597654,0.7508729,-0.68299925,1.1731471,0.37638313,0.4562418,0.10344347,0.39117214,0.82835156,0.6010416
2015-12-02,274.74401994117767,-0.73071706,-0.31046522,-0.74717027,-0.09471719,-1.0183605,-0.40118933,-0.86719376,2.2081518,-0.1927381,-0.48641983
2015-12-03,274.85668572768355,-0.36951548,-1.1710784,-0.7647549,-1.5373703,-1.6837438,-1.202176,0.05405688,-0.47641787,-0.90602547,-1.5649191
2015-12-04,275.2813398143131,0.6799574,1.2574986,2.1466224,2.3680897,2.3334613,1.3305725,1.1204709,0.74156433,0.51950157,1.675555
2015-12-07,275.90805369131715,-0.41298935,0.018879103,-0.5545634,-0.22141574,-0.68154365,0.05656727,-0.6263806,-0.0028590118,-0.3491759,-2.1470075
2015-12-08,276.009637606093,-0.70194626,-0.812907,-0.14674392,-0.10878433,-0.24122927,-0.37262836,-0.7854569,-2.707789,0.006257839,1.3101605
2015-12-09,276.1597468056199,-0.6813322,-1.0175338,-1.6598887,-1.2307247,-0.34845647,0.07174204,-1.0338119,-0.9041029,0.09465494,-1.5981144
2015-12-10,276.35808434589467,0.068575956,0.0923894,0.2104094,0.33292827,-0.78027534,-0.07673439,0.087538846,-0.09947368,-0.70689577,-0.544071
2015-12-11,276.4777370717116,-1.0521631,-1.5034097,-1.9175987,-1.8198832,-1.8689525,-0.7649571,-0.84552234,-1.1293162,-1.0595683,1.547887
2015-12-14,276.67075973567785,0.6319968,0.81056184,-0.54532665,1.4727486,0.7265187,0.28284952,-0.07940435,-0.6868087,-0.70779353,1.0950558
2015-12-15,276.7182205260786,0.857977,0.8732879,-1.3488972,0.0048030834,0.9332435,1.0346522,1.2984505,1.05716,0.86269337,0.36882338
2015-12-16,276.593241015691,0.6812992,0.9329641,0.41177168,1.2317348,1.1664625,0.15833114,0.44411412,-0.033591267,0.00833254,0.8689706
2015-12-17,277.167072297346,-1.1869147,-1.2602402,-1.5935951,-0.6836858,-3.669322,-0.5907129,-1.6868564,-0.58345246,-1.0957134,-1.0096893
2015-12-18,276.71669089249644,-0.88145167,-1.1097932,-2.0107698,-2.3256168,-1.1696514,-1.5781385,-1.7841092,-0.1858496,0.010362392,-2.0456963
2015-12-21,277.0387097441087,0.2730261,0.9057224,0.7232053,0.927307,0.050642025,0.54305,0.8539829,1.1731367,0.8825743,0.07824299
2015-12-22,277.3928931368203,1.125506,0.6037909,-0.18104166,0.6589914,0.23823953,0.71536094,-0.31395373,0.20654112,0.45890298,1.325758
2015-12-23,277.5620406198466,0.2715733,1.2199582,0.7637182,0.5815977,0.55353,0.38181525,1.063797,-0.108496465,0.6507368,0.44276267
2015-12-24,277.41570844207223,-0.14444052,-0.052509,-0.485622,-0.2915289,0.067034416,-0.047095757,-0.037597463,0.38823324,-0.03878009,-0.38922477
2015-12-28,277.462474597669,-0.3070891,-0.17184664,-0.8925279,0.31237143,-0.49088934,-0.09139135,-0.4366017,-0.05335073,-0.32565287,-0.19465837
2015-12-29,277.54395854305614,0.98953325,1.0840105,1.1098804,0.7547922,0.38347268,0.72998625,0.538795,1.0924957,0.48892444,0.6014699
2015-12-30,277.82591399575523,-0.2118636,-0.5713153,-1.0210146,-0.41347155,-0.304264,-0.6766574,-0.9935962,-0.5014247,-0.74311376,-0.16145495
2015-12-31,274.31848846695095,-0.8060535,-0.8792295,-1.4630201,-1.2536359,-0.81312615,-0.8205449,-1.5307194,-0.46061212,-0.7326867,-1.008071
2016-01-04,274.27819871486713,-0.79252803,-1.3128434,-0.059048496,-1.0548276,-1.2849915,-0.71149707,-0.599856,0.037091386,-0.5368914,-1.4432441
2016-01-05,274.2743906373309,-0.05875979,-0.2988945,-1.8793509,0.27930516,-0.29388568,-0.26072875,-0.71426916,-0.97725815,-0.03700303,0.11681479
2016-01-06,274.5827491835989,-0.33249894,-0.69726485,-1.4886651,-1.5279841,0.26539642,-1.1752003,-0.47675502,-0.54502004,-1.8524275,-1.0218979
2016-01-07,275.06379603218585,-1.1136267,-1.51632,-3.1050506,-2.8726046,-1.5974344,-1.9903927,-2.02957,-2.4754324,-1.3373765,-1.4411901
2016-01-08,275.5510207208332,-0.6058927,-1.6329759,0.24719256,0.16070914,-0.8518829,-0.55517757,-1.6472024,-0.33718985,-1.1237187,-1.0094115
2016-01-11,275.5883268595779,0.76128906,1.2653637,0.9936642,-0.12568748,0.49198496,0.8763244,0.9026493,0.106686704,-0.3596479,0.9341744
2016-01-12,275.79588475760386,-0.16966294,0.20038603,0.8788694,0.63868076,0.76004374,0.9716741,0.27956313,0.36019182,0.09369142,0.17200112
2016-01-13,275.8207330139868,-0.8488395,-1.9538956,-1.918805,-1.7993851,-2.6379035,-1.2483102,-2.0918157,-0.4922266,-1.489144,-1.1828269
2016-01-14,275.8547835074744,0.8314232,0.15338722,1.3784233,2.1287394,1.3370937,1.3084701,0.15958542,1.4955295,1.474271,0.9075798
2016-01-15,275.6193834072934,-1.4118587,-2.7997808,-1.7994821,-3.288781,-1.4198613,-4.944866,-2.5094352,-1.9337075,-1.9532622,-0.5650911
2016-01-19,276.18186641078586,-0.96198815,0.62473696,-0.4525527,-0.74656945,0.77980715,0.052007362,0.14433672,0.18570758,0.87528867,-0.123578034
2016-01-20,276.4502483678747,-3.2082446,-2.6472478,-0.02451476,0.27607125,-1.3063638,-0.38239038,0.8747192,-0.23852006,-0.2880269,-0.9918168
2016-01-21,277.03069938051044,0.5377484,-0.0048974305,-0.46693,-0.5609172,0.28186363,0.104380965,0.89568377,1.0116173,1.0334506,-0.08801834
2016-01-22,276.51208902223993,-0.22445272,1.3160973,3.4590356,2.6871338,1.2752014,0.45029223,0.46736342,0.89190084,0.514067,0.9987514
2016-01-25,276.1857540163587,-0.23052628,-0.5631246,-1.4796543,-0.8361247,-0.9967694,-0.58963823,-0.35005915,-0.54552656,-0.42997417,-2.127394
2016-01-26,276.68213204688635,0.25569725,1.5211806,0.2634643,0.49344793,1.6772398,0.5719403,0.6406338,0.8063959,0.9985581,-0.045174684
2016-01-27,276.75043549994746,-0.8664006,-0.805161,-4.8065147,-1.5234568,-0.70869833,-0.24201538,-0.12509881,-1.0156454,-0.7183511,-1.5904757
2016-01-28,276.5241072139557,0.65158033,-0.89900607,0.37608036,1.197356,0.7406615,0.2588614,0.8934886,-4.005298,-1.105109,-0.36996144
2016-01-29,274.9734678083656,1.3192647,1.8733112,2.234803,4.3823743,1.8023708,1.7615945,1.9604049,1.7055777,2.3,3.14997
2016-02-01,274.9671737398726,0.009057717,-0.85401374,-0.76876163,-0.62648535,-0.062643975,-0.351179,-0.20198987,0.6834595,-0.08268387,0.20059487
2016-02-02,275.5991027800177,-0.9866361,-1.8256447,-1.5311937,-2.5815952,-1.9445472,-1.7550186,-2.6007087,-3.0910435,-1.5398711,-1.2842265
2016-02-03,275.7428518269109,0.9079065,0.7581576,1.2379388,-1.3383763,0.5770912,-0.36800703,-0.5484989,1.5507141,0.5061414,-0.10273453
2016-02-04,275.69990919060285,1.4734994,1.2195227,0.43593982,-0.32243794,1.368402,0.7340107,1.0903476,0.8528273,0.61802155,-1.2838407
2016-02-05,275.9683147351896,0.4480486,-1.8228085,-1.9889382,-2.915237,-1.5119256,-1.2990001,-1.709087,-1.7401221,-1.9691842,-5.4635124
2016-02-08,276.083949706234,-0.15681832,0.10863256,0.60643375,-1.265596,-0.25516537,-0.4098874,1.1112084,-0.21497425,-1.6654718,-3.5361176
2016-02-09,276.6603633627878,-1.4928049,-0.80401605,-0.13172819,-0.28747794,-1.1123493,-0.03534352,-0.34718603,-0.37102813,-0.3174446,-1.0310563
2016-02-10,277.04205921600055,-2.041493,-0.40858027,-0.6415886,0.6008752,0.15304196,-1.0667924,-0.007959629,-0.76169425,-0.37131482,1.2514505
2016-02-11,277.1425687961216,-1.2673308,5.988876,-0.5349882,-0.112202756,-0.787721,-0.035834063,-0.5247012,-0.03857771,-1.0141233,-0.61123997
2016-02-12,277.9059742129254,1.6965935,1.1220819,0.09602286,1.1843301,1.2835423,0.7441219,0.8003367,1.5343951,1.031635,1.2679912
2016-02-16,277.5101481711111,0.8809226,1.8631601,1.7979116,1.3895878,0.22687346,0.2339043,1.5152558,2.0747573,1.6114378,1.6127115
2016-02-17,277.3446471727795,1.7156037,1.5400537,0.93020827,1.9334668,1.6846893,1.204559,1.1966779,1.5204712,0.9610257,2.1377113
2016-02-18,277.38640996014027,3.1296203,-0.07886936,-1.4351572,-0.42521918,-0.08153551,-0.10520055,-0.79144716,0.54235566,-0.009233443,-1.126899
2016-02-19,277.483120955879,0.29277253,0.29031453,-0.2743665,-0.638024,0.19909447,-1.2776715,-0.4269595,0.23216587,2.7820837,0.12875943
2016-02-22,277.82456750107764,0.320141,0.19128117,0.48258764,1.162753,0.53152275,1.1192737,0.5154754,1.5938026,0.3949843,2.0502374
2016-02-23,277.29313665284997,-0.66852736,-1.2647519,-1.6923127,-2.3002658,-1.1259284,-0.99343526,-1.2836413,-0.84756577,-0.037308104,-0.666555
2016-02-24,277.3629546550411,0.18226269,0.49208847,0.90143263,0.19446643,0.06861864,0.67625064,0.15976812,0.89763844,0.32434422,0.12824494
2016-02-25,277.5297088374592,0.80250144,0.68490636,0.35451627,1.0398227,1.1446191,0.73664016,0.6419234,0.0246834,0.36498,2.2206337
2016-02-26,277.3737964563892,-1.1952078,-0.47208196,-0.010096398,-1.2932873,-0.6920212,0.2949463,0.122266725,-0.09836581,0.16146997,-0.18629746
2016-02-29,275.30023191634297,-0.49744034,-0.57160485,-0.27521592,-0.7284612,-0.41764373,-0.38237038,-0.40218785,-0.39241853,-0.37203133,-1.1734192
2016-03-01,275.40561144688934,1.5981283,1.5853083,2.5780087,2.5094159,2.1464024,1.3264698,1.2370348,1.0834141,1.019293,2.1597552
2016-03-02,275.55958066095644,0.9006448,0.16426681,0.033533875,0.4718285,-0.49949515,0.27103865,0.1284072,0.55897045,0.17750469,-0.11692978
2016-03-03,275.7996255178143,0.6886251,-0.07713313,0.3952895,-0.97764593,0.1548977,0.050327618,0.39853835,-0.4860499,-0.16927339,-0.9592666
2016-03-04,276.14277436378103,-0.010990516,-0.17422968,0.9029626,-0.5627652,-0.08157485,0.067003064,-0.06835181,0.16103905,-0.21286613,-0.86220104
2016-03-07,276.26290973382834,1.0701051,0.8143286,-0.8861385,-1.606361,0.7662729,0.5024354,0.5552999,0.46713313,0.02570138,-0.8995768
2016-03-08,275.96974969373963,-0.505642,-0.22040719,-0.689914,0.86967045,-0.45923197,-0.6552725,-1.1253706,-0.8014246,-1.5375723,-0.6833146
2016-03-09,276.18169129207206,0.60207707,1.3263779,-0.055901583,1.7107071,0.5107944,0.503649,0.14900544,-0.5239142,0.7828402,0.5375093
2016-03-10,276.09927704798673,-0.11125431,-0.5480789,-0.08331315,-1.2654283,-0.8545399,0.6142392,0.7066922,-0.019722318,0.7869928,-0.43466926
2016-03-11,276.62203823693693,0.9710858,1.1254556,0.62244946,1.4436455,1.5255213,0.81799525,0.5168268,0.09321849,0.916329,0.6976692
2016-03-14,276.49355808710243,0.17745261,-0.37929946,0.058034215,0.06730467,-0.5243042,-0.5564581,-0.5684397,-0.19382577,-0.35679266,0.5880114
2016-03-15,276.53372120153733,0.06969597,-0.09878062,1.2561437,0.53752345,-0.010509707,0.34257826,0.03804192,-0.4830733,-0.10391078,-0.25763112
2016-03-16,276.53588231998907,0.8022392,0.5103013,0.79424447,1.0257299,2.4960034,0.047780123,0.34518936,-0.37160474,0.2333852,0.81176865
2016-03-17,276.21307231947793,0.9748547,0.7136174,-0.22833829,0.3666402,0.58211493,0.45287114,0.3943352,-0.010116293,0.3975905,1.1070439
2016-03-18,276.5062788510432,0.010900703,0.31724396,-0.039020084,-1.780562,1.3758266,1.1000882,0.42179218,0.10419708,0.35094005,2.1914017
2016-03-21,276.48131650437955,0.65491706,-0.3268754,-0.12376363,0.46101204,0.13356325,-0.5571705,-0.16279174,0.46100995,0.40751883,-0.73915184
2016-03-22,276.4786547658643,-0.23921955,0.20239826,0.40871814,0.22515751,-0.46265078,-0.049315263,-0.21503016,-0.24614798,0.01865769,-0.09039392
2016-03-23,276.78422645699777,-1.1868726,-1.0485346,-0.49958494,-0.22593777,-1.1360035,-0.5309321,-0.4039139,-0.98768944,-1.107957,-0.3962581
2016-03-24,276.5754091064916,1.1005621,0.2982123,-0.4170694,0.26794022,0.28857365,-0.21132167,0.014843959,-0.19657417,-0.35352635,0.109555386
2016-03-28,276.65052926297176,0.1833504,-0.14455491,-0.43139634,-1.0573046,-0.67131495,0.014928148,-0.27874276,-0.6821581,0.021563195,-0.20996891
2016-03-29,276.7828286129148,0.38855013,0.4598825,1.4969603,1.616452,0.053641513,0.7532174,0.83786315,0.3687343,0.72216654,0.41296276
2016-03-30,277.07613283524233,-0.40564272,0.82399786,1.076264,0.4053,0.37273464,0.5056162,0.8951823,0.1867447,0.8270183,0.23788778
2016-03-31,273.7023764879705,1.285078,0.01818689,-0.4809561,0.1780096,-0.18254933,-0.5887569,-1.060841,0.05256877,0.19721709,-0.11874897
2016-04-01,273.7521735958826,0.4384385,0.49237755,0.5158426,0.40523812,0.33820522,0.14271925,0.4435852,-0.31224537,0.39280093,0.75987864
2016-04-04,273.7638580969469,-0.20088947,-0.66630286,0.59140235,-0.2798478,-0.2323622,-0.73852366,-0.31501532,-0.28653577,-0.5779681,-0.56311315
2016-04-05,273.87315216028117,-0.88851005,-1.3023496,-0.9420942,-1.3314729,-0.9935755,-0.17858306,-0.10014968,-0.6037424,-0.52333295,-0.3485466
2016-04-06,274.03077543330744,-0.0032387332,0.9717046,0.6048095,0.7270117,0.2914204,0.27392656,0.5730961,0.4151856,0.13825627,0.67172784
2016-04-07,273.7665127037164,-0.77107346,-0.9332538,-1.6502143,-1.0332056,-1.4133482,-0.8777933,-1.3296901,-0.6131558,-0.6067366,-1.1929836
2016-04-08,273.9839950828586,0.4610258,0.20574614,-0.041754566,-0.1384175,0.587454,0.114025444,0.67161363,0.39763427,-0.10293718,0.059384115
2016-04-11,273.91021679896147,-0.05467794,-0.16794434,0.11119491,-0.24031703,-0.030367235,0.04847801,-0.1615012,0.312617,0.22067112,-0.8736688
2016-04-12,273.9811078930055,0.15085402,0.04222728,0.7800273,0.41315928,0.22594249,0.29225704,0.54142714,-0.24134742,-0.10279274,0.18051961
2016-04-13,274.0567208847049,0.668482,1.3598422,0.88004136,0.9258578,1.4189954,0.4192135,0.64496505,0.89142734,0.6763569,0.5995563
2016-04-14,274.1318169351568,-0.04134289,0.041254405,-0.08122512,-0.06604443,-0.19841897,-0.5503534,-0.039882675,-0.16834383,0.2525282,-0.19069634
2016-04-15,273.9514932684559,0.22469568,-0.80963683,-1.5263083,0.33283836,-0.4501069,-0.5723515,-0.38047838,-0.7516283,-0.10227211,0.33851764
2016-04-18,274.23927601734783,0.32884055,0.6637839,-1.6319057,1.0616051,0.28689528,0.29422662,-0.06979445,0.3527776,0.0937854,0.76582617
2016-04-19,274.5260396507311,-3.691923,0.3158178,-0.48699075,-0.17837256,-0.38287824,-0.09864742,-0.6248291,0.16506323,-0.7926951,-0.15073542
2016-04-20,274.8318107971896,0.91873235,0.24625352,0.0243898,-1.2080256,-0.014504541,0.63272846,0.5456134,0.14631352,-0.20216714,-0.2531139
2016-04-21,275.0251425664913,1.369661,-0.46171638,-0.87219465,0.1886989,-0.26610908,-0.06552617,-0.28091556,-0.44820625,-0.4632258,-0.10556961
2016-04-22,274.88776176602323,-0.35504302,-0.21127503,-0.30795014,-5.9518156,-0.5704934,-0.5530206,-0.27140743,0.76330686,0.21805936,-1.1528726
2016-04-25,274.3075379379667,0.12169146,0.17886718,-0.5133901,0.4215829,0.053680155,-0.42679358,0.25222343,-0.26226816,-0.40367082,0.5242347
2016-04-26,274.76581581158507,0.10442151,0.4978379,-0.6013237,-1.101809,-0.3014761,-0.00057657174,0.290306,0.33283386,0.57654685,0.09405678
2016-04-27,274.8765603639041,0.5819973,0.42629617,-4.5963545,-0.8511667,0.25637335,0.5555576,0.4265331,-0.089375675,0.21357134,-0.45997465
2016-04-28,274.7404237797363,-1.4730811,-1.5597268,-2.270055,-1.7086133,-0.9638684,-1.0689579,-0.9417878,-0.74632114,-1.3007432,-1.4378479
2016-04-29,272.85048647708027,-0.5056929,-1.095919,-0.9233613,-0.12778674,-0.8895368,-1.4147438,-1.7755412,-1.5058638,-0.7781218,0.25078076
2016-05-02,273.3148008379197,-0.30642956,-0.28647307,-0.19298145,1.0861087,0.6750428,0.543615,0.74411607,0.44651294,-0.41379097,0.31372923
2016-05-03,273.6291098693994,-0.51589483,-1.2181252,1.0146981,-1.3887403,-1.1499946,-0.44062352,-0.75846106,-0.41970274,-0.521198,-0.9470466
2016-05-04,273.4759602219373,0.04121599,-1.0209426,-0.84534824,0.062718034,-0.76224387,-0.4478438,-0.8916097,-0.29616833,-0.610807,-0.6104405
2016-05-05,273.23933919919284,0.9649394,-0.56758684,-0.40159717,0.030888483,-0.18686634,0.06983278,0.12979011,0.49125245,-0.08259368,0.24033038
2016-05-06,273.0674787971314,0.95942175,0.7773921,-0.50788265,0.6304793,0.23396227,0.2248713,0.4918526,-0.2677417,-0.040073153,0.39621052
2016-05-09,273.498116499975,0.009733249,-0.05310866,-0.0662156,-0.5845081,-0.16908404,-0.43136594,-0.39056084,0.16822106,-0.040161453,0.07135916
2016-05-10,273.16686185286153,1.1197084,1.2473942,0.3516843,1.4085176,1.0645863,0.5698261,0.65358543,0.7541741,0.107998356,1.1073835
2016-05-11,273.24257852418185,-0.44866058,-0.7961908,-0.79941833,-0.03364137,-0.72173053,-0.15407938,-0.08987373,-0.08081626,-0.01925414,-0.40263423
2016-05-12,273.19967047736947,-0.059370063,-0.076881826,-1.7693262,0.6302676,0.2133408,-0.5351887,-0.5741454,-0.6416277,-0.8919125,-0.2226368
2016-05-13,273.3691768871016,-0.4952198,-0.34381637,0.019589435,-0.7439152,-0.44599047,0.24318488,-0.13127986,-0.24865119,-0.12561649,-0.12567514
2016-05-16,273.45927211765854,0.7370612,1.0564138,2.4143884,1.0735795,0.5419651,0.80620164,0.8349126,0.4382911,0.43074793,0.6764711
2016-05-17,273.63417776302896,-0.6398769,-0.77464974,-0.40787628,-1.5701175,-0.72244793,-0.7188218,-0.6946195,-0.010885397,-0.53138703,-0.9661279
2016-05-18,273.79636046560455,-0.2977434,0.16481966,0.67186946,0.38815868,-0.30816197,0.00043365313,0.50475955,0.6125773,0.5146326,0.36333957
2016-05-19,274.06495780829647,-1.0665946,2.0184648,-0.3832305,-0.84640735,-1.1901355,-0.6409251,-0.89126605,-0.106645525,-0.10382793,-0.65902907
2016-05-20,273.6482578846207,1.003909,0.9250109,0.62963,0.39005876,0.92240256,0.882417,1.2390896,1.4092746,5.3767257,0.51095307
2016-05-23,273.79290169970994,-0.22074066,-0.07376816,0.7585085,-1.0076591,-0.48492092,0.12015842,0.11199062,-0.3648634,0.36188832,-0.29839024
2016-05-24,273.79769293670273,0.65575624,1.2085438,0.932225,2.348559,1.1732131,1.3830283,1.2648852,1.0857476,1.1752985,1.7685049
2016-05-25,273.52448869414786,1.4294854,1.0071512,1.091624,0.7286905,0.31459492,0.5295137,0.25368708,0.23667996,0.2216858,-0.14449845
2016-05-26,273.48927872684254,0.30349776,-0.04907347,0.43026817,-0.43030524,-0.3914061,0.14769189,0.23223297,-0.27594346,0.042072393,-0.28160164
2016-05-27,273.5434866021281,0.15565394,0.040148664,-0.1602058,0.5728855,0.12512471,0.11438957,0.15300882,-0.031485897,1.161473,0.34636375
2016-05-31,271.8643440245174,0.36312166,0.28369898,-0.4605628,0.94525945,0.14178689,0.016392466,-0.49763298,-0.369512,-0.1171064,-0.54997885
2016-06-01,271.82516208001675,-0.5267217,-0.33664802,-1.1034944,-0.30499533,0.021305066,0.09813563,0.36630616,-0.188515,-0.15179776,0.22222228
2016-06-02,272.0532400869722,0.40150973,0.3945762,-0.6449658,-0.6375861,-2.8769193,0.14669555,-0.39037123,-0.006257478,0.1593872,-0.052081067
2016-06-03,272.1247185825357,-0.26734662,0.106093615,0.023143824,-1.1302825,0.6985831,-0.24490857,-0.3138486,-0.031179719,-0.30710956,-1.0510772
2016-06-06,272.48890696096305,-0.079375476,-0.07062343,0.38386354,0.43885443,0.51531166,0.081512615,0.6474134,-0.122193925,-0.46524677,0.13108474
2016-06-07,272.75000562651394,0.23856558,-0.07078486,0.16266769,-0.12575753,-0.62547785,0.30884388,0.16993038,-0.122220926,-0.082567774,-0.5092752
2016-06-08,272.7458801079793,0.26667082,0.1504385,-0.18230845,-0.17144784,0.18217494,-0.00035889942,0.40731737,0.0019470862,0.02212115,-0.03172829
2016-06-09,273.0498575790879,-0.25357172,-0.004413945,0.3784512,-0.72218066,-0.48632118,0.06437176,-0.032749627,-0.047760718,0.24716933,-0.5169545
2016-06-10,273.195776633072,-0.45143035,-0.24817751,-0.69338256,-0.29527757,-0.6308755,0.14491773,-0.30917683,-1.0408814,-0.69196796,-0.75508386
2016-06-13,273.2834199220306,-0.47134867,-0.42774114,-1.1749485,-2.1686919,-0.29537287,0.1926272,-0.45400673,-0.932446,-0.3111678,-0.21526125
2016-06-14,273.56605069561397,-0.10506387,0.26339602,-0.03304454,-0.5710799,0.29212287,-0.0649759,0.26482275,-0.19269787,-0.43663204,-0.119250245
2016-06-15,273.74458839126316,-0.17301014,-0.69911355,-0.34703198,-0.3028477,-0.77715886,-0.87616605,-0.29098037,0.41618502,-0.1537765,-0.10639764
2016-06-16,273.69789939730373,0.14919665,0.48917425,0.17397973,1.0265231,0.27604935,0.11385986,0.2639284,0.038351204,-0.100431435,-0.023488946
2016-06-17,274.0735043605521,0.38077784,0.17424308,-1.7164379,-0.489286,1.748275,0.097148106,-0.51109207,0.029547745,-0.5481356,-1.1659741
2016-06-20,274.07505998513295,0.6663514,-0.3401345,-0.28611177,-0.1750166,0.0051844046,0.6459456,0.2835866,0.20653903,0.2758983,1.4099759
2016-06-21,273.9747730245054,0.1711233,-0.07181842,0.47040543,1.66893,0.36786595,0.22355326,-0.061250325,-0.08923427,0.2729099,0.9519378
2016-06-22,273.43513581555413,-0.48296234,-0.11660785,-0.3801049,-0.39010882,-0.04710493,-0.064728424,-0.07083218,0.05384299,0.1646074,-3.78744
2016-06-23,273.4372359256149,0.99647194,1.1085926,0.28020397,1.3352977,1.3166155,1.0918617,1.0803825,1.1707342,0.8748333,1.3018886
2016-06-24,273.4062350297314,-3.724863,-3.3330028,-2.0995724,-3.317682,-2.8365521,-2.3237135,-2.7268753,-2.9752753,-2.3635237,-2.771437
2016-06-27,274.0279639679012,-1.3744167,-1.0369023,-1.1367567,-2.3334172,-1.4115814,-1.3945315,-1.544961,-0.94262147,-1.8250808,-1.0451134
2016-06-28,274.034221065848,0.9613332,1.1209226,1.0409225,1.5515294,1.0725497,0.76777756,1.1005981,1.1194739,1.1298676,0.9558889
2016-06-29,273.8666309963239,1.1884284,1.0783255,0.47992703,1.660092,2.374612,1.1949886,0.8646796,0.8096771,1.0424927,1.1477362
2016-06-30,271.44668894081957,1.4027328,0.9643395,0.7613819,0.9043196,0.5615016,1.3744181,1.2438835,-0.063851535,0.6467499,0.7822758
2016-07-01,271.67030127806333,0.22719896,0.2413165,0.09169394,-0.09545964,0.0535822,-0.095237836,-0.60082,-0.566994,-0.22378807,-0.43862227
2016-07-05,271.3722897026312,-0.29492706,-0.4778226,-0.7773764,-0.06431362,-0.86184365,-0.12693991,-0.91258603,-0.99910057,-0.17105757,-0.5190477
2016-07-06,271.65935323009154,0.27775812,0.8732,0.27573365,0.2453334,0.13994709,0.4406998,-0.27321333,0.29386872,0.2001757,0.16162303
2016-07-07,271.74697645812785,0.0838494,0.040404316,0.1791057,-0.07993596,-0.08148577,0.3432419,0.5926724,0.40255278,0.425069,-0.15900977
2016-07-08,272.02305503851625,0.76269597,1.1476531,0.41603452,1.3286192,0.49435145,1.2151073,1.3270566,0.9881868,1.0162635,0.93544877
2016-07-11,272.25046062103934,0.34695128,0.36804911,0.09653758,0.35871038,-0.23343576,0.55832857,0.03140022,-0.13955241,0.288597,0.09151282
2016-07-12,272.39532599969357,0.68811655,0.38780278,0.1960407,0.8495812,0.991873,0.81905276,0.8163832,0.33700693,0.35185882,0.12256923
2016-07-13,272.25330203574424,0.38557714,0.29888994,-0.51356274,0.36604372,-0.014973289,0.08707066,0.0567909,0.09352769,0.74060863,-0.26015228
2016-07-14,272.71399158705174,0.89629024,0.01722602,1.2468948,0.2599046,0.26671126,0.26330262,0.15688549,-0.039416116,0.22596109,0.09666692
2016-07-15,272.60538785782455,-0.21226925,0.125285,-0.12614761,-0.13916439,0.08372293,-0.2078801,-0.053406432,-0.18855628,0.30399612,-0.049959894
2016-07-18,272.6257464124482,0.019711604,0.18953113,0.6169396,0.30288044,-0.2963804,-0.046035156,0.21918625,0.41430432,0.3322519,-0.15788625
2016-07-19,272.8593560572863,-0.12439752,0.017114865,-0.09111405,-1.3683486,-1.0148402,0.13072659,-0.31699857,-0.25348717,-0.41724133,-0.13238828
2016-07-20,272.7653336853751,0.69741637,1.5053364,-0.056335144,4.0222893,0.20309961,0.77170044,0.3725006,0.4759644,0.33141428,0.25350043
2016-07-21,272.6156920106358,-0.37420622,-0.10948493,-0.4891411,-0.23626702,-0.38295877,-2.115891,-0.5794458,3.146693,-0.75341105,-1.4458728
2016-07-22,272.8570386080851,0.6305028,0.26873544,-0.6599039,1.0060422,-0.064760275,0.5684875,0.4359797,0.83459985,0.14219408,0.96570283
2016-07-25,272.9927527908244,0.2163462,0.16317487,-1.0558616,0.14360467,0.052527696,0.028090965,0.56550545,-0.39386138,0.10910134,-0.6022749
2016-07-26,273.18587944856705,-0.22090691,0.18367952,-0.5991124,-0.038307834,-0.45092347,0.5760138,4.380522,0.38050112,0.42427886,0.24262902
2016-07-27,273.1724827276774,-0.12668762,-0.2553381,4.2579355,-0.87960935,-0.09838404,-0.40114474,-0.21419957,0.7699366,0.05886456,-0.119570956
2016-07-28,273.388134940524,-0.19410932,-0.5095294,0.81348467,-0.052042965,0.35484576,-0.10582262,-0.64316124,-0.13896994,-0.52421045,0.1899042
2016-07-29,272.71017745672026,-0.3103436,0.01670795,-0.20578118,0.57998085,-0.33301318,0.1170858,-0.49518603,0.028197788,-0.60931647,-0.49923998
2016-08-01,272.82526873409347,0.3175213,0.415992,1.0988911,-0.22010021,0.10294328,-0.031393945,0.020220008,-0.61383355,-0.11470438,-0.22124721
2016-08-02,273.1557324618027,-0.35782376,-0.2354927,-1.1560721,-0.080187954,-0.8224993,-0.44865596,-0.9679915,-1.0081476,-0.56743693,-1.2013475
2016-08-03,273.4588891378553,0.0238399,0.20580757,0.7472939,0.46355322,-0.0815627,-0.09212895,-0.064109474,0.22541298,0.28952459,0.2667564
2016-08-04,273.37221618813106,0.3373881,0.16324036,0.30934796,0.5012775,0.23935488,0.4789523,0.53370017,-0.1031581,0.19036984,0.1366448
2016-08-05,273.1534694674617,0.75543034,0.49577755,0.93073744,0.7026337,0.3049556,0.57789576,0.36709264,0.67261773,0.61595047,1.1011066
2016-08-08,273.2071096653678,-0.035791606,-0.06674632,0.45459655,0.056340367,-0.031305637,0.07192883,-0.09828439,-0.38953987,-0.051142853,-0.47758058
2016-08-09,273.1313851077952,-0.11881479,-0.15005293,0.16292417,0.11058865,-0.18208802,-0.19399394,0.0027613603,0.22058354,-0.14556387,0.106594756
2016-08-10,273.19280143098524,0.11033692,-0.19217582,-0.63838226,-0.32553115,-0.09831995,-0.59727156,-0.39368552,-0.28642488,-0.68561417,0.95590186
2016-08-11,273.3869161897329,0.55770344,0.20423181,-0.16380921,0.30092317,0.23636942,0.2073284,0.0031386637,-0.058729835,0.5675773,0.511475
2016-08-12,273.3262417916653,-0.6331226,-0.17129365,0.042050526,-0.5706693,-0.399496,-0.18090485,-0.22522375,-0.10290192,0.48017746,-0.5175608
2016-08-15,273.11523362756793,-0.039785843,0.6600688,0.71190643,0.16552602,0.41983503,0.48932377,0.32354996,0.44605005,0.36541936,-0.19982871
2016-08-16,273.21199874522586,-0.4801361,-0.14924663,-0.18236667,-0.520181,-0.19820826,0.42563853,-0.520287,-0.34347406,-0.46849555,-0.3353183
2016-08-17,273.4285319096012,-0.11559675,-0.83874476,-0.22045459,0.08497937,-0.26528454,-0.29638714,-0.08987899,0.07256308,0.025795178,-0.6892065
2016-08-18,273.3839211679249,0.35370383,-0.5101893,-0.20792301,-0.025243994,-0.19874772,-0.09058072,0.1721678,0.4700279,0.51627976,0.46814045
2016-08-19,273.41762886953904,-0.5374578,0.08013441,0.059488386,-0.05273216,0.21934684,0.3808455,0.028095005,-0.2829827,2.8047643,-0.34801996
2016-08-22,273.4188245841156,-0.028023928,0.22754456,-0.6610933,-0.011556541,-0.24855466,0.15899877,-0.31759876,-0.030189054,-0.78613997,-0.1815687
2016-08-23,273.46777698758655,0.09186353,0.7283407,0.09871749,0.22115362,0.3849779,0.04172061,-0.106788054,0.10671859,1.2050254,0.42198548
2016-08-24,273.3942106867296,-0.49683407,0.161842,-0.6443484,0.0017828749,-0.7993638,-0.38306102,-0.15753862,-0.42764884,-0.4363736,-0.13212414
2016-08-25,273.38688244347094,-0.1811776,0.4712746,-0.41535085,0.21976186,-0.031249186,-0.10502589,-0.15761895,-0.059050545,-0.15371986,0.20410113
2016-08-26,273.32232617617166,-0.13719161,0.11907724,-0.527104,-0.2709903,0.18622048,0.2331243,-0.1491909,0.15781647,0.3704786,0.09303052
2016-08-29,273.3010680969279,0.55110705,0.46677363,-0.1968421,0.015241172,0.0019223243,0.40671772,0.10482319,0.31025708,0.029923959,0.013473109
2016-08-30,273.19671175425174,-0.14041483,-0.08610791,-0.65469533,-0.36698687,-0.081554346,0.20101616,-0.65877813,-0.10967777,-0.16695379,-0.31436437
2016-08-31,270.06999238641515,-0.22253609,-0.20702493,-0.05421733,-0.6729402,-0.23161924,0.2587711,0.105410926,0.012985097,-0.29460007,0.05532491
2016-09-01,270.22184484455147,0.25210688,0.2798788,0.29351687,0.10022225,-0.1817553,0.17114934,0.045654777,0.20665616,0.5508383,0.22433189
2016-09-02,270.6919897293464,-0.009072109,0.5005147,0.5312164,0.030682916,0.06911141,0.07004651,-0.10671769,-0.16688183,-0.46113953,0.27041852
2016-09-06,270.9697450762329,0.30715373,0.07626169,-0.13923474,-0.16251862,-0.08143326,0.68177456,0.0032134296,-0.26779222,-0.13886467,-0.17523812
2016-09-07,271.1878242154025,0.49999768,-0.16531453,0.30656996,-0.010892101,-0.08144904,-0.17204897,-0.34395072,-0.55887765,-0.18132229,-0.43422857
2016-09-08,271.2019015674342,-1.0669307,-0.6526772,-1.9725944,-0.39745608,-0.97277534,-0.044599894,-0.51581943,0.10808262,-0.25244388,-0.8129429
2016-09-09,271.14801191087645,-1.3594891,-1.2794203,-1.7182022,-1.7863779,-1.2593715,-1.4558468,-2.1077402,-1.6821735,-1.4234182,-1.6780499
2016-09-12,271.46352286782843,1.0472171,1.2108829,1.4252928,1.0984979,1.0287765,0.90962356,1.0237948,1.2001823,0.97336817,0.45223498
2016-09-13,271.39609369959487,-1.0235426,-0.7840696,1.5212873,-0.8073432,-0.9339114,-0.69461757,-0.51695764,-0.7872297,-0.38357475,-1.1010777
2016-09-14,271.55991456100065,-0.7398028,-0.12833266,2.3052945,-0.46017203,0.038530678,-0.0017511063,0.2069358,0.14106767,-0.010619781,-0.12037427
2016-09-15,271.7824033463913,0.65270156,0.6345361,2.211034,1.2218648,0.95536095,1.3309625,1.1425756,0.6147858,0.93886703,0.38706404
2016-09-16,271.9470031359031,-0.7652215,-0.97576034,-0.5124391,0.003248299,-3.434635,1.5305862,0.02948044,0.24498478,-0.22291411,-0.5646497
2016-09-19,272.1645168339607,0.41450965,0.36970243,-0.93628585,-0.5247792,0.46538752,-0.72138935,0.06324228,-0.17470671,0.26747155,0.33642092
2016-09-20,272.3049283907711,-0.18625851,0.16125831,-0.12536392,-0.24744448,-0.36323598,-0.044313245,-0.396458,-0.19661295,0.04274208,0.4502631
2016-09-21,272.4168096318,0.43344045,0.53107744,-0.13143149,1.2353239,0.6904105,0.41334438,0.23379679,0.5452641,0.16688636,4.135837
2016-09-22,272.5371715078885,0.22581221,0.6081237,0.53383416,0.0022583138,-0.081527896,0.121378586,0.07978492,-0.11658419,-0.47117707,-0.051949978
2016-09-23,273.0632560835165,-0.4769308,-0.65888697,-1.2876658,-0.61632866,-0.5717111,-0.51468456,-0.7546807,-0.63477176,-0.969882,-0.39148858
2016-09-26,273.2478997827657,-0.4261981,-0.5621548,-0.014014065,-0.814445,-0.43382943,-0.7727637,-0.5719643,-0.40041402,-0.5260812,-0.2534908
2016-09-27,272.97314490724676,1.1366429,0.8399791,0.0103789335,1.3686808,0.39363047,0.7256763,0.79350907,0.6423857,0.33252472,1.2632014
2016-09-28,272.9825385984962,0.6051098,0.03650778,0.40805036,0.029165287,0.1635456,0.3436333,0.15649566,0.019504001,0.059618637,-0.25120845
2016-09-29,272.7364384425955,-0.08508748,-0.22955248,-1.2084993,-0.94543207,-0.64312446,-0.18254495,-0.005174351,2.696329,-0.31035855,-1.0979025
2016-09-30,271.3664500520767,0.28602475,0.66637295,0.4192214,0.19647525,0.19992436,0.5764269,0.1967572,0.6212666,0.7243316,0.29227793
2016-10-03,271.49815173763795,-0.5143438,0.0772754,-0.44725507,-0.3284878,-0.59227943,-0.13976566,-0.5287382,-1.0125974,-0.4061897,-0.18455574
2016-10-04,271.71132991028253,-0.4813448,-0.3106405,0.17730017,-0.3292703,-0.29395956,-0.18140808,-0.1491805,-0.37294388,-0.5226512,-0.1672938
2016-10-05,271.3482164813118,0.24025838,0.48475906,-0.08878308,0.47346607,0.41327855,0.6002048,0.76042825,0.02809636,0.38602075,0.10168549
2016-10-06,271.43133575903727,-0.09432425,-0.2279586,0.39673206,0.057841707,-0.57621187,0.09255631,0.21032164,0.39269865,-0.15315674,-0.2703025
2016-10-07,271.10862927973926,-0.50853086,-0.024559213,-0.015645584,0.002737448,-0.099249616,0.024563627,-0.16466276,0.35454777,-0.28097436,-0.087328784
2016-10-11,271.241403631915,-0.92838895,-0.8861649,0.030449266,-1.2522264,-1.1788268,-1.0470011,-1.0852845,-0.8717295,-1.1609429,-1.2066826
2016-10-12,271.4799141728519,-0.21984936,-1.4673831,0.5012625,-0.19107649,-0.008996618,-0.21094678,-0.34786654,-0.10146384,-0.08250229,0.25946426
2016-10-13,271.4654516250052,-0.24969248,-0.36467972,-0.333842,-0.34464055,-0.11768227,-0.23967034,-0.687646,-0.3291947,-1.2496326,-0.15601906
2016-10-14,271.73695872678354,0.29049766,0.01701825,0.2668254,0.6145829,0.6038746,0.65092236,0.5340445,-0.080829576,0.2348248,-0.23078689
2016-10-17,271.9464938230866,0.11986212,0.08075277,-0.16677025,-0.35695934,-0.2972227,-0.2378256,-0.15021524,-0.43494117,-0.49090877,-0.33478326
2016-10-18,272.0485188266259,-1.7094055,0.46173057,-0.16677178,0.5279754,0.15215403,0.6177039,0.6222694,0.5491014,0.25048307,0.4024306
2016-10-19,272.0988948992855,0.21635112,-0.19458939,-0.32720914,-0.25913188,-0.20721239,-3.180155,0.114463404,-0.29442635,0.3674081,-0.14992768
2016-10-20,272.15899793752874,0.0973561,-0.40791643,-0.15495162,-0.46717262,-0.55045193,-0.13305509,0.13075162,0.97723866,0.006861754,0.23298067
2016-10-21,272.22289007519834,-0.8156578,-0.02562355,-0.39351973,3.1916578,-0.37164992,-0.4267785,0.0961848,0.3155487,-0.008177672,-0.13268255
2016-10-24,272.2270784391694,0.3882248,0.6531949,0.5051889,1.6823274,0.5336029,0.14513457,1.3363608,0.0060302895,0.97396946,0.8731329
2016-10-25,272.1683189257126,0.11909618,-0.25799832,0.23508115,-0.09299871,0.08043073,-0.2516377,-0.48669064,-0.31508136,-0.50492054,-1.1385964
2016-10-26,272.475384081129,0.38079932,0.4393167,-1.7032274,-0.5495911,-0.17143151,-0.28236923,0.33186013,0.24675764,-0.09719589,-0.7391579
2016-10-27,272.68226950743224,0.63344866,-0.36353236,-0.7906388,-0.77616304,-0.24367902,-0.17969327,-0.90308857,1.1609787,-0.06792454,-0.6520383
2016-10-28,272.8941513681768,-0.32169923,0.43922392,-0.5823721,-0.38403434,-0.17175807,-0.12067272,-0.031392284,-1.1894897,-0.37619057,0.17401733
2016-10-31,272.7239083090539,0.43888655,0.1847154,-0.22929746,-0.013915181,0.3684531,0.17655171,-0.048112355,0.13119766,0.5317576,-0.18438725
2016-11-01,272.97231662338686,-0.38794485,-0.42566377,-1.3863997,-0.23901063,-0.009818646,-0.53816986,-1.2783204,-0.33268616,-0.34471658,-0.5027681
2016-11-02,273.2058185550572,-0.36477834,-0.19501206,-0.05646952,-0.5717299,-0.85646915,0.102995224,-0.60308754,-0.919244,-0.5378164,-0.7035435
2016-11-03,273.6417972453343,0.1646215,-0.15327711,-0.8673507,-0.37375325,0.42393833,-0.6375654,-0.4720371,-0.17566447,-0.5575674,0.61257344
2016-11-04,273.67009092179677,0.013267942,-0.28176132,-0.7476933,-0.75127476,-0.13555384,-0.5065508,-0.35190886,-0.23026495,-0.15731545,-0.69537306
2016-11-07,273.76117970157674,1.353971,1.5794235,0.87624806,2.1909463,1.3612964,1.6178185,1.131703,1.0813848,1.5451667,1.2867671
2016-11-08,273.4011030283523,0.33937204,0.12046361,0.2892629,-0.014744179,-0.011062925,0.05772341,0.6088468,-0.20703825,0.1756169,-0.286362
2016-11-09,273.58537067548826,-0.16054916,0.74045116,-0.23135228,-0.47384825,0.65416574,-0.0018794937,-0.12381059,-0.34095204,-0.62953055,-0.43580538
2016-11-10,273.6909021525038,2.1852355,-0.7496224,-2.0820887,-2.037217,-0.029340325,-0.3899554,-0.6435535,-1.1434247,-1.4816358,-2.342396
2016-11-14,273.78437158803166,-1.2372266,0.016067825,-1.8831456,-1.2958697,-0.3440655,-0.21129386,0.053969603,-0.73041975,0.1655299,-0.8893969
2016-11-15,273.40696379389993,0.17368355,0.670359,0.7957651,1.4678634,-0.30992573,0.623935,0.7572253,0.4941393,0.81049526,0.6139501
2016-11-16,273.33596342326956,0.23743214,-0.26938838,1.7257562,0.9619805,0.84471154,-0.1204509,0.0515287,-0.40162498,0.4978247,0.11855467
2016-11-17,273.3287258339483,0.19242367,-3.1857538,-0.14404467,1.2231139,0.8667133,0.24967338,0.6366667,0.17192014,0.90399927,0.8899823
2016-11-18,273.55007890596227,0.22376436,0.27402395,-0.049183343,-0.459644,-0.75258005,-0.120167494,0.33537287,0.35303926,-0.06888322,-0.59652317
2016-11-21,273.6808148473773,0.9302934,-0.2830758,0.9276103,0.5855655,-0.029699711,0.027552754,0.7838378,-0.22269054,0.7465073,0.23862141
2016-11-22,273.6456371456876,-0.051248774,-0.34897038,-0.07511976,0.25703862,0.26304984,0.716789,0.48551598,0.7307332,0.48073065,-0.3906074
2016-11-23,273.67733861558696,-0.28382885,-0.39427724,-0.47370914,-1.0178492,-0.06437128,-0.42628407,-0.36090377,-0.20061775,0.19625238,-0.7237405
2016-11-25,273.39728757829465,0.44442105,0.8150769,0.2303223,0.089990795,0.21000294,0.33452508,0.20486465,0.02571078,-0.082601696,0.3478924
2016-11-28,273.51281365143603,0.52684057,-0.36991516,-0.25558263,0.024291445,-0.030250106,0.08523509,-0.010428722,-0.5253036,-0.13558853,-0.43972594
2016-11-29,273.5155202608668,-0.3980718,-0.19879805,-0.18724056,0.5440966,0.34462297,-0.30865183,-0.19315556,-0.30470908,0.33940628,0.13427281
2016-11-30,272.95300496239355,-0.52676535,-0.025952475,-0.70809275,-1.164113,-0.6962095,-0.91757864,-0.46452567,0.83507293,-0.030109629,-1.4105321
2016-12-01,272.3564860204298,-0.96619076,-0.8071961,-0.7712469,-1.4878148,-2.6856906,-1.4367175,-2.971841,-2.8085663,-2.9311953,-2.1585882
2016-12-02,272.33867899450905,0.06760141,-0.4424689,0.14108779,-0.013083649,-0.4386889,0.59265894,0.16968448,1.0935326,1.7572348,0.00451358
2016-12-05,272.56682911780007,-0.08437951,0.60857356,-0.6213171,1.2075676,0.7548739,0.33047003,-0.26558822,0.27657172,0.03815394,1.2342426
2016-12-06,272.7350599608356,0.191507,-0.44178936,0.4147046,-0.4363331,0.79725397,0.4772307,0.6266623,0.6592884,0.024438612,-0.37643597
2016-12-07,272.8310088207334,1.7352035,1.3424224,0.5611632,1.7752893,1.387101,1.1321044,0.5936082,0.5146314,1.1028042,0.9639225
2016-12-08,273.07765711807303,0.20878513,-0.0044171577,0.5605792,-0.5462576,-0.030300323,0.27379867,-0.147223,0.058552027,0.17633493,-0.048320048
2016-12-09,273.0742449020047,0.43504018,0.23175777,1.0071504,1.1566458,0.20821664,0.07016516,-0.20475906,-0.10070611,-0.54976165,0.3512856
2016-12-12,273.1251347528922,-0.40520793,0.23094305,-0.5166976,0.1750528,-0.09854416,0.2860467,-0.30380988,-0.11397248,-0.5418113,0.37113065
2016-12-13,273.2170978756676,1.0573629,0.88663006,1.0315092,0.9449854,0.34248775,1.1626271,1.1098025,0.49262792,-0.043030854,0.44888625
2016-12-14,273.1495164101261,0.07141607,-0.2788633,-0.118846506,-0.45838168,0.1210227,-0.36906505,-0.6580557,-1.2619586,0.06212584,-0.33122963
2016-12-15,273.5048912892762,-0.19825435,0.35452887,0.26035604,-0.2066227,-0.115256384,0.32155007,0.68026257,0.23400378,1.1084367,-0.5493868
2016-12-16,273.15267955511234,-0.5051717,-0.08863442,-0.028824482,-0.43538195,-3.1161997,-0.6955712,-0.5424661,-1.1412873,-0.790781,-1.053759
2016-12-19,273.35345048945203,-0.031246444,0.33190885,0.28170452,1.579796,-0.43497932,0.8024766,0.45938256,0.30027357,-0.17356114,0.90102726
2016-12-20,273.2833560037053,0.34004351,-0.4039953,0.06573601,-0.17983066,0.09535594,0.42978472,0.2867444,-0.15542608,0.1380115,0.14986223
2016-12-22,273.17990187896027,-0.11542279,0.08026851,-0.57776606,-0.06773553,0.14883907,-0.08660058,-0.065936215,-0.35212064,0.47089478,-0.598351
2016-12-23,273.6141772588912,-0.146103,0.14363712,0.018640585,-0.4672148,-0.4007014,0.03916849,0.053453185,-0.01285831,-0.22347464,0.045265373
2016-12-27,273.6521254913884,0.1528554,0.3117738,0.3212083,-0.030238023,-0.010497367,0.12284327,0.29863384,0.18330696,0.46530813,-0.15559277
2016-12-28,273.9577599457608,-0.37641725,-0.55415624,-0.4151692,-0.44349584,-0.33052024,-0.6338911,-0.7417296,-1.1050043,-0.630423,-0.8497602
2016-12-29,273.9431553573115,0.14579503,0.080357306,-0.13633446,-0.19336796,-0.063776664,0.025472874,-0.010008339,0.11901474,-0.39150393,-0.18556833
2016-12-30,274.13863680933684,-0.24636376,-0.51565474,-0.6616238,-1.0412394,-0.51026803,-0.56955147,-1.0396212,-0.6619731,-0.58935106,-0.56913406
2017-01-03,274.0600931608769,0.44892925,0.67592907,0.07909438,0.47749823,0.36667466,0.4511551,0.40291265,0.05823435,-0.5162257,0.1861599
2017-01-04,274.42817626851047,0.77534574,-0.3901209,-0.19594285,-0.4345979,0.2570976,-0.28584182,-0.16238853,-0.03224617,0.31158796,0.26175466
2017-01-05,274.58923408916434,-0.22352032,0.14568652,0.23353614,-0.08039623,-0.2596118,-0.10218328,-0.5511373,-0.025382252,-0.26616213,0.91078
2017-01-06,274.74002862429836,0.30232722,0.12398099,0.6504031,0.60080224,-0.42105713,0.16739835,0.90108776,-0.09464541,-0.16154875,1.2481467
2017-01-09,274.67633003729634,-0.72466874,-0.1117169,0.5139837,-0.33204484,0.9495734,0.1667721,0.06166894,0.0022428017,0.8800404,0.022527408
2017-01-10,275.04735566734695,-0.82902294,0.42313862,-0.048115373,-0.105655245,-0.7374206,-0.115932256,0.11699812,-0.094630785,0.36496678,-0.3078336
2017-01-11,275.25918347819083,0.84439707,-0.49714586,0.25315496,0.6338344,0.7150556,0.5591111,0.3849394,0.24300772,0.34760845,0.28383255
2017-01-12,275.2557794872729,0.064860195,-0.24153611,-0.40756118,-0.8073798,0.076676436,-0.35366473,-0.3664626,-0.067077026,-0.2846543,-0.35808113
2017-01-13,275.40291541822745,-0.24391443,0.060018905,-0.23981856,0.03269624,0.023675391,0.09523562,0.028747208,0.4377695,0.5201829,-0.16509347
2017-01-17,275.5025087890855,0.1985546,-0.17745072,0.43807378,-0.29440722,-0.36264274,-0.0031396737,-0.49451584,-1.943476,-0.69819474,-0.4329623
2017-01-18,275.85222194152,-0.4275216,0.081782095,-0.123339616,-0.1182856,0.07661169,-0.073411785,-0.17763038,0.57873,0.4077301,0.31853053
2017-01-19,276.13597102543906,-0.007163803,-0.11303364,-0.23848374,-0.33265182,-0.046489496,-0.28482214,-0.49020207,-0.56392,-0.0078092446,0.4330061
2017-01-20,276.10111455222557,1.4065391,0.25466466,0.009327886,0.47301117,1.0666097,0.50233346,0.6047319,-1.1924335,0.029419105,0.38343912
2017-01-23,276.1700353643505,0.16866589,0.36109558,-0.07138403,0.19470106,-0.41010872,-0.25542822,0.6830079,-6.253295,-0.19490546,0.013959967
2017-01-24,276.2705364506149,1.7839732,0.6997547,-0.1806895,0.6156176,0.6425126,1.1622711,0.9587319,0.018266838,0.26515424,1.3765696
2017-01-25,276.3053153497133,0.85183275,0.20720078,0.97367316,0.11719875,0.004127129,0.22899559,1.0539795,1.4596328,0.3970873,0.1558136
2017-01-26,276.3348631272891,0.12162628,0.07983296,-0.083356924,0.64434296,-0.1158049,-0.3461158,0.42148408,-2.41148,-0.62448865,-0.87290305
2017-01-27,276.1937526749033,-0.49949488,0.50045013,-0.111765034,1.745597,0.0895638,0.556677,-0.6425888,0.07837403,1.2108651,0.47207147
2017-01-30,276.20568760646404,-0.5541127,-0.32012942,-0.29893994,-0.8614628,-0.08157385,-0.78412646,-0.18888113,-0.6107432,-0.932554,-0.22236544
2017-01-31,276.203240026455,-0.47816584,-0.23699482,-0.27665496,-0.66223615,-0.28701794,-0.85170084,-1.9156641,-0.23332797,-0.19326645,-0.36896497
2017-02-01,276.4907494633535,-0.09516217,-0.47209418,3.969549,-1.3918698,-0.5459735,-0.43961734,0.48098996,-0.31909302,0.86532193,-0.14112864
2017-02-02,276.5914910016798,0.095441535,1.4291402,-0.23527524,-0.5887567,0.1596072,0.20819086,-0.38651806,-0.5008258,-0.19107758,-0.23880717
2017-02-03,276.8581077198785,0.4416953,0.28665847,0.17745678,0.5504958,0.68765724,0.12399141,0.38549903,0.1939148,0.3605851,0.95184785
2017-02-06,276.8964611661523,0.003833482,-0.046448786,0.52645713,-0.12994294,-0.64478225,-0.37193307,-0.30775818,-0.16645317,-0.23804468,-0.5099318
2017-02-07,276.99102026470035,0.9274447,0.30634418,0.5361301,-0.3399506,-0.1329578,0.09617731,-0.121162266,0.2523742,0.3456994,0.137789
2017-02-08,277.2732453989837,-0.33267784,-0.37886754,0.1497907,-0.19195439,-0.1673287,0.024976384,-0.26965067,-0.40535283,-0.011833613,0.4916149
2017-02-09,277.35589450419377,0.36565086,0.4726109,0.37914965,0.8051586,0.27790374,-1.33887,-0.6007117,-0.08934913,-0.30796182,0.033866394
2017-02-10,277.4790240171101,0.51750225,0.01573189,-0.27296656,-0.15409003,0.86770564,-0.19244967,-0.20062177,0.86932725,-0.18987441,0.08594324
2017-02-13,277.574642998132,0.23231106,0.93993485,0.4902829,0.7954783,0.42158273,0.6493793,0.19405237,0.6932794,0.083586104,0.28871876
2017-02-14,277.63622655323604,0.2633517,0.6848573,0.77105314,0.21092914,-0.06483861,0.16930145,0.0043987897,0.37081447,-0.35655478,-0.16593778
2017-02-15,277.7067993367419,0.537184,1.0164714,0.13265805,-0.12922035,0.43429175,0.15430537,-0.06641743,0.73700315,0.22645898,0.46690372
2017-02-16,278.02143515371193,-0.09829614,1.5281072,-0.19775939,-0.092788704,0.21610093,0.49462825,0.36410278,0.23102754,-0.45180365,-0.026181595
2017-02-17,277.98004712749156,-0.27857143,0.26634035,0.071255855,0.04043791,0.6895284,0.08132098,0.058006905,-0.4166973,0.6185749,0.25043982
2017-02-21,277.8721834140471,-0.15557663,0.7448677,0.3784066,-0.23825055,0.26028398,0.03881723,0.40578026,0.15143125,0.9766388,-0.14976057
2017-02-22,277.80620791454146,0.30441973,-0.081521355,0.08943151,-0.23859833,0.30704874,-0.6570754,0.02559445,0.19790354,-0.16341695,-0.21130535
2017-02-23,277.85523009669464,0.16577654,-0.10074854,-0.40823117,0.23477846,0.6411306,0.13932613,-0.1592876,-0.04905437,-0.48794958,-0.45821324
2017-02-24,277.9963632328005,-0.11592611,0.52964664,-0.05106838,-0.08069224,0.25308964,0.47868887,-0.012963592,-0.017380232,0.079656444,0.117520496
2017-02-27,278.01251346708295,-0.7012272,-0.11926416,0.019231115,-0.5541378,-0.83259165,-0.045961477,-0.12850176,-0.048812065,0.067493744,-0.4016439
2017-02-28,278.5816195526951,0.13933109,-0.15791443,-0.08610703,-0.38513392,-0.2582879,-0.45736963,-0.5310972,-0.28091347,-0.3258973,-0.35536698
2017-03-01,278.6539913537219,0.7423953,0.49029934,1.2727588,1.0815696,0.44755888,-0.40374437,1.0867025,0.34241417,0.6419192,0.89946705
2017-03-02,279.0341062148958,-0.51055914,-0.10022761,-0.52434504,-1.2049619,-0.12933715,-0.0466227,-0.14336047,-0.59221214,-0.49540812,-0.3567147
2017-03-03,278.98987377094085,-0.1800785,-0.19571714,0.2875618,0.21100613,-0.40162018,-0.032306533,-0.25799608,-0.024549538,0.3523935,-0.05728182
2017-03-06,278.92747595737615,0.1389286,-0.19625373,-0.33230335,-0.056466494,-0.27427834,-0.49380392,0.25306526,-0.07276733,-0.094279714,-0.07261973
2017-03-07,279.03365664253306,-0.041823953,0.013959917,-0.02745676,0.0767671,-0.033181798,0.3141757,0.522669,0.1433687,0.042323194,-0.21468727
2017-03-08,278.93502438943995,-0.34027576,-0.35040602,-0.37212932,0.63031054,-0.06537487,-0.27766383,0.075316586,0.74220335,0.16639878,-0.32189858
2017-03-09,279.2104968697696,-0.823281,0.09094625,-0.27390152,-0.3929856,-0.35515463,0.27048847,-0.24785134,0.07577361,0.13118058,0.02942199
2017-03-10,279.28683781300043,0.22414587,0.35894033,0.11113068,0.15950206,0.30463517,0.11130857,0.8063748,0.43972138,0.7406266,0.46805382
2017-03-13,279.35047652260835,-0.50398904,-0.31180185,-0.08629506,-0.34496683,-0.24198104,-1.1054066,0.41942164,-0.22002582,0.26825252,0.22773786
2017-03-14,279.3982253113898,-0.2783098,0.033160437,-0.21920468,-0.44244578,0.25529397,0.011275145,-0.038582075,-0.26711273,-0.26912367,-0.30823156
2017-03-15,279.5106743119394,0.022958819,0.22480926,0.60472363,0.32892448,0.3331211,-0.13531286,0.44388244,0.1520099,0.6245002,0.20667572
2017-03-16,279.53971759868375,0.50785923,-0.024406502,-0.0036682226,-0.21305744,4.0509415,0.040611245,-0.17016366,-0.21253987,0.05712452,-0.008552362
2017-03-17,280.10718401953864,-0.5853054,-0.0053386865,-0.45635226,0.19502306,-0.18603906,0.17197324,0.26635635,-0.7058573,0.16356762,2.1402404
2017-03-20,280.20327451052634,0.008655098,0.0904494,0.5984781,-0.008975104,-0.7279294,0.21487522,-0.5340916,0.12332369,0.22584395,-0.4625519
2017-03-21,280.2412451943808,-0.6746966,-0.77578086,-0.9023401,-0.94604146,-0.67303765,-0.58807325,-1.4500515,-0.878781,-1.1465955,-0.72553074
2017-03-22,280.50855273428203,0.32038227,0.41973126,0.6518887,0.90295744,-0.15751685,0.46426085,0.60883915,0.11009279,0.17728981,0.42229554
2017-03-23,280.50037327226516,0.005183792,-0.27559435,-0.3570287,-0.27170032,0.1621896,-0.16399105,-0.10480361,-0.26367226,-0.050564375,0.1886935
2017-03-24,280.9619268873379,-0.37200755,0.22646357,-0.25051698,0.050382532,-0.53807867,-0.17907019,-0.14929548,0.0067616897,0.04639228,0.26725385
2017-03-27,280.98278647619327,-0.031309117,-0.17936823,0.0013021107,0.062039275,0.20838045,0.3171808,-0.13450108,-0.2879696,-0.20162134,0.1329233
2017-03-28,281.2200210146292,0.2622894,0.052542277,1.2826445,0.14456321,-0.30969813,0.2859988,-0.030743157,0.49065986,-0.12621625,0.080163665
2017-03-29,281.2944222577437,-0.21812765,-0.54941654,0.036617916,0.13204964,-0.34102446,-0.061776955,-0.17898968,-0.09655065,-0.029041447,0.28930154
2017-03-30,281.2396907882039,-0.038554255,-0.0055154203,-0.20466459,0.2021133,0.16331455,0.24129978,0.31643316,-0.20718078,-0.0614578,-0.1125341
2017-03-31,278.71434109568895,0.092773974,0.111042805,-0.2450048,0.09719344,-0.1889121,0.44142753,-0.44360617,0.029969849,-0.07207312,0.1157293
2017-04-03,278.82834438557643,0.1219584,-0.43225998,-0.096985646,-0.44871184,-0.0814581,0.110528365,-0.2379486,-0.74938196,-0.0937038,-0.3822254
2017-04-04,279.00791298503077,-0.0026155536,0.2302653,0.3927801,0.1330177,-0.11215979,0.15277018,0.08750667,0.06332529,0.035786003,0.08290061
2017-04-05,279.06365027736314,-0.61323935,-0.81328493,-0.47210494,-0.28254348,-0.23519321,-0.10322904,-0.4753865,-0.24895017,-0.7562516,-0.19869784
2017-04-06,279.0705392385195,-0.16903448,0.15329227,-0.2875749,0.121080324,-0.56034523,-0.2889801,-0.07516413,-0.032668717,0.13549808,-0.006494064
2017-04-07,279.06026325906674,-0.12487844,-0.24304013,-0.26888448,-0.14002673,0.08889921,-0.017948234,0.22875628,-0.24938579,0.29655403,-0.09559244
2017-04-10,279.17933581061254,-0.35977706,0.09403927,-0.19722357,-0.25885615,-0.23687507,-0.34792945,-0.3865394,0.07979925,-0.15852831,-0.15634121
2017-04-11,279.2221821891112,-0.24166615,-0.18395095,-0.85708255,-0.1401882,0.182571,-0.10439727,-0.6275406,-1.0282993,-0.8025915,-0.22657785
2017-04-12,279.4566900043956,0.020170193,-0.6049863,-0.033590768,-0.3784197,-0.06592864,-0.17682563,-0.79177845,-1.7136867,-0.55842304,-0.3954986
2017-04-13,279.6734282802729,-0.43416703,-0.40838367,-0.4786031,-0.41526127,-0.36063835,-0.570365,-0.577919,-0.5926106,-0.36183313,-0.2831012
2017-04-17,279.79819408810897,0.5793053,0.37787116,0.26174912,0.5509438,0.3679007,0.31685108,0.5798907,0.004928258,0.47297654,0.31315273
2017-04-18,279.896458694192,-0.40292007,0.11522248,-0.42002645,-0.18762764,0.2727634,0.40111506,0.5800219,-0.26952264,-0.049847525,-0.21182397
2017-04-19,279.86195073847335,-3.2304108,-0.045448884,-0.36791256,-0.49776217,-0.5901166,0.18306024,-0.26997066,-0.13239685,1.2208908,0.06382152
2017-04-20,280.02510986460277,0.23098695,0.35535818,0.7346693,0.46659458,0.44254455,0.3675782,0.9448607,-0.037745208,0.5961341,0.42913744
2017-04-21,280.04163203386184,-0.7698605,-0.025308138,-0.1971245,0.9790066,-0.2350458,0.18071996,-0.79540503,-0.2185801,-0.18833746,-0.08139042
2017-04-24,280.19811275238806,0.13769865,0.90814626,0.539561,1.2289637,0.5463346,0.58781,0.8512066,0.18577754,0.5972703,0.50099736
2017-04-25,280.2455280927315,-0.15275377,0.27018574,0.30671772,0.3661093,-0.26444408,0.14965819,0.8438837,0.08182341,0.2787827,0.145748
2017-04-26,280.3606745287353,-0.14104915,-0.044672873,-0.51814973,-0.18358053,-0.12716809,0.06550528,-1.0020037,-0.0466192,-0.16539626,-0.44587648
2017-04-27,280.27067063837154,0.09420268,0.6789477,-0.06303547,0.42094046,0.040855855,0.6741964,0.05033181,0.06410689,0.55153674,0.14140035
2017-04-28,280.86504396767833,-0.021234192,0.6149309,-0.18144213,0.13440707,0.2076708,-1.8090357,-1.2984513,0.36782905,-0.82041305,0.036105476
2017-05-01,280.95200965584604,-0.58976144,-0.19874044,1.261697,0.985788,0.05514572,0.2089314,-0.0072160284,-0.19885676,1.0282619,0.48907602
2017-05-02,281.21556482809797,0.095305964,0.5153816,0.31598672,-0.20334882,0.039693937,0.9083963,-0.12015617,-0.34326056,-0.07297742,-0.17567548
2017-05-03,281.36155199874526,-0.19807367,0.0136880325,-0.32272494,-0.32639822,-0.4446152,0.37679702,0.30036232,0.9268985,-0.24422619,-0.19342984
2017-05-04,281.3308528926164,0.15977018,-0.1401813,-0.36057892,-0.3833332,0.7937342,-0.19959342,-0.44280642,0.26668644,-0.012412588,-0.23385903
2017-05-05,281.28731954969095,-1.6361893,0.39756897,1.0053746,0.1323968,0.08346995,-0.0603069,0.1578249,-0.06430936,0.12807259,-0.023472397
2017-05-08,281.3212108999397,-0.2258132,-0.19718143,1.7119579,-0.14794604,-0.111158915,-0.4111142,-0.21762204,-0.33686942,-0.3748357,-0.0013105666
2017-05-09,281.30111129108,-0.39432627,-0.75831074,0.32003927,0.031290963,-0.20102675,-0.25832596,-0.0975753,0.35620955,0.41882184,0.08746615
2017-05-10,281.3627584041457,-0.37128648,-0.31694898,-0.43824384,0.22079934,-0.0063459883,-0.53017306,0.68634874,0.06667,0.736952,0.117702425
2017-05-11,281.4042791008357,-0.26300156,-0.22051588,0.47149795,-1.0339022,-0.63726586,-0.477604,-0.1568536,-0.615493,0.50952846,-0.0643889
2017-05-12,281.4496422982183,-0.12793407,-0.35885888,0.8293874,-0.17101818,-0.20202777,-0.24955536,0.1249071,0.445763,-0.12162696,0.1164483
2017-05-15,281.4683784606582,0.47337148,1.5120566,-0.28931004,-0.02425432,0.28056034,0.12612967,0.54292744,-0.015385075,0.7580368,0.20752561
2017-05-16,281.5215169177691,0.8992973,0.12894753,-0.21523584,1.4584842,-0.12634514,0.25510654,0.43479323,0.36621848,0.62069786,0.06175404
2017-05-17,281.6917647663024,-1.1623249,-0.93393034,-2.437342,-2.2565362,-1.6938992,-1.1507809,-2.7546625,-0.56040436,-2.2892118,-1.7618843
2017-05-18,281.90238497112074,-0.072444856,-4.940925,0.91363484,0.18163852,-0.17355944,0.24494979,0.32606515,0.5360424,1.0295644,-0.03195923
2017-05-19,281.8313632392407,0.49737906,-0.3635852,0.11689475,-0.10351975,0.13424863,0.24364221,0.71119124,1.1517766,0.078956425,0.7132659
2017-05-22,281.9671404834511,0.26787314,0.79212695,0.2972716,0.779785,0.40850908,0.5161081,-0.037983872,1.1648495,0.53059363,0.9354997
2017-05-23,282.1511068179649,-0.26460096,0.34828442,-0.19815624,0.17762639,-0.18790838,0.1106034,-0.59778136,-0.12658067,0.17905906,0.15911986
2017-05-24,282.05955568514105,0.19245607,-0.5685619,-0.31782117,0.020214116,0.32982177,0.3528932,0.17922907,-0.52598596,-0.34522393,0.55940247
2017-05-25,282.1003395140305,0.27944058,-0.11045181,0.1200728,0.8655227,0.47797772,0.18034652,0.45970365,-0.22757266,0.28161493,0.60627383
2017-05-26,282.4130784308875,-0.30544132,0.120112784,-0.22888744,0.29407266,0.009050023,-0.018629007,0.15360671,-0.3629504,0.3613588,-0.5298249
2017-05-30,282.6778934500694,-0.32777202,0.3704905,-0.08752195,0.4119612,0.15861948,-0.13220018,0.5331248,-0.22250839,-0.027887465,0.093916915
2017-05-31,280.76706913893264,0.3684922,-0.31739405,-0.5202061,-0.71019834,-0.12638646,-0.117973626,0.28720754,-0.136065,0.21068454,-0.36095533
2017-06-01,281.1162279151598,0.007516372,0.5967946,0.07224813,0.20662391,0.5170426,-0.004128718,-0.8179807,0.9736626,0.02656108,-0.33125067
2017-06-02,281.25888407591464,-0.26908097,0.32454023,0.8871404,1.7282735,-0.27504426,0.26569274,0.012414775,-0.11167229,0.6401829,0.7631047
2017-06-05,281.4961931540917,0.14199501,-0.46006876,-0.78338766,0.47677857,0.30561754,0.009865506,0.09982678,0.13497685,-0.15479289,-0.08008557
2017-06-06,281.67179614698625,-0.025789509,-0.4217265,0.11483367,0.1751176,-0.542486,-0.31655067,0.15009882,-0.5909488,-0.21788804,-0.36137924
2017-06-07,281.9097971836267,-0.5942983,0.09872042,0.28922567,-0.2189996,-0.39524445,0.16617581,0.39474446,-0.6045926,0.53353584,0.12165609
2017-06-08,282.3355449569237,0.46327457,-0.0056948145,-0.2803779,-0.54986906,-0.0511737,0.2923191,0.94636405,0.38070565,0.06740699,-0.5405023
2017-06-09,282.2709911480003,0.82558745,-0.5084445,-2.798902,-1.844477,-0.6674884,-1.1152993,-2.5786068,-0.92122287,-2.5302022,-2.0844793
2017-06-12,282.1971291316613,0.43724573,-0.2584355,-1.7565004,-0.6742325,-0.35351518,0.01018694,0.020610902,0.2667489,-0.45948756,-0.4745845
2017-06-13,282.0889599401121,-0.392808,0.93705916,0.43001294,0.8737473,0.115750656,0.19684646,-0.13430068,-0.041449334,0.39631057,0.67434466
2017-06-14,282.1717788651541,-0.19127908,-0.21404006,-0.77996635,-0.49597022,-0.3386826,-0.5225501,-0.7055954,-0.49934384,-0.9041391,-0.48940855
2017-06-15,282.38284444994764,0.16125476,-0.047483627,-0.5220635,-0.4868556,-0.2785913,-0.3378931,-0.14973144,-0.14428128,-0.8718473,-0.44301376
2017-06-16,282.35050834110734,0.4698406,0.09867765,-1.0709784,0.029314153,0.5398382,-0.16441883,-0.37437305,-0.16824993,-0.13165244,0.013963755
2017-06-19,282.52953178721384,-0.23108234,0.7413027,1.7989658,0.869021,0.8765293,0.41739404,1.1862779,0.543677,1.0484463,0.95629615
2017-06-20,282.4937243981878,0.036627002,-0.2951873,-0.7333734,-1.1294694,0.08219218,-0.9681806,-1.4639446,-0.72911114,-0.97237545,0.11337958
2017-06-21,282.5729579345229,-0.48863253,-0.026461642,0.28693154,0.31418625,0.64126295,-0.4331485,-0.014965296,-0.44858074,0.16740564,1.2743561
2017-06-22,282.7624258484558,0.24418548,0.014970982,-0.2255185,-0.09161676,5.5016003,-0.34666246,-0.5571893,0.03147461,-0.3529208,-0.35377026
2017-06-23,282.90865753158084,-0.12865199,0.4901806,0.18780348,0.9502704,0.79046553,-0.27357364,0.30952188,0.27019814,0.63561577,0.58676887
2017-06-26,282.9832471736136,0.4539074,0.30236235,-0.32711232,-0.8169045,-0.20103538,-0.19938093,-1.0522323,-0.3597173,-0.88887924,-0.31017524
2017-06-27,282.8097788105779,-0.20640723,-0.99657357,-1.092122,-1.5315185,-0.22804148,-0.65609825,-1.1376708,-0.9933258,-1.4216353,-1.1325343
2017-06-28,282.9810688131008,0.22623113,0.6566391,0.8684597,0.57075644,0.07922824,0.8142365,0.7664631,0.5108093,0.7092897,0.4054679
2017-06-29,283.12197669202413,-0.4997121,-1.4010139,-1.1190916,-1.5336084,-0.9803675,-1.0198538,-0.9856168,-0.9586864,-1.3278296,-1.2019925
2017-06-30,281.46352813700236,-0.13354729,-0.23652853,0.04622849,0.4138339,-0.16271754,0.28739607,-0.06676929,0.03408856,-0.21480952,-0.04101225
2017-07-03,281.75731723283354,0.7135772,0.057538133,-0.36048037,-0.93590915,-1.148654,-0.4470806,-0.495123,-0.3025249,-0.38867745,-1.4292908
2017-07-05,281.4592182517246,-0.79812855,0.14276703,0.16462196,0.9434043,0.05669913,1.3169596,0.29935512,0.3290835,1.0370175,1.0808542
2017-07-06,281.7756561612122,-0.5558245,-0.8368219,-0.7593428,-0.6522395,-0.9260886,-1.0929387,-0.12892285,-0.62247944,-0.09302573,-0.32236338
2017-07-07,281.7586220203216,0.23370433,0.3793378,0.57280785,0.914035,0.61212957,0.36238688,1.1557155,0.37927157,1.3171656,0.49925405
2017-07-10,281.8076371078609,0.19120425,0.16476081,0.2992741,0.49448025,0.29025105,-0.36881483,0.1378425,0.15564553,0.5571992,0.3459784
2017-07-11,282.0202299964882,-0.104706965,0.22801326,0.10538979,-0.069718264,0.27444005,0.3923694,0.106775045,-0.3334906,1.0303818,-0.29793766
2017-07-12,282.02378153601563,0.20338719,0.14264071,-0.016388671,1.1858524,0.6919346,0.4792635,1.0182806,0.6249623,-0.1940258,1.1143596
2017-07-13,281.80682129132555,-0.038040545,0.22658038,0.8260126,0.588431,-0.21627568,-0.033529676,-0.075244896,-0.056624003,-0.064537235,-0.48165774
2017-07-14,281.5625085387305,0.2440465,0.30958223,0.4676852,0.9980851,0.20229524,0.6383089,0.9826788,0.38354632,0.66924447,0.33304277
2017-07-17,281.7619787780281,-0.5203885,0.16194418,0.122319154,0.52104753,0.0133669395,-0.33086488,-0.33822447,-0.36036924,-0.05577664,-0.02729086
2017-07-18,282.10596824209125,0.40308872,0.015279632,0.12142709,-0.13322814,-0.06763697,0.07086231,0.2746851,-0.21718661,0.34164765,0.4826022
2017-07-19,282.1622306464694,-2.7502756,0.80556667,0.30974132,0.505397,0.6563023,0.026059832,-0.09006475,0.31128025,0.4174112,0.29115745
2017-07-20,282.2350177702145,0.047432885,-0.08841276,-0.42060968,0.29361236,0.09198299,0.26326028,0.29417703,-2.376533,-0.020929419,0.2841913
2017-07-21,282.4795482617293,-0.2601043,-0.047175057,-0.14569327,-0.5274999,-0.52110624,-0.04823399,-0.8100472,-0.18984078,-0.47515166,-0.29352096
2017-07-24,282.59259729452896,-0.48378602,0.035731178,0.70229876,-0.27889505,-0.13461676,-0.3601518,-0.66353536,-0.6045702,-0.10997161,-0.121238574
2017-07-25,282.5437822076357,0.07874479,0.53075445,0.1751731,0.5331954,0.46551374,0.23398696,0.25610626,-0.038291752,-0.42487952,-0.65669465
2017-07-26,282.39584088793873,-0.3724463,-0.957553,0.20498155,-0.2259607,-0.081110105,0.099838525,0.741286,-0.1912596,0.85469455,0.506595
2017-07-27,282.34071527235915,-0.1363302,-0.19351205,-1.408985,-1.0111513,-1.0444367,0.30579495,-0.86739546,-0.63742477,-1.3473451,-1.5769465
2017-07-28,282.5930985008809,-0.35302514,-0.11039438,-0.59314173,-0.20686047,-0.28338313,0.47863138,-0.28231388,0.25399885,-0.8083083,0.09156852
2017-07-31,282.4224569224938,0.15924487,-0.15241227,-0.46448326,-0.43957266,-0.5828955,0.21375035,0.40405154,0.18357882,-0.9628181,-0.22357428
2017-08-01,282.3885016459096,0.2687653,0.41259536,0.48540896,-0.20776328,0.2312674,1.2411027,0.15180035,0.10592848,-0.2821867,0.2297391
2017-08-02,282.43218740203787,-0.3834877,-0.27734646,3.0182672,-0.42054588,-0.6116057,0.38982183,-0.38341415,-0.28447935,-1.4055991,-0.21906656
2017-08-03,282.50719160294693,0.20757174,0.077989794,-0.7951695,-0.19781424,0.54405576,0.15489362,-0.053316876,-0.2682612,-0.112539425,0.14296652
2017-08-04,282.47461609455365,0.08813369,0.49429318,0.24250707,0.48216298,-0.4473698,-0.2869638,-0.0386359,-0.3635314,0.034500357,-0.15781349
2017-08-07,282.4373860795461,-0.75670385,0.07724583,0.92770827,-0.37760276,-0.5178078,0.16510844,0.45063403,-0.012059945,1.0180132,0.17023747
2017-08-08,282.63636836293125,0.054263007,-0.35921186,0.42602015,0.33220014,-0.82406056,-0.04689566,0.11331464,-0.4339664,-0.14033373,-0.37997615
2017-08-09,282.69187474664926,-0.16166526,-0.11011023,0.29972774,-0.41915405,-0.13640672,0.23473221,-0.21348462,0.33244056,-0.16910459,0.09323046
2017-08-10,282.8998641074879,0.022936562,-1.3140762,-2.3065677,-1.2117426,-1.4223995,-0.6545389,-1.5020715,-0.45073298,-1.8207033,-1.5241649
2017-08-11,282.92817587632646,-0.00858186,0.98842484,0.8215954,1.0820278,0.11619512,-0.40404725,0.30303326,0.24632351,0.95053506,0.5113348
2017-08-14,283.01722477110496,0.20721512,0.76663977,0.897616,1.0642622,0.7716101,0.650077,0.76155955,0.6255104,0.5920281,0.96301776
2017-08-15,283.29668043392945,-0.1207294,0.51134545,0.6229189,-0.059650652,-0.108729385,-0.50164145,-0.16303729,0.18857485,0.012409415,0.35365623
2017-08-16,283.1709369160153,0.18451348,0.50719476,-0.38647443,0.36830208,0.49985924,-0.2906099,0.2810242,-0.5532015,0.46681017,0.44457152
2017-08-17,283.1826757462456,-0.82035017,-2.7182593,-1.4255327,-1.393024,-1.0518703,-0.94516784,-1.7897907,-0.97147584,-1.3648231,-1.5459349
2017-08-18,283.2348228375788,-0.46399707,-1.4486773,-0.26813352,0.0145870885,0.016683355,-0.25301957,-0.22456516,-0.38449457,1.0475166,-0.22943105
2017-08-21,283.16456804691137,0.2788377,0.6655381,-0.23844822,-0.44110644,0.3084785,-0.1509834,-0.1499785,-0.028567957,-1.029722,0.39374062
2017-08-22,283.33866299487477,0.30027676,1.2538989,0.98310834,0.9844353,0.41626123,-0.41749784,0.5505751,0.23987927,1.1016703,1.0589279
2017-08-23,283.2807110554885,0.5012839,-0.75017023,-0.029038522,-0.5429225,-0.34300414,-0.003974893,0.013534527,-0.18450883,-0.49022576,-0.5771216
2017-08-24,283.20992067302905,0.34994122,0.6748926,-0.41463923,-0.11226936,0.08462923,0.05526335,0.17558435,0.14372647,-0.3695492,-0.23936012
2017-08-25,283.4815201993245,0.3480594,0.41630888,0.1364431,0.05617474,-0.012103968,-0.07805338,-0.2892571,-0.47866744,-0.4776723,0.12808985
2017-08-28,283.5336005790133,-0.55722994,0.20421998,0.5637753,-0.070083424,-0.08095507,-0.048485126,-0.2528925,0.2256299,0.2250797,0.009321291
2017-08-29,283.8797524912233,0.2734428,-0.13204561,0.4860436,0.14994818,0.2071166,0.099477835,0.10973757,-0.08076827,0.2893285,0.013012889
2017-08-30,283.9794066432203,-0.26749977,1.0585033,0.06876677,0.9167984,0.39633018,0.21701233,0.8483408,0.188828,1.2733027,0.47094473
2017-08-31,281.66399514046407,0.20119604,0.4458434,0.15558277,0.70763516,0.6397613,0.24618411,0.27878708,0.04926261,-0.40706363,0.45488706
2017-09-01,281.8526884061986,0.45826456,0.17825808,-0.093721926,-0.94141036,0.3098731,0.010804523,-0.29233,-0.27160132,-0.10166259,-0.16472323
2017-09-05,282.2084137342087,-0.471543,-1.4090623,-0.93453264,-0.4250674,0.33405858,-0.12124059,-0.59170324,-1.8711394,-0.663277,-0.42839026
2017-09-06,282.2794122408923,0.33853742,0.51386523,-0.18546072,-0.30060625,0.025595743,1.0563549,0.07034709,0.29737014,0.15181752,-0.32817253
2017-09-07,282.2028543122485,-0.41873375,-0.23374139,-0.3873819,0.8990593,0.87203896,-0.33584854,-0.14103945,-0.14358889,0.37358737,0.5384419
2017-09-08,282.2348079321806,-0.21025248,-0.58975947,-1.2306243,-0.45441914,-0.2785601,-0.5273823,-0.5436099,-0.7500767,-0.89732873,-0.17580342
2017-09-11,282.45441237921426,1.0627877,1.466224,1.1023248,0.72602373,1.1074015,0.8216425,0.5237181,0.75872344,1.0633079,0.46231082
2017-09-12,282.4331954976789,0.38683447,0.44377393,-0.38348356,-0.16305627,0.28048155,0.43914095,0.3950482,0.2133891,-0.018783944,-0.3398526
2017-09-13,282.5359816212556,0.09197606,-0.4758391,-0.6261756,0.46303374,-0.042491432,0.32201687,-0.22727482,0.016865484,0.34610894,-0.15214142
2017-09-14,282.4652378620128,-0.20590977,0.014796081,-0.698798,-0.53191876,-0.09397301,0.19313851,0.33487183,0.33402237,0.7535104,-0.6224629
2017-09-15,282.5897971364319,-0.3254334,0.5049943,0.568039,0.47245818,-5.5037684,0.7087518,1.0121808,0.5386777,-0.00302864,-0.3033827
2017-09-18,282.89407024419603,-0.12778062,0.15693754,-0.6285308,-0.23369987,-0.65446126,-0.018724311,0.81934166,-0.028812962,0.7178673,0.36860386
2017-09-19,282.7882617975573,-0.079364665,-0.06671776,-0.08828741,0.2049454,-0.48969084,0.29974496,0.3731957,-0.03752879,0.09956978,0.19301012
2017-09-20,282.9082123180535,0.6470917,0.2174959,-1.2585944,-0.5911164,-0.18001409,-0.24001801,-0.76903355,-0.35827088,-0.9425267,-2.7163613
2017-09-21,282.81802712634,-0.28062293,0.196538,-1.2875541,-0.8323443,-0.081054874,0.16117455,0.06301776,-0.03730961,-0.19846639,-0.38898498
2017-09-22,283.0514511425573,-0.065733306,1.3346457,-0.77909726,0.12581585,0.18718672,-0.04637372,1.4334378,-0.028640047,0.46406692,-0.44589937
2017-09-25,283.1593426922188,0.31629816,0.6839222,-0.71345294,-1.2749274,-0.349136,-0.04641014,-0.61418647,-0.49053735,-1.365087,-1.7266616
2017-09-26,283.20066932953176,0.2928965,0.07255765,1.0405854,-0.08063694,-0.15174894,0.40796015,0.046504106,-0.51199365,-0.45542556,0.21718597
2017-09-27,283.21598573279977,-0.40187427,-0.5565231,0.3662113,0.53426903,0.2578267,0.07708447,0.66232824,0.2890948,2.4987738,0.2968389
2017-09-28,283.2846404009479,-0.008462156,-0.26311132,-0.53161746,-0.059869327,-0.19371013,0.37646958,0.47315663,0.09427467,1.4159832,0.038249884
2017-09-29,283.43310187783806,-0.2632139,0.5471824,0.25594956,0.55941844,0.2985427,0.3194832,-0.096758224,-0.0022124355,1.1155407,0.8224627
2017-10-02,283.5588424643375,0.6833796,0.22981529,-0.24958065,0.042633217,0.54668,1.2597003,-0.08340197,-0.045898795,-0.091198824,-0.62170035
2017-10-03,283.37094722813885,0.043788392,0.18980224,0.18035106,-0.44084632,-0.23395647,0.4265505,0.103152774,0.04106285,-0.27656674,0.14106347
2017-10-04,283.45138971188965,-0.13906515,-0.24286875,-0.5526199,0.36149937,0.21069732,-0.07102628,0.27471766,-0.13294958,-0.2774737,-0.38580933
2017-10-05,283.57249320441144,0.09617609,0.29027277,0.72234416,1.2198876,-0.06711404,0.22855966,0.33829144,0.25722104,-0.22131439,0.79491276
2017-10-06,283.54041430870626,-0.11291852,0.30854145,-0.15265417,-0.05040579,-0.7911112,0.11091418,0.04763735,0.03996458,0.699184,0.2197757
2017-10-10,283.8127844727382,0.47085935,-0.41910827,-0.08738525,-0.08059133,-0.024752812,-0.29011396,0.4305918,0.7575441,-0.1627002,0.13069764
2017-10-11,283.81149492458604,-0.38785416,0.07296013,0.16758649,0.0495559,0.017297946,-0.47411525,0.226584,0.1285078,0.4231808,0.45970902
2017-10-12,283.74978189075404,-0.2640626,-0.65953606,-0.35106623,0.6167041,-0.15105782,-0.16281673,-0.25142986,-1.0259454,-0.020296201,-0.13960762
2017-10-13,283.977019082806,0.022181813,0.410916,0.31366512,0.2850592,0.45011702,0.6059914,0.53370285,-0.23451515,0.40855312,-0.00017791083
2017-10-16,284.1273732071793,-0.12552796,0.1324445,1.1171688,0.07690817,0.26606593,0.09735684,0.31802416,-0.45875826,0.76170033,-1.477931
2017-10-17,284.1466070317203,-0.13442144,0.112410046,0.13523968,-0.1396072,0.3743537,0.019763451,-0.06466366,-0.05490683,-0.0148189925,-0.15529834
2017-10-18,283.9624499861397,5.4157395,-0.10462329,-0.41251412,-0.060880613,0.45348206,0.57114726,-0.6259854,-0.25355318,0.07594578,0.90297043
2017-10-19,284.0016980576968,0.5378478,0.38774696,-1.7289649,0.21414617,-0.39548653,-0.22341257,-0.077256605,-0.011560366,-0.090736195,6.740308
2017-10-20,284.2137177196611,0.4545355,0.96859604,0.003497463,0.79589933,-0.21799496,0.41444552,1.0084654,-0.31468832,0.4877028,1.2127806
2017-10-23,284.2044667311885,-1.0089061,0.18717656,-0.14765762,-0.061194718,0.0014637859,0.48629612,0.5545358,1.0938543,0.12519567,-1.3116914
2017-10-24,284.35830425023454,-1.4941816,0.4363786,0.2871177,-0.05153682,0.8312633,0.13162489,0.052922275,0.64125246,-0.07577902,-0.32365176
2017-10-25,284.4103167771315,-0.99062055,-0.54512805,-0.40961096,-0.30324045,-0.46044803,-0.23250645,-0.47643718,-0.42353415,-0.8925002,-0.037116744
2017-10-26,284.56754050759616,0.033564128,-0.06412169,0.3162423,0.045333557,0.52795994,0.69316924,0.11589514,-0.11435787,0.39071935,0.53493243
2017-10-27,284.4547129985172,0.025147753,0.3028195,2.2585177,4.6565638,0.89555943,3.6327667,0.74517155,0.56130487,0.48149517,1.0855352
2017-10-30,284.32437778947724,0.27383867,-0.7612122,1.3871623,-0.0077525857,-0.34702808,-0.05369655,-0.5992176,-0.0063130883,-0.6704181,-0.5600305
2017-10-31,283.77921993924423,-0.13252988,0.20764334,0.8198857,-0.7305236,0.212317,1.2610382,0.30122286,-3.204321,0.3118554,-0.4189558
2017-11-01,283.6913972871888,-0.020760024,0.89885515,-0.9781118,-0.080601096,-0.4277342,1.3400773,-0.30093476,2.039575,-0.62076294,0.24522704
2017-11-02,283.92312796604045,-0.29080722,-0.7949788,0.3783141,0.7144973,-0.56370306,0.40792507,0.18269214,1.0710453,0.32803047,1.4377369
2017-11-03,283.9937965961305,-0.7496155,0.49554184,1.6262747,0.0011641738,-0.21559338,-0.8540117,0.6415875,5.3262134,0.13202189,0.32123238
2017-11-06,283.8246275059953,-0.3208018,-0.121303014,0.5681806,0.21863885,0.21523926,0.68176097,0.25107598,0.4354215,-0.24635045,-0.6156371
2017-11-07,283.9200752786658,0.2073043,-0.025218444,0.10329003,-0.2617426,0.039831113,0.0689531,-0.17519426,1.0471545,0.020730365,-0.09763495
2017-11-08,283.88619979039566,0.08451017,0.18625747,0.43668032,0.18199936,-0.013922772,-0.1067954,-0.06576485,0.88878286,0.24906969,0.9126028
2017-11-09,284.16468633332994,0.089608476,-0.87602013,-0.2510242,-0.50599426,-1.843021,-0.46047643,-0.9417169,-0.6990705,-1.1555578,-0.81812835
2017-11-10,284.23135571398325,-0.4943515,-0.122906685,-0.3366382,-0.2804317,0.028900338,-0.82336706,-0.15799765,-0.10174975,0.57535875,-0.18891741
2017-11-13,284.3663162050432,-0.33430088,-0.0841185,-0.38361004,-0.026024073,0.02870366,0.17202954,-0.034532834,1.243174,0.4112801,-0.081075594
2017-11-14,284.4435633470105,0.20240083,0.16948853,-1.1392399,0.028378895,-0.3549147,0.10421773,-0.13331658,-0.41495538,-0.5331447,-0.2964348
2017-11-15,284.66690408045207,-0.78034884,0.13018946,-1.0066211,-0.6747009,-0.60427654,-0.46851,-0.20761245,-0.34851792,-0.56795275,-0.5294255
2017-11-16,284.5502548030886,0.86289805,3.3492894,0.6868542,0.1212104,0.4428918,0.19494861,0.86193365,0.26222718,1.4414957,0.6025577
2017-11-17,284.7158200912607,-0.072261564,0.030862466,-0.48757797,-0.81606644,-0.43844706,-1.1783493,-0.44462147,0.33415028,-1.0711609,-0.14261243
2017-11-20,285.0275068145876,0.6488585,1.0943756,-0.17985925,0.039347082,0.029413098,-0.030623676,0.24016406,-0.25032604,0.74508405,-0.09040895
2017-11-21,284.84359468548035,0.6000949,0.2660737,1.1263694,1.0087229,-0.6197513,0.34746054,0.46227783,0.054944493,0.7647003,0.46111068
2017-11-22,284.9210401622679,-0.0835957,-0.36938205,0.5905456,-0.6366624,-0.1501367,-0.35116947,-0.7646142,0.8977399,-0.81640244,-0.52550113
2017-11-24,284.9336604908059,0.02151648,0.06665243,-0.10886678,0.05662482,0.5137211,0.09561921,0.6508692,0.4334443,0.08321774,0.3790556
2017-11-27,284.82596633290603,0.050901953,0.68142134,-0.4519966,0.47492844,-0.25996673,-0.31799895,-0.49583042,-0.5883754,-0.78980297,0.049861256
2017-11-28,284.9813000737051,0.19764921,1.5246816,-0.5077689,0.82965946,0.098389976,0.25681514,0.42425063,0.4574761,0.2022603,0.004753777
2017-11-29,285.1347570768383,0.44287604,-0.44770372,-1.5211192,-1.4715723,-0.75804913,-0.92129844,-1.6777818,-1.3263249,-3.4383645,-2.9096177
2017-11-30,285.0249155691561,0.16654328,-0.32585025,0.820907,0.67283463,0.6656599,1.0090677,0.16305478,-0.20316188,-0.19403271,1.4004697
2017-12-01,284.9965471732713,0.31891596,0.5257012,-0.42638454,0.0007641286,0.67115515,-0.20246395,-0.15791175,-0.66323894,-0.7704479,-0.76111317
2017-12-04,285.09886616918726,0.6897705,0.20543835,-0.60555464,-3.0038853,-1.7455021,-0.23769815,-0.84119207,-0.7267487,-1.8437753,-3.8840706
2017-12-05,285.1355875923591,-0.46250245,-0.73203635,-0.17594193,0.3959126,-0.65419763,-1.2439368,0.48804212,0.010086008,0.17641135,-0.43893766
2017-12-06,284.9352248187104,-0.523824,0.17153633,-0.36288908,1.0207078,0.5210123,-0.007336133,-0.015913207,0.1212869,0.6863272,1.9498322
2017-12-07,285.1085022049477,-0.22785857,-0.023956267,0.010546545,-0.3471277,0.058392253,-0.4577185,0.3776964,0.09266462,0.96114814,0.24697016
2017-12-08,284.99108017868144,0.5056447,0.36560372,-0.0928405,1.4433255,1.4040252,0.30132845,0.05684539,-0.7715581,-0.7847907,-0.47579074
2017-12-11,284.9140137504311,0.23909009,0.60871154,1.1850622,0.88042504,1.0923162,0.34636897,0.4031577,0.5754079,0.07100532,0.12854101
2017-12-12,284.8713019584824,0.53624916,-0.093600616,-0.491645,0.23126468,-0.18779394,-0.40826866,-0.33317038,-0.3030892,-1.0255865,-0.72641534
2017-12-13,284.96455199708777,-1.1714054,0.4128552,0.11014488,-0.28513378,-0.5373766,-0.0072798813,0.1712176,-0.052911744,0.15637137,1.328381
2017-12-14,285.12919546837117,0.0294773,-0.44287232,-0.13212089,-0.6702911,0.10759287,-0.11391399,0.7469345,-0.22017922,0.36743486,-0.73678213
2017-12-15,285.30964604519755,-0.6328201,0.50025296,0.56648815,1.8314326,-2.6667504,1.498928,0.48728415,-0.038892582,0.90723664,0.7171713
2017-12-18,285.64718067699073,0.33890134,0.49674156,0.8256262,-0.49168333,-0.9076817,1.8998783,1.1126179,0.34945825,0.59538895,-0.37792638
2017-12-19,285.9523692487197,-0.049239386,-0.31835923,-0.8298119,-0.5637282,0.074242204,0.8374971,0.39021376,-0.69254625,-0.42905465,-0.7128567
2017-12-20,286.1481221436083,-0.12430559,0.7540828,-0.1849159,-0.35390535,0.031760022,0.5438902,0.31213567,-0.010830248,0.1762427,-0.36344135
2017-12-21,286.51014306150256,-0.6156316,-0.36860964,0.14077552,-0.09798301,-0.9545138,-0.88820446,-0.5097826,-0.22773086,-1.1954242,-0.017245555
2017-12-22,286.5899612951072,0.41270104,0.028137712,-0.111740746,-0.071440466,0.032955073,-0.08519876,-0.05548958,0.15692413,0.053296573,0.02605606
2017-12-26,286.79621859643237,0.13070716,-0.12768717,-1.8275017,-0.1772652,0.018576682,-0.7037547,-0.07858743,-0.38153258,-0.90153605,-0.30807
2017-12-27,286.8169105163259,0.117890246,0.13194957,-0.099902265,0.19271831,-0.15108283,0.013844419,0.12862979,0.08735294,0.42887723,0.18620339
2017-12-28,286.91146904672985,0.37104085,0.04535283,0.07600404,-0.0714627,0.11727074,0.10251755,0.07631645,-0.19278522,-0.051046956,-0.05761136
2017-12-29,287.6695718114082,-0.2645452,-0.51060283,-0.8346152,-0.2378072,-0.41844437,-0.08607707,-0.30844364,-0.33368582,-0.57037425,-0.22253758
2018-01-02,287.72021224737506,0.33747193,0.96308887,1.0695661,0.27838174,-1.0047203,0.7393537,0.5568578,0.7430083,1.4553007,0.6889053
2018-01-03,288.36366457889824,1.724572,0.5247438,-0.122229785,0.26694104,1.4451677,-1.7847664,1.518035,0.4281051,0.6493215,0.95628285
2018-01-04,288.3511626041432,1.2734253,0.18222883,0.19684261,0.57483655,0.5729376,-0.96589184,-0.16783614,-0.019270191,0.15542121,0.57217324
2018-01-05,288.42311026426404,0.30436906,0.9135086,0.6403708,0.8404567,0.31959623,0.33565527,0.36927167,0.21867763,0.15403387,0.54503345
2018-01-08,288.5643311151415,0.37715372,0.68379456,-0.35730207,-0.0038745764,0.6166289,-0.019782906,0.19596061,-0.2166179,0.91281915,-0.21237358
2018-01-09,288.5414357019475,0.13371821,-0.42711776,-0.11819447,-0.1307711,0.2873114,-1.3155057,0.32010293,-0.7662701,-0.8816053,0.3961716
2018-01-10,288.5978428027255,0.12950206,0.3631663,-0.12577684,-0.4191688,-0.43366337,-1.3491694,-0.46741718,-0.08767646,-1.2865156,0.007568484
2018-01-11,288.74321048363703,0.0010536076,0.31110296,0.26481512,0.14049606,0.124127194,1.0627494,0.4397143,0.036522258,-0.16176642,0.43572634
2018-01-12,288.85203839905284,-0.42019838,1.2669448,0.5699319,1.1951995,0.67625844,-0.22030824,1.0146699,-0.11523909,0.11201199,1.7190814
2018-01-16,289.0025108214724,0.27064738,-0.55013764,-0.44753513,-1.1261266,0.027313238,-0.13814406,0.016614296,1.8556352,0.72756785,-0.88690126
2018-01-17,289.10330156003164,1.8369881,1.0752537,0.9734792,1.4128994,0.8245641,1.4391125,3.148367,-0.23292881,2.0341415,1.0720822
2018-01-18,289.3872666684094,0.17119555,0.1555052,-0.05107868,-0.11286213,-0.13267997,0.083504856,-1.4963361,-0.06088212,-0.03991449,-0.20267247
2018-01-19,289.3855720742942,-2.6071436,-0.023274304,-0.40565327,-0.16237572,0.3807322,0.36889848,0.12680206,-0.08739187,-0.083497435,-0.25549138
2018-01-22,289.5934543224563,0.08391373,0.5913866,-0.6523227,1.2361972,0.09032513,1.0284848,1.240835,0.33452675,-0.03997687,0.49592504
2018-01-23,289.68932934075093,1.411008,0.6978658,-0.095003195,0.15460387,0.45367622,0.3247395,0.13644499,-0.29780683,0.15510796,0.5291187
2018-01-24,289.66016381726706,-0.345311,0.10436827,-1.1697346,-0.14442728,0.34652674,-0.6332036,-5.441293,-0.3187387,-0.7448722,-0.78195786
2018-01-25,290.14506116801215,0.03234493,-0.4386088,-1.2960778,0.33010328,0.11276635,-0.2560311,0.15664463,-0.45338687,-0.9119031,-0.19498745
2018-01-26,290.26912164718675,0.71127194,1.0427747,0.04413572,1.2928225,1.3768535,5.097242,1.8167788,0.6547627,0.9200882,0.965316
2018-01-30,290.28218135335754,-1.235272,-0.9545619,-0.49875095,-1.0144455,-1.3382503,-1.249329,-1.2527851,-0.302095,-1.5778543,-0.50025666
2018-01-31,291.0353222658358,0.025196059,-1.1478326,0.07144068,1.7004671,0.7296468,-0.7037981,-0.21100843,0.7581871,0.110872604,0.7001912
2018-02-01,291.0527824637097,-0.51509273,0.25128645,0.027929429,-0.6628406,-0.028437499,-0.5416361,0.13504861,-1.0475814,-0.3561201,-0.2238198
2018-02-02,291.2089449960752,-1.3449302,-1.2620604,-3.0177479,-2.0401008,-2.0193858,-1.6501583,-1.4314922,-0.5754552,-2.1657372,-1.1862876
2018-02-05,291.3057467654114,-2.6705654,-3.6405053,-1.7673091,-3.1703248,-2.8118286,-1.8523982,-2.0556524,-3.1393406,-2.0766523,-1.6878211
2018-02-06,291.24869139254156,1.1596355,2.3633733,2.575182,2.6510367,1.6886895,0.7686989,0.86357325,1.8254024,1.5549067,1.1179851
2018-02-07,291.31118921272224,-0.6213356,0.27687657,-1.527254,-1.476685,-0.78883666,0.30770892,-2.3492825,0.36439243,-1.3959863,-0.737798
2018-02-08,291.57039186129896,-2.0326877,-2.681771,-1.9355441,-3.9462013,-2.8662062,-2.8588362,-2.7029696,-1.9313895,-2.674931,-2.259826
2018-02-09,291.8106912006586,0.81951123,1.3008815,0.6864708,2.6031437,1.1557176,1.3893106,1.6347103,1.0371361,1.9827238,0.73818403
2018-02-12,291.8273907494823,0.79633904,1.792676,2.473769,0.7056841,0.4955436,0.9891619,0.77494365,1.0786412,1.1271017,1.1160347
2018-02-13,292.26698384904364,-0.28039408,1.0311755,0.5422366,0.49235028,0.3815177,-0.44222245,-0.6616655,-0.053373795,-0.04169008,0.27202323
2018-02-14,292.38274310759135,1.670728,1.3854251,1.0835805,1.0552361,1.203687,1.0217856,0.91854054,0.5245696,1.8910145,0.9321063
2018-02-15,292.83844418231416,0.50819224,3.1125493,2.042231,1.3893969,1.4735818,0.58109653,1.0123788,-0.97438896,1.5092343,1.5148764
2018-02-16,292.79180978121246,0.06402008,0.37419093,-0.31920576,-0.59983367,0.011200483,-0.4208039,-0.14792132,-0.37802583,0.7093595,-0.5030486
2018-02-20,292.8186400574396,-0.4239083,-0.42047322,-0.3274325,0.48857254,-1.1435161,0.8208596,0.38247105,-0.68123025,1.2051866,0.27778843
2018-02-21,292.51725998230364,-0.5013516,-1.1666285,-0.40483904,-1.0535977,-0.68483466,-0.43956187,-1.0328435,-0.49744427,-0.47442043,-0.36011434
2018-02-22,292.6956086124612,-0.32987735,-0.5871292,0.434199,0.111757934,0.1320905,-0.1757308,0.067125075,-0.954766,-0.12815785,0.029447643
2018-02-23,292.66625602262724,0.9625625,1.6387795,1.015288,1.7492056,1.1092008,2.0791345,1.6918076,0.7364349,0.6074511,1.8181579
2018-02-26,292.595685172728,1.2386451,2.0473998,1.1679398,0.96764815,0.78247374,1.4295168,1.3546665,2.446932,1.2085968,0.52445436
2018-02-27,292.71905825482685,-0.8282536,-0.48584446,-0.31958407,-1.0168614,-0.64320827,0.8014096,-0.80548525,-0.12820987,-0.9190273,-0.99758613
2018-02-28,293.8718445235697,-0.2995806,-0.39992702,-0.20556039,-0.40995723,-0.15560712,-0.655567,-0.08447486,-0.9979984,-0.11979572,-0.030612385
2018-03-01,294.1364585991869,-0.8383706,-1.5067596,-1.2511877,-0.7910782,-1.3193998,-1.5367709,-1.1153806,-0.10843782,-0.46040446,-0.93658495
2018-03-02,294.1962987320353,0.2765912,0.39274907,0.33871266,0.07655969,0.7122475,1.174878,0.8626103,-0.23323669,0.6088211,0.8853695
2018-03-05,294.53848243359715,1.0038768,0.69578385,0.116254926,0.37665984,1.1573864,0.77077967,0.3503279,-0.5903049,-0.37092373,0.24617426
2018-03-06,294.5537117745042,-0.5074841,-0.35931402,-0.16188985,-0.3253886,0.18592218,0.9490864,0.28647658,-1.412965,1.5821098,0.10910195
2018-03-07,294.83731693611213,1.052619,-0.14626163,-0.70861775,0.33629286,0.19704476,0.58572865,-0.71727914,0.17153738,-0.48001462,1.1294478
2018-03-08,294.88195956762394,-0.8618034,0.20617019,0.5933815,0.35660723,0.43175578,-0.5973714,0.42660618,-0.56502867,-0.11876085,-0.22788723
2018-03-09,295.00320042516523,1.2501085,1.5496428,0.991652,1.5088776,0.95382917,1.4081094,1.0282291,0.7899495,1.4528707,1.0683502
2018-03-12,294.89633957458614,0.37476873,0.26027033,0.5138546,0.09240115,-0.16389185,-0.67621213,-0.03578494,-0.23785722,-0.5171449,-0.15358923
2018-03-13,294.9494464839305,-0.3806043,-0.59162706,-0.730885,-1.8529034,-0.47032955,0.23444684,-0.65706027,-2.3619683,-0.96426225,-0.4048696
2018-03-14,295.1504483383654,-0.48770797,0.1716953,-0.65679413,-0.5055963,-0.39824876,0.05741133,-0.4306855,0.23409656,0.28981152,-0.44074717
2018-03-15,295.1532335224149,0.59413785,0.06652035,-0.030872798,0.17333095,-0.016737113,-0.9882478,-0.23348443,-0.25294486,-0.049427412,-0.0034993694
2018-03-16,295.0701938065164,0.25469068,-0.48904535,-0.33442524,0.24087918,-0.20177111,0.26734257,0.053334802,0.46343067,-0.6660788,1.5349249
2018-03-19,294.86882548025216,-1.1752467,-1.1326647,-1.1002479,-1.3901938,-0.47526956,-0.35899144,-1.2635212,-1.7799087,-0.7453237,-0.9371413
2018-03-20,294.8415257914784,-0.4734027,0.14471765,-0.12891954,0.1068944,-6.4813433,0.692655,0.8017931,-0.16550918,0.43081078,1.726596
2018-03-21,294.8604953612146,0.19510767,-0.10007741,-1.5853614,-0.5822762,-0.119661875,-0.011003217,-0.54553574,-1.2129855,0.98817366,-0.8082344
2018-03-22,295.34359873922904,-1.9078724,-1.93536,-1.0226966,-2.1944814,-1.6462862,-0.74375796,-2.7934291,-1.0638372,-1.3449705,-1.6567962
2018-03-23,295.50278810038316,-1.362878,-1.0411614,-1.6137055,-2.1908197,-1.6408536,-1.5082659,-1.5901508,-1.6594887,-2.6820009,-1.4884642
2018-03-26,295.8049077021433,1.8887749,2.5690074,2.8733516,5.1370716,2.3032355,3.0840888,2.965857,1.9397564,2.1675668,3.2955003
2018-03-27,295.9207419362067,-0.6155628,-2.1713827,-1.7741311,-3.4383173,-1.6171522,-1.2816443,-2.4327042,-1.1246026,-2.2902522,-3.8217866
2018-03-28,295.78408913984146,0.25127485,-1.652165,-0.82014006,-0.1423598,-0.6475236,-1.6195443,-0.47550467,-0.19557115,-1.1291488,-0.431975
2018-03-29,295.5055655781686,0.37516546,1.96759,0.39394063,1.4118538,1.0148784,2.4518054,1.0762199,0.4983696,1.088613,0.7904056
2018-04-02,295.6371571437027,-1.4189491,-3.0532584,-0.5292713,-2.2672915,-1.1277168,-3.1927547,-2.0106266,-1.3964705,-2.1636648,-1.0772395
2018-04-03,296.2451906591245,-0.09825904,0.602193,0.54837906,0.8733259,-0.24928829,0.8307442,0.8250197,0.72113967,0.7616987,0.81423473
2018-04-04,296.36477883931565,1.7901217,0.23943184,1.1078598,1.9715933,0.8012976,0.22253795,1.1032789,0.09097155,1.1118677,2.1301665
2018-04-05,296.44525795102476,-0.041831974,1.007519,0.33673424,-0.039717026,0.55243134,0.37226567,-1.2478625,-0.040004004,-1.0422996,-0.47374925
2018-04-06,296.52149030119557,-1.4556564,-1.8058292,-1.765042,-1.7533638,-1.6723568,-1.644104,-1.7625734,-1.6742803,-1.599886,-1.3151772
2018-04-09,296.72340696032865,0.8886517,0.7226603,0.5256293,0.34570673,0.02191477,0.76091135,0.123128,0.18033288,0.45092648,0.028915381
2018-04-10,296.9157509742164,1.1152939,2.172366,1.0859934,1.5522996,1.2183583,1.7048786,1.441118,1.0306079,1.284127,1.1929054
2018-04-11,296.9380771820989,-0.016693713,-0.13710107,-0.4051189,-0.8614744,-0.371354,-0.1891471,-0.101904914,0.11539137,0.029283147,-0.32525894
2018-04-12,297.0325883126604,1.100271,1.4365361,0.5211668,1.2371149,0.29912436,1.5572438,1.0265878,0.07390538,1.0170505,0.6867921
2018-04-13,296.9043410656626,-0.5563528,-0.54514974,0.1105581,-0.4582646,0.20014861,-0.85308516,-1.3133705,0.34796402,-0.34911755,-0.8019049
2018-04-16,297.00652004605666,0.47484502,0.46469694,0.29175514,0.7474518,0.14448108,0.5027205,0.70097345,-0.86036325,0.5029426,0.47905248
2018-04-17,297.1096592934887,1.205968,1.9910496,0.767483,1.3373803,0.7622989,1.067152,1.008505,0.39180058,0.6309557,0.9819593
2018-04-18,297.1443781668633,-5.006624,0.052194253,-0.24896069,0.1942732,0.49417087,0.04488223,-0.11307946,-0.1781535,-2.387677,-0.122601
2018-04-19,297.3317364643838,-0.47398663,-0.115910254,-1.9394556,-0.32054397,-0.43083012,-1.3492193,-2.476337,-2.2949438,-2.8534403,-0.9229235
2018-04-20,297.4380809945733,-1.2268928,-0.7317942,-2.77286,-0.89933336,-0.8857656,-0.69355863,-0.89268166,-1.0554339,-0.16495372,-0.67199606
2018-04-23,297.3235686835458,0.41755632,0.23794162,-0.29044718,0.18218623,-0.6735945,-0.4448269,-1.236703,-0.8814407,-0.82833517,-0.09412255
2018-04-24,297.24416152911726,-0.13582535,-0.7988432,-1.0000014,-1.7534508,-0.4549073,0.32390365,0.11389794,-0.60765636,-1.306969,-1.9051672
2018-04-25,297.628442267825,0.16236648,-0.055804506,0.17177473,-0.69485337,0.229186,-0.090064295,2.6725953,-0.25172848,0.2714305,-0.2482865
2018-04-26,297.7769517442573,0.3363813,0.76677614,0.116243,1.3968632,0.21366303,1.5946251,-0.2554071,0.563574,1.0380667,1.0096929
2018-04-27,297.67326606917516,-0.10876438,0.75796354,-0.84642684,1.0808874,-0.67579657,-0.32697433,-0.21431716,0.48433498,-0.98766756,-0.11040289
2018-04-30,297.77282681898276,-0.6705309,-0.65285724,1.0376797,-1.7919637,0.11766225,-1.0961132,-0.73340285,-0.1686215,0.14165848,-0.1802027
2018-05-01,297.8915887579215,0.013492323,0.8177287,1.3565468,1.0290139,0.31092694,1.6248417,1.0786077,-0.24813046,0.9368079,0.48673576
2018-05-02,298.11256402913506,-1.1375687,-1.5022345,2.6427898,-1.1905258,-0.688256,-0.9964661,-0.34915352,-0.5775808,-0.39412865,-0.821141
2018-05-03,298.0272416948856,-0.2107344,0.8874175,0.010150584,0.34270635,-0.7085948,-0.050291907,0.28650412,-0.036203574,0.06316417,1.0736622
2018-05-04,298.2235790527489,0.8540591,1.2993581,2.340042,0.7325614,0.8310861,0.7497364,0.9108206,1.8209482,1.398961,0.46911284
2018-05-07,298.20345992689784,-0.31110156,0.6357675,0.35315618,0.7015088,0.42025438,0.5020464,-0.19459225,0.361179,-0.06041318,0.46763527
2018-05-08,298.07186422562324,-0.10227516,-0.038977273,0.19991864,-0.37845677,-0.25692332,0.2619441,0.4598219,-0.20784666,0.5873943,0.7103929
2018-05-09,298.3516193058737,0.5268075,0.48200905,0.34070942,0.74629647,0.7995703,0.6425098,1.097097,0.18134253,0.4391315,1.0548003
2018-05-10,298.3252641664518,0.7220634,0.37531018,0.7970704,0.6221,0.39718542,0.5696796,1.268049,1.4117379,0.97269195,0.20482564
2018-05-11,298.43063429335956,-0.048288897,-0.55718416,-0.34658498,-0.22848967,-0.22608477,-0.3067814,-0.48929194,0.13072956,-0.60145116,0.053619344
2018-05-14,298.3664518166299,0.066857465,-0.35204017,-0.2530955,0.15919825,-0.077410735,0.19054148,0.67842185,1.1283795,0.23167968,-0.88460207
2018-05-15,298.4041387867687,-0.2523903,-0.3387796,-0.68429834,-0.58833545,-0.0909319,-0.9304937,-0.8807505,-0.95839447,-0.9696192,-0.50335824
2018-05-16,298.4070343962385,0.39036736,-0.49143973,0.48490354,0.103301756,-0.18577276,0.64812887,1.1168392,0.7651915,0.73406774,0.07014585
2018-05-17,298.5054796448038,-0.061418124,-2.6302292,-0.5072192,-0.7821379,-0.33541173,0.13538128,-0.676722,0.11643004,-1.001671,-0.22793077
2018-05-18,298.56365806378204,-0.18993394,-0.40337697,-0.33573487,0.053567857,-0.37733927,-1.2421274,0.025588138,0.35779637,-3.6452544,0.17034446
2018-05-21,298.7674375694534,0.6183185,0.8394376,0.3428374,0.8184606,1.1262193,0.7458961,-0.16155255,0.07480213,0.3233559,-0.10440798
2018-05-22,298.7356381760515,-0.17981179,-0.16569439,-0.26352042,-0.14945383,-1.2128017,0.099154696,0.15728998,-0.32999337,0.12227349,0.04671954
2018-05-23,298.92526365265815,-0.18908386,0.037604198,0.30024868,0.7504152,0.6407955,0.6776248,0.025094742,1.0221264,0.15489751,1.0162327
2018-05-24,298.8811267647998,-0.26941288,-0.18171442,-0.17514485,-0.3264353,-0.67290497,-0.4434515,-0.2654506,0.11688374,0.26779503,0.16196111
2018-05-25,299.17022371847645,-0.19479263,-0.49777827,0.040089484,-0.041924495,0.6518531,0.6099119,0.35324714,0.5816591,-0.01898693,-0.4497161
2018-05-29,299.47030562120335,-1.0894114,-0.46981472,-0.33232045,-0.3260013,-1.0764865,-0.13072938,-0.42907205,-0.9266938,0.85643363,-0.40279812
2018-05-30,299.0822004170854,0.6264808,-0.20064476,-0.23920642,0.589982,0.9916408,0.30558014,0.4068742,0.042169407,-0.42737624,1.0184792
2018-05-31,298.72222760450404,-0.593485,-0.23292814,-0.3179124,-0.15557088,-0.52251095,-0.45822266,-0.05740895,-0.28852153,-0.73877805,0.29466054
2018-06-01,298.83962630056004,0.2848315,1.4942794,1.0277445,1.2908807,0.7694062,1.6678499,1.4604136,0.29545715,1.0885209,0.32298604
2018-06-04,299.1771034941331,0.4849695,-0.13488209,0.422127,0.53004,-0.11714784,-0.24278162,0.40603453,-0.0044200043,-0.04452991,0.31864625
2018-06-05,299.2577724338928,0.29035926,0.13166988,0.38164932,0.27889854,-0.3308057,-0.28831562,0.91088456,0.124781854,0.4033411,-0.23948283
2018-06-06,299.3160503687322,0.44377846,0.908564,0.11448052,0.12722473,0.7466896,0.42233875,0.14223376,0.56776196,-0.3821582,0.15424205
2018-06-07,299.53679669395166,0.28264996,-0.95932007,-0.27361178,-1.181188,-0.16940373,-1.0479683,-0.5398636,0.5141058,-1.1040434,-1.4574611
2018-06-08,299.5040913673426,0.33824232,-0.27657807,-0.68127775,0.4391209,0.57980484,-0.77562445,-0.873521,-0.36239198,-0.16486324,0.67538935
2018-06-11,299.55730801001556,0.18839577,0.3202065,-0.25909495,-0.4762979,-0.063998744,-0.5089861,-0.3323271,-0.326781,-1.1152964,-0.14966467
2018-06-12,299.5427306155833,0.12259364,0.38096613,0.24165659,0.10178361,0.26169068,0.25494528,-0.021393387,-0.18554899,0.7120136,0.22662036
2018-06-13,299.7560931579853,-0.23029466,0.09936728,-0.6244682,-0.39408174,-0.31097767,0.17102285,-0.83814293,-0.5098363,0.013285467,0.62554866
2018-06-14,299.8373169921549,-0.5077447,1.0403101,-0.07086459,0.31482023,-3.2406106,0.4430114,0.2932255,0.10035122,-1.1435255,0.29680195
2018-06-15,299.7187074211261,0.079896,-0.6869634,-0.75546414,-0.9686238,0.4415128,-0.41308147,0.5275804,0.21950708,-0.40147784,-1.3996269
2018-06-18,299.45188543141677,-0.40492907,-0.071415946,-0.13759823,0.42932788,0.24867944,-1.7801086,-0.8826691,-0.5774678,-0.92269427,0.6974426
2018-06-19,299.3557074928381,-0.260763,-0.61566085,-1.1338041,-0.07741873,-0.4166572,-0.2969246,-0.4794976,-0.46078044,0.112257466,-0.92659426
2018-06-20,299.383690661294,-0.5701778,-0.13453744,0.17082106,0.6179459,-4.959533,0.4806204,0.21970615,-0.012147879,-0.05856592,-0.2106489
2018-06-21,299.3907299477583,-0.6249797,-0.92281586,-0.45752278,-0.5792644,0.3335565,-1.2332466,-1.2351125,-0.111293666,0.26340452,-0.6137902
2018-06-22,299.7500153581116,0.009915731,0.053829394,-0.2879154,-0.5815776,1.3650975,0.27673873,0.056432184,-0.27178907,-0.9625034,-1.214687
2018-06-25,299.603782773299,-1.1399513,-1.4667946,-1.0498427,-1.4934714,0.17929046,-1.769307,-1.2875851,-1.2050717,-1.1759194,-0.96530604
2018-06-26,299.49408355624286,0.12965201,0.40990293,0.67454934,0.40995595,0.10755003,-1.0657396,0.6345974,-0.5544131,-0.11953532,0.45576802
2018-06-27,299.26284765281315,-0.74311244,-0.36406416,-0.19687237,-1.1715748,-1.4550785,-0.953601,-1.5978802,-1.1083962,-1.3618834,-1.1107916
2018-06-28,299.10865060626975,1.1750298,0.969,0.35434353,0.69950694,0.48674577,0.48268324,0.08865824,0.50820976,-0.04752969,0.36513317
2018-06-29,299.2135151520965,-0.15909466,0.1337565,-0.23739518,-0.091627024,0.23860155,0.44715646,0.54785615,0.09518624,0.72964174,0.7670353
2018-07-02,299.52571619023814,0.069423735,-0.36031225,0.59810805,0.9055081,1.181947,0.472717,-0.09551021,-0.03291309,-0.54316455,-0.22456269
2018-07-03,299.170686512319,-0.1364303,-0.2334809,-1.2156422,-0.75156957,-0.40080148,-0.7599943,-0.8283201,-0.76387805,-0.8885733,-0.3781601
2018-07-05,299.43563434704043,0.8421877,0.34512982,0.40215015,0.42087388,0.8873988,1.26581,1.3454676,1.5489917,0.5023985,0.36439502
2018-07-06,299.82709969130866,0.46902186,0.2312694,0.76416695,0.8923614,0.73427767,0.5899729,0.5615071,0.27682889,0.53880674,0.74963105
2018-07-09,299.89590386913306,0.8473358,-0.0738008,0.76534975,0.39547879,0.91213834,0.45648703,-0.4257455,0.073791854,0.26383665,0.22762683
2018-07-10,299.994069702646,0.13787192,0.29465154,-0.17993985,0.10675125,0.27145094,0.268811,0.79426074,0.17310844,0.11085635,-0.34486392
2018-07-11,299.8752993794661,0.09786152,-0.47457218,-0.92730534,-0.1726668,0.78611547,-0.9571033,-1.1535784,-0.90940607,-1.4689499,-0.21299616
2018-07-12,299.8356164057615,0.6586316,1.5960202,0.9444884,1.4143063,0.59220356,1.0971116,2.0924788,0.70945626,0.35250223,1.3033825
2018-07-13,300.1082501683265,-0.24400383,-2.899499,-0.0049806563,0.7443902,0.54545146,-0.14679338,-0.45900133,-0.027061133,0.32096276,0.65361315
2018-07-16,299.9666997531431,-0.19661228,1.1606252,-0.2423449,-0.42091903,-0.050987415,-0.22451794,-0.39740586,-0.111504495,0.0768229,-0.9038235
2018-07-17,300.45377712481246,-0.8749023,-0.26838568,0.074016094,0.6063039,0.4891443,-0.2738403,0.5657156,0.34683415,0.78970844,0.63402146
2018-07-18,300.4708634647198,0.4536194,-0.22063035,-0.44933206,-0.6218632,-0.41047096,-0.05084571,-0.15312865,-0.1949449,0.76305556,0.1915645
2018-07-19,300.50971611167597,2.0503998,0.2981189,0.38316223,-0.5530308,-0.33462498,0.23059267,-0.6665846,0.33629894,-1.485313,-0.52784836
2018-07-20,300.50601403058886,-1.2531668,-0.6433567,-0.24786796,1.1524106,0.026557732,-0.08946616,0.12757048,-0.612309,-0.0045952694,-0.13283509
2018-07-23,300.828346436945,-0.2878871,0.0717077,-0.04767024,1.0196471,0.116177,0.3642579,-0.26503116,0.27670622,-0.37670752,0.28419363
2018-07-24,301.1116924606089,0.29428285,0.5263765,0.34983823,-0.2751578,-0.076536745,-0.14683726,-0.5540644,-0.25537032,-0.5492804,-0.5010969
2018-07-25,301.0730376404278,0.10137255,1.2254874,0.48517153,1.9249274,0.28124803,0.21849743,-0.40134642,0.3505653,-0.039271194,1.0284228
2018-07-26,301.4568997756578,0.036003213,0.5761711,-0.29925448,-0.8320017,-0.1782039,-0.2812019,-0.046880513,2.946748,0.98852324,-0.34753326
2018-07-27,301.5134297816693,-0.6865453,-1.5418288,-1.1522262,-1.3047851,-0.38263476,-4.5327463,-0.46776724,-0.711501,0.8929942,-1.5275028
2018-07-30,301.57592335627504,0.14634521,-0.6586523,-0.45433137,-1.5674757,-1.2379279,-0.0113072125,-0.67530197,-0.5470761,-0.4188958,-2.6990511
2018-07-31,302.0109969516103,-0.24962778,0.18508874,0.022044567,0.3836534,-0.14124382,0.40775654,0.1351215,1.3731601,0.53123367,0.39593694
2018-08-01,302.2677288143124,-0.6369285,-0.71323323,3.4657211,0.05233154,-0.50616145,0.7132009,-0.2655502,0.10025086,-0.64803356,0.59140766
2018-08-02,302.3855252358448,-0.24405162,1.081977,1.6926072,0.7482166,0.63837296,0.6619068,0.57159567,0.21008117,0.035939258,0.7607256
2018-08-03,302.2437034811658,2.0821335,0.47311243,0.07752583,0.22177605,0.6563387,0.1299405,0.25163493,0.3520592,0.53699505,0.11291797
2018-08-06,302.36663844562116,-0.7299624,0.7403782,0.22018816,-0.019544031,0.17867689,-0.052452475,0.055894677,0.14426105,0.452755,0.0655384
2018-08-07,302.4184718292858,0.42456836,0.43304512,-0.6892393,0.39590538,-0.31806567,0.3833511,1.3231009,-0.27851298,0.040567484,-0.24756113
2018-08-08,302.4957689201155,-0.055192158,0.39886904,-0.060364693,0.30514592,-0.19097145,0.2397097,0.1205809,-0.27253306,0.37028918,-0.01320184
2018-08-09,302.8315505259691,-0.24534889,-0.10479791,0.38483357,0.035609033,0.11498575,0.15825523,-1.053847,-0.13572384,-0.93116397,-0.10767746
2018-08-10,302.75891206188294,-0.1311281,-0.010484736,-0.28782415,-0.49416417,-0.35637277,-1.3285755,-2.401818,-0.259761,-0.9575318,-0.121865444
2018-08-13,302.41565754248785,-0.79101074,-0.057529505,0.29845724,-0.57358634,-0.4742289,-0.4343364,-0.17308596,-0.06699915,0.018423783,-0.1344824
2018-08-14,302.1973286690314,0.28744236,0.38150817,0.15957129,0.77208143,0.207002,-0.36484918,0.13161772,0.32427415,0.026721109,0.40347496
2018-08-15,302.4594573626263,0.24179578,-0.2296463,0.042864773,-1.0092574,-0.57816285,-0.7145959,-0.5005152,0.08971506,-0.832809,-1.2206248
2018-08-16,302.3082713794627,0.62905097,1.9987267,0.80391854,-0.089207664,0.25933945,-0.32941896,-0.2013542,-0.026378654,-0.15380695,-0.4371599
2018-08-17,302.46163087896724,0.31289703,1.0628883,1.129041,-0.114562266,0.25726748,-0.09643859,0.043801725,0.12270394,-3.3968148,-0.762921
2018-08-20,302.58215570007013,0.19370683,0.51262975,-0.71186507,-0.52840805,0.0005651143,-0.66483563,-0.43038294,-0.013161341,-0.31106856,0.7366962
2018-08-21,302.5800472283647,-0.23905246,-0.66866577,-0.22385718,-0.6472789,-0.08883078,1.1714743,1.2826066,0.18196175,0.13304089,0.25331247
2018-08-22,302.62013492668024,-0.32350802,0.30452716,-0.099470295,0.61552155,0.4196568,-0.6257739,0.2811214,0.11358209,-0.6275601,0.7132634
2018-08-23,302.6152001846662,0.05424775,0.034441408,0.024836168,0.24156746,0.1261806,-0.096616365,0.024196832,-0.067418545,-0.27663633,0.18953073
2018-08-24,302.47506873431945,0.29096937,0.43668187,0.09088609,0.45496342,0.30164808,0.6987502,0.57958794,0.1127017,-0.14217289,0.7889963
2018-08-27,302.78987115884837,0.28100646,0.3895856,0.40770045,0.6740746,0.011628554,0.6985036,0.768751,0.04549865,0.88849574,0.07182119
2018-08-28,302.8428282167347,-0.046511345,0.5194338,0.39779443,0.33275375,-0.94492614,0.20552373,-0.21183664,1.5102282,-0.41553771,0.022725841
2018-08-29,302.91672847129934,0.41010723,0.7623872,0.8187847,1.0021687,0.24016222,0.16336668,0.14847425,-0.45387512,-0.3703505,0.91987664
2018-08-30,302.97923436681657,-0.70438516,-0.49080652,0.46642125,-0.11885695,-0.72228897,-0.54899716,-1.6372613,-0.77076757,-0.046083387,-0.46944168
2018-08-31,301.46953306264237,0.23720258,0.8870841,0.61582506,0.15636328,0.18028486,0.17565247,-0.18750875,0.29189897,-0.1992267,-0.673058
2018-09-04,301.69505572586786,-0.35325104,-0.06770537,0.09722965,-0.4568782,-0.07634611,-0.5115655,-0.014014397,1.143996,-0.46979955,0.51392275
2018-09-05,301.6995881474488,0.42539623,-0.6755626,-0.512054,-2.0855682,-0.770862,-0.27378464,-0.8587249,0.49714863,-0.20062506,-2.183439
2018-09-06,301.82612613685137,-0.12095251,0.0043321545,-1.1495862,0.08129187,-0.504236,-0.50816584,-0.22177722,-0.41647744,-2.308564,0.61832094
2018-09-07,301.9404238075139,-0.41490874,-0.34543833,-0.6085424,-0.41161537,0.05363186,-0.8896684,-1.4412661,-0.068103686,-0.5169064,0.11874849
2018-09-10,302.06630971279736,0.08474543,0.018935382,-0.9457573,0.660164,1.2704694,-0.18422538,-0.16870753,1.1353087,-0.34395853,0.7767865
2018-09-11,302.2818347859816,0.3645883,-0.06879757,1.4538405,1.0769359,-0.0001755056,-1.5287973,-1.3820285,0.036526345,-0.5241596,0.21190968
2018-09-12,302.2792898265216,0.031861756,-0.21538699,-0.88155466,0.2118811,0.4530988,-0.021929516,-0.96483666,-0.55197936,-0.9246162,0.04929131
2018-09-13,302.1705677546515,1.0266281,0.5010935,1.3859712,0.65492135,-0.555164,0.6877858,0.5947844,1.6671777,0.44959757,0.03738237
2018-09-14,302.2410226139828,-0.26972595,0.2221973,-0.8143368,0.20168027,0.28954422,-0.05496083,-0.2979988,0.2059583,0.13789088,1.0638084
2018-09-17,302.29750905496047,-0.17134285,-0.4324476,-1.7846602,-0.8226334,-0.16419673,-0.15430653,-1.0588102,-1.1962904,-0.5084961,-1.3194675
2018-09-18,302.75134027078406,0.2644409,0.49903417,0.00039595814,0.57109106,-0.26454973,0.72294176,0.61812824,0.813544,0.4345559,0.37974668
2018-09-19,302.8475338210705,0.21190986,-0.27213612,-0.065233536,-0.99122703,0.425273,0.03234076,1.3248892,-0.4774138,-0.24245927,-1.2280115
2018-09-20,302.97885286537445,0.88733494,0.641787,0.36834234,1.0538923,1.1586032,1.105284,0.5436079,0.24392098,0.28367293,0.17877337
2018-09-21,303.4269917778614,0.081780665,1.1774595,-0.7733575,0.33488974,0.7354308,-0.5982395,0.7820485,-0.6231834,0.1660156,-1.1525286
2018-09-24,303.33337986598184,-0.5628989,-0.1811507,0.783614,0.16703773,0.09244952,0.24554278,-0.2287778,-0.15361297,-0.6393486,0.5203945
2018-09-25,303.4437044848602,-0.4818854,0.03196729,0.28995574,-0.20642492,0.4972552,-1.1010163,-1.3543897,-0.59385735,-0.6361747,0.61483747
2018-09-26,303.5792555434864,1.1462463,-0.09612022,-0.5973777,-0.35505208,-0.18266779,-0.2515994,-0.849969,-0.6868313,-0.42764556,0.018374335
2018-09-27,303.51260921503973,-0.049158324,-0.12471228,1.158901,0.17924263,-0.004379793,0.17469919,0.52231824,-0.11195866,0.012473683,0.17055592
2018-09-28,304.8994449404475,-0.12501796,0.44479907,0.11472724,-0.09914235,-0.22860974,1.489558,-0.08983868,0.11794848,0.2363611,-0.09172614
2018-10-01,305.04797375323733,0.7503032,0.30062476,0.31186315,0.64781946,0.20725378,-0.91720504,0.16615821,0.27101153,-0.41596347,0.9169226
2018-10-02,305.14493905612846,0.31039065,0.18647967,0.44323754,-0.34286734,-1.9460765,1.7203178,0.3175872,0.37790427,0.5123808,-0.73584586
2018-10-03,305.49866741395005,-0.22320338,0.17190878,0.6418281,-0.063838534,-0.6574315,0.65757805,-0.24797681,-0.514842,-0.06334656,-0.37197438
2018-10-04,305.60926198117227,-0.8047052,-0.62350917,-1.1892751,-1.4707081,-0.41709095,-0.6710611,-1.4106702,-0.2408193,-1.1880677,-1.3648179
2018-10-05,305.9432214324067,-0.97354025,-0.37007067,-1.1031208,-0.4665412,-0.22180617,-1.1750083,-1.6059157,-0.8078007,-0.79626226,-0.19013762
2018-10-09,306.183732255263,-0.49988928,-0.05528959,0.7416081,0.7658795,-0.67719644,-0.53364205,0.47224906,-0.5867197,-1.0742153,-0.20069645
2018-10-10,306.1984144529739,-2.0103595,-2.7781126,-3.0033734,-3.7927947,-1.9186201,-1.9318709,-2.2893472,-2.297326,-1.5972651,-3.36645
2018-10-11,306.415350043998,-1.6692307,-2.3426595,-0.6424562,-0.23180558,-0.86849743,-0.66027796,0.088917516,-1.7419945,-2.0913405,0.04357132
2018-10-12,306.9961268484674,0.8348369,2.4428713,2.0399048,2.1728554,0.6907844,0.7033711,0.86309785,-0.08082395,1.0282933,1.9749025
2018-10-15,307.069739247937,0.12508512,-1.6077709,-1.417653,-1.2747046,-0.16364098,-0.41206524,-1.1042733,-0.16410606,-0.40297464,-2.286173
2018-10-16,307.39613516753116,1.7822343,1.7515705,1.2267977,1.9775947,1.3200934,1.5273649,1.5643977,1.2532417,1.5183252,4.353202
2018-10-17,307.43303099525116,-5.079798,0.16949423,-0.3633349,-0.24733515,-0.53556186,-0.07673922,-0.4568632,-0.094315425,0.15111576,-0.42750064
2018-10-18,307.6274051434789,-1.6950473,-0.7410571,-1.537586,-1.4028502,-0.6771053,-1.0290974,-1.3092334,-0.72585243,-1.3252091,-1.7372957
2018-10-19,307.7730478586812,-0.71664846,-0.19558328,0.8186872,0.022253422,0.18989474,-1.106069,-0.88325524,0.06254854,0.36098346,-1.1429694
2018-10-22,307.865256017374,0.45265833,0.62809056,0.2703303,0.5096938,0.3632477,1.1047738,0.8146321,0.4342099,-1.0051869,1.0886097
2018-10-23,307.8186151939865,0.58129424,-0.5298746,0.47030404,-0.9991193,-0.012045104,-0.58879805,0.2352852,0.094024844,-0.0968884,0.03997975
2018-10-24,308.24368300491886,-1.9834123,-2.1085365,-2.2153468,-3.6780753,-1.6204299,-2.3989804,-5.350503,-2.6779318,-2.2345877,-2.7338736
2018-10-25,308.0175046419787,-0.38530847,2.1597512,1.2150215,3.6561594,1.4371343,2.1421556,-0.24989682,0.3298647,0.97313696,2.7723374
2018-10-26,307.97716064911526,-0.8475893,-1.9008973,-1.073806,-0.8926351,-0.8757215,1.500557,-0.90362805,-0.5912371,-0.4384651,-1.4850668
2018-10-29,308.10885407478673,-2.6992824,-0.6587798,-1.2489035,-2.0114317,-0.45330304,-0.3388217,-0.34760532,-0.30239126,-1.6891038,-1.3066193
2018-10-30,308.1182574953905,-2.3112676,1.1504612,0.20273581,-0.15046199,1.8589826,2.4935467,2.3180425,0.63699734,1.5958315,-0.36774606
2018-10-31,307.77571522973483,0.014803723,1.7864,1.4637208,1.8505001,0.25688592,-0.94663584,-0.19530472,-0.2858104,0.49407494,1.3845562
2018-11-01,307.85132128847744,0.7697558,-0.16406716,0.82570565,-0.62491196,-0.38069844,1.3774195,2.9826226,0.49630967,2.8903368,-0.19091702
2018-11-02,308.4517292178233,-0.6404349,-0.27162215,-4.2560415,0.07373154,0.21895757,-1.1783532,-1.7073587,-0.34724727,-0.17768884,-1.2220099
2018-11-05,308.72809707380713,2.382966,0.98931235,-1.8411535,0.75142425,0.1565566,0.8744879,0.29638496,0.017496474,-1.2053547,-0.044272877
2018-11-06,308.810684739491,1.6095331,0.52802366,0.5512666,0.053100824,0.20375961,-0.46160543,0.8524754,0.03126161,0.5677823,0.04011055
2018-11-07,308.931778435938,0.88656294,2.0505846,1.7064837,2.4450066,1.1294934,1.4960884,-0.051787276,-0.37565845,0.3600819,2.4194095
2018-11-08,309.05553725330384,0.055516332,0.76734376,-0.31009263,-0.19664937,0.12614746,0.2511481,0.7133343,-3.871498,-0.44718444,-0.75850534
2018-11-09,309.21646723507774,0.08142653,-1.9498307,-1.2739677,-1.357191,0.13698943,-0.92094743,-1.5914663,-1.112432,-0.8671004,-1.0897217
2018-11-13,308.93853384519474,-0.033372823,-0.77902114,-0.70584524,-0.03157742,0.27431858,0.75745296,0.56993157,-0.3512522,0.9954213,0.32558924
2018-11-14,309.2696447522983,-0.34150997,-1.2418118,-1.827812,-1.0039625,-0.8796252,-0.33743525,0.053106327,-0.2619963,0.0253737,-0.8082634
2018-11-15,309.3697898394119,0.6555915,3.7165225,1.3714789,1.3418839,2.0536916,1.0386612,1.9883056,1.0997094,1.6377089,0.86249095
2018-11-16,309.4576610544343,0.06698645,-0.64063376,0.5652426,0.53507984,0.552938,0.7128639,-0.158668,0.31110093,0.35795814,-0.30634066
2018-11-19,309.552658252018,-0.66854036,-0.919782,-2.5355692,-2.3140454,-1.9727848,-0.8717629,-2.1508143,-0.86815435,-1.2362343,-4.111907
2018-11-20,309.54212141920993,-1.6783911,-1.9569641,-3.0490623,-1.9069598,-1.5454334,-0.65615845,1.3343942,-0.06463743,1.4932274,-0.08500175
2018-11-21,309.85350975411757,0.7427683,0.6105893,-0.16664249,0.81230974,0.27887657,-0.40025178,-0.54160523,0.20179825,-0.52519315,1.2479752
2018-11-23,309.94574162523776,-0.75106776,-0.55811065,-1.6461021,-0.09911072,0.023216823,-0.5411048,-0.7513539,-0.09695076,-0.24821754,-0.18216977
2018-11-26,310.3685031836493,1.2809254,1.5806619,0.70815414,2.0225117,-0.6061988,0.93439156,0.7319147,0.303868,1.0227616,1.2389811
2018-11-27,310.34795009664964,0.24993783,0.82327884,-0.22916394,0.33144236,-1.0796083,0.6188671,-0.15339784,-0.20870395,-0.096180655,-0.03334138
2018-11-28,310.2751210349829,1.5639983,1.7331297,2.1678696,2.283676,0.8479851,0.78309464,1.1611247,0.77523786,1.1600456,3.2648685
2018-11-29,310.6276481029605,-0.797684,0.060617767,-0.5606646,-0.6155882,-0.427047,-1.2102244,-0.6109637,1.0505837,-0.71916497,-0.11538457
2018-11-30,310.92074090378253,1.4532213,0.7635439,-0.4225085,0.33381715,0.96747833,1.6162841,1.4186957,0.033760928,0.7366214,0.24882254
2018-12-03,311.1071597541429,0.53267837,1.2436635,1.957161,0.6180286,1.1947237,0.79113775,0.7179255,0.58552366,1.0636796,0.7244437
2018-12-04,311.27866765904304,-1.9263576,-2.0330286,-2.7876525,-2.1507337,-1.3514488,-2.4233184,-3.244753,-1.153287,-3.3179827,-1.8706381
2018-12-06,311.30296673319464,1.2043484,1.503359,-0.76822984,0.32145077,-2.604032,0.6135351,0.67981213,-0.08084687,-0.9494224,0.82279485
2018-12-07,311.32310956087997,-2.4084225,-2.8847952,-2.2683954,-2.693911,-0.92895865,-2.24517,-3.293145,-0.96105886,-1.3437244,-2.531616
2018-12-10,311.478647512545,0.95264363,0.6152632,0.2944527,1.598091,0.76945066,1.0009801,0.8486311,0.90031743,0.5553158,1.0989779
2018-12-11,311.633979418157,-0.12813081,0.32853878,-0.4401667,0.5188779,-0.33544993,0.15417711,0.393798,0.004464305,-0.26503822,0.14895211
2018-12-12,311.7200151389328,0.1418724,0.47432187,0.06839372,0.21468495,0.9938687,0.4429651,0.73133755,0.2048828,0.13119185,-0.05107365
2018-12-13,311.94289091452686,-0.228821,0.060064413,0.5510427,0.14303797,-0.18346089,0.4485582,-0.07027832,0.20297888,-0.67568487,0.3899231
2018-12-14,311.8598247794103,-0.44302785,-2.485271,-2.0370479,-2.1022608,-0.8532005,-0.4639646,-1.112248,-0.4417366,-1.3929362,-3.644485
2018-12-19,311.93179571337066,-0.121974364,-1.4880314,-1.9867903,-0.24554661,0.6822471,-2.3157113,-2.7561982,-0.9268747,-2.296269,-0.4095834
2018-12-20,312.0888563434295,-1.9055936,-1.0746958,-1.6201993,-1.4290842,-0.33573532,-0.055583853,-0.38936085,-0.33227876,-0.91107756,-1.359459
2018-12-21,312.2637103393787,-1.1911846,-1.0747274,-2.4591007,-2.1664124,-2.9501796,-0.78601545,0.1287058,-1.2948403,-0.8739402,-2.247323
2018-12-24,312.2441921466282,-1.9776008,-2.6867595,-1.6581466,-2.7906826,-1.8244635,-1.4155899,-1.8923137,-1.0632819,-1.9073068,-0.91368324
2018-12-26,312.7450051730068,2.235439,3.690083,3.9452662,4.123896,2.442384,2.827189,3.4397345,1.7907137,2.1797185,3.7835803
2018-12-27,312.54054597626293,1.3594836,0.7070635,-0.48445147,0.3178871,0.41813195,0.1576288,0.45755318,0.022176145,1.1126289,0.36578172
2018-12-28,312.7894084066533,-0.4247023,-0.242519,-0.06677159,-0.5706551,-0.26547578,0.38890958,-0.08949613,0.48540205,0.9773712,-0.50772506
2018-12-31,314.4314532546666,0.36143485,0.8978067,0.4706961,0.6610426,0.3467469,0.16501176,0.36239636,-0.0028823463,0.36666983,0.5467981
2019-01-02,314.2464781562701,0.8621817,-0.63204277,-0.02924431,-0.35155302,0.016452475,0.1331396,-0.122068726,0.29935065,0.8282544,-0.4291265
2019-01-03,314.2223929661864,-1.2935075,-2.6118433,-6.289194,-2.4285674,-0.6311181,-2.7985768,-3.8361106,-1.4141533,-2.5242379,-1.9413056
2019-01-04,314.1339820041456,2.4557643,3.074417,2.3715565,2.7868333,2.3417475,2.8980486,2.6371198,0.6300502,2.6219711,2.0961583
2019-01-07,314.3241682617711,0.45139042,0.45773423,-0.22797665,0.0076072775,0.82591826,0.20456979,0.9632791,-0.20639606,0.6360313,0.5307296
2019-01-08,314.50042886355925,0.9047412,0.5513287,1.01673,0.380837,0.4427597,0.28560323,-0.16775943,-0.46749023,-1.7751594,0.59076536
2019-01-09,314.5039825016919,0.45795152,-0.40206754,0.8961762,0.8183472,-0.1913204,0.25305113,1.1138338,0.43911606,1.6050214,0.45051515
2019-01-10,314.4547217302647,0.5811649,-0.14415865,0.09166616,-0.47695324,-0.02425101,0.5350109,0.85147506,0.06772921,0.45922226,0.36539507
2019-01-11,314.3764622077701,-0.17455648,0.3898062,-0.6784104,-0.55921644,0.48652092,0.3487917,0.4570051,0.46228102,-0.061573274,-0.13094641
2019-01-14,314.61216702852334,-0.56791973,-0.46769568,-0.9891208,-0.531398,-0.20200466,-0.6077694,-1.5192614,-0.23534699,-1.1801827,-0.6685372
2019-01-15,314.83107081592266,0.7092714,1.2886659,1.0963165,1.7174332,0.3888797,0.22920333,0.73730487,-1.3123771,-0.21799694,1.407913
2019-01-16,314.62707732633163,-0.05852473,-0.11029774,0.61899483,0.14811291,-0.45029938,-0.49961394,-0.38060585,-0.44831747,-0.2184323,-0.16574644
2019-01-17,314.85506524115937,0.2993454,0.38333216,0.25215757,0.36566028,0.54067534,0.32135406,0.14499684,-0.4836898,0.99324214,0.37267002
2019-01-18,315.07471034714274,0.84935915,1.2753559,0.2648896,0.85710734,0.7297332,0.69842196,1.0881729,0.3219063,1.2752417,0.4892652
2019-01-22,314.98345094582885,-0.67736006,-0.40552056,-1.4317362,-1.2619221,-0.45402792,-0.94790196,-1.8513471,-0.8738164,-1.5639393,-0.768138
2019-01-23,315.03730132667,5.2099133,1.0432073,0.14118604,0.5340127,0.2755942,-0.35931402,-0.8149861,-2.1874273,-0.23954691,0.15307534
2019-01-24,315.19129715732305,-0.1744118,0.21651909,-0.5638895,-0.37126815,-0.11792543,1.8002405,4.0333953,-0.9103606,3.891955,-0.56988865
2019-01-25,315.0563953389561,0.6925551,0.7810315,1.8209413,0.4960054,0.6171654,-2.7755291,1.2966424,0.34451148,1.3679769,0.3597397
2019-01-28,315.4727483591807,0.14306499,-0.59589934,-0.64182866,-1.2993356,-0.39125687,-0.36784384,-1.1202596,-0.65458506,-0.59874374,-0.6664501
2019-01-29,315.72303667640534,0.028274823,0.30678704,-0.7069092,-1.3519471,0.031137481,-0.20176326,-0.89391863,-1.1790738,-0.6159018,-0.76370305
2019-01-30,315.60527206549784,0.023496259,1.1222169,3.7822006,1.9744889,0.77804327,1.0160724,0.86038655,0.604349,1.3840407,0.7439131
2019-01-31,314.7636845708769,0.018567082,0.8512899,0.32618576,-1.2308747,-0.21915928,-0.45813686,-0.9771955,-0.65895534,-0.62496,0.87282115
2019-02-01,314.77346044907154,-0.1533836,0.0594924,-0.06802175,-1.0695751,0.5819319,1.6224471,0.7078026,-0.00037321224,0.15458415,-0.16933352
2019-02-04,314.8592218667145,0.51861364,0.0001337647,1.5522628,1.7045524,0.17402698,0.46662185,-0.20436093,-0.009431972,-0.5133101,1.2523655
2019-02-05,315.05289994662905,0.17007726,-0.14827138,0.9014528,0.7964812,0.16163784,0.75611126,0.22487845,0.8372035,0.14520127,-0.07340873
2019-02-06,315.229254644143,0.36284342,0.31128195,-0.075880826,-0.76882035,-0.04963331,0.1780036,2.369096,0.24116175,1.107995,-0.17168313
2019-02-07,315.23366598679524,-0.74726605,-1.1779138,-1.219756,-0.5211721,-1.2354374,-0.68501455,-1.6262684,-0.56040394,-0.4516799,-0.1969653
2019-02-08,315.19038506629005,0.24944416,0.71805805,-0.027130233,0.16463503,0.8368582,-0.41272512,0.31910145,-0.30937836,-0.22855586,0.49432537
2019-02-11,315.3015924434794,0.13372588,0.563118,-0.4349083,-0.3205926,0.15022072,-0.09366271,0.034445964,0.39242038,0.0378696,0.15816142
2019-02-12,315.3800650723906,0.9781374,0.44121867,0.40780824,0.8920277,-0.08278339,1.2048767,0.89221174,0.636827,0.7153047,0.43444
2019-02-13,315.5840751905604,0.6889322,-0.589381,-0.34027195,-0.118661,0.14905697,0.4242552,0.32088715,-0.14094156,0.07505394,-0.28576016
2019-02-14,315.67876085741494,-0.4873115,1.3037986,0.11735843,-0.01957333,-0.005613201,0.30475223,-0.19308145,-0.09803419,-0.22526915,-0.10279343
2019-02-15,315.44266563583903,0.72390914,1.4641156,-0.22681364,0.6928321,0.19198713,0.7880823,0.25574675,0.27001065,-1.7324121,-0.20813821
2019-02-19,315.54746204742776,0.3101851,0.2970363,0.07935303,-0.10083557,0.2559755,-0.2702598,-0.2559274,-0.055284712,0.123138346,-0.3753853
2019-02-20,315.70969464113165,-0.32491356,-0.04331008,0.280278,-0.39627475,-0.34420606,-0.033022005,0.28916928,0.292319,-0.18965988,-0.036044896
2019-02-21,315.7408856874518,-0.07478262,-0.32718757,-0.4274733,1.226293,0.2987426,-0.004487796,-0.83709806,-0.1653985,-0.26344484,-0.14682928
2019-02-22,315.694421943137,0.6524227,0.9734428,0.5552671,0.8088933,0.32879674,0.9928968,0.29716974,0.5659892,0.5407067,0.11319882
2019-02-25,315.7775303325104,0.09630143,0.93213874,0.3296257,0.27448595,0.014561403,0.5412664,0.41470775,-0.18941046,0.15223673,-0.13606562
2019-02-26,315.8580172170156,0.11913023,0.5225169,-0.06222678,0.3554379,-0.028569872,0.09597428,-0.61638564,-0.047438182,-0.16757986,0.3664321
2019-02-27,315.79893267260553,-0.25334632,0.54568255,0.08540498,-0.17718154,-0.30859375,-0.014323814,-0.993452,-0.072506815,-0.91848385,0.20371187
2019-02-28,316.5153973807911,-0.48151267,0.22967526,-0.6732953,-0.14897358,-0.34055775,-0.28093883,-0.048411977,0.21031874,-0.5506295,-0.15485515
2019-03-01,316.4941445130835,0.49484637,-0.50618094,0.5155867,0.20381449,0.33741698,0.28872186,0.48015758,0.5857666,0.14819078,0.17226487
2019-03-04,316.58799025676143,-0.35614392,-0.35832146,0.197563,-0.22024213,-0.5769935,0.5588058,0.2798206,-0.42525554,0.46114585,-1.0952895
2019-03-05,316.3306236396492,-0.2556714,0.17693718,-0.20220532,-0.38157472,0.27399716,-0.2594859,-0.5683026,0.05067851,-0.24207594,-0.22300377
2019-03-06,316.4428736723052,-0.4204128,0.49018538,-0.43300626,-0.044041615,-0.08213224,-0.6918937,-0.75921494,1.1313202,-0.99638957,-0.25833327
2019-03-07,316.34437644622267,-0.7635418,-0.5343575,-0.77657366,-0.83023304,0.17558229,-0.3473367,-0.3651977,-0.707434,-0.6245107,-0.2521672
2019-03-08,316.09409691998144,-0.1284059,-0.31736657,0.04323696,-0.0044516786,0.13206871,-0.13510409,-0.14226924,-0.49259433,0.09904883,-0.21431847
2019-03-11,316.4089962231918,1.2321533,1.1456984,1.8956665,1.2146088,-0.18886654,0.7789761,0.83994097,0.5922272,0.73868483,1.0017371
2019-03-12,316.19810392351604,0.26470053,0.29561684,0.5581257,0.3608033,0.07828401,0.17741732,-0.048725154,0.31658658,0.12616068,0.35284334
2019-03-13,316.522669576124,0.12953568,0.57568973,0.16229725,0.40559825,0.20504472,0.69978386,0.52215207,0.36092958,-0.20127587,0.06229214
2019-03-14,316.6180838348516,0.10620823,0.18500473,0.5502993,-0.02312234,-0.08190176,-0.86537635,-0.3654147,-0.07285381,0.26200533,0.4740515
2019-03-15,316.61714506967104,0.29495153,0.5956013,0.65950245,0.63645756,-0.18801872,0.7822735,1.9746919,0.8677856,1.4163889,-1.9052541
2019-03-18,316.91164331596457,0.35781243,0.3934602,0.4971999,0.80579203,0.47729862,-0.23048092,-0.61019576,0.09861591,-0.48085663,0.03104958
2019-03-19,316.95497498974476,0.1278472,-0.2790729,-0.55957854,-0.029608125,0.5341648,0.03941595,0.028776292,0.02803498,0.29019976,0.37511796
2019-03-20,317.1386945814893,-0.4079798,-0.08163637,0.41186482,-0.13963838,-1.5418123,-0.33954886,-0.30864036,0.06646136,-0.90123135,-0.20281202
2019-03-21,317.26996502503056,0.8402333,0.8777391,2.0119636,1.3266678,1.3982432,0.71300125,1.3534732,0.38883042,1.6886903,0.673408
2019-03-22,316.9865801772214,-0.9094174,-1.5991753,-1.3160126,-1.7195272,-1.4050661,-1.2706884,-1.5034926,-0.8146981,-1.5618418,-0.8551304
2019-03-25,316.99116663230717,-0.12453445,-0.028869068,-0.8049692,0.2489981,-0.10306862,-0.4649609,-1.5539113,-0.22127914,-0.55849695,0.35791445
2019-03-26,317.15946507869376,0.47759792,0.6489186,-0.70066804,0.059241507,0.49955085,0.58191735,0.61045456,0.96909064,0.1520656,0.47815487
2019-03-27,317.0218810386324,-0.45022643,-0.13468507,0.4268171,-0.6705745,-0.5680273,-0.2797156,-1.449895,-0.920484,-0.8118487,-0.638165
2019-03-28,316.9712543365532,0.31244153,0.27531144,-0.01808525,0.012888316,0.33098966,-0.06950768,-0.71025807,-0.36171457,-0.5275023,0.11737328
2019-03-29,316.3478086889822,0.5385306,0.8102307,0.2843119,0.46095234,0.47668263,0.5157741,0.58964247,0.29338613,1.1151977,0.4176487
2019-04-01,316.36504893336706,0.9923458,1.2626442,0.30016232,0.4927895,0.8337231,0.7072659,1.3888704,0.5206106,1.3994639,0.86523134
2019-04-02,316.44151348384304,-0.13470122,0.3801912,0.7481316,0.016611196,-0.516648,-0.15806775,0.8358585,0.1330548,-0.22427142,-0.22237574
2019-04-03,316.4235236801121,0.2817789,0.4159042,0.30380198,0.33206707,-0.16505101,0.9718617,1.278403,-0.3944518,1.3232385,-0.061411355
2019-04-04,316.655297220774,-0.38107666,-0.19377875,0.006047513,-0.3867604,-0.32142472,0.36177763,0.17853402,0.057057675,0.09700669,-0.688575
2019-04-05,316.79705982028145,0.22411776,0.07383355,0.29400456,0.20196244,0.043418825,-0.303508,0.123074144,0.018467663,0.31468868,-0.1598538
2019-04-08,316.77663078692,0.049038704,0.34056267,0.81606936,-0.05102265,-0.29040584,0.046508737,0.7689708,-0.25676978,-0.19908117,0.1420779
2019-04-09,316.86205644366134,-0.57554895,-0.40979463,-0.27072287,-0.40703917,0.043610048,-0.3399239,-0.77927893,-0.3267752,-0.95907164,-0.05581672
2019-04-10,316.97696843139795,0.409438,0.79622704,0.23117882,0.3971703,0.32513496,0.35384688,0.43977857,-0.9444741,0.06975833,0.34434026
2019-04-11,317.0667435665019,0.33994994,-0.2935549,-0.5827934,0.00020762841,-0.2584384,0.020034106,-0.11075623,-0.4199756,0.20381132,-0.03286859
2019-04-12,317.0034451901542,0.25372052,0.8526747,-0.118835464,0.24535939,0.66422886,0.51501584,0.9134682,0.7427171,0.4109401,-0.09235244
2019-04-15,317.24680810126347,-0.20049503,0.32134512,0.010086285,-0.020595029,0.062279418,-0.14471668,-0.9793173,0.097468816,-0.35160092,-0.026240934
2019-04-16,317.2653253304447,0.55051845,0.46825907,-0.089441516,-0.21402116,-0.11210001,0.3471597,0.5941329,9.153492,0.8674983,-0.21561821
2019-04-17,317.06903613428767,-2.7232234,-0.81116706,1.0291995,0.43670517,-0.18423523,1.5409884,-0.49936748,5.0329576,0.07299528,-0.4140472
2019-04-18,317.1626901785536,0.56022674,0.09684593,0.11378079,0.73259556,-0.030016694,-0.08194101,-0.13737737,0.37008396,-0.029536672,0.10029969
2019-04-22,317.1267142424712,-0.6620662,-0.090494715,0.09593538,0.12293722,0.03155285,0.25053358,-0.38949323,1.0565186,-0.23393182,0.18526703
2019-04-23,317.0563644578638,0.71201867,0.42043054,0.73970807,0.75959235,0.25630397,-0.05679345,0.67452294,2.4120338,-0.04800446,0.93737036
2019-04-24,316.95342398794423,-0.22445539,0.22000952,-0.18546373,-0.28337958,0.17334244,-0.073431656,0.9893445,-0.02476197,0.49667126,-0.5785578
2019-04-25,316.93225124456063,-0.6082758,-0.69938475,-0.6273153,1.9384226,-0.24432528,-0.9540943,-0.7499649,-0.9871788,-0.09439761,0.2730037
2019-04-26,317.15905438529325,0.3737115,-0.5803163,-0.37425503,0.2804165,0.33474362,-4.6149197,-0.068159334,0.7283477,0.10692327,0.60312706
2019-04-29,317.46156287687256,-0.17982836,0.29872373,-0.0069481507,-0.12820396,-0.40497202,-1.2654035,-0.3586805,0.22952263,-0.47037584,0.57252586
2019-04-30,317.37898245602366,0.56052667,-0.24189445,-1.2275583,0.32070896,0.18224682,-0.09043101,0.5062104,-0.65248615,-0.24218865,0.39818388
2019-05-01,317.38768180019,0.13244581,-0.4829809,2.695255,-1.3658633,-0.527817,-0.29161686,-0.90213895,0.042248443,-0.7284706,-1.0071553
2019-05-02,317.6207155554672,-0.44453824,-0.8317541,-0.47499007,-0.8785179,-0.35663617,-0.2254944,0.52944773,0.31173873,0.21425523,-0.67348605
2019-05-03,317.8635830637481,0.30273637,-0.015871963,0.6230153,1.2216048,0.12276297,1.1177357,0.32261172,0.9971136,0.15640421,0.8514833
2019-05-06,318.02978125554426,0.059479322,-0.46644077,-0.9989025,-0.42855412,-0.009902098,-0.22746177,-0.9423362,-0.5989631,-0.8807313,-0.3848291
2019-05-07,317.95448813890977,-1.2653003,-1.5034544,-1.6826446,-1.3416711,-0.9410335,-0.7316129,-1.1276284,-1.6363305,-1.0995678,-1.1311786
2019-05-08,318.034129874468,0.167675,0.010433416,-0.08352795,-0.07609294,-0.08114459,-1.2333001,-0.8370867,-0.42477745,-0.54319286,-0.132922
2019-05-09,318.04459977154033,-0.49141404,-0.74480295,-0.72233236,-0.07608132,0.19663163,-2.6828203,-0.31476325,-0.48020434,-0.71722835,-0.24249367
2019-05-10,317.9788717269729,-0.009492861,0.5677277,-0.9054137,0.71923614,0.33836305,-0.46392438,0.15833762,0.99333864,-0.22484504,0.34721684
2019-05-13,318.0266151937472,-1.8772757,-2.7912996,-3.572695,-1.9195893,-1.3280628,-1.5637461,-3.179297,-1.0970068,-1.8295512,-1.8410851
2019-05-14,318.3679331135171,0.91676134,0.9668913,0.81614345,0.6086127,0.65236735,0.41935042,1.0151206,1.0841135,0.8621272,0.5996525
2019-05-15,318.50848199964634,0.5228967,0.5510823,0.5954751,0.78249663,0.36845687,0.45780537,0.6157411,-0.014197536,1.4036833,0.71685433
2019-05-16,318.6560163875619,0.703264,4.5296526,-0.35018316,1.3210275,0.010587681,-0.119712405,-0.69775224,-1.8850024,0.07135612,0.9789109
2019-05-17,318.8130870263681,-0.74135184,0.5116814,-0.42456123,-0.47861588,-0.21268651,-0.71105504,-1.4752549,-0.78558576,0.91854876,-0.6644733
2019-05-20,318.7513359395208,0.3814092,-0.44330058,-1.9344599,-0.95765185,-0.9312604,-1.4840859,-1.2939315,-2.8098176,-2.3901365,-0.7847947
2019-05-21,319.0494426309691,0.6291209,0.6235096,1.0037879,0.2558865,0.45251545,0.9684218,1.2374887,0.5660404,0.83231527,0.3338406
2019-05-22,319.1905515800864,-0.046904165,-1.0609304,-1.2902366,0.29671818,-0.039891765,-0.5282899,-0.21646948,-5.157804,-0.654339,0.5065939
2019-05-23,319.3128614126667,-1.892606,-1.9445989,-1.0892779,-0.7834692,-1.2229427,0.55673563,-0.64209646,-0.7552585,-0.64197415,-1.2819273
2019-05-24,319.53479152943993,-0.05318199,0.21765444,-0.3165435,-0.04192387,-0.39319378,0.019626506,-0.54103225,-1.4277439,-0.5361343,-5.1309667e-05
2019-05-28,319.86119096597287,-0.8896518,-0.5909196,-0.33315897,-0.10896541,-1.1435165,-1.1228315,-1.188821,-0.64468634,-0.5931994,0.46850193
2019-05-29,319.85383394623983,-0.3799803,-1.0063691,-0.369887,-0.658434,-0.13406911,0.7041845,0.47216326,0.18179327,0.28827906,-0.8567002
2019-05-30,319.8463601512455,-0.059198935,0.4996671,0.20399259,0.31070417,-0.038362026,0.5205097,0.67295057,0.47300246,0.30533898,0.097787015
2019-05-31,319.4696356638234,-1.2915567,-2.0767858,-1.1500857,-1.0677412,-1.2774773,-0.7774498,-0.75590366,0.07143145,-1.1852261,-0.66524523
2019-06-03,319.666813637025,0.644401,-0.35690176,-0.680645,-1.9809757,-0.46345904,-0.6661938,0.4191293,-0.18675466,0.009117682,-2.049522
2019-06-04,319.86583289481916,2.1764162,1.9350661,1.9772228,1.5823209,1.8441478,1.4358556,2.1933107,1.0892698,1.5995213,1.5245719
2019-06-05,319.9641749318575,-0.5833179,1.9731932,0.828699,1.2258708,0.014201843,-0.28403214,0.11485062,-0.61135054,0.08530008,0.58811355
2019-06-06,320.1385885430269,0.3559747,0.4336645,0.74521875,0.87689584,0.4435892,0.5698981,0.31119502,0.29302734,0.6985306,0.22703056
2019-06-07,320.405655006223,0.52779555,1.0404135,1.4172002,1.59445,0.6234117,0.9632336,0.45929736,0.6317054,0.04209931,0.44770795
2019-06-10,320.1956801708028,0.6857573,0.5998473,0.6369821,0.4781991,0.69699115,0.7788292,0.7188324,1.0923983,1.4809659,0.2584866
2019-06-11,320.2717757207534,0.5746714,0.84262305,0.5685981,-0.29840156,-0.14123197,0.027718047,0.07567553,0.35502476,0.48555112,-0.76552474
2019-06-12,320.598555443,-0.5120981,-1.5824949,-0.27724767,-0.34897375,-0.3955804,-0.5740025,-1.5260305,-1.1150792,-2.2319787,0.05167027
2019-06-13,320.9661896132154,0.4230797,0.3744841,-0.1057077,0.30759063,0.15352072,0.37063548,0.38085398,0.13415997,0.061157968,-0.16671985
2019-06-14,321.00510893842426,-0.28896707,-1.8294488,-0.51220244,-0.01127566,-0.6403466,-0.5543418,-2.2839165,-0.8509636,-0.49741268,-0.40045026
2019-06-17,321.17534857467956,-0.094743006,0.8182301,0.24744114,0.11064153,-0.22348732,-0.086778216,-0.43058017,0.16877759,-0.8114339,0.12641738
2019-06-18,321.3684806020678,0.6779365,0.8086151,1.2386386,0.96236265,-0.30592024,1.2559112,2.3700893,1.701509,1.6909087,0.10338974
2019-06-19,321.2081894233192,0.3294381,0.08369092,-0.26163742,0.16446468,-0.29687914,-0.33071053,0.055965964,-0.17907944,0.12524684,2.121096
2019-06-20,321.3380893926614,0.8250038,1.5792184,0.36504537,0.4835744,4.210883,0.098824166,0.69111735,0.49282676,0.5590123,1.5095018
2019-06-21,321.18234625439726,0.16224001,-0.48742005,-0.28968203,-0.06143881,-0.9081567,0.2514034,-0.30373663,-0.09300735,-0.32129955,-0.482503
2019-06-24,321.31971092080323,0.06966265,0.1686714,-0.15143901,0.28311822,0.5283497,0.1485169,0.13682081,0.18520397,-0.68577695,-0.0035458023
2019-06-25,321.60446799016034,-0.45775372,-1.3933578,-0.9682834,-1.988614,-0.71516484,-0.82035726,-0.780027,-0.45009905,-0.42279214,-1.8309344
2019-06-26,321.6894917022297,0.07480796,0.63634115,1.1313671,0.15351632,0.49872324,1.3356375,1.5299331,1.3542193,1.4338512,0.031048283
2019-06-27,321.74204207133215,0.0005191374,-1.11492,-0.110772446,0.028044427,0.035605345,-0.7599621,0.6808747,0.20060751,0.9360541,0.5877763
2019-06-28,321.8733506398367,-0.28783116,-1.3005604,-0.6171812,-0.15456256,0.121099964,0.39047426,-0.6802924,0.2916102,0.11390581,0.12719396
2019-07-01,321.780206013022,0.9168898,-0.0045748544,0.94646436,0.6920707,0.91209763,0.15684287,1.2099048,0.7516763,0.6049637,0.8345208
2019-07-02,321.2487694971393,0.15648803,1.3532373,0.24099481,0.32612237,0.3510456,0.04622503,-0.68935436,-0.37204203,-1.0031222,-0.02124017
2019-07-03,321.6866665342799,0.60275847,1.2735292,0.3788109,0.3138397,0.30061564,0.3750746,-0.15303752,-0.2990226,-0.07642199,0.53184754
2019-07-05,322.0257590007557,-0.072152175,0.13276936,-0.14384642,-0.24371426,0.3156273,-0.46297544,-0.1906065,-0.06360638,-0.71773183,-0.3239404
2019-07-08,322.1274281621762,-0.36879605,-0.5329815,-1.2838937,-0.11341903,0.1582776,-0.28526875,-0.5297065,-0.09815774,-0.57784826,-0.23117562
2019-07-09,322.2034785527117,-0.5690479,0.17126045,0.25400203,-0.28774738,-0.0059529846,-0.09466379,0.3679966,-0.12691526,0.39748365,0.10053988
2019-07-10,322.2626076522757,0.5244812,0.969418,0.4686734,0.5336883,0.4273742,0.43749386,0.36997986,-1.3602167,0.6011303,0.31030095
2019-07-11,322.1986181217129,0.3520017,0.19288327,-0.5110302,0.16734788,-0.21369426,0.36388466,-0.046365473,-0.467866,0.41971472,0.0059709954
2019-07-12,322.5886884368584,0.679903,0.7821264,0.34334007,0.14456606,-0.23162274,1.2651165,0.7555239,0.62482,1.0023131,0.17249249
2019-07-15,322.724200303762,0.26140124,0.104355015,0.43997195,-0.06970892,-0.3224285,0.16813822,0.70288384,0.2297925,-0.2867922,-0.1717853
2019-07-16,322.6464293757953,0.09477406,-0.5452658,-0.2909699,-0.8532642,-0.69175524,-0.94468087,-0.69213635,0.059079736,-0.32308248,-0.5072529
2019-07-17,322.8989808611574,-0.20574075,-0.52469057,-0.41455328,-0.4211524,-0.6421164,0.19043419,-0.87789863,-0.028519517,0.099206634,0.43303958
2019-07-18,323.126049072924,2.8838663,0.63633037,0.5500247,-0.004440944,0.0511381,0.5078981,0.6428064,-0.89652175,1.5909989,0.015146268
2019-07-19,323.1079912852918,0.022201536,-0.48670876,-0.9495281,0.01719881,-0.6086856,0.29225105,-0.77809703,0.2906893,-0.3899932,-0.5243747
2019-07-22,323.32632734131005,0.026477585,0.4382149,1.1926134,0.70896125,-0.013246375,0.9965885,0.39611295,0.47341135,2.3192499,0.15297057
2019-07-23,323.2132487920624,0.27498913,-0.04275837,0.35016116,0.29704332,-0.2093924,0.34852514,0.89562744,-1.1550657,0.15359035,-0.17264746
2019-07-24,323.2860563930016,-0.14913675,-0.6110979,-0.1394019,0.53477716,0.5443998,1.0495236,4.3625193,0.9468222,0.78732556,0.24994461
2019-07-25,323.4573241450004,0.15490614,-0.77911234,-0.54446566,-0.29248542,0.09677894,-0.7186596,-0.88768697,-0.38372052,-1.125745,-0.29159698
2019-07-26,323.45766857266204,0.41424567,-0.13124508,0.104442246,0.4133364,0.12379015,-0.55172324,0.30466202,-0.15690757,-0.14954457,0.2692898
2019-07-29,323.5683556636105,-0.20354751,0.4823909,0.4354067,-0.19912772,-0.47393698,0.82409656,0.78157294,-0.22748478,-0.14164051,-0.6369012
2019-07-30,323.61484561731186,-0.4742018,-0.59447175,-0.33742204,-0.35482353,-0.5979341,-0.7702372,-0.4066518,-0.17494509,-0.03766538,-0.5781595
2019-07-31,322.37477041890196,-0.6595798,-1.3741809,1.0599427,-1.8253446,-1.2000601,-1.106937,-1.8156829,-1.0638077,-1.1887842,-0.76211417
2019-08-01,322.2684297704765,0.89639634,-0.030542916,-1.3430376,0.7072417,-0.47456735,-1.0347599,-0.8675696,-1.2777958,-0.83252853,-0.14118247
2019-08-02,321.9854725782717,-1.3259047,-2.8098433,-1.3163342,-0.5732892,-0.108409755,-0.8289408,-0.9129565,-0.11184346,-0.86377716,-0.76921237
2019-08-05,322.25622891913713,-2.8973517,-2.5658667,-3.1648135,-2.1458106,-2.1230278,-1.7458946,-2.6292477,-1.5612319,-1.9105526,-2.0804367
2019-08-06,322.36905151406046,-0.013097502,1.6598947,0.97743684,1.0361273,0.13121602,0.28953016,0.99929446,-0.4863274,0.68402946,0.80631405
2019-08-07,322.65711501546457,-0.7438497,-0.36939356,0.49430993,0.18987827,-0.6928489,-0.26033115,0.80119747,0.70704293,0.21987544,0.33829233
2019-08-08,323.3101525168989,1.2101927,1.0853449,1.1482822,1.488389,1.2339506,0.4258587,1.7295854,1.0838603,0.9271049,1.1933423
2019-08-09,323.33739946580636,-1.8481258,-0.9998342,-0.56380296,-0.5741571,-0.81128883,-1.2512164,-1.9637973,0.06717827,-0.6919445,-0.50420815
2019-08-12,323.28119724223757,-1.1721643,-1.2335465,-0.23766822,-0.9002644,-0.72099894,-0.42279184,-0.36209822,-1.1406289,-0.68369484,-0.98328924
2019-08-13,322.8938728144852,1.0125575,1.5880734,2.2704315,1.1451852,0.6540518,1.2656441,1.572831,1.3961787,1.2883786,0.5844546
2019-08-14,322.70779808747886,-2.1859813,-2.915273,-1.8164368,-1.88542,-1.7438908,-1.0306299,-1.4823152,-0.88166744,-1.2419779,-1.4929326
2019-08-15,322.78847066717293,0.3281046,-6.4088273,-0.3779284,-0.20274857,0.20807323,-0.20271176,-0.47580385,0.09283329,0.30351955,-0.22388601
2019-08-16,322.83538309695416,0.8913473,1.062802,1.2360444,1.007911,0.94560415,0.81022424,1.4296092,1.2124465,-0.54427487,0.63132787
2019-08-19,322.9370608200149,0.6131361,2.2714975,0.95934176,0.91526836,0.21128637,0.7245928,0.8037648,0.86471045,0.32135472,-0.0028549829
2019-08-20,322.8971061737186,-0.97819513,-0.85681397,-0.0904988,-0.56451964,-0.96661884,-0.66974264,-0.23338498,0.61959016,-0.40564388,-0.4171908
2019-08-21,322.8153550944023,0.60219705,1.214552,0.5213013,0.588131,0.19445963,0.5400278,0.76844347,0.28247938,0.18394125,0.782861
2019-08-22,323.0779903656247,0.03420208,-0.88188106,-0.14135283,-0.50228447,-0.11982534,-0.40277016,-0.49872217,0.17679755,0.0872977,-0.6463804
2019-08-23,323.27931651746434,-2.3148673,-2.36986,-2.7860186,-1.9854411,-1.7204384,-1.930081,-2.5762126,-2.2033696,-1.7675894,-0.86531043
2019-08-26,323.63464667486517,0.2089273,0.72433263,0.9766833,0.8352925,0.49931195,0.6119131,0.6191767,-0.4476807,0.3524194,0.8587823
2019-08-27,323.8322262200103,0.58210075,-0.48748663,-0.7373679,0.056744922,0.19722839,0.21725772,0.17087477,0.5544706,-0.17467391,0.024957053
2019-08-28,323.88196536586196,0.77589685,0.10288021,0.2868997,-0.14758167,-0.52029383,-0.024257272,0.19510268,0.14468561,0.2603277,-1.1667452
2019-08-29,323.8359685506029,1.0199184,0.58520186,0.86062163,1.0337164,0.14685695,1.0938225,0.3295437,1.1452211,1.1412389,0.5926859
2019-08-30,322.4140532727326,0.30970457,-0.7112022,-0.16715863,-0.18188739,-0.17318729,0.5272201,0.0013939914,0.6735428,0.5191469,-0.3993388
2019-09-03,322.3975636794509,-0.68138343,-0.48892304,-0.930947,-0.86054105,-0.24625324,-0.46268028,-1.1043938,-1.6087765,-0.433687,-0.39265648
2019-09-04,322.6255086345213,1.0563799,1.2218963,0.86643076,0.62061226,1.042137,1.9224178,1.3463827,1.0597619,1.5027345,0.24462534
2019-09-05,322.5446386740816,2.1573026,1.6118649,1.0115621,0.96641034,0.8100797,1.1226664,1.0064913,0.9920071,0.5973383,0.39162388
2019-09-06,322.5725628191639,-0.18207273,0.59463805,-0.098656245,-0.47428712,-0.7555245,0.75694484,0.047920384,-0.16464221,-0.28763086,-0.5012754
2019-09-09,322.47085706220327,0.9224521,-0.39636478,0.14970236,-0.74919033,1.3148687,0.60493803,-0.08400524,-0.43442684,0.36565,-0.9385251
2019-09-10,322.5723897820562,1.0959833,0.89594805,0.57673466,-0.69537675,0.8432438,0.18987499,-0.118145935,0.19992289,-0.4639291,-0.5683853
2019-09-11,322.90863918156026,-0.6454231,1.1545161,1.6904101,-0.0522104,0.7209699,0.8673577,0.65861976,0.92854136,1.0072359,0.17309539
2019-09-12,323.166930675145,0.009666439,-0.16016056,-0.2205479,0.5362805,-2.4117818,0.17559554,0.6975373,-0.5352434,-0.3302925,-0.04307139
2019-09-13,323.5946818753355,0.023143418,0.123754814,-1.2096293,-0.15536363,-0.2085927,-0.45162478,-0.38020217,-0.45550552,-0.0065943683,-0.029083759
2019-09-16,323.8692455029897,-0.5342781,-0.11792363,0.20486313,-0.4958845,-0.67978257,-0.3356049,-0.69033796,-0.28909662,-0.42665458,0.6136022
2019-09-17,323.402742727464,-0.1257993,-0.8041721,0.11352653,0.38838112,-0.34260246,-0.2547281,0.48863262,0.28437102,0.1368124,0.1845058
2019-09-18,323.72768946269144,0.0098200375,-0.11909705,0.43745935,0.41391057,-0.38405794,-0.21856757,-0.20866863,0.03643836,0.6132071,-0.82800066
2019-09-19,323.9561301119776,0.33916938,-0.23482867,-0.55594635,1.0053874,0.748832,-0.18205135,-0.3196254,-0.4562403,-0.40607327,0.15371785
2019-09-20,323.91464703324544,-0.4915558,0.57121116,-0.9288947,-0.7542365,0.031088749,-0.8212112,-1.1383893,-1.0997719,-0.6545387,-0.58784264
2019-09-23,323.6006993962604,0.08682755,-0.27653438,0.16487575,-0.19662897,0.47944543,0.14578027,0.44784784,0.37750974,0.54609704,-0.15156361
2019-09-24,323.80486126510664,-0.17604633,-0.45093003,-0.36359805,-0.8200866,-0.7371565,-1.05293,-1.0483421,-1.2416059,-0.55847317,-0.8472237
2019-09-25,323.9065916497592,0.669321,0.686689,0.77423596,0.7740198,0.42004585,1.1170667,0.85628814,1.0911372,0.52005213,0.6864441
2019-09-26,323.91464577013005,0.1758104,-1.1443292,-0.38643354,0.0067109563,0.05005144,-0.11832994,0.090771906,-0.029632634,0.085742414,0.88572985
2019-09-27,323.96493222349966,-0.13828251,-0.0039507616,-0.36973307,-0.8385219,0.059655763,-0.15626448,-0.5605904,-0.49254456,-2.2575648,-1.0270547
2019-09-30,324.32266690426775,0.9726955,0.8060786,1.2260227,0.48303545,0.850211,0.6780318,0.928487,-0.2823204,0.2978897,-0.2760558
2019-10-01,324.329116355247,-0.7826336,-2.4626226,0.064004116,-0.90378034,-1.2747716,-0.7454793,-0.40182725,-0.55062944,0.011663016,-0.6246224
2019-10-02,324.49135520965336,-0.8876043,-1.7980905,-1.5310338,-1.1151676,-0.71658087,-1.3343971,-0.93964094,-0.9522544,-0.5420106,-1.0268648
2019-10-03,324.6976018941944,0.1505778,1.2773309,0.38629147,0.63656354,0.6373254,0.59182155,0.8154477,0.94163024,0.061483506,0.8200396
2019-10-04,324.6859483936377,0.43889874,0.67290246,1.4726037,0.7174735,1.1811137,0.8195743,0.6023541,0.9297465,0.91408646,0.6219571
2019-10-07,324.67359994817997,-0.773292,0.35429797,-0.08013275,-0.49531537,-0.3980109,-0.3071309,-0.70740086,-0.7386347,-0.26932624,-0.08776572
2019-10-08,324.78521700378326,-1.3338325,-2.103702,-0.7595425,-0.6922404,-0.8016552,-0.87305033,-1.9828165,-2.139201,-1.1721251,-1.013188
2019-10-09,324.90523568282515,0.59809136,0.6677404,0.566649,1.03012,0.6375598,0.691656,1.1220859,0.8155276,1.1522641,0.4533369
2019-10-10,325.22395759264253,0.6702481,-1.0751315,0.6641167,0.29361767,0.8567429,0.5684097,0.052551445,0.2842472,0.049459748,0.03051704
2019-10-11,325.09896221044914,0.740031,0.6102854,1.391571,0.17443374,1.2536454,0.88364434,1.0486896,0.9223417,0.49768677,0.4251299
2019-10-15,325.3890975701708,0.43455246,0.45837075,-0.22424099,0.7703606,-0.17189823,0.9009656,0.83352876,0.7863357,0.66359377,0.1646068
2019-10-16,325.4266452854028,-0.4009073,0.63800466,-0.3208112,-0.5492542,-0.5121381,-0.20618215,-1.1307013,0.15013666,-1.1324884,-1.0951768
2019-10-17,325.5297907333942,-3.6568682,0.3449601,0.12639709,-0.3688523,-0.8508742,-0.5646235,0.21297188,0.3329834,0.36720866,-0.6134128
2019-10-18,325.7136907887202,-0.080567315,-0.5054337,0.17799078,-1.0279511,-0.5603579,-0.4868449,-0.40944025,-0.8048254,-0.4445855,-0.66044885
2019-10-21,325.7339253936364,-0.72807074,1.0097969,0.8775786,0.36220345,0.49039933,0.68586415,0.6130854,0.6486034,0.65941954,0.12994194
2019-10-22,325.83424561120137,0.66768086,0.22065036,-0.22133307,-0.9420207,-1.0547484,-0.13439043,-1.2191374,-0.3656187,-0.5966182,-0.98920804
2019-10-23,325.6995022477505,0.20252526,-0.77195615,0.6596841,0.3019081,-0.048993684,-0.2912953,-4.921912,-0.77530813,-1.2312928,-0.040869523
2019-10-24,325.7429668308994,-0.14769375,-0.99457455,0.0004118873,1.066529,0.058252215,0.44392762,-0.37139165,0.90380263,3.3977072,1.2439935
2019-10-25,325.86558611283255,0.6555815,0.7286254,0.5979463,0.2590392,-0.15613799,3.6913164,1.004051,0.5707775,0.38924938,0.12047026
2019-10-28,326.0429952731878,0.25249127,0.38943812,0.4694183,1.3441566,0.38718578,0.22831398,-0.35221675,1.4699486,0.7980084,-0.020456057
2019-10-29,326.14031132704855,-1.0252266,0.08613027,-1.4102362,-0.619605,0.08571031,-0.3785713,0.061445326,-0.82249695,-1.1151073,-0.062000737
2019-10-30,326.21562712642077,0.685481,0.461445,-0.099087685,0.65104306,-0.020339236,0.19504553,-0.92735595,-0.19941892,-0.31242988,0.9791721
2019-10-31,325.0070562333967,-0.72647893,-0.09378366,1.1718673,-0.57311165,-0.41840068,-0.08352605,0.0167079,-0.62422746,-0.7889068,-0.15098405
2019-11-01,325.2155708756589,0.8615188,-0.74168885,1.4890342,0.0735843,0.42535368,-0.041279208,-0.06233897,1.6028781,0.80028814,-0.0947985
2019-11-04,324.9949784260562,1.0091895,0.6584961,0.27765512,0.26809087,0.36403033,0.89757216,1.4344307,0.7065667,0.11827329,-0.12687264
2019-11-05,325.10197588078097,0.103702344,0.3992984,-0.17377257,-0.105407745,0.14143239,-0.07417937,-0.6613359,0.10991255,0.015872575,1.6722072
2019-11-06,324.9843369466268,0.41497138,0.7366505,-0.06833914,-0.23134796,-0.040112935,0.27966064,0.16991188,-0.51011205,-0.12926608,-0.35435095
2019-11-07,325.1427934333049,0.24916911,0.20173067,0.5561813,0.012151126,0.19735593,0.34764445,-0.31619313,2.6146348,0.0012303503,0.41206083
2019-11-08,324.97715501828384,-0.036483232,0.5808643,0.062051643,0.61688226,0.41296023,0.1565637,0.009663567,1.855376,-0.0206045,0.16566841
2019-11-12,325.0039407943247,0.057927884,0.37926108,-0.14429879,0.31432948,0.081629224,-0.1474314,0.40387303,-0.4994748,-0.20763513,0.13144225
2019-11-13,325.12308739589474,-0.5281566,0.11321338,0.44658178,0.02640064,-0.42619336,-0.27967387,-0.40262392,-0.32325003,0.4137443,0.18337213
2019-11-14,325.156674073782,-0.22920042,-5.432287,-0.4849225,0.22802354,-0.18205775,-0.09045709,-0.53622395,-0.07602516,-0.19938122,0.063377164
2019-11-15,325.29038321394546,0.1928052,0.26553848,0.57472885,0.6800521,0.24229164,0.099454574,0.13816574,0.07917258,3.3874462,0.34341913
2019-11-18,325.2202156316586,-0.042163383,0.075553134,0.19179733,0.07510952,-0.28527758,0.21416458,-0.14659308,-0.24095976,0.10307576,-0.12622175
2019-11-19,325.34173308178845,0.10152328,0.48350838,-0.26398727,-0.0494906,0.006760335,0.05757592,-0.11501672,-1.3228097,-1.0121741,0.40530738
2019-11-20,325.6425645444562,-0.6338182,-0.63256454,-0.75304884,-0.17006153,-0.0967334,-0.3940048,-0.9435536,-1.2660828,-0.81235313,-0.14755948
2019-11-21,325.4496517218251,0.30951384,-0.39915606,-0.34610084,-0.12351653,-0.07803009,0.2388786,-0.15820523,-0.3435256,-2.3259277,-0.26013842
2019-11-22,325.37871532885237,0.2409932,-0.003292487,-0.14199749,-0.025970228,0.081921175,-0.52757376,0.39650655,-0.19467974,-0.44615707,-0.007826809
2019-11-25,325.59952352398557,0.7773542,0.9268392,0.8886258,0.5671178,0.0906595,0.9599364,0.96458226,0.12573627,1.573583,0.7514056
2019-11-26,325.6701315306173,-0.41699794,-0.23892571,-0.5346228,0.23879153,-0.11529274,0.04860535,-0.025993843,-0.42233896,-0.5820869,0.28024578
2019-11-27,325.67662986811536,-0.63113594,-0.12939778,0.6604888,0.042279556,0.024943916,-0.34154,1.2531604,0.0073080077,0.41746974,0.07976275
2019-11-29,326.82822402128795,0.32769328,0.09043112,-0.21589994,-0.42686993,-0.5056333,-0.40015996,-0.8700024,-0.7330068,-0.35743406,-0.013681701
2019-12-02,327.48248338996024,-0.74097884,-0.9873488,-0.7438765,-0.7697901,-0.73297334,-0.34482193,-0.82779443,-0.66256106,-0.93266004,-0.99230176
2019-12-03,327.5824519100003,-0.3828888,-0.6939098,-1.1002496,-0.16083284,-0.8652529,-1.3527852,-0.6356092,-1.0876933,-1.0674319,0.0818489
2019-12-04,327.5133694322892,-0.06222485,-0.651463,0.40093124,0.13988264,-0.24054365,-0.066924885,1.234207,1.0675654,0.45835006,-0.26719087
2019-12-05,327.4392671073844,-0.037876654,-0.62418866,0.72502303,-0.037519094,0.19064322,0.026328837,0.14902483,0.19097298,-0.26650643,-0.0052713393
2019-12-06,327.4858358416406,0.6378273,0.5026105,0.98100823,0.6275998,0.07509175,0.58993495,0.7458409,0.567932,0.46066964,0.35816997
2019-12-09,327.3793741548027,0.33878386,0.07750141,-0.8826792,-0.21683207,0.38761133,-0.2593493,-0.27686614,0.4913757,-0.085894026,0.03430486
2019-12-10,327.42339030651493,-0.0036244413,0.3042113,0.23503444,-0.15605181,0.4116533,0.025873398,-0.4105887,-0.49632806,-0.0716104,-0.46625823
2019-12-11,327.5776247260936,-0.07101215,0.27051622,0.3843598,0.1487281,0.3883169,0.37665817,1.1047626,1.3914114,1.6061348,-0.13468833
2019-12-12,327.60130994341097,0.74824023,2.1856544,0.05091443,0.5139019,0.08012243,0.3732677,1.0823288,0.94623995,0.8080058,0.22474913
2019-12-13,327.96685313333677,-0.52949244,-0.60115916,0.66421103,0.4139694,-1.9076262,0.17289717,0.19233,-0.6860941,-0.41536847,1.5073357
2019-12-16,327.8718133981955,-0.037214074,1.0433567,0.8588625,0.30301917,-0.56743616,-0.09853823,0.122508176,0.21780851,-0.025202306,0.67734957
2019-12-17,328.31216696776636,0.044523347,0.69049805,0.01824382,-0.37891835,-1.1865835,-0.35440674,-0.0786175,-0.13547288,0.46950755,-0.19645692
2019-12-18,328.36209832176536,0.09242473,0.2864268,-0.22529165,-0.1868726,0.4701068,-0.13227348,-0.45190817,-0.25006154,-0.35937652,0.11877335
2019-12-19,328.36729708388003,0.07316123,1.8537862,-0.03560193,0.42792055,-0.21394122,0.62592614,-0.0637525,0.17259775,0.10763308,0.3342369
2019-12-20,328.4050679145484,0.4927464,-0.6650517,-0.20745537,0.5549067,0.28217646,0.7781159,1.154974,0.09716382,0.66614825,-0.07806587
2019-12-23,328.7145928775914,-0.017718934,0.9515737,0.8125631,-0.06794922,0.038555432,0.19976819,-0.28177983,-0.27872318,-0.56585276,0.0920981
2019-12-24,328.9091133923794,-0.2703174,-0.49796423,-0.038352583,-0.07881591,-0.3285313,0.11898732,-0.09804682,0.07742223,0.19074444,0.010664852
2019-12-26,329.11381200845824,-0.03209449,0.08373972,1.0044545,0.39862356,0.058009006,0.3006817,-0.11256256,-0.26396176,-0.21093537,0.118110314
2019-12-27,329.30389553335834,0.17318237,-0.14068332,-0.11243674,0.036440335,-0.17368634,0.1803866,-0.04468366,0.11695768,-0.17831278,-0.12545443
2019-12-30,329.4335388554861,-1.1819788,-0.29111668,0.2384891,-0.56147486,-0.80619437,-0.3879712,-0.53074,-0.26385042,-0.24472766,-0.37818068
2019-12-31,329.13114894844904,0.59566706,0.53280956,0.3147126,-0.027960457,0.20630951,0.15747716,0.21825399,-0.18011814,-0.013167857,0.10770591
2020-01-02,329.341615639105,0.6617589,1.1854479,1.1661367,0.9792032,0.86902755,0.75095165,0.5300915,0.14696504,0.67399,0.49330106
2020-01-03,329.47866319358207,-0.5148932,-1.1977702,-0.6355511,-0.7822401,-0.24946181,-0.60303825,-0.92073685,-0.91381097,-0.73369247,-0.3956393
2020-01-06,329.43192229414376,-0.113924675,0.2337486,0.3509836,0.07949978,0.20048487,-0.15856308,-0.5234253,-0.3384237,-0.9660974,0.15829803
2020-01-07,329.6852346783077,0.0446563,-0.48670763,-0.35365555,-0.5893838,0.046785507,-0.8194871,1.1024735,1.1474572,1.0632935,-0.11364946
2020-01-08,329.90342879764,0.537446,0.023846392,0.79677266,0.83135736,0.13254154,0.007314433,0.08004366,-0.2090827,-0.11225656,0.4687401
2020-01-09,330.2011741985397,0.6795055,-0.3234133,1.0773209,0.6375935,0.16924441,0.23847355,0.6612553,0.50748765,0.16862799,0.23476554
2020-01-10,330.2237359928993,-0.022143155,-0.30952117,0.034467578,-0.330898,-0.0012882577,-0.31193683,-0.7225557,0.089242205,-0.412904,-0.15055525
2020-01-13,330.4093698169309,-0.04103864,1.2434741,1.0833277,0.6105558,0.05500978,0.49226126,-0.11218098,0.2621411,0.13640733,0.6147273
2020-01-14,330.5670617930469,-0.36791137,-0.29091677,-0.84587216,-0.46808228,0.21353447,-0.15144835,0.25620604,-0.27863985,0.26472855,-0.19128235
2020-01-15,330.5630652993446,0.38034248,0.30728027,-0.32943454,0.29846215,-0.17936648,-0.41487578,-0.8078331,-0.51323193,-0.3587002,-0.27306694
2020-01-16,330.7453352160034,0.6405015,1.5134786,0.59992766,0.96079266,0.55501056,0.54706043,0.38777873,0.9418686,0.73886967,0.21315856
2020-01-17,330.61155649665443,0.15558457,-0.065504156,0.5203184,0.24882206,-0.34509656,-0.07218008,0.6449559,1.841095,-0.3164498,0.43425024
2020-01-21,330.97601347983465,0.401434,-0.34415928,-0.46799353,-0.27079043,0.016208777,0.7195109,-0.48704538,-0.7104879,0.13778506,-0.043554053
2020-01-22,330.94540979542296,2.153388,0.37350765,0.1067282,-0.33977902,-0.5319482,1.640089,1.0822906,-0.813728,0.35167727,-0.06667985
2020-01-23,331.15608969826064,-0.45749122,-0.12427085,0.17544372,0.27944085,0.17483221,0.41557577,0.33593214,-0.53980994,-0.08613513,0.12209384
2020-01-24,331.4473012845835,-1.0503832,-0.24189545,-0.2505678,-0.63857436,-0.91718906,3.6506896,-1.845248,-1.2127353,-1.2963872,-0.117932655
2020-01-27,331.50710068957574,-0.8953501,-2.0767624,-1.7433445,-1.0182672,-1.3834786,-1.9728098,-2.1328278,-1.3681892,-2.0508418,-0.5888398
2020-01-28,331.54082838979207,0.4330877,0.4295584,1.453723,1.0270159,0.6715936,1.1200045,0.7602814,0.9617396,0.6844499,0.81423944
2020-01-29,331.6478566558584,-0.8644107,-1.111267,1.0558671,0.80474424,-0.31499797,-0.71384305,-1.3427407,-0.5345587,-0.33464766,-0.41151008
2020-01-30,331.5955308255775,-0.4310905,0.26681265,-0.17098494,1.5008284,0.038152102,0.07423626,-0.1732216,-0.30453956,0.20247655,0.5041897
2020-01-31,331.2794968729823,3.2044203,-1.9754409,-2.603635,-0.90680885,-0.89637196,-1.857072,-2.0067601,-1.3295852,-1.6272265,-0.71150327
2020-02-03,331.2812717320343,1.131916,0.8459144,-0.24318518,1.2927222,0.5513873,0.33425352,1.3172146,0.51504207,1.0987864,0.70697856
2020-02-04,331.5230212638203,1.2425494,1.63812,1.7076188,1.7590665,0.8360277,0.72778296,1.444428,1.1410298,2.075031,0.8981552
2020-02-05,331.57781041458026,3.0531642,1.2168664,0.3588574,-0.13608167,0.58808094,1.3056333,2.7885098,0.8822481,0.4159597,-0.2039791
2020-02-06,331.7282054317095,0.1788328,0.33217242,0.5527856,1.0888102,-0.09482273,0.031201039,-0.050433166,-0.22544743,-0.47329274,0.13656928
2020-02-07,331.8204907927834,-0.72217834,-1.0908426,-0.8477692,0.012542807,-0.057636235,-0.77978814,-1.9124635,-1.6481584,-1.0410726,-0.2231057
2020-02-10,331.900336977728,0.4293148,1.3110152,0.17138542,1.3860085,0.18312368,0.23751044,0.37068236,0.50539154,0.6961507,0.35392252
2020-02-11,332.00845805958465,-0.39670715,0.35828578,-0.42522842,-1.3513945,0.08060135,0.6907069,0.4151346,0.6045633,0.88166845,-0.15103106
2020-02-12,331.9903418685255,0.76666224,1.136361,1.20707,0.015209323,0.46425566,0.009925994,0.7275022,0.7468146,0.4848218,0.46826816
2020-02-13,332.1132477410886,-0.4153835,-3.8746011,-0.4856205,-0.37222037,-0.4506221,-0.03877497,0.09542477,-0.8939268,1.127753,-0.013834312
2020-02-14,332.1970730072351,-1.5265137,-0.5551739,-0.076967075,0.43234372,0.07962779,-0.14326662,-0.3705137,-0.29018727,-0.39830533,0.44076037
2020-02-18,332.2398490232652,0.17272393,-0.6054358,-1.1116568,0.49992105,-0.08509379,-0.81940746,-0.54745483,-0.85364217,-0.9908125,-0.15934339
2020-02-19,332.6435857534303,-0.1009797,-0.48648512,0.70303965,0.100981876,-0.07585226,0.65716773,0.80425835,1.1572876,1.2806705,0.39258257
2020-02-20,332.69303291022754,0.1555493,0.8406233,-0.65949905,-0.9294062,-0.0029300728,-1.1981193,-0.87098384,-0.6100069,-0.69406694,-0.5255372
2020-02-21,332.67288609025275,-0.59029955,-0.87056696,-1.3539007,-1.8674396,-0.828336,-0.82617354,-1.5041541,-1.2891281,-1.3989931,-0.71159077
2020-02-24,332.92344438249944,-1.4848768,-3.682061,-2.7740402,-2.5339928,-1.9763075,-1.9406654,-3.6244376,-1.9840928,-2.135596,-1.7714875
2020-02-25,333.17071722910794,-2.114308,-2.110135,-1.9892887,-0.99704987,-1.710949,-1.5883185,-1.6809173,-1.7369767,-1.5763474,-1.1586328
2020-02-26,333.0200811321622,-0.89775395,-1.0042864,0.77726907,0.62794554,1.0010163,-0.08765224,0.1278455,-0.38690433,0.5582351,0.33199984
2020-02-27,333.03763184239506,-3.141918,-3.7286034,-3.8170624,-4.1544986,-1.3126525,-3.1219795,-3.1350234,-2.1699944,-2.0232418,-1.6732434
2020-02-28,333.63632260927903,-1.4509095,-0.2209493,-0.12250411,1.267754,-1.390248,-0.28508675,0.467041,1.2552882,0.6965766,0.8136503
2020-03-02,332.7341977347722,2.0283787,2.1730444,4.8209915,3.5427215,1.3836068,2.1669083,2.498425,1.16243,1.3027146,1.6460829
2020-03-03,332.5475889718872,-2.648014,-2.0205069,-1.8721724,-2.8211613,-2.1465712,-1.8395911,-2.8548157,-1.1795291,-1.5308412,-1.4211268
2020-03-04,332.7473089345738,2.6130695,2.3582118,2.4110534,1.9533815,1.6519178,2.1895278,2.7211065,2.0311866,1.5983495,1.6688732
2020-03-05,332.72625604251533,-2.284956,-3.2514722,-1.9098577,-1.491062,-2.67266,-1.4182919,-2.4000268,-1.5088248,-1.0217396,-1.5061865
2020-03-06,332.89292662501896,-0.9119223,0.17654221,-0.8277295,-1.6722845,-0.7336941,-1.0133197,-0.94245315,-1.0292197,-1.0090402,-1.7283206
2020-03-09,333.00253105894916,-5.2190723,-3.2056782,-4.633001,-3.9937384,-1.5363503,-4.347189,-4.7353783,-2.8930626,-4.2816963,-3.9232905
2020-03-10,333.9558453750058,3.7099512,3.88402,3.7338681,3.6169858,2.660044,2.762965,3.9853344,3.521783,2.9622905,3.23743
2020-03-11,333.84245053477815,-3.618612,-5.6746755,-2.0344825,-2.64977,-4.222267,-2.076011,-3.2989,-2.5099761,-2.812022,-2.1752279
2020-03-12,333.7663882219836,-8.883707,-7.9104476,-5.810579,-5.620708,-5.9197354,-5.913307,-5.581539,-4.7702675,-6.1816535,-4.0766845
2020-03-13,333.6897214299606,3.1531034,8.998837,6.1363587,7.3457117,9.272357,8.304317,5.135318,5.2995577,4.7640305,6.4122176
2020-03-16,333.1316292353342,-5.535487,-7.94425,-7.6796985,-8.983331,-5.8678865,-9.332729,-7.9435616,-7.1515245,-9.247875,-6.4334397
2020-03-17,332.61526079480024,4.7552853,3.691645,2.2844632,4.369271,4.611094,5.394079,7.830185,2.7910185,4.000903,3.3796003
2020-03-18,334.10231882139334,-1.9040719,3.1855307,-1.4524542,-2.4598243,0.37020808,-2.3846977,-3.8150268,-5.2347455,-5.531009,-2.3211658
2020-03-19,335.17001451889666,-2.0336895,1.111354,-0.51153237,0.837109,-2.4395797,-1.6857803,0.88564193,2.5528536,0.93635714,1.6183171
2020-03-20,334.4255721106076,-3.267304,-4.165887,-3.6921086,-2.193389,0.573295,-0.13676828,-2.578115,-2.9164283,-2.3498197,-1.6692356
2020-03-23,335.0594177914505,-0.41966945,-2.0751233,-1.2672474,-0.6215575,-1.6860026,3.6340642,0.44769254,1.0637325,2.1559384,1.4909053
2020-03-24,335.71606677248667,6.9244514,7.857165,5.1427045,4.737355,3.8735926,2.5437138,4.1583314,1.9148287,4.5988507,0.2773048
2020-03-25,336.8866963094442,0.22845204,-1.7842702,-0.3911204,-0.5941367,-2.0638733,-1.043076,-3.8802032,-1.6932602,-0.45265853,-0.5880134
2020-03-26,336.6416885875287,4.166946,5.341611,2.7106216,3.2695687,4.587147,3.6885896,5.1130176,3.8126569,3.7364502,2.0156143
2020-03-27,337.03585014689304,-2.8449981,-3.2241719,-2.3962448,-2.3667612,-0.7041981,-2.7436378,-4.4495945,-1.6158583,-3.6221983,-2.1604648
2020-03-30,336.7832291469418,2.871394,2.7096896,1.4462007,3.6687534,0.45613393,2.6536279,0.8511193,1.4859872,1.8694025,1.5027233
2020-03-31,333.981639246657,-1.1526356,-1.8475108,-0.20252386,-0.94926906,-2.1299968,-1.1916896,-1.3803924,-0.96228975,-1.3649434,-0.090123974
2020-04-01,333.5763483160393,-3.460938,-1.8376045,-3.0654917,-2.0838292,0.32724345,-2.0000124,-2.016683,-1.2252364,-2.362276,-2.259107
2020-04-02,333.0289174481291,2.919777,3.357923,0.8218914,1.079959,1.0497246,2.1516435,3.132187,1.3022673,-0.14205867,0.29055035
2020-04-03,332.3561180597367,-2.1829548,-1.36954,-0.89009947,-0.5864788,-0.47527617,-0.2150632,-1.348232,-1.9115074,-0.9904314,-1.4605476
2020-04-06,331.9239755316069,4.953811,4.2032604,4.5348344,3.9693062,2.0376372,3.5634637,5.277057,3.5944552,3.442321,3.2751796
2020-04-07,333.0631236242891,0.06913676,-1.4057876,-0.7325717,-0.6725547,-0.78678703,-0.048974596,-1.6540556,1.001486,1.125111,-1.3679638
2020-04-08,333.6999965583558,2.4013207,1.8964664,1.3003424,0.48988482,1.5095975,0.4366108,2.1682966,0.2778114,3.0843906,0.97580725
2020-04-09,333.5013439695036,1.187414,-0.9589555,0.30552697,-0.063319325,0.9365433,-1.5061436,-1.5093004,-1.1355966,-1.5756916,0.11847052
2020-04-13,334.86704513872087,-0.1846638,0.011061938,0.97617614,0.057690177,-0.26361108,1.2288139,-0.09936944,0.9547297,0.14799783,0.16999374
2020-04-14,335.13759572574486,1.457863,2.6504521,2.6105888,2.6077511,0.89308006,1.502687,1.7872883,2.3766773,1.9478024,2.328202
2020-04-15,335.77142159239287,-2.7810338,-2.1782641,-0.59165317,-0.64757776,-0.8440248,-1.415773,-1.783563,-0.96645224,-1.7269634,-1.0292943
2020-04-16,335.31110427380065,-1.630758,-0.05880703,0.34366888,1.5700449,0.43676698,1.4669838,1.8551172,0.4097482,1.3705333,1.113426
2020-04-17,335.2071136182603,2.4084835,1.6565081,-0.83867687,0.4192802,0.77962863,-0.35519236,1.1123513,-0.46839347,0.65302324,0.091195546
2020-04-22,335.5600225286989,1.3985767,2.093705,1.4648886,1.7793231,0.8549333,2.9597962,2.848856,1.6090242,2.938613,0.8487809
2020-04-23,334.6421339323008,1.0974311,-0.26539773,-0.30318302,-0.7422232,-0.35381222,-0.85392034,-0.9415185,-0.59204704,-1.0308119,-0.23563166
2020-04-24,333.86274402500555,1.7713169,1.5147507,1.4750742,0.9415094,0.92801964,0.14865033,1.8435308,1.2184207,0.57209945,0.94884706
2020-04-27,333.53300566012035,0.6201996,0.883783,-0.051390726,-0.2267774,0.2738754,0.14033706,0.91771924,-0.1153602,-0.64223874,0.43373483
2020-04-28,334.93148196901177,0.18121882,-0.9831273,-0.9862765,-1.4331911,-0.22532426,-0.591976,-0.92432606,-0.4787289,-0.5697062,-1.8128697
2020-04-29,335.12030606874947,1.228908,1.4020544,1.6815021,2.3642294,0.56651735,2.329247,2.6725724,1.9999208,2.9223676,1.7453241
2020-04-30,331.33103857413147,-1.5873458,-1.6277534,1.0657337,0.4962211,-0.93533844,-1.4303404,-1.8519397,-0.247404,-3.7000024,0.43956035
2020-05-01,330.201790409463,-1.9224327,-2.531228,-0.99326473,-1.557387,-1.2239243,-2.0410182,-3.1148965,-1.800786,-2.4178436,-1.215454
2020-05-04,330.11667515194847,-0.09919848,0.7268684,0.69011104,1.3055454,-0.10703768,0.40022394,0.35887134,-0.057731017,0.50331736,0.54382443
2020-05-05,330.15828448219986,0.47672236,0.1687177,0.737135,0.539062,0.22952025,0.58946735,0.49554107,1.0331422,0.9766821,0.7345419
2020-05-06,329.34028618081965,0.3109558,-0.5577592,0.48084545,0.49142033,-0.25632262,0.58639735,0.40116847,0.6135442,1.2550845,0.6514781
2020-05-07,329.40667434129233,-0.1632851,0.36025447,0.4822549,0.2625491,0.66355014,-0.03266406,0.5895144,-0.1031237,0.50910693,0.4021428
2020-05-08,329.9063895320286,0.93093514,2.7276297,1.2176645,0.26600674,0.8724694,0.37249073,0.6474986,0.8699452,1.8809048,0.0065127746
2020-05-11,329.7426968563325,-0.2086579,0.5258716,0.7779425,0.5639294,-0.10590022,0.33796003,-0.15330622,-0.12441202,0.06367231,0.35655603
2020-05-12,329.854797109008,-1.2360654,-0.18668664,-0.7307716,-1.3714002,-1.2929769,-1.4110329,-1.8428257,-1.2166702,-1.3612332,-0.77297765
2020-05-13,329.6338700210875,-2.474466,-2.154927,-0.76766425,-0.93585557,-0.68226564,-0.55352014,-1.5670395,-0.3161655,-0.7391789,-0.8113785
2020-05-14,329.7303066990219,0.6776431,3.1481698,0.24978605,0.17888325,1.1736474,1.0587908,0.6386084,0.9569655,2.1549869,-0.4362666
2020-05-15,329.5516357338867,0.017906873,0.6608034,-0.42151543,0.7566655,-0.05775646,-0.66888213,-1.2909355,-2.3897684,-1.8985121,1.0470165
2020-05-18,329.39875036218797,2.4775486,1.2439319,1.2065142,0.4747044,0.15627132,1.2871177,3.3702607,2.266666,1.674724,0.22252905
2020-05-19,329.0253972275202,-0.6756903,-0.7384104,-0.4147209,-0.4649669,-0.86197656,0.26663044,-1.0426347,-1.1072114,0.7302562,0.39271948
2020-05-20,329.142782255121,0.58288753,1.297121,0.98293847,0.7191471,0.4824704,2.1301801,2.509742,1.3220091,1.0879971,1.1619636
2020-05-21,329.1354531163584,-1.2103158,-1.2909223,-0.50870395,-0.7582049,-0.7363235,-0.87182075,-2.2567556,-1.5343465,-1.4284445,-0.23092122
2020-05-22,328.8126364449076,-0.39491642,0.3942925,0.26689157,-0.042954672,0.32755482,0.18876153,-0.10481716,0.3107925,-0.55112725,0.2548122
2020-05-26,329.08441563119885,1.810777,-0.11654528,-0.4704935,-0.67522675,0.08937453,0.036095016,1.1618239,-0.46123788,0.4669977,-1.0018542
2020-05-27,328.76886361417576,1.9719632,1.7424185,0.15134847,0.0076906113,0.34297037,0.8930548,1.0260895,0.62702024,0.8265835,-0.23450083
2020-05-28,329.1079950701507,-0.51940346,-0.5831713,-0.06679203,-0.19685169,0.3389313,-1.429686,-1.1276946,-0.7380746,-1.3439741,0.42993218
2020-05-29,327.0294060922993,0.19224629,3.370284,-0.14664449,0.5183649,0.078235716,0.91446185,1.4333595,1.4491471,1.0161169,0.6563511
2020-06-01,327.0531270586,-0.004026198,-2.3237264,0.59446114,-0.20108987,-0.7645538,-0.84023523,-0.55119926,-0.7096328,-0.44018745,0.25254756
2020-06-02,327.1371859704691,0.5711262,0.8832067,0.16743478,0.5853846,0.14852974,0.17494452,2.3996718,2.5375414,-0.013317643,0.0042120023
2020-06-03,326.86722390742324,1.5416195,0.056149058,0.21649952,0.07223068,0.13813455,-0.17027663,2.1716926,-0.01297992,1.3528798,-0.1321457
2020-06-04,326.77245890677654,-0.07877346,-0.14142922,-0.5781291,-0.83593965,-0.7000051,0.7682573,0.57766753,0.9154067,0.13745362,-0.5184013
2020-06-05,327.2635633052117,1.5663145,1.4415812,1.4840177,1.2672997,1.0387446,0.99867934,1.2800475,1.1813722,1.3223677,0.6789172
2020-06-08,326.67422023362957,1.7759498,0.42599216,0.23944886,0.28946164,1.0103186,-0.52289426,0.579678,1.2959505,-0.2812481,0.43649802
2020-06-09,327.2228530848056,-1.8668201,-0.13868563,1.6529682,0.37155986,-0.9492733,-0.49731523,-0.43595675,-0.8662024,-0.16021852,-0.14113046
2020-06-10,327.20974981449797,-0.9833043,-0.9614891,1.3338335,2.0355601,-0.13575985,0.5974059,-0.42842647,0.5311243,-0.0385697,0.9193151
2020-06-11,327.0718724132026,-6.167303,-5.8956614,-2.8545732,-3.2594504,-2.8514671,-3.2359247,-3.3887422,-3.5894625,-3.2101707,-2.0765486
2020-06-12,327.5959602300321,2.0959635,2.2318463,0.39010406,0.38482395,0.48861304,-0.3198448,-0.4088767,0.5517487,0.7374036,1.8879763
2020-06-15,327.7742292916096,-0.13634284,0.42183894,0.59684324,0.2986394,1.3112649,0.587617,0.041950226,0.50712854,0.26991475,-0.6074169
2020-06-16,327.61383645254466,1.8286586,1.736303,1.374351,1.3270056,1.2292902,0.21195908,0.8461178,1.48095,0.9563967,0.9739304
2020-06-17,327.7000397090644,-0.51567936,-0.49789584,-0.16973336,0.13078478,-3.0875723,0.04614053,-0.034208424,0.124520734,0.90991336,0.106055215
2020-06-18,327.7153707051983,0.006404919,-0.5478279,-0.069408596,0.5452778,2.0841546,-0.34749416,-0.20688802,-0.09065776,0.16929641,0.6141465
2020-06-19,327.50702055654943,-0.8817283,-0.81869316,-0.41312173,-0.41299808,0.61821765,-0.38970897,-0.62913024,-0.62603444,0.29398063,0.65968794
2020-06-22,327.71227116987916,-0.7395686,-0.2727011,1.3554254,1.5096806,0.6179155,0.3483061,0.080725856,0.07693288,0.1257672,0.93692815
2020-06-23,328.0299624222511,-0.88837755,0.46805355,1.0905336,0.31470627,-0.0018074932,-0.15899558,0.59858596,0.027265036,-0.37056756,0.10317104
2020-06-24,328.2997663442857,-1.6329665,-1.1606057,-1.0875368,-1.2370014,-0.7788588,-0.68589574,-1.3949673,-0.18409824,-0.66790384,-0.9121433
2020-06-25,328.55270393594736,1.4302834,0.7258558,0.6454428,0.6517954,0.01794753,-0.4919536,0.44659677,-0.1695294,-0.07923043,0.4227551
2020-06-26,328.41201288902585,-1.00278,1.6809341,-1.8361285,-1.2279216,-0.40217084,-0.84989315,-0.93537414,-0.5467568,-1.1783268,-1.0298866
2020-06-29,328.45653696699554,1.3940164,-0.2678554,1.1820495,0.54505837,0.4850286,0.6057912,0.6140942,0.4095998,0.38188723,-0.33810374
2020-06-30,325.6466667544603,0.5470256,0.7326852,0.37673694,1.4022048,0.4216648,1.236895,0.9976096,0.9923248,0.85614336,1.0055232
2020-07-01,326.2240603613834,-1.1990271,-0.91112584,-0.19874771,0.2701215,0.1408785,-0.8441373,-1.1602687,-0.7751765,-0.6046514,0.35183468
2020-07-02,325.6688476924502,0.627901,-0.1284462,-0.09230861,0.37379625,0.35848075,0.23465426,0.41229755,0.9306235,0.80000824,0.22027248
2020-07-06,325.67022351794793,0.2639706,1.2028465,1.3971235,1.1728501,0.551588,0.30546382,1.7223231,0.41862026,1.5150417,0.8242177
2020-07-07,325.8646096586265,-1.4124341,-1.2418075,-0.2674805,-0.74984366,-0.3397001,-1.0204288,-0.53648174,-0.45135263,-0.91071457,-0.37726125
2020-07-08,326.05645034292303,0.07217459,0.26098943,1.2050493,1.1966449,0.25833058,0.22029185,0.22961965,0.5770399,0.29645616,0.6890117
2020-07-09,326.39497799705777,-1.1024634,1.3515848,0.14942071,0.336351,0.733457,-0.1791721,0.4716871,-0.2125836,0.37569866,0.209593
2020-07-10,326.45496029748455,1.4538409,-0.08070925,0.006265987,-0.24483907,-0.19647476,0.8722435,-0.0408998,-0.43087506,-0.6635414,0.40461954
2020-07-13,326.4173146449153,0.46190548,-1.1433996,-0.35230106,-1.8896203,-0.4178181,-0.7909361,-0.9084788,-0.6448139,-0.7901661,-2.254126
2020-07-14,326.5765398069914,0.7530429,0.49058694,0.8310967,0.28876704,0.32828984,0.29961994,1.3759764,0.42119494,0.58606905,-0.902637
2020-07-15,326.59171770414946,1.2701198,0.19566007,0.29344338,-0.15487385,-0.6038404,0.015882054,0.033918533,-0.00014770834,-0.37151766,-0.15095608
2020-07-16,326.66821777121163,0.5277711,-0.9787123,-0.7881798,-1.2277386,-0.8156501,0.064170994,-0.07443111,-0.7262422,0.07021188,-0.7275602
2020-07-17,326.56918662755265,0.5698048,1.4747868,-0.2057762,-0.3650495,-0.9417165,0.66312456,0.7107414,0.41239145,-0.11180868,0.51727873
2020-07-20,326.81699591396153,0.64653635,0.31490985,1.0800401,2.3681948,0.40750268,0.8791348,1.148598,0.3643848,0.8321802,2.0628567
2020-07-21,326.7954962430794,-0.15708908,0.056058623,-0.8730611,-0.8537511,0.41267166,-0.37606356,-0.5914476,-0.48810533,-0.035096154,-1.0923686
2020-07-22,326.96747451032314,1.3210949,-0.20214993,0.06565337,0.7570131,0.0255122,0.24903569,-1.4577919,0.05683837,0.17318572,-0.0048295762
2020-07-23,327.33614936964926,-0.673227,0.7515454,-2.7053072,-2.6353087,-0.30200395,-0.5332965,-1.748704,-1.4922198,-0.4591078,-1.333486
2020-07-24,327.73749108624105,-0.7828028,-1.55733,-0.23066545,-0.4218816,-0.17095655,-8.439802,0.19541976,-0.46426454,-2.0448344,-0.21305911
2020-07-27,327.91742536945003,0.21601407,1.1850144,1.2199179,0.65601736,-0.35893565,-0.9912101,1.0956341,1.76041,1.4769516,0.5696425
2020-07-28,328.1968469028333,-0.89336205,-1.4112105,-1.0181928,-0.5860535,-0.058440797,-0.34135252,-1.0330598,-0.6763742,-0.54384613,-0.53398347
2020-07-29,328.39726580769883,0.43991128,0.6401124,0.9699389,0.50841236,0.25957972,-1.1644281,0.62980646,0.67035365,0.5254652,0.30678457
2020-07-30,328.56518051313964,-1.2554964,-0.43487298,0.58056736,-0.112967566,-0.48856777,-0.10352397,-0.97562,6.131752,0.65445757,0.16662134
2020-07-31,325.9891709153367,0.021967605,0.985705,5.5190077,0.24720001,0.12218303,-0.283557,-0.738227,-0.7334424,-0.1424049,0.43740872
2020-08-03,326.2304607510197,0.71463287,0.071151674,1.3091915,3.1105928,0.43270296,0.5414463,0.76820886,1.5443758,0.33974487,0.26406255
2020-08-04,326.3059189391769,0.7887896,0.7468426,0.28259912,-0.9469035,-0.04954089,0.7875895,1.2949162,0.46094748,-0.18554181,-0.1751128
2020-08-05,326.3887506613254,-0.1988064,-0.5296907,0.11152763,-0.1639421,-0.54025394,-0.22855939,0.13205752,0.09297404,-0.073354244,0.16366214
2020-08-06,326.74840553995136,0.34415025,0.6399061,1.8357769,0.85175645,-0.27674094,-0.04408113,0.39695328,-0.21117263,-0.87936735,1.2519268
2020-08-07,326.9671654264799,0.24386375,-0.52927333,-1.3837599,-1.1126292,-0.11559843,-0.5564318,-0.17229192,-1.2061332,-0.11130731,-1.3979293
2020-08-10,326.76904573489225,1.0998043,0.4297261,0.7191221,-1.2331499,-0.344569,1.1405398,0.76697874,-0.8544083,0.9631678,-0.66160506
2020-08-11,326.92237013380714,-0.18155313,-0.831218,-1.788052,-1.4377396,-0.7115656,-1.0308092,0.20018208,0.92715853,-0.5723717,-0.83865064
2020-08-12,326.38920039047446,-0.024338668,1.341459,1.7479597,1.5664483,-0.16538273,0.95419747,1.0885229,2.6423068,1.1749933,0.8817846
2020-08-13,326.4032357683388,-0.85334575,-8.472544,0.8951818,-0.20471205,-0.21420859,-0.6386501,-0.7604098,-0.9932124,-0.965518,0.3566297
2020-08-14,326.8912615433939,0.12465077,-0.38804138,-0.14204274,-0.013042562,0.10627412,0.29780662,0.0021207624,0.046686705,1.4690696,-0.3007043
2020-08-17,326.85922040692907,-0.42703617,-0.71105385,-0.23885971,0.3126774,-0.27184168,0.014427711,0.331169,-0.68732524,-0.494706,0.29094198
2020-08-18,327.3818394200592,0.24917601,-0.20679946,0.37365702,0.26281905,1.0716827,-0.29726952,0.3731966,-0.1396331,-0.39512593,1.0028499
2020-08-19,327.4890308444684,-0.55820143,-0.20738003,-0.021465745,-0.41926908,0.88883495,-0.3380976,-0.46027327,-0.47044775,-0.29405755,-0.21034148
2020-08-20,327.2266593001118,-0.35876036,0.72572356,1.1398554,1.2604402,-0.95080376,0.794737,-0.048064694,-0.231376,-1.3834736,1.3748223
2020-08-21,327.0892159046859,0.0064042932,-0.1211758,2.729446,-0.49020496,-0.13452181,0.081768274,0.6965626,0.8378112,-1.0612608,-0.5350531
2020-08-24,327.2584297196215,1.3059133,-0.13834722,0.5753337,0.11299326,0.7035507,-0.15976986,0.21663608,1.0352376,0.8576636,0.19226737
2020-08-25,327.24997533382253,-0.5341061,-0.39307058,-0.5541184,0.6781455,0.0065772696,0.25521925,0.19319765,-0.065743536,0.11030826,0.62466776
2020-08-26,327.279839173749,-0.24220043,0.47131905,0.66610134,1.1667576,1.221612,0.090734504,0.25747252,-0.04682182,-0.26938847,3.5290065
2020-08-27,327.66484911260295,0.24977651,0.04731498,-0.7657005,1.3293102,-0.35012996,-0.16853158,-0.5092122,-0.08845745,-1.1979449,-1.5213081
2020-08-28,327.8542372958776,0.21796758,-0.17243022,-0.18247193,0.52060664,0.56622964,0.9549308,0.7850616,0.735866,0.58613884,0.41579163
2020-08-31,326.72969025480796,-0.9116285,0.014023687,1.7827919,-0.9302733,-0.6703618,0.463891,-0.67204064,0.25224158,-1.039939,-0.323182
2020-09-01,326.89607767384854,0.048127156,-0.34151235,2.1026022,0.37632933,0.33354315,-0.17416479,1.1289563,0.97908384,0.10412567,1.0846411
2020-09-02,326.9564737551669,2.4489844,0.63878864,-1.2679622,1.035923,1.162834,1.3238931,1.0508708,0.57269573,1.9470257,0.3807288
2020-09-03,326.7714807606198,-1.9008542,-2.5342968,-4.782413,-3.7722356,-1.8129811,-1.7499104,-2.655515,-2.555777,-2.4011064,-2.1524105
2020-09-04,326.6755635623953,-1.1212423,-0.24642979,-0.05480841,-0.88768494,-1.3437191,-0.31829613,-0.6175226,-0.25475916,-0.41632846,-1.39677
2020-09-08,327.0848695614154,-0.5755035,-1.4672823,-4.0035443,-3.283445,-0.45490777,-1.1488891,-2.0817735,-2.493138,-3.7863462,-2.6691978
2020-09-09,327.562956619037,0.55690646,0.21138531,2.100811,2.3357797,1.4483012,0.6600645,1.5544636,1.5861876,-0.3996262,1.445537
2020-09-10,327.6206173040811,-0.90094274,-1.0231657,-1.9520196,-1.7059735,0.27912542,-0.6605319,-1.2076604,-0.6932487,-0.14453985,-0.35287634
2020-09-11,327.95766984148236,0.48048604,0.5368065,-0.83154774,-0.4446937,-0.36856276,0.28456596,-0.46152714,0.2998324,-0.17402141,-0.503111
2020-09-14,327.8336838974598,0.33457008,0.8514552,1.5638639,0.319806,2.13445,0.100487396,0.8895021,-0.065424256,0.9730572,1.1791923
2020-09-15,328.1008914733683,0.18572763,0.38527155,-0.004360835,0.86708325,1.2114431,0.53847116,0.8524463,1.1091064,0.44028258,0.9090539
2020-09-16,328.1044251125436,0.9313088,-0.3377607,-1.7680167,-1.1041093,-0.50515985,0.32513782,-0.5147204,-0.84765077,-0.60500497,-1.9092026
2020-09-17,328.0376040344139,0.3633263,-0.10879922,-0.9923444,-0.67127824,-0.2836795,-0.07170555,0.23156206,0.04148853,-0.17908528,-0.223257
2020-09-18,327.8964531070095,-1.1226469,-1.0176194,-1.8966938,-0.7872362,-0.44155136,-0.43187377,-0.8645013,-1.7110214,-0.22245467,-0.6670972
2020-09-21,328.20571826550236,-1.3300192,-1.4154224,1.5796515,0.5448581,0.8551241,-0.18645754,-0.8471661,0.4038227,0.74738294,0.63028234
2020-09-22,327.762375770666,0.14038977,0.48985416,0.78187877,1.3027076,-0.23972659,0.19455838,0.66562355,0.6577678,0.3140655,0.8795899
2020-09-23,327.92659119611835,-0.90337336,-1.934186,-2.4909654,-1.9943262,-1.514313,-1.1105058,-1.6749921,-1.3518723,-0.53524965,-1.488154
2020-09-24,327.6168676589978,-0.4012673,-0.8264038,0.4808709,0.67394274,0.23215428,0.3050843,0.61192954,0.5574062,0.2936277,-0.31581008
2020-09-25,327.6723168665387,0.46872243,1.1022907,1.9721609,1.2298002,0.37012732,0.7230085,0.64918214,0.813477,0.22070467,0.979812
2020-09-28,327.6275330212019,1.4896137,1.2309736,1.2303278,0.37922046,-0.2603614,1.3717546,1.5190372,1.4148886,0.6910962,0.668881
2020-09-29,327.8468107829136,-0.41830358,-0.14811185,-0.5171539,-0.67038715,-0.16424933,-0.24659394,-0.28165838,-0.4864516,0.11106665,-0.00680772
2020-09-30,326.85154349859675,0.38873246,0.5799949,0.7488737,0.78272074,0.1342902,0.5208988,0.47588786,0.031206496,-0.22171703,0.016481046
2020-10-01,327.0431337817526,-0.30664986,-0.44146103,0.38129312,0.5142229,-0.085709974,0.3962102,0.8282255,0.60027885,0.72238415,0.68443
2020-10-02,327.5842263919646,-0.27606216,-1.0017455,-1.9310646,-1.7949517,-0.81694806,-1.1563256,-1.7507111,-1.5937562,-1.7459897,-1.8099226
2020-10-05,327.80152480597735,0.7661851,0.5371167,1.607046,1.0899234,0.57499725,0.6040976,1.2165543,1.7972765,1.5405399,0.5634377
2020-10-06,327.9135754476517,-0.019898063,-0.02035016,-1.72045,-1.3037406,-0.11166922,-0.31928763,-0.18782865,-0.43909866,-0.21953782,-0.71578115
2020-10-07,327.73598604548386,1.1010914,1.4994838,0.8509292,1.0178583,1.0808947,1.1620797,1.1535326,1.1818501,0.39309323,1.1276097
2020-10-08,327.9489858086534,3.7440035,0.6828839,-0.14518468,0.13706349,0.18933576,0.60193855,0.4646662,-0.32763088,0.88107777,-0.26947996
2020-10-09,327.8162071616687,-1.8378363,0.08725439,0.87430173,1.3439991,0.15419604,-0.5163045,1.0980368,0.8172308,0.35718358,0.8648203
2020-10-13,328.3522274443591,-1.076637,-1.0006694,-1.5948263,0.30912098,-0.4836319,-0.06860928,-0.25338843,0.184856,-0.07970779,0.198702
2020-10-14,327.9904356356305,0.432448,0.12294036,-0.050045177,-0.5865344,-0.07644115,-0.2720393,-0.78520405,0.74424607,-0.53195596,-0.7220052
2020-10-15,328.11286145169845,-0.5382551,0.12264695,-0.31368992,-0.38119155,-0.44475833,0.24040286,-0.17811368,-0.5221645,-0.38389963,-0.49762022
2020-10-16,328.4048457809499,0.5357357,0.3181756,-0.87972546,-0.06803474,-0.2655237,0.24746093,0.14379188,0.07232531,-0.41170663,0.06117119
2020-10-19,328.51966666068716,-0.20888871,-1.5672444,-1.537445,-1.5057338,-0.6476728,0.34139365,-1.0554069,-0.28869852,-0.69978946,-0.70256406
2020-10-20,328.71477663481016,-4.3259187,-0.20283091,0.6405057,0.046885774,0.045179944,-1.0331117,-0.059444062,-0.12188484,0.05050289,-0.12669341
2020-10-21,328.9027796617257,-1.2800082,-0.27655143,-0.39622384,-0.027945893,-0.13701709,0.037340246,-2.0596395,0.0044504814,-0.18341698,0.03896598
2020-10-22,329.36495740487095,0.39242733,-0.46186244,-0.6279515,-0.04385746,-0.050243583,0.32745102,0.7962546,-0.13887545,-0.35340133,-1.1053412
2020-10-23,329.1900892398213,0.13488191,-0.020970538,-0.43442416,0.28721645,0.11389991,-5.31105,0.63855565,0.08946268,-0.5798083,0.33719996
2020-10-26,329.4336014823644,-2.134666,-2.1719446,-0.08641003,-1.7134793,-2.1860847,-1.4987271,-1.7766466,-1.0016743,-1.0512127,-1.2014123
2020-10-27,329.5665092207626,-0.9595469,-1.5567462,0.65414816,0.78585565,-0.43642372,-1.1297375,0.409108,-0.18167767,-0.54991627,0.21267523
2020-10-28,329.50473834277904,-2.3202233,-2.307767,-2.7328906,-2.9661274,-1.4314587,-1.4862761,-1.8576429,-1.6141956,-1.1356369,-1.9580152
2020-10-29,329.45207125328756,1.3534329,-0.061188757,1.9357964,0.50341755,0.32996756,-0.17445828,1.7319151,1.6365274,1.4207697,0.29332548
2020-10-30,328.299283616962,1.608315,0.398537,-3.3154473,-0.7024718,0.015600652,0.1577619,-0.77346635,-1.162506,-0.26972482,-1.3445994
2020-11-02,328.58571500614056,0.718831,-0.020675393,-0.13769148,-0.10761921,0.24563591,0.16756055,0.34502757,0.13540605,0.6573663,-0.27420026
2020-11-03,328.6541573233356,0.7109573,1.515228,0.7596555,1.0813047,0.25276047,0.38904172,0.63438684,0.43946686,0.90605706,0.7534936
2020-11-04,328.8874200583536,-1.2876022,-0.23548424,2.1427033,2.6279757,-0.35098025,0.8640583,1.8797797,1.1322075,1.8461796,2.8167043
2020-11-05,328.4239285844917,1.6334106,1.2571908,1.8582164,1.7325366,0.08824058,0.2981151,1.3405417,5.1806993,2.9663193,0.6964582
2020-11-06,329.0741374735115,-0.41001213,0.55286175,-0.15476283,0.042100713,0.06000311,-0.32596952,0.7783672,-0.20163602,0.24743484,-0.22694305
2020-11-09,329.428720847249,1.7665629,1.2445486,-1.2151684,-1.4430814,-0.031206684,0.19349119,-0.69144607,-0.81216484,0.35229096,-2.0606894
2020-11-10,328.3730604206892,1.3154516,0.9452691,-0.260027,-2.040591,-0.22337855,-0.19121866,-2.0023396,-0.85653645,-1.1830195,-1.7804124
2020-11-12,328.7387395591515,-1.5009922,-1.2301989,-0.22245093,-0.36219293,-0.75166005,-1.477006,-0.57010067,-1.217625,-0.8653992,-0.5310452
2020-11-13,328.78249586998237,1.3108584,4.854644,-0.06801577,0.21567614,0.35275832,0.50954884,0.7721827,0.0256213,1.6192179,0.51946974
2020-11-16,329.1703657492904,0.8291197,1.9213151,0.3928976,0.12181493,0.14988934,0.7288311,0.5681716,1.3565948,0.8296352,-0.81246823
2020-11-17,329.17135630504504,-0.3591417,-1.1390061,-0.5147838,-0.8008846,-0.094721176,-0.7053752,-1.2037328,-0.1780436,-0.14568302,0.5412832
2020-11-18,329.1651803743717,-0.5100683,-0.98348945,-0.7302424,-0.82591856,-0.8607633,-0.51548386,-0.8742755,-0.5817084,0.7546416,-0.8227192
2020-11-19,329.1511613517912,0.22731222,-0.28099525,0.1961668,0.29368767,0.115844674,0.55957115,1.4025394,0.061938237,0.7270641,0.5380604
2020-11-20,329.01370381145506,-0.13081948,-0.36901742,-0.70612246,-0.61685425,-0.75950986,-0.26381233,-0.26678333,-0.5288512,-0.36401346,-0.38249293
2020-11-23,329.1245070946886,1.7149321,1.1388633,-1.7754174,-0.14391503,0.28386074,0.668491,0.14948578,-0.74925995,1.8559865,-0.2795963
2020-11-24,328.8821066732759,2.2846398,1.6251549,0.55204904,0.9442296,1.2899507,0.94173706,0.6704589,0.55758166,1.1248083,0.11028238
2020-11-25,328.50884918651195,-0.11277925,-0.20531061,0.32426032,-0.06532872,-0.21219479,0.015689572,-0.775855,-0.6403676,-0.97722626,0.5744014
2020-11-27,328.3627257537533,0.0790652,0.31477877,0.17766114,0.29569906,0.24792296,0.37667608,0.4582253,-0.15705413,0.6639181,0.5277605
2020-11-30,328.4137317126879,-0.43033385,0.512789,1.0757399,-0.37805745,-0.103753306,0.8659264,0.7902948,0.9258597,-0.17403989,0.04831962
2020-12-01,328.35953045904296,-0.18681848,0.8376878,1.6060647,0.50276136,0.84217274,1.1470891,0.7704063,1.1213195,0.7814984,-0.017206522
2020-12-02,328.95181985132797,0.76099044,0.5514863,0.07209204,-0.29051518,0.23102619,0.29890174,-0.38232094,-0.2646481,0.39988256,0.10479352
2020-12-03,329.1665476291743,-0.5232653,0.33656752,-0.15478763,-0.3683143,0.09834392,0.9974204,-0.37220746,-0.10133892,0.29564095,0.18081778
2020-12-04,329.19796152202804,1.8470849,0.41536003,-0.40517128,-0.03582998,0.5304476,0.8938981,1.6333206,2.117086,1.1788688,0.06999787
2020-12-07,329.23203289926715,-1.2783835,-0.069364004,0.58865327,-0.08645586,-0.20559789,-1.6815811,-0.1744215,0.030181991,0.05009991,0.44733402
2020-12-08,329.57019400873344,0.52154046,0.0111031085,0.19161347,0.38791004,-0.73550516,0.43424615,0.057645984,0.13483316,0.18923996,0.175593
2020-12-09,329.6902084073899,0.5530357,0.49292806,-1.2673799,-1.1886812,0.5397328,-0.6059752,-1.5709358,-0.854606,-0.9634181,-1.0351849
2020-12-10,329.5560097193389,-0.9360603,-0.61586183,0.57259434,-0.41323075,-0.2836882,0.15426823,-0.37984735,-0.1567716,-0.05387314,-0.65799826
2020-12-11,329.514470314283,-0.3556419,-0.02113051,-0.46768188,0.6694929,0.9029035,-0.5256468,-0.6250781,-3.4325516,0.101839595,-0.15689576
2020-12-14,329.768788141145,-0.38372946,-0.15051089,-0.37840185,0.18271776,0.05981717,0.6727956,-0.27861857,0.52516025,0.0052635013,0.8151016
2020-12-15,329.60138517646635,1.2421423,0.7508123,2.6308045,-0.08632271,0.8571727,0.1621452,0.78484994,0.53468907,-0.09972727,-0.39269072
2020-12-16,329.96952358577363,-0.19346704,-0.021355178,-0.12157854,1.283891,0.69164217,0.39258522,-0.1881132,0.32461774,-0.04958809,0.5329013
2020-12-17,330.0948266488353,0.0014362814,0.13847207,0.29479408,-0.031301726,0.60740495,-0.46050453,0.1304932,-0.14235611,-0.5673472,0.37617332
2020-12-18,330.49340317933473,0.15541972,0.96224314,-0.9783881,-0.28237972,1.0877588,-3.0905845,0.43826747,-0.703046,-0.74134725,0.5424216
2020-12-21,330.56398824789596,-1.2719437,-0.90976983,0.5930743,0.9604054,-0.5259078,-1.1297373,-0.71437156,-0.26538128,0.06354716,-0.44290745
2020-12-22,330.62648135370847,0.11639328,-0.32557124,1.4672004,0.27518076,0.46206152,-0.21824078,-0.053650804,-0.21827294,-0.44710383,0.39314145
2020-12-23,331.0597596465855,0.15272473,-0.52071273,-0.47898394,-0.8092589,0.05032608,0.3811106,-0.6817657,0.10409943,-0.8512565,-0.65933836
2020-12-24,331.26906695539304,0.41166013,0.2359553,0.3348874,0.37298167,-0.33328295,0.47741488,0.1670232,0.46053663,0.53269327,0.16537866
2020-12-28,331.35446805957093,0.06878717,0.58695155,1.8558528,0.4899813,-0.13768996,-0.024819285,-0.15374039,-0.39069727,-0.3040182,-0.14676
2020-12-29,331.4202805363959,-0.5279488,-0.47034556,-0.83316773,-0.27075842,-0.39006025,2.236846,-0.20021,0.14061245,-0.37210712,0.18114747
2020-12-30,331.6002324054563,0.2824503,-0.2796695,-0.56473845,-0.69174236,-0.11435502,-0.6376497,0.4972874,0.34703934,1.1893753,-0.44843262
2020-12-31,330.0806209084051,0.79530585,0.41180184,-0.5210844,0.12181034,0.16349794,0.9996514,0.45705345,0.61163014,-0.40273443,0.14330201
2021-01-04,330.209547357329,-1.0003065,-0.7183569,-1.4823974,-1.2883044,-0.8187688,-0.16696252,-0.81766987,-1.1988225,0.17950852,-1.292358
2021-01-05,331.23937187449553,1.1368755,0.010611137,0.5901292,-0.012813352,-0.70307153,0.8569454,0.36761397,1.0618886,1.1611577,-0.044306785
2021-01-06,331.32456450430914,1.5931895,0.6593034,-1.9877687,-1.5502682,-0.18911085,0.42823598,0.22022407,-0.43822214,0.46341175,-1.7151884
2021-01-07,331.0408106752541,-0.14837019,0.87625945,1.7695934,1.5190505,0.33936542,0.9684277,1.3084182,1.2053207,1.5364058,0.9046212
2021-01-08,331.1523899728369,-0.22897914,0.13728748,0.38554883,0.27590874,0.18313424,-0.5140768,1.096038,0.18247128,0.33793706,0.54365754
2021-01-11,330.3838050425901,0.026533088,0.45360446,-1.3979218,-0.62045366,-0.3512455,-0.12526672,-0.033600513,-0.229281,0.9144902,-0.9924394
2021-01-12,330.6532234009897,0.3167934,0.6540954,-0.1684653,-0.7382412,-0.5650602,1.5039655,0.2710112,-0.5488441,0.74913913,-0.29557842
2021-01-13,330.8644942988336,-1.1521709,-0.6977615,0.8020633,0.30265796,-0.3628643,3.1467412,-0.4110322,0.7526931,-0.88419473,-0.039388023
2021-01-14,331.02784861186655,1.0353165,-0.35443017,-0.93605095,-0.94170815,-0.44707796,1.8383824,0.020893048,0.8623199,2.9808912,-0.8319834
2021-01-15,331.17797861296265,-0.28930363,0.42115057,-0.85711765,-0.1655193,0.08178978,-1.3697035,-1.0099806,-1.1157984,-1.1126094,-0.5281173
2021-01-19,331.1422402796415,0.31735763,-0.4015622,0.20917948,0.9309092,-0.47348282,0.30899778,1.727781,1.7412248,2.2228808,-0.21293502
2021-01-20,331.1835372860596,0.5295021,0.21555987,1.7008846,1.9579042,0.15719903,0.5235695,-0.3967373,0.14028668,-0.5987226,1.0795339
2021-01-21,331.4374754876286,0.77574736,-0.38670665,1.9031025,0.090986595,-0.35746822,2.9176455,0.5454749,-0.041053683,-0.037601795,0.122707814
2021-01-22,331.5374539139399,-6.729824,-0.5646197,0.7921015,0.17790008,-0.7789198,-4.6046524,-0.90909463,-0.7038893,-0.7029956,-0.03735566
2021-01-25,331.327182315683,-0.014790952,0.3930576,1.4220288,0.82013136,0.38698643,-1.0483251,-0.048434414,0.44918486,0.58676404,0.011929984
2021-01-26,331.4342108571156,2.0950704,0.34317732,0.0021526664,0.61682737,0.680326,-0.22023666,-0.61322516,-0.5759296,-1.0633835,0.16773584
2021-01-27,331.6852299496254,-0.008958197,0.6715882,-0.517592,0.07089577,0.54661196,-1.4237928,-3.2743964,-2.5377712,-2.8313882,-1.4722396
2021-01-28,331.6467610656252,-1.2703589,-0.58932465,-2.0617158,1.3732839,-1.1604027,2.1004016,2.2780528,0.45091408,0.9509347,0.41987708
2021-01-29,332.62206347576137,-0.5220128,-1.2362952,-2.1954296,-1.726779,-0.723558,-0.4951846,-1.0299258,0.12370417,-1.9061449,-0.669506
2021-02-01,332.9974559232039,0.772327,1.2861967,0.8129617,1.7582021,0.827113,0.9595102,2.4115205,1.3760626,1.7569755,0.8930374
2021-02-02,333.04754814592246,-0.59035087,0.65418565,0.25778666,-0.09950935,0.6336935,1.0440893,0.7353711,0.7757513,0.8493198,1.1755804
2021-02-03,332.720691696783,-0.17155893,-0.116821036,-0.52133,0.7437607,-0.22904046,-0.28403872,-2.3311596,-0.7435202,-1.5586643,-0.32121584
2021-02-04,332.8050085979474,1.0234573,2.2623703,1.3124036,-0.2955422,0.88308585,1.1510175,1.1654159,-4.1196284,1.2498395,0.5415071
2021-02-05,332.38135487341265,0.4110859,1.2272507,-0.2619043,-0.022933733,0.1326834,-0.51387745,-0.8434674,-0.71463674,-1.0854365,0.15109952
2021-02-08,332.63533933919456,0.9593603,1.2500789,-0.030015139,-0.004448023,-0.4578227,0.75766414,1.7893708,0.37813187,2.0472019,0.06069438
2021-02-09,332.9351830341505,0.06517484,-0.6714564,-0.45408645,0.23245768,0.37924197,-0.3265616,-0.59969646,-0.4589783,-0.39449313,0.11257393
2021-02-10,332.95224262181426,0.0756509,-1.9133241,-0.34237933,-0.28537995,-0.3847172,0.038738392,0.15234222,-0.26366055,0.10430499,-0.34508374
2021-02-11,332.8573558887384,-0.7047501,0.49216142,-0.19645599,0.31694204,-0.5236796,1.3854017,1.6277665,-0.062872306,2.533783,0.24674939
2021-02-12,332.87552860235155,-0.05711764,-0.46186745,0.0074194134,0.04753767,0.23842981,0.8543208,0.05813514,0.63949,1.2107888,0.105933666
2021-02-16,332.8968508762722,-0.38974196,-1.2172201,-0.9857715,-0.36243597,-0.8246533,0.47231004,0.2999268,-0.32364324,0.47894916,0.15133464
2021-02-17,332.9844513944122,-0.052118383,-0.42551455,-1.0719154,0.17660636,-0.10726345,-0.49176005,-0.8627153,-0.80222785,-0.9943408,-0.9090958
2021-02-18,332.66061171980726,0.40937468,0.116872005,-0.5691644,-0.16110346,-0.08301418,-0.20703551,-0.7980796,-0.33520803,-0.88753134,-0.30586457
2021-02-19,332.88774674444915,-0.93576026,-1.0530005,-0.022441646,-0.7182755,-0.8371138,1.0269729,0.5592688,0.23067962,1.9988848,-0.8358473
2021-02-22,333.10689315722817,1.0087037,-0.41714853,-1.7577503,-1.5865499,2.599963,-1.7646734,-1.9564818,-1.7644061,-1.5373185,-1.0657429
2021-02-23,333.41091176019836,-0.078525595,0.103303395,-0.15155193,-0.36278066,-0.027507963,0.28967753,-0.17452109,-0.8198409,0.2302607,-0.03180402
2021-02-24,333.512063329448,1.3257958,0.33913252,-0.31385085,0.23871836,0.08918576,1.5315466,2.2306604,1.1684897,2.236895,0.6714239
2021-02-25,333.49958965435434,-0.38739744,-0.369631,-2.0393693,-1.4057329,0.39780036,-2.1353269,-3.2500591,-1.8395699,-3.10624,-1.5567639
2021-02-26,334.81746164379615,-1.8938602,-1.0589707,0.032238394,0.74850345,-0.6736641,0.26694503,0.54644275,0.13099492,1.3891523,-0.027010633
2021-03-01,334.4638575490177,0.9778112,1.640474,2.7900126,1.0129849,1.2042743,1.5580351,1.8400515,0.9636886,1.2715943,0.77204436
2021-03-02,334.4570299093282,-0.21802567,-0.65306866,-1.2495754,-0.790922,0.30267465,-1.2567037,-1.0728546,-0.85401636,-1.679707,-0.32301235
2021-03-03,334.8857547116417,1.0830549,-0.64321226,-1.4481202,-1.5825762,0.12050528,-1.0548925,-1.6430024,-1.6202227,-0.7972745,-1.6360552
2021-03-04,334.61517442045226,-1.1976056,-0.93835264,-0.96492183,-0.26925674,-1.0465903,-1.2623256,-2.8350677,-1.3789488,-2.6753066,-0.90756494
2021-03-05,334.4398862974481,1.448784,2.6543443,0.49641743,1.1141571,3.1516802,1.8619641,1.6813399,0.5798032,1.8038291,0.08810548
2021-03-08,334.39918642638617,1.0350906,1.9099839,-2.4278963,-1.0858481,1.4755242,-0.71310115,-2.2945955,-2.3410177,-2.938965,-1.8741801
2021-03-09,334.3649715713488,-0.32522115,0.5494379,2.0983593,1.4736954,0.26541778,2.1213636,3.0125184,1.9635633,3.0383487,1.5837803
2021-03-10,334.87289872851915,1.8943304,0.5748085,-0.5951427,-0.38982671,-0.42464232,-0.3380684,-0.4334175,-0.5017794,-0.6319711,-0.26634333
2021-03-11,334.8721852608173,-0.36822635,0.7322999,0.8077514,1.0458392,-3.4355338,0.7609492,1.9188843,1.2195029,1.4909835,1.1783811
2021-03-12,334.76243121808477,0.24025536,0.005672486,-0.510043,-0.39014778,-0.25173926,-0.3275923,-0.58249897,-0.6675399,-1.0935773,-0.66736037
2021-03-15,335.0004996254625,0.4912521,0.8407993,1.2348757,-0.28769183,0.3551034,0.6287498,0.39275485,0.4725259,0.12055116,0.220307
2021-03-16,335.2280069573091,-0.16932343,0.35383743,0.60393333,0.6130268,-0.71720415,0.6910781,0.7038837,0.57981217,1.1602216,0.18824112
2021-03-17,335.47235250991156,0.39887846,-0.38761505,-0.44433564,-0.22227108,-0.5367815,0.68677026,0.6871515,0.007093143,0.3854396,-0.02938238
2021-03-18,335.6411861588745,0.51590675,-0.9337551,-1.9781004,-1.5588278,0.3223782,-1.4956058,-1.8511742,-1.4595832,-2.0147524,-1.1150765
2021-03-19,336.2133922313226,-0.5775056,0.24078976,-0.3352428,-0.15447322,-0.42318666,-0.0033157647,0.49052146,0.34344086,0.11680251,0.13653874
2021-03-22,336.31007941089064,0.82448393,1.8924948,1.4371969,1.2658381,-0.02114792,1.3148534,1.3592194,0.92797375,1.4462961,0.8861718
2021-03-23,336.1450079685674,-0.042714544,-0.4413242,-0.467719,0.3039238,0.63830215,-1.5698844,-0.5475009,-0.59395665,-1.0915401,0.59925765
2021-03-24,337.1399867478908,0.08123278,-0.54643047,-1.1910536,-0.5575239,-0.38881195,-1.0862254,-0.045554172,-1.8711221,1.508485,-0.81261456
2021-03-25,336.936254244228,1.2040864,1.2139168,0.13703233,-0.79825974,1.2442211,-0.04009674,-0.23100357,-0.04666635,-0.5463873,-0.11441754
2021-03-26,337.11811440560894,1.591559,2.8593106,0.1900593,0.9029971,1.082999,2.0525165,3.2254987,1.8292972,2.7966502,1.4651326
2021-03-29,337.19640274970965,-0.24523814,-0.093780704,-0.008708222,-0.35415202,0.54696566,-0.2896485,-0.76243746,-0.64746696,-1.010842,-0.050159633
2021-03-30,337.0962936448134,-0.5432403,-1.062892,-0.76325554,-0.8622253,-0.4689418,-0.5515972,-0.16817507,-0.4672257,0.24720992,-0.39142177
2021-03-31,335.8071891143397,-0.70268166,-0.10792704,0.92743766,0.85915256,-0.33397523,0.14202724,0.92926216,0.7419168,2.0243187,0.757154
2021-04-01,336.6674270013986,-0.012656175,0.350743,0.28891042,1.4471309,1.0746441,0.37108824,0.9200246,1.5942531,2.2249331,0.58031064
2021-04-05,335.8243833543551,1.2991177,1.0839285,1.185206,1.4432193,1.5314595,1.384389,1.4774607,0.71509576,0.34544194,0.59681517
2021-04-06,336.19458366202747,-0.816831,-0.5491256,0.044640794,-0.33435842,0.014105364,-0.7131706,-0.8349061,-0.79133254,-1.0839117,-0.09224833
2021-04-07,336.3291930500632,0.3430937,-0.3858189,0.6371045,0.38523084,0.0075806165,0.46016067,-0.57137775,0.34922543,-0.20169713,0.09479824
2021-04-08,336.3910863766082,0.09290843,0.17003222,0.95113385,0.6668938,0.7353034,0.53114206,0.5918858,0.20246878,-0.025917567,0.4370595
2021-04-09,336.7928144953825,0.29328325,0.22475737,1.0046718,0.49521598,0.13037981,0.8027294,-0.013891946,-0.009582398,-0.21342187,0.25733027
2021-04-12,336.81422740830794,-0.54369813,-0.7486105,-0.81678134,-0.053066146,0.28536156,-1.9992234,-1.0549302,-1.0612957,-1.2322704,0.0843849
2021-04-13,336.62365941381074,-1.658043,0.10093302,1.2216908,0.48554727,0.28964904,-0.15988195,-0.47545487,-0.1252526,-0.056763884,0.60671365
2021-04-14,336.87083878409027,0.7130627,-0.4310358,-1.072781,-0.6855415,0.030566117,-0.7618757,-0.3858136,-0.89705426,-0.3726679,-0.39160088
2021-04-15,336.73274877104785,-0.02249083,0.3532077,0.9221527,0.76834923,0.86955935,0.5696439,0.83860314,0.9063078,-0.0057788407,0.8844123
2021-04-16,337.03420915177634,0.4929123,1.5777521,-0.22772187,0.19571008,0.34777886,-0.21765822,-0.49026772,0.035827514,-0.29001617,0.06683271
2021-04-19,337.2816421553543,-0.22609928,0.043132223,0.18600538,-0.48792127,-0.19048737,-0.8317201,-1.695027,-1.0230846,-0.947625,-0.7360292
2021-04-20,337.3542633314091,2.4064734,-1.4875374,-0.79345083,-0.16756171,0.23930755,-0.70561475,-0.6889159,-0.6802377,-0.79765683,-0.21733479
2021-04-21,337.65377785228947,2.4786203,0.16953799,0.069825426,0.4236446,-1.6905173,0.7053554,1.1264005,0.8196579,1.879168,-0.21064836
2021-04-22,338.1094704269347,-1.029748,-0.62628037,-0.7290425,-0.785086,-1.2223556,-0.8505332,-1.1227599,-1.1214488,-1.0783322,-0.4529849
2021-04-23,338.3612665527344,0.52678794,0.54720926,0.882716,0.7722529,-0.00025944502,-2.544978,0.921593,0.71615857,0.8485435,0.5790823
2021-04-26,338.36390668372866,-0.39007047,-0.4026019,0.07226844,0.017869456,-0.37298012,-0.40009904,0.74879104,1.0379072,0.63210416,-0.079040684
2021-04-27,338.72957413021567,0.20291948,-0.40489587,-0.2226373,0.021879813,0.40385228,-0.64822984,-0.46457934,-0.37904784,-0.2386591,0.053009134
2021-04-28,338.8643031310201,0.45184726,-0.39290804,-0.4177325,-1.6275089,-0.3579535,-0.30388746,-2.910935,-0.5367043,-0.40716615,-0.20592418
2021-04-29,338.7765429079154,0.5610375,0.46734664,-0.1300765,-0.5058599,0.6469755,0.4988113,1.2747164,1.8213632,-0.17531946,-0.022530539
2021-04-30,339.6287664865931,-1.0665151,-0.8039714,-0.91609967,-0.13631147,-0.1164836,-0.6198186,-1.5578809,-1.2782347,-0.8871943,-0.65035194
2021-05-03,340.01828629138055,1.2995039,0.34202427,0.35406467,-0.13404691,0.9093418,-0.24101314,-0.6832435,-0.5114918,-0.044482753,-0.43824157
2021-05-04,340.1518016684354,0.44810584,-0.68055165,-2.0404482,-0.94741267,0.6802805,-0.314372,-0.006655255,-1.1391577,-1.3506976,-1.0534385
2021-05-05,340.0517928707249,-0.2339529,0.5703741,0.016635492,-0.3545856,0.34021446,-0.06565223,0.8226389,0.090350874,0.3985641,-0.38280052
2021-05-06,340.3447354537754,1.4143891,1.8050172,0.59954417,0.64572835,0.2695848,0.528919,0.809768,0.3521068,0.35313073,-0.31092638
2021-05-07,340.8295259657161,-0.58340245,1.3278289,0.19826652,0.52200365,0.33254167,0.35680145,1.0882788,0.50528574,0.28202775,0.33621863
2021-05-10,341.23592692527643,0.31774077,-0.39459118,-1.5018009,-1.2045761,-0.21487908,-1.3919848,-2.0219972,-2.9785235,-2.6517546,-0.80499184
2021-05-11,341.22953950760416,-0.8684922,-0.4787516,-0.49097693,-0.27265346,-1.565401,-0.79069203,0.30750695,-0.27298197,-0.45406047,0.3936395
2021-05-12,341.3962389409452,-1.3239144,-1.735298,-1.4533161,-1.6707841,-0.650342,-1.2186115,-2.3860283,-1.3663605,-2.9959104,-1.1119503
2021-05-13,341.28926260003203,1.3055913,1.2121557,0.8706351,0.8363101,0.7986373,0.3055073,0.75522643,0.7770366,1.630152,0.10042895
2021-05-14,341.2639509715245,0.23101507,0.5365615,0.97276646,1.0588698,0.3947345,1.0937896,1.3935587,0.94406724,1.5178634,0.91970944
2021-05-17,341.13570200270203,0.1944605,0.027436897,-0.5918081,-0.7144763,0.05083308,-0.04193041,-0.92679125,-0.19764249,-0.49248004,-0.36819294
2021-05-18,341.19598580445927,-0.5361623,-0.04108719,-0.7002542,-0.52888954,-0.30298135,-0.4317382,-0.76984453,-0.37923405,-0.6604417,-0.235026
2021-05-19,341.3596567256324,-0.32304627,-0.6602277,-0.15830545,0.06814272,-0.034416687,0.4054317,0.903452,0.50382596,0.8828684,-0.07861781
2021-05-20,341.6899360861012,0.31380442,0.49562925,1.0336626,0.67375994,-0.07709798,0.45804453,1.1355985,0.57110447,1.640251,0.81233436
2021-05-21,341.85904735980455,0.3885306,-0.6064873,-0.8919089,-0.3515506,0.123660356,0.08034463,-0.18513258,-0.46814656,-0.5961414,-0.34647247
2021-05-24,341.7382020638734,-0.00682519,1.2881956,0.6250171,1.152472,0.14722058,0.6845572,1.1473223,0.39464256,1.7114238,0.6885076
2021-05-25,341.6063852549924,-0.415871,-0.13637504,-0.17403257,0.13645287,-0.39889038,-0.09757114,-0.08368237,0.19227414,0.77130544,0.48507538
2021-05-26,341.5481804498292,-0.18301234,-0.5736467,-0.11030939,-0.11420961,0.19645604,0.01465925,-0.19999516,-0.29532665,-0.19177297,0.076709464
2021-05-27,341.67025269202543,0.20078905,-0.01396751,-0.7613936,-0.53355634,-0.23483016,0.6190369,0.16868559,0.09791299,0.18095148,-0.726734
2021-05-28,343.552424895446,-0.033951607,-0.056221247,-0.3772705,0.014649113,-0.2093385,-0.5072005,0.1416086,0.20961356,0.0027776556,0.40992644
2021-06-01,343.6008311561584,0.2050213,-0.41445914,-0.2314451,-0.5548837,0.43392205,-0.20846215,-0.35824162,-0.27423885,-0.06381424,-0.7210129
2021-06-02,343.91731146314834,0.68726796,0.43921542,0.24757908,-0.086139485,0.35119832,0.44172344,0.49137354,0.10057161,0.14336309,-0.07589428
2021-06-03,343.85754944910366,-0.07359197,0.47711378,-0.7462413,-0.40898967,0.41801718,-1.0134758,-1.6682711,-0.7454107,-0.8491577,-0.26624528
2021-06-04,343.47903246199974,0.8306002,0.97253644,0.9250256,1.029511,0.97980505,0.87668,1.2706404,0.7517997,0.9160455,0.79645467
2021-06-07,343.75825774365336,0.265767,-0.23079947,-0.08451117,0.5747697,0.53340465,-0.24724999,-0.5902721,-0.41058812,-0.33884162,0.30526325
2021-06-08,343.9191762079264,0.46097475,0.25358772,0.2687324,-0.32600895,0.312806,-0.09701148,-0.62789774,0.20377399,-0.99006706,-0.085250355
2021-06-09,343.8308948113765,0.6950742,-0.17678516,0.07642618,0.15064345,-0.115104266,-0.025556508,-0.24795899,-0.5052181,-0.44393334,0.33925512
2021-06-10,343.91978246171453,-0.053825665,1.3175896,-0.52183944,0.69833803,-1.3279339,0.27537015,0.43253982,0.34995976,0.6500496,1.4342579
2021-06-11,344.00354852554705,0.32045388,-0.37333745,0.4371781,0.07013919,0.28011498,0.34379512,0.13643935,0.047879495,-0.18598185,0.33744434
2021-06-14,343.7720841444472,-0.53633255,-0.8294976,1.2168787,0.34803212,-0.22527893,0.23997217,0.4396088,0.7751659,0.5525608,1.0148531
2021-06-15,343.6124122158429,-0.2882934,-0.54035497,-0.4361873,-0.3801627,-0.6318643,-0.1816263,-0.63297236,-0.6294933,-0.19903222,-0.6464295
2021-06-16,343.49514020442206,-0.66601396,-0.4622622,0.12242492,-0.26781544,-2.7985702,-0.6317418,-0.38001743,-0.28240156,-0.56775105,-0.42109558
2021-06-17,343.7023083869976,-0.9843047,-0.49245432,0.584663,0.66109264,0.23040487,-0.057253744,-0.1134661,0.04722838,0.012036847,0.48937643
2021-06-18,342.5356119242785,-1.1121836,-1.490937,-0.63560766,-0.36793232,-0.89157665,-1.2428579,-1.6358383,-0.8394935,-1.8989726,0.90222704
2021-06-21,342.5966392048363,1.5826058,1.5029545,0.66589934,0.5927747,1.0260041,0.13760422,0.94555396,0.23065996,0.46333885,0.052047238
2021-06-22,342.7532780382958,-0.12623814,0.0808371,0.59095323,0.5198851,0.3558593,-0.025500827,0.22563973,0.2797094,0.030048827,0.49138924
2021-06-23,343.31616211931566,-0.77838504,-0.7138221,-0.20141864,-0.11303928,-0.41690832,-0.52369285,-0.40269065,0.05992544,0.5246884,-0.16502182
2021-06-24,343.51618724931603,0.37357274,-0.0012224226,-0.20563069,0.22077984,-0.28435314,0.6343439,0.75338644,0.6788512,0.7179876,0.19918725
2021-06-25,343.4606130729064,0.62382835,0.35574222,-0.20991775,-0.40053698,0.3739831,-0.15514609,-0.23321867,-0.16565697,-0.6890757,0.026037578
2021-06-28,343.4704192401879,-0.686478,-0.16578014,0.5820062,0.6766818,-0.040370114,1.2304984,1.0231134,0.5651257,1.2957641,0.5266366
2021-06-29,343.75285793210526,0.11821949,-0.09751752,0.5261162,0.46550676,-0.30725577,-0.6047269,0.35378045,0.8079868,0.17548236,0.05967186
2021-06-30,344.3129815968156,0.4643872,0.094374634,0.15895969,-0.1628159,-0.22246362,-0.5144154,-0.27556375,0.013059061,0.047718517,-0.39267585
2021-07-01,344.6068526030975,0.11283781,0.5720366,0.03267551,0.073001534,0.95751464,-0.13037029,-0.5647179,-0.7299377,-1.3531642,-0.1234286
2021-07-02,344.19386738457723,-3.0850794,0.6119806,0.9540465,1.1104628,1.2750852,0.5763273,0.3620256,0.4624788,-0.026277449,0.4693412
2021-07-06,344.1245394782393,-0.5752293,-0.79358625,0.6964636,-0.06257526,0.66011304,-0.563014,-0.41714483,-0.5045409,-0.48744628,0.17786473
2021-07-07,344.03663549350756,0.48677227,0.35414648,0.8677387,0.36992124,1.6237402,-0.13061218,-0.5542379,-0.45620745,-0.6480233,0.49181545
2021-07-08,344.1748709398253,0.42792296,-0.029134085,-0.5853562,-0.5449226,-0.3406403,-0.48887968,-0.5977299,-0.6030739,-0.7852138,-0.05387138
2021-07-09,344.1429407151773,0.36093205,0.6232402,0.6082366,0.035368983,1.1225652,0.46203727,0.58614415,0.89021367,0.6201905,-0.15552579
2021-07-12,344.2333548280281,-0.2736219,-0.72255695,-0.31506887,-0.18358734,-0.4331314,0.5684917,0.45493168,0.2360186,0.47102,-0.3343866
2021-07-13,344.64025174344533,-0.29335657,0.09349644,0.33320808,0.6337668,-0.06986385,0.08578104,-0.32239646,-0.47404498,-0.2359354,0.23583916
2021-07-14,344.71410270209435,-0.21110277,1.0136764,1.1897656,0.22469081,0.76212263,-0.30449507,-0.06032805,0.69900036,-0.27468166,0.17222965
2021-07-15,345.07872673485934,0.29415804,-0.62416804,-0.3302089,-0.34368697,-1.1677097,-0.5960348,-1.0851058,-0.77476513,-0.813633,-0.22923416
2021-07-16,344.7372269249917,-0.71837384,0.038318895,-0.84968805,-0.117502555,0.61583537,-0.71066946,-0.8038362,-0.6189135,-1.6189314,-0.06912069
2021-07-19,344.72930207693645,-0.45756045,-0.90178055,-1.5533218,-0.77837354,-0.34079623,-0.2976104,-0.046142943,-0.36643046,0.049673814,-0.31722787
2021-07-20,345.0941873846174,0.9603641,0.68013406,1.2870275,0.3771966,0.8383639,0.46715677,0.4268089,0.15515588,0.93806165,0.3496991
2021-07-21,345.31185895902894,0.61646277,0.3766561,-0.36457798,0.32986686,0.4801265,0.7752903,2.0392396,0.7227815,1.693856,0.1533914
2021-07-22,345.2319525501253,-0.269564,0.8565001,0.4253149,0.82346183,0.4585073,-0.24270749,-3.5155673,0.0011598085,-0.32458583,0.62999505
2021-07-23,345.12204175079097,0.29232186,0.88535917,0.5506649,0.5875129,-1.6515449,-2.4775033,1.2575371,0.6531083,0.27461106,0.06722407
2021-07-26,345.0673966312141,0.6559381,0.28591633,0.06641327,-0.17830057,0.027026542,1.0761703,0.38516203,-0.49442065,-0.07261185,-0.3704537
2021-07-27,345.0982156655394,-0.0069000637,-0.2794284,-0.8940713,-0.52810353,-0.09660307,-0.9743268,-1.1385137,-0.86173254,-1.1311951,-0.21751015
2021-07-28,345.1144962617059,-0.44520074,-0.70431674,-0.74695325,-0.12377128,-0.39874923,-0.1190446,0.4937168,0.3797102,0.58988184,0.095627695
2021-07-29,345.1975006218459,0.07544858,0.36787423,0.1549758,-0.0123961475,0.17846102,0.5066835,0.90630955,2.4378746,-0.0028572192,-0.017333163
2021-07-30,347.162274476629,-0.44360825,0.36533168,-0.0078085153,-0.3580649,-0.32608026,-0.00902296,0.17449446,-0.42206678,0.61011845,-0.06767201
2021-08-02,346.919117888865,0.21399042,0.07448457,-0.21337552,-0.08079143,0.18214457,-0.05912554,-0.053378873,-0.35235173,0.5002725,-0.2370144
2021-08-03,347.3279290152174,1.2092074,1.0139997,0.5831692,0.36065114,1.0627103,0.2902648,-0.5422492,-0.34521407,-0.045131847,0.0887797
2021-08-04,347.3485900308172,-0.59167886,-0.7610473,-0.23744945,-0.17632668,0.09691177,-0.15850082,0.9139185,-0.0021826774,0.08046183,0.19976468
2021-08-05,347.54104564276366,0.0067787683,0.06046178,-0.048526697,0.4875193,-0.38627878,0.25591755,0.1678696,-0.48702452,-0.22396049,0.31593588
2021-08-06,347.5535828822866,0.6006011,-0.25402915,-0.34383756,-0.07494455,-0.017129622,-0.0008282929,-0.15126543,-0.2425916,0.018983515,-0.10455375
2021-08-09,347.34725385684624,-0.54778105,-0.18872385,-0.10681658,-0.27056748,0.1336655,0.08213544,-0.9083804,0.10744298,-0.26890546,-0.19115584
2021-08-10,347.1487392944377,0.062007315,0.15291896,-0.26817462,-0.41152182,-0.19942912,-0.117027655,-0.350558,-0.3901486,-1.207064,-0.5097038
2021-08-11,347.22263732343987,0.3461798,0.29622024,0.0068801623,0.029931422,-0.06930206,0.14011958,-0.13595122,0.15800732,-1.0322644,0.19307281
2021-08-12,347.501979238716,0.43080506,0.6578977,1.0102779,0.45941433,0.029537896,-0.5246698,-0.6286759,0.057134487,-1.7752202,0.4287183
2021-08-13,347.74550261022654,0.052190337,0.07216364,-0.013176798,0.48637834,0.23076873,-0.06754283,0.19063148,0.35347593,0.12163607,0.1101759
2021-08-16,348.0808033211054,0.18816514,-0.27761444,0.6300851,0.2500121,0.16196546,-0.042481624,0.2954581,-0.22889718,0.45712432,-0.08459185
2021-08-17,348.31109732579904,-0.52993774,-0.3829076,-0.4179871,-0.3362957,0.0025186224,-0.681949,-1.2649392,-1.1765106,-0.96957135,-0.17565325
2021-08-18,348.2721697137394,-1.3592168,-1.1616789,-1.4674265,-0.3871558,-1.1027504,-0.4515728,-0.9413983,-0.75128424,-0.53116906,-0.54834616
2021-08-19,348.46612318619714,-0.6776229,2.7235167,0.03536568,1.0184256,-0.18418597,0.18749373,0.33624083,-0.5590697,0.47998178,0.57701784
2021-08-20,348.49414575301387,0.51393557,1.1699849,0.45084402,1.2652631,0.05630374,-0.39321417,-0.10984534,0.37020895,-0.70748645,0.4967872
2021-08-23,348.6173566828332,0.24026752,0.36857814,0.45605087,-0.013756429,0.029916238,1.0084884,0.88440704,0.53614044,1.2314566,0.4792699
2021-08-24,348.7026051136833,0.10464838,0.9351704,-0.12055043,-0.4155201,-0.36157313,0.4574888,-0.09607239,0.014715344,-0.10234026,-0.04121027
2021-08-25,348.729747833474,0.011515423,0.0049991678,-0.5396152,-0.16996925,-0.02723739,-0.025793506,0.0041940655,-0.25702357,0.40060776,-0.08751432
2021-08-26,348.65860145671326,-0.5020931,-0.2167896,-0.3841319,-0.5749635,-0.011586799,-0.5930094,-0.12615073,-0.52913404,-0.18611836,-0.3127706
2021-08-27,348.90134165072243,0.29689938,-0.2545853,0.29337576,0.046794225,0.26407802,0.6071711,0.7604572,0.6597527,1.112438,0.28430107
2021-08-30,349.13606553845676,-0.20350167,0.103924066,1.5091705,0.61028576,-0.01208794,0.015487066,0.2133496,0.24193394,-0.23300576,0.35558343
2021-08-31,349.4496333849464,0.6406474,-0.16856775,-0.5393213,-0.3602834,-0.22951202,0.07302518,-0.25683805,0.13983497,-0.35685298,-0.18982124
2021-09-01,349.6661459332816,-0.48194203,-0.007734827,0.14968397,-0.07243335,0.35922417,-0.34768456,-0.93417925,0.048671626,-0.5812304,0.059691347
2021-09-02,349.56834505295586,0.3330927,0.57195884,0.3084177,-0.18207191,-0.14093095,0.023845116,0.2666883,-0.47332886,0.206303,-0.13177742
2021-09-03,349.51473487983554,-0.197964,-0.16770281,0.13656029,-0.06550948,0.03901777,-0.20830533,0.06975712,-0.22632438,0.318425,0.046177637
2021-09-07,349.90789287220105,-0.7105751,-0.70057076,0.7302936,-0.23112248,-0.7247285,0.09020728,-0.2250098,-0.34331453,0.10519564,-0.351598
2021-09-08,349.7091495022896,0.28915626,-0.28142422,-0.6283606,-0.058471285,0.32497492,-0.09216402,-0.30520117,-0.4504818,-0.9492331,0.040043667
2021-09-09,349.57768203358216,-0.43575463,-0.13225436,-0.44690484,-0.58373994,-0.027668264,-0.16716342,-0.19583207,-0.3655281,0.3387269,-0.14826617
2021-09-10,349.6914473073991,-0.3389298,-0.92413396,-1.8818806,-0.33622804,0.008362745,0.33891138,0.6366964,0.2522223,0.45043638,-0.21569006
2021-09-13,349.66552275873414,0.5367934,0.23228279,0.11863607,0.16288769,-0.47251338,0.913658,1.0020769,0.13879216,0.66038,-0.84468424
2021-09-14,349.65352816654536,-0.9135106,-0.3226239,-0.6003477,0.4286478,-1.381625,-0.40742075,0.27903384,-0.7672789,0.111615516,-0.07022658
2021-09-15,349.8590816161299,0.4688466,-0.4255853,0.23785536,0.80889356,0.64659756,0.46038216,0.6791442,-0.9738658,0.22042146,0.84783715
2021-09-16,350.0036237711343,-0.3642008,-0.32569018,-0.1742446,0.005080704,-0.3168077,-0.2600809,-0.30259785,-0.031015277,0.70884484,0.162596
2021-09-17,349.7089440262801,-0.57282406,-0.6475389,-1.075006,-0.9914725,-0.5212647,-0.49031958,-0.26813844,-1.5994155,-1.0047237,-0.6581782
2021-09-20,349.79227072983815,-0.4421404,-1.2783865,-1.2386785,-1.0471163,-0.18149987,-1.0866129,-1.2688137,-0.35211655,-1.6024305,-0.815078
2021-09-21,349.9812345363879,-0.6505521,-0.8621416,0.09385458,0.025303958,0.3359719,-0.118143134,0.034735747,-0.4092609,-0.18999062,0.2021477
2021-09-22,350.03879844012914,0.80988574,0.31069028,0.802653,0.6041673,0.73571974,0.5000649,0.8707602,0.32860816,0.7613381,-1.2131795
2021-09-23,350.50967962641613,1.0100319,1.4935502,0.26802838,0.10795839,0.44346422,0.41110337,0.7901964,0.20915851,0.7685676,0.21772091
2021-09-24,350.41561150091013,0.3631037,0.018606689,-0.055770557,-0.10035032,0.20323949,0.12979636,0.5374232,-0.090396345,0.13991237,-0.54061097
2021-09-27,350.62336324207894,0.50701237,-0.6943132,-0.652787,-0.97729254,0.49547943,0.33225113,-0.18608062,-0.2093918,0.14132918,-1.2084359
2021-09-28,350.75575528118446,-0.5121227,-0.950658,-1.3700846,-1.9931853,-0.34226272,-0.5639428,-1.8160852,-1.2492645,-2.9251356,-1.6136323
2021-09-29,350.6865751166341,0.807236,-0.08597681,0.2554735,0.024923604,0.3209138,-0.4462728,-0.67544943,-0.28640833,-1.4917384,-0.12993234
2021-09-30,352.46273816124443,-0.1150182,-1.4359881,-0.5851695,-0.4465756,-2.1723292,-0.19919704,-0.3661956,-0.18042292,0.054432675,-0.18680438
2021-10-01,353.04703708028705,2.030347,0.91654444,0.34122428,1.246048,1.2805083,0.44986403,0.42938054,-0.17060345,0.035428207,0.050635133
2021-10-04,352.7177068012313,0.36047548,-0.76156354,-1.4109489,-1.154191,-0.3080303,-0.34572545,-1.1951703,-0.7627345,-1.3122063,-1.2860909
2021-10-05,352.8027651047112,-0.43353942,0.5852592,0.65794295,0.9659764,1.0612549,0.36713058,1.0534596,0.20613442,0.81058705,0.4742978
2021-10-06,352.7869729858427,-0.35859528,-1.047891,0.2454202,0.7155032,-0.13828453,-0.0015175425,0.07973491,0.097167246,-0.5699455,0.17211369
2021-10-07,352.91981070296373,-0.25020707,1.4203101,0.3916451,0.244897,0.41777346,0.13662799,0.21145742,-0.1544746,0.33613816,0.49103993
2021-10-08,352.94597769944886,0.64715356,0.04531752,-0.23301907,-0.06335059,1.1097666,-0.32724956,-0.10797836,-0.5157229,-0.6051391,-0.19375674
2021-10-12,352.9415853136124,-0.9012029,-0.90836483,-0.5736821,-0.30283108,0.070178784,-1.0834513,-1.6960726,-0.7693669,-0.31809342,0.4234391
2021-10-13,352.93961832585995,0.13660383,0.42363182,-0.31384975,0.54297346,0.33045512,0.049817227,-0.54753506,0.6422212,0.36315775,0.59174144
2021-10-14,353.2083959369439,1.2091147,1.3366859,0.97409767,1.0557846,-0.5952395,1.33128,1.7006315,1.1430247,1.0874748,0.94101477
2021-10-15,353.31846549552483,0.5545636,-0.56458545,0.30875432,0.18701999,-0.039584015,0.4278469,0.5517176,0.42941293,-0.23172091,0.09471431
2021-10-18,353.22775735268084,-1.0386021,-0.11464815,0.53439116,0.46097872,0.49630794,-0.017929208,0.06319722,-0.10708128,0.41798493,0.6962845
2021-10-19,353.27866136107514,-0.15380438,0.69316757,0.70579964,0.09563077,0.19506735,0.56660146,0.9767616,0.69642794,0.30285838,0.7096755
2021-10-20,353.48028032872287,-0.03462179,0.5685381,0.08963952,-0.20187049,-0.26054803,0.10099663,0.2784415,-0.19086176,-0.2703462,-0.27382356
2021-10-21,353.73807312148244,-6.5532756,-0.7048591,-0.010235862,0.5002723,-0.22344445,0.47005203,0.5143107,0.2069267,-0.27711022,0.3016981
2021-10-22,353.88209117737614,-0.22698312,-0.80446386,-0.36933577,-0.33157754,0.84638304,-5.468516,-0.782789,-0.5437716,0.67409784,0.2203591
2021-10-25,354.09656640493614,-0.1204083,0.004548209,-0.10619355,-0.2366371,-0.22983609,-0.070323244,0.2707532,0.02008103,-0.13707887,0.1318692
2021-10-26,354.3064248898031,-0.25905257,0.8521167,0.15359636,0.26946703,-0.4865114,-1.0384723,-1.105114,-0.077466376,-1.1991391,-0.31312177
2021-10-27,354.1601414279528,-1.0113887,0.45012185,-0.25547186,2.0799387,-0.50963175,-0.38113126,-3.3219159,-0.3216528,-0.03959906,-0.19787458
2021-10-28,354.4413319328663,0.35039186,0.042778146,1.2198341,0.1260409,0.030855179,0.14714943,0.17313455,0.7244865,1.051675,-0.10555238
2021-10-29,357.56731157369654,-0.38333997,-0.39279026,-1.0570189,1.0825571,-0.19822623,0.793934,0.17092173,-0.28875145,0.09467912,0.5642925
2021-11-01,357.4837149224758,0.6153704,0.13333514,-0.38570544,-0.41482702,-0.79709405,0.4569306,-0.08807762,0.48369718,0.72998506,-0.62930524
2021-11-02,357.81432194811873,-0.049780354,1.9344162,0.28633717,0.52347755,0.63732105,0.24344309,0.5399879,0.052129634,0.39026877,-0.047075123
2021-11-03,357.71794965596064,0.49209175,0.00046712678,0.42696604,0.07180567,0.06731353,0.43109012,-0.13455805,0.93317705,0.34038252,0.76828206
2021-11-04,357.6611995582296,-0.36956948,-0.71920437,-0.27368426,0.31317377,-0.30576497,0.20485917,0.5507688,5.0353236,1.9019263,0.9720705
2021-11-05,358.08567496908637,1.477707,-0.10281137,0.1005159,-0.12128794,-0.38190866,0.4943209,0.6650404,1.7702619,0.7341742,-0.6736315
2021-11-08,358.04320161804816,0.4918184,-0.12876658,-0.38268653,0.079816505,0.026198087,0.50496817,-0.42397252,0.65122205,-0.17281687,0.12156401
2021-11-09,358.3079586129078,-1.0974381,0.5293059,0.04131539,-0.22249447,-0.3219067,-0.3202039,-0.60039693,0.14769723,0.7618898,0.04491528
2021-11-10,358.13522894583457,-0.33961597,0.38458148,-1.1109211,-0.86068684,-0.42344528,-0.3988983,-1.340706,-1.894716,-1.6035346,-1.1823053
2021-11-12,358.87463483678226,-0.71406245,0.03928747,0.6633952,0.5987252,-0.30057836,-0.21413976,0.40749395,0.054024156,0.6533903,0.74415195
2021-11-15,359.0592518847664,-0.047560103,0.54391056,-0.084986955,-0.16251628,0.16482064,-0.017679464,-0.366562,0.8322816,-0.22635548,0.059009604
2021-11-16,359.2391982817314,-0.22400281,-0.38821098,0.2623852,0.4624018,0.68314373,0.22095092,-0.3210526,3.1574686,0.31126592,0.55574703
2021-11-17,359.1465494063211,-0.21923272,-0.35069114,0.7752394,-0.027855212,-0.19359861,-0.35052836,0.2651603,0.32308683,-0.5602006,-0.07720544
2021-11-18,359.4821488032523,-0.77820295,-4.2317843,1.3970809,0.263042,-0.37662375,-0.49941915,1.1974713,0.56000966,0.6035184,-0.042057686
2021-11-19,359.4140999163507,-0.3409265,-0.5646769,0.80035156,0.21445242,-0.38838613,-0.16491196,0.46306416,-0.38360032,-2.312335,0.86741495
2021-11-22,359.4818705999373,0.2381509,1.8113276,0.065814584,-0.5581354,0.23872808,0.24195425,-0.9482565,-0.91804874,-0.7448382,-0.8424812
2021-11-23,359.3328139947901,0.18133765,0.9023462,0.039236974,-0.39014027,-0.8552364,-0.66083944,-0.038651586,-0.18882732,0.27648684,-0.511544
2021-11-24,359.2227086659892,-0.031689577,0.2809742,0.0846097,-0.02773326,0.24232863,0.54813784,0.22845115,-0.13483204,-0.0004294482,0.11344007
2021-11-26,359.2587996098941,-0.5154808,-1.2056987,-1.788415,-1.3345493,-0.6613997,-0.881767,-1.8450269,-1.2693112,-1.6309762,-0.39554292
2021-11-29,359.83041205969397,1.5037345,1.4202905,1.0537233,1.0125567,0.22940448,1.0340724,1.9294807,1.8157681,2.0347166,1.3004277
2021-11-30,362.4168204677853,-0.77652615,-1.2749711,1.5506232,-0.9941663,-1.1179713,-0.7122979,-0.7383438,-0.8223432,-1.1502601,-0.9905039
2021-12-01,362.33218180569116,-0.09897856,0.21517895,-0.25804183,-0.14211638,-0.5462188,-0.54833156,-0.28385836,-1.0965586,1.0911804,-0.7301849
2021-12-02,362.57701781620153,-0.009486143,1.4528725,-0.4129215,-0.15471488,0.05462012,0.75352216,0.5108949,0.25675675,-1.454444,0.7258064
2021-12-03,362.52209280827987,1.0795947,0.06419606,-0.7105573,-1.0844854,-0.9275357,-0.24161176,-0.14896554,-0.20551951,-0.26559144,-3.145306
2021-12-06,362.73925285973723,0.5887498,0.9152702,1.0329489,0.44123825,0.2847331,1.4484819,0.31537035,-0.33638233,0.3276542,0.26326445
2021-12-07,362.6386207111789,0.9075019,1.4027616,1.7478414,1.2959639,0.48293594,1.2703581,1.3301418,1.8759979,2.3706493,1.5208987
2021-12-08,362.69401716206914,0.7728397,-1.407766,1.099014,-0.05500265,-0.60870075,-0.69428056,-0.92456836,-0.33329338,0.012075215,0.11678603
2021-12-09,362.77032106651967,0.29386833,0.6447765,-0.24555734,-0.350615,-0.14711103,-1.0817109,-1.0497949,-0.16667151,-1.2652713,-1.2034272
2021-12-10,362.75642619301084,0.27674672,2.1179202,1.3679205,1.374773,6.320013,0.06609207,0.75696844,0.29531354,-0.06743566,1.1650238
2021-12-13,362.87996866990557,-0.8001961,-0.8473913,-1.1901358,-0.53633046,-0.81495106,-0.52442956,-0.976718,-0.2100621,-1.5645503,0.15438437
2021-12-14,362.8906433254949,0.62918556,-1.1126655,-0.51343775,-1.766667,-0.50098073,-0.28186825,-1.059017,-0.39210662,0.079949684,-2.5076718
2021-12-15,362.9190074178622,-0.34320292,2.6817617,1.3932422,0.91638786,1.5619111,0.79414076,0.95654505,1.5897362,1.4590824,0.8360523
2021-12-16,362.8097334745912,1.4850291,0.42730764,-2.2005663,-1.5835079,-0.24579534,0.10751498,-1.7995154,-2.6544056,-1.910351,-3.9166868
2021-12-17,363.1781364480195,0.7619118,0.1424793,-0.432634,-0.2370764,-2.9662905,-0.20196415,-0.73602706,-0.40348357,-0.23568086,-0.660403
2021-12-20,363.4691889436052,-0.17341435,-0.16498491,-0.51865095,-0.68414736,-2.386077,-0.88879496,-0.78380156,-0.11173143,-0.39579087,-0.5016032
2021-12-21,363.7111866394546,0.97925556,0.77746224,0.9077503,1.110016,-0.12517664,0.9604803,0.64008266,0.61272633,1.611256,0.44620147
2021-12-22,363.7554610443515,0.39672905,0.563618,0.71246296,0.8575183,-0.86102766,0.13998781,0.10526634,0.34267676,0.14472839,0.3573102
2021-12-23,364.3134337872315,0.44461218,0.85756516,0.102823585,0.16674331,-0.13117,0.25437042,0.07455774,0.2362854,0.7207359,0.30098003
2021-12-27,364.52315492362277,0.4964458,1.3053206,1.10814,1.1156119,-0.15078203,0.48859444,1.3909088,0.7443624,1.6963009,0.4478772
2021-12-28,364.467614762519,0.50263244,0.08596425,-0.3936772,-0.24305877,-0.50015914,-0.17297842,-0.32687065,-0.42549545,-0.8384365,-0.5754579
2021-12-29,364.4364768057961,0.35644436,0.45852122,-0.062418714,0.042725213,-0.28071484,0.030632162,-0.17916681,0.23492108,0.24008754,-0.0600225
2021-12-30,364.55525799774824,0.27625954,-0.439094,-0.43670034,-0.4595057,-0.16221488,-0.09978141,-0.5471793,-0.87803984,-0.8267017,0.022393899
2021-12-31,365.2849132172839,-0.12099106,-0.33637238,-0.27554196,-0.51903105,-0.4616675,-0.22213833,-0.39665076,-0.04803309,-0.24247293,-0.27367467
2022-01-03,365.6204638591143,1.1589062,-0.29073772,1.2121891,-0.30307174,0.28097355,1.3465579,0.6242768,0.686078,0.5473159,-0.22530273
2022-01-04,365.4644933220278,0.94902414,-1.891221,-0.7619432,-0.9515266,0.40144962,-0.08184018,-0.01728061,0.15090646,-0.47522694,-0.7189731
2022-01-05,365.7942937343491,0.09644796,-1.232065,-1.5094007,-2.0743928,-1.2471155,0.5466608,-1.4106162,-0.24587145,-1.2495205,-2.7064352
2022-01-06,366.0094349879606,-1.3795667,0.7422631,-0.97590727,-0.47030374,0.038212076,0.08245487,-0.103482835,-0.205483,0.56946397,-0.0765486
2022-01-07,365.67745999915724,-0.24607706,0.2123669,-0.036945906,-0.036391035,0.5243245,-0.47235775,-2.600883,-1.3613142,-1.5008465,-0.29394665
2022-01-10,365.8947999455394,0.09868499,0.7916174,-0.08289416,-0.0249527,0.81014127,1.3418047,1.1399466,-0.25210866,-0.40677232,0.9894238
2022-01-11,366.0512995708376,-1.0561987,0.61543536,0.7878552,0.05338747,-0.45511976,0.502268,0.49229226,1.2461503,0.6544704,0.22014062
2022-01-12,366.17810280194163,0.35593653,-0.3432174,0.046188455,0.47145545,-0.14664865,-0.15423661,0.38902146,0.15177993,1.69673,0.11206859
2022-01-13,366.22335586015276,0.5734364,-0.7911757,-1.10114,-2.2850766,-0.32011932,-0.63281834,-0.72275364,-0.6587965,-0.6750357,-1.1094881
2022-01-14,366.11315071668497,-0.26677328,-0.21379022,0.17953071,0.8399702,-0.11252252,0.5499495,0.8871559,1.0102826,2.288229,0.20015357
2022-01-18,366.2501610957883,-0.6222055,-2.0492504,-1.0939682,-1.328944,-1.1389933,-0.7402835,-1.6962378,-2.3448246,-3.6856172,-0.5570969
2022-01-19,366.4958239334317,-0.67313635,-1.0867978,-1.2084696,0.052767247,-1.1811837,-0.9079777,-1.4732026,-1.6197737,-2.5545173,0.1701455
2022-01-20,366.896770064632,-0.37868145,-1.0895474,-0.6370285,-0.3565378,-0.40840957,-1.2778566,-1.8195001,-1.5704095,-1.1770242,-0.45325232
2022-01-21,366.98563181819685,-0.7400652,-1.8633991,-0.76591086,-1.0206394,-0.3264018,-0.02652705,0.70694333,-0.48110363,-1.2573516,-0.8281639
2022-01-24,366.9194415598377,-0.26799867,0.24400753,-0.34598127,-0.0035697415,0.042769264,-0.106993385,0.87746096,1.2175449,1.1203029,1.3300284
2022-01-25,367.25188147321813,3.608889,-1.0873653,-0.6923252,-1.4476721,-0.78029096,-0.78963035,-1.6486845,-1.2448535,-1.9016515,-1.238457
2022-01-26,367.46449695475025,-0.89196086,-1.0891088,-0.118862346,1.381526,-0.8627579,0.5345107,1.4791483,0.31374875,0.6672669,-0.19037354
2022-01-27,367.33913853687903,-0.85468394,-1.0080384,-0.24442784,0.4768135,0.040694203,-3.0766,-1.3382368,-1.5747836,-1.6895908,-0.612298
2022-01-28,367.25426912396165,0.97458595,1.2942847,3.4639983,1.3609201,0.31661934,-0.3057159,1.2195541,1.3659542,0.5980526,1.7200646
2022-01-31,370.1965227421385,-0.45475417,0.03338557,1.2691615,0.3894828,0.2999589,0.9065046,0.6939042,2.1226842,1.5671402,1.0398209
2022-02-01,370.197308608019,0.9582132,-0.45152977,-0.14076708,-0.43118137,-0.12666668,0.08326003,0.54569095,0.24695803,0.033026088,0.058531433
2022-02-02,370.4078532080764,0.82972825,1.0259566,0.28027353,0.7148886,0.70672476,0.44307697,2.151874,2.4743903,0.5131402,-0.2459265
2022-02-03,370.4712222743303,0.25433195,-1.351115,-0.97785544,-2.107253,-0.35639146,-1.0652508,-4.327689,-2.1687899,-1.2866427,-1.5731026
2022-02-04,370.36039980252815,-0.3000532,-0.115234464,-0.1780647,0.7324165,0.026469633,0.055151597,-1.5954292,0.006660342,-0.35851204,0.13525866
2022-02-07,370.6599619325297,0.044175085,-0.020511672,-0.31314218,-0.90895134,-0.78767544,0.11916571,-0.6245128,-1.1212937,0.07262488,-0.502791
2022-02-08,370.952773764268,-0.10439233,0.1824739,0.87446964,0.55128515,-0.03622635,0.5086913,0.90259266,0.7533307,0.65630573,0.24145305
2022-02-09,371.33587183577407,0.36934122,1.2268808,0.34554172,1.0496972,1.3304007,0.89039296,1.3881187,1.1647029,1.4162722,0.6669289
2022-02-10,371.47619425290037,-1.2812396,-1.9626523,-1.3480378,-1.544892,-0.89526993,-0.90117353,-2.274938,-2.4042208,-1.3070546,-1.9256616
2022-02-11,371.978484186699,-0.4090505,-1.385908,-1.1661127,-1.328578,-1.1791888,-1.0733417,-2.4342356,-2.4235888,-2.1766748,-1.599701
2022-02-14,371.9318453905283,-1.2698109,-1.056823,-0.01480185,-0.06954342,-0.49594823,-0.06982924,-0.82536423,0.04477702,-0.27459836,-0.04968359
2022-02-15,372.3413536843251,-0.105280966,1.4727086,1.116438,0.88426065,0.38051724,0.70762265,1.3351855,1.877876,2.204599,0.3573601
2022-02-16,372.3612994418629,-0.38485047,-0.07667702,-0.16305146,-0.12276212,-0.376038,-0.20481485,0.6971387,-0.17760432,0.22277686,-0.18639524
2022-02-17,372.5233853537951,-2.17798,2.0238082,-1.2228609,-1.5944079,-2.0928159,-0.5911908,-1.4394886,-1.5175498,-1.3517151,-1.5739199
2022-02-18,372.94007208888803,-0.32628945,1.8638517,-0.58533025,-0.56160086,-0.6111615,-2.2620535,0.71190923,0.1308913,-0.9907461,-1.2500982
2022-02-22,373.002694520884,-0.22700433,-1.2531027,-1.0372211,-0.10018783,-0.32230017,-0.3457511,-0.10077456,-0.52126634,-0.93283266,-0.38835275
2022-02-23,373.5022239231426,-0.98874044,-2.5731928,-1.4713509,-1.4160827,-1.0266606,-0.063309364,-0.47943646,-1.175621,-0.81370413,-0.7859217
2022-02-24,373.8430076617035,-0.053181775,0.34893483,0.7821112,2.5092213,1.2965089,1.8204412,1.4011945,1.540543,1.570696,2.6868227
2022-02-25,374.1542938097896,1.1822846,1.7274308,0.58915997,0.41187993,0.8081806,0.82691014,0.37304232,0.6505959,0.57749534,0.07981021
2022-02-28,377.48168686418586,-0.89159805,-0.41783303,-0.0042194515,0.19480336,-0.27500373,-0.035330974,-0.3872474,0.17855649,-0.5266269,0.112419546
2022-03-01,377.5020076205901,-0.62641793,-1.6259364,-0.70809895,-0.7335009,-0.040689945,-0.7753498,-1.08773,-2.1490364,-1.4416687,-0.12667894
2022-03-02,377.95692394053367,1.3491385,2.032584,0.9854596,0.8511249,1.185975,1.6924739,0.9664553,1.4905368,0.96709895,0.29067636
2022-03-03,378.09986954378127,1.0922915,-0.16156393,-0.19544475,-0.806364,-0.07934461,-0.80577314,0.25094804,-1.0545589,-0.8370508,-0.97508806
2022-03-04,379.0494415170047,0.36025488,0.53644717,-1.0725633,-1.1385052,-1.0268753,0.089565374,-0.4567074,-0.8677901,-1.5732692,-0.59224343
2022-03-07,379.0324518686507,-0.2867862,-1.2959154,-1.3590978,-2.064776,-1.2824081,-0.35245758,-1.9916092,-3.3331747,-2.156353,-1.1810366
2022-03-08,379.4595870930762,-0.20414536,-1.6922746,-0.7116443,-0.63674146,-0.6308816,-0.17785588,0.84642667,0.10317937,1.4839662,-0.5764172
2022-03-09,379.6087814280979,0.28267288,2.0302806,1.7270699,2.270608,1.5062674,0.081969835,1.8135514,1.6419277,1.2839737,1.5086018
2022-03-10,379.7291153314586,-0.9839257,-1.7109673,-1.5478412,-0.59050006,0.24159585,-0.84689236,0.025121808,-0.7223642,-1.2061517,-1.0021787
2022-03-11,379.9371119945469,-0.20707859,-0.0831364,-1.3702593,-1.0791457,0.5777051,-0.7416413,-0.9559399,-0.72403145,-0.50408447,-1.9261231
2022-03-14,379.77338814474047,-0.010600695,-0.59701645,-1.5139887,-0.741913,-0.4729394,-1.2899444,-1.4377865,-3.2221751,-1.2065558,-0.468818
2022-03-15,380.1257613602752,0.89813614,1.7359732,1.4550598,1.9171644,1.8308138,0.33870363,1.9956145,0.77334696,1.2693105,0.8174058
2022-03-16,380.51420129922496,0.73057795,0.22965245,1.4213244,1.2352096,-0.4001192,1.5546286,1.3650581,1.6863143,1.7587357,1.6542339
2022-03-17,380.17391221627213,0.47571304,0.4312491,0.24903038,0.08386351,0.2739694,0.40570912,0.6776292,0.57472515,0.35747907,0.11075823
2022-03-18,380.44576141522606,0.41087574,-0.3260995,1.0035849,0.8489631,0.49944195,0.2334505,0.4909519,0.23537788,0.82588863,0.6609652
2022-03-21,380.1231964029599,-0.33880934,-0.015034449,0.358369,-0.28348076,-0.43758842,-0.07734792,0.04506558,0.35121077,-0.35972285,-0.029235667
2022-03-22,380.40168343277463,0.49220362,0.17372197,0.9974359,0.7838818,0.37316135,0.8029203,0.5743221,0.45798048,0.27927557,0.9443375
2022-03-23,380.6391899899754,-0.38951248,-2.3709335,0.34246656,-0.85246456,-0.79789644,-0.12561274,-1.2172229,-1.352972,-1.26892,-3.5338957
2022-03-24,380.7075766655372,0.48635402,-0.028322585,1.0947332,0.7337385,0.8981152,2.636601,1.694243,1.4172503,1.9711462,0.71898854
2022-03-25,381.11054213571185,1.0627179,0.5946058,0.10590861,-0.13500114,-0.32586962,0.13388154,0.15467551,-0.20895445,-0.5193409,-0.0920607
2022-03-28,381.3238690741615,0.06003321,0.17749535,0.17448679,1.1303217,0.8917142,-0.27231598,0.18430015,0.04648685,0.08034017,1.4343144
2022-03-29,381.51945218160637,0.23516761,0.66882604,0.9115447,0.7229689,0.28363818,0.5373896,1.6975948,0.6031892,0.96089524,1.2175338
2022-03-30,381.11588881694456,0.094743766,0.4593119,-0.44418836,-0.3199753,-0.5316789,-0.65397435,-1.2620698,-2.295335,-1.6665548,-0.53051865
2022-03-31,382.8769617710198,-1.0624644,-0.45230803,-1.0414716,-0.9975243,-0.38277015,-1.4849775,-1.4238255,-0.055321608,-1.2466093,-0.39352742
2022-04-01,383.34605318991777,0.06548204,-0.19499074,-0.1828054,0.12544924,-0.43118843,-1.1937771,-0.56052166,-1.6967081,-1.4001814,0.15167184
2022-04-04,383.84213412248346,0.06030733,0.22761059,1.1491911,0.87021667,0.9800089,0.8513564,0.13723709,1.8045424,0.5224962,0.7670091
2022-04-05,384.04181835553504,-0.7033796,-0.8450142,-1.1054441,-0.7494965,-0.63230497,-0.8886865,-2.0084655,-2.3983264,-2.4711177,-0.83319485
2022-04-06,384.58296956185086,0.2549112,-0.82623404,-1.079418,-2.0241175,-0.48082078,-0.509421,-0.054587778,-1.8820807,-0.8527567,-1.1714058
2022-04-07,385.0363308118141,-0.43061736,0.3035314,0.0035791579,0.26457158,-0.19706847,-0.010769825,0.044457294,-0.09759235,0.89276844,0.61806977
2022-04-08,385.3638206982905,-0.42316806,-0.550416,-0.7277333,-0.8379929,-0.3733978,-0.4722978,-1.3242204,-0.8404332,-0.8673319,-0.63279384
2022-04-11,385.66849669934425,-0.707466,-2.0538113,-1.4638098,-2.18429,-0.6795572,-0.40159333,-0.86582875,-0.48512703,-1.3062974,-0.92986375
2022-04-12,386.15476768732964,-0.2049173,-1.6066333,0.5159692,-0.6586942,-0.2901152,-0.0856808,0.3063989,0.14324732,-0.65148026,-0.6817462
2022-04-13,386.02350953727915,0.082942545,0.42348522,0.7682477,0.9669535,0.15797268,0.3968325,0.68122673,1.2422122,0.67864805,0.3591226
2022-04-14,385.8743614150901,0.2186453,-1.5082487,-1.7082292,-1.5116054,-0.22153501,-1.1521521,-0.60061574,-1.1527264,-1.2638743,-0.9861143
2022-04-18,386.0031769815112,-0.20459603,-0.15047683,-0.16294594,0.066772886,-0.71774596,0.7899128,0.9595982,0.64363813,0.4219545,0.37607682
2022-04-19,386.3903351917225,1.5404618,1.0067917,0.6519205,0.82929236,0.6484835,1.031888,0.80266875,0.4316837,0.6401018,0.8561464
2022-04-20,386.55147958662064,4.5283337,1.6721084,-0.14632536,0.13276319,0.3192549,0.11817722,0.047013532,-0.28870055,0.18360656,-0.7303953
2022-04-21,386.49379936673364,0.72543544,-0.4078177,-0.35016483,-1.0972672,-0.48842275,-0.52240187,-0.8490345,-1.3475602,-0.8165992,-0.94284475
2022-04-22,386.55823573651463,-0.76068586,-2.1442723,-1.5907618,-1.3547463,-1.8240544,-0.81933904,-1.4813867,-1.0963976,-1.0660069,-0.80696326
2022-04-25,386.6385121358329,0.40378568,0.79616255,0.26422307,1.2116592,0.35773462,0.403661,0.13777721,1.0737537,0.47821763,0.41009352
2022-04-26,386.33550338950425,-1.3968093,-1.605453,-2.1122105,-2.0765135,-1.4304962,-1.3191223,-2.0830317,-1.0187055,-2.0084913,-1.3467133
2022-04-27,386.25370152831374,-0.55095965,-2.4838164,-0.17022006,2.4178793,0.07695616,-0.28407297,0.2736743,0.41404513,-0.12821148,-0.15637088
2022-04-28,386.3504952057868,0.33069438,1.9556499,2.2527034,1.1188614,0.70319706,1.3393668,2.2680075,3.7523024,1.9230366,1.0656661
2022-04-29,390.05314069180463,-1.7421857,-2.6072612,-2.079497,-2.342477,-1.5932105,-2.7785234,-2.1043065,-2.5172303,-1.5548375,-1.336662
2022-05-02,390.41300685209217,0.41195494,1.3020397,0.011453209,1.2577188,0.27589905,1.154809,1.28579,1.5364022,0.8140995,0.96240056
2022-05-03,390.53273249948575,-0.2602664,0.027114704,0.41710606,-0.5711804,-0.46586567,0.057428658,-0.6054161,-0.36720273,0.19245598,-0.020315908
2022-05-04,390.8197261508404,2.3876495,2.4474492,2.048958,1.4705898,1.0145844,1.2051941,1.246426,1.2675233,1.5689249,1.3101429
2022-05-05,390.4818773522728,-0.7170109,-3.0552838,-3.148104,-2.442674,-1.4222686,-1.352873,-2.2278657,-2.1829095,-1.8598875,-2.0259712
2022-05-06,391.1484505282055,0.84361905,-0.5008013,0.1580845,-0.5716733,-0.24164747,-0.2845166,-0.70253277,-0.389036,-0.41976947,-0.90302527
2022-05-09,391.1721412346203,-0.77358747,-0.64453393,-1.8931215,-2.0789971,-0.6136546,-1.0998924,-1.0229027,-1.7732776,-2.4704187,-1.357464
2022-05-10,391.07655523563596,-2.6641252,0.8547681,0.7588307,0.9225922,0.50917286,0.79519904,1.16179,0.4940777,0.4275126,1.4504219
2022-05-11,391.08731440162626,0.8221091,-1.4744462,-2.931647,-1.8712549,-0.934921,-1.0629189,-1.4124173,-1.4612315,-1.2780812,-1.3128617
2022-05-12,391.03074535481187,1.0759755,-0.63645077,-1.5468329,-1.1423724,-0.24021551,-0.018538859,0.38022816,-0.24488589,0.94825447,0.8067485
2022-05-13,390.73008893467784,0.345523,1.9285328,1.5812562,1.1311674,0.19488597,0.6435364,1.3542198,0.89788145,1.7069147,1.480298
2022-05-16,390.58629556411483,0.70185107,-0.9379683,-0.6650679,0.014216048,-0.92825,-0.48546037,-0.5369169,-0.39239287,-0.56726015,-0.27454218
2022-05-17,390.7874556896818,1.6127741,2.402743,1.2448397,1.0134666,1.2145382,1.1238514,2.2838182,1.663149,2.0650423,0.55127335
2022-05-18,391.2627748344315,-2.6467047,-3.546431,-3.190223,-2.5590456,-2.1930847,-1.8272095,-1.7741218,-2.899961,-1.944711,-1.0869325
2022-05-19,391.04995747007905,-1.6521621,-11.415153,-1.4235806,-0.26190555,-0.8400081,-0.3345861,-1.0704874,-0.041487068,-0.29733372,-0.36113387
2022-05-20,391.0986658522139,-0.60566974,2.1492612,-0.00029861374,-0.18633361,0.91338384,-0.35532337,0.7344262,0.24451339,-1.6062328,0.3785636
2022-05-23,390.85853137232397,1.3674287,0.6645165,2.0034802,1.6228824,0.78422433,0.2917025,-0.03369684,0.08320063,1.1451595,0.63427246
2022-05-24,391.3143544630103,1.3100103,0.67522866,-1.1281612,-0.27562246,-0.66913545,-0.32770717,-0.84467953,-1.2147223,-1.2765727,-0.78645945
2022-05-25,391.171402612314,0.2890534,0.33695236,-0.032649774,0.53115064,0.41652098,0.45394868,0.71854097,0.77752995,0.698667,0.3193658
2022-05-26,391.0936377594656,1.2161802,1.6441717,1.129448,0.62118876,1.0146278,1.1110055,1.420537,1.0392889,2.1624186,0.49178013
2022-05-27,390.9423339780984,1.1372275,1.0027976,2.0362916,1.3933036,0.58285266,0.89936626,1.2871815,1.3981825,1.3580713,1.6295561
2022-05-31,394.3416193019004,-0.20650695,-1.0397241,-0.38085175,-0.3356828,-0.5578462,-0.13745502,-0.50323266,0.9253607,-0.7997521,-1.0398262
2022-06-01,394.26501493043224,0.2781008,0.23891619,-0.140867,0.04545602,-0.24925917,-0.29100314,-0.90962934,-0.79178977,-1.0272496,0.09986027
2022-06-02,394.5392932813948,0.33817375,0.8811495,0.79774827,0.36358646,0.8200446,0.58918434,0.74131405,1.6945405,0.86112684,1.8834304
2022-06-03,394.7464367522292,0.48168933,-0.9858417,-2.198231,-0.9708112,-0.8377459,-1.2616968,-1.6480863,-1.5021216,-0.87273264,-0.9918004
2022-06-06,394.50245161355195,0.7888059,0.06725437,0.18476039,-0.31896016,0.6133054,-0.07090327,-1.7558851,-0.30664462,-0.07616525,-0.06922407
2022-06-07,394.94800593129224,-0.04854454,0.33845076,0.8387743,0.6871161,-0.22364594,0.13649806,0.69633937,0.342488,0.13338462,0.28485298
2022-06-08,395.0593021159548,-0.911007,-1.1800618,-0.36495027,-0.48132336,-0.81910217,-2.063033,-1.7460678,-0.9355646,-1.1694667,-0.4246903
2022-06-09,395.25170190962825,-1.3629216,-1.2142361,-2.0548725,-1.2032954,-1.3396149,-1.1529888,-1.5244721,-0.7490229,-1.9130492,-0.24675135
2022-06-10,395.49763560264404,-0.85566235,-1.4274477,-2.2041726,-2.539159,-1.3302917,-0.81224793,-1.5625126,-1.1461874,-2.056404,-2.8931599
2022-06-13,396.2363438704822,-0.5285885,-0.51724815,-2.1868384,-2.4231944,-2.0181878,-1.3953912,-1.7805307,-1.5005935,-2.2411656,-2.1239493
2022-06-14,396.4799478744071,0.29515454,-0.6644966,0.26187122,0.43521386,4.043635,0.12992953,0.14662495,0.42742953,0.029614279,-0.12366538
2022-06-15,396.88294867421934,0.64664537,1.5193554,0.97319657,1.5347044,-0.6663069,0.6722359,0.66410553,0.16239928,0.2263929,0.5424012
2022-06-16,396.93015687901266,-0.676154,-0.9256377,-2.2648635,-1.5560426,-0.6570594,-1.3108536,-1.9237546,-3.4019153,-3.300357,-1.1889901
2022-06-17,397.20791469056155,-0.31998014,0.05330505,0.52041245,0.53027594,-0.6655198,-0.39785492,-0.5602331,-0.021437684,0.012879569,-0.4675922
2022-06-21,397.27249645368227,1.3680683,1.2568665,1.6347785,1.2632623,-0.08862123,0.7285007,1.2628033,1.05574,2.1226425,0.17516755
2022-06-22,397.2059117118257,-0.37278712,-1.079609,-0.3005541,-0.1955506,-0.77427715,-0.37412417,-0.4268112,-0.8197466,-0.5879997,0.18757282
2022-06-23,397.5443210045678,0.64965415,-1.2201703,1.0506799,1.1601024,0.61516476,0.0020845823,-0.6756619,-0.778549,-0.359683,1.0520997
2022-06-24,397.3261110675264,1.7030209,2.0131414,1.2048415,1.7709782,1.7752297,1.1453574,1.8774409,1.5944129,1.5503695,0.99808395
2022-06-27,397.41032070523585,0.3406438,-0.6546152,-0.09489285,-0.64093655,-0.23443374,-0.008466317,-0.208354,0.5960836,0.0086136935,-0.664404
2022-06-28,397.40702889525886,-0.43908218,-1.3404714,-1.7178478,-1.8277767,-1.1551929,-0.8540734,-0.6640449,1.319629,-1.119795,-1.528526
2022-06-29,397.54608446203997,-0.5405451,-0.39719892,0.5996067,0.7360522,0.31465918,-0.512293,-0.636936,-0.5073508,-1.351744,0.23781922
2022-06-30,401.2454384347546,0.22160484,-0.5139431,-1.0764536,-0.8002104,0.32753128,0.08961277,0.27796218,-0.8657174,-0.49072438,-0.2810907
2022-07-01,400.8462534294162,-0.03604004,-0.1488635,0.76812595,0.5253309,0.52261883,-1.0906707,-2.1798253,-1.4455433,-2.1209865,0.19577241
2022-07-05,400.9891460586902,-1.6622324,-0.55751693,0.9146974,0.6291415,0.5832272,0.32299122,0.15878285,0.6735162,-0.20951314,0.733531
2022-07-06,400.80115485177106,0.21716675,1.2689222,0.4193385,0.6387983,-0.25412613,0.27045348,0.6341847,0.31798944,0.1582854,0.5601118
2022-07-07,400.9607505518852,1.2993187,0.88627183,1.1820741,0.38943988,0.03352199,1.0929135,1.5050979,2.2114372,1.7164004,0.7093537
2022-07-08,401.28044479049476,-0.17240341,0.23010945,0.15763818,-0.21758536,-0.041387778,-0.17193568,0.26158983,0.40670273,0.095014974,-0.17554167
2022-07-11,401.8502493394725,0.24526821,-0.32909423,-0.8979791,-0.7226168,-0.05287171,-0.7943937,-0.8676404,-1.2238415,-1.1813546,-0.5338297
2022-07-12,401.52110266116864,-0.86151206,-0.7833125,0.27126345,-2.387636,-0.7389166,-0.018068613,0.28825232,0.13951305,-0.042388428,-0.85995996
2022-07-13,401.49561978619204,-0.9593916,-0.3682438,-0.23288137,-0.27275732,-0.28777328,-0.027884167,-0.14369507,0.7376633,0.060606208,-0.38885778
2022-07-14,401.790604754617,0.89554435,-0.75612605,0.99754524,0.23377864,-0.40763846,0.45907658,1.3432802,1.7594945,1.0046382,0.057474878
2022-07-15,401.4741085011601,0.4038352,1.2760237,0.5178831,0.5092981,0.69538784,0.8431953,0.97575647,0.6246144,1.0594043,0.6196847
2022-07-18,400.84885996842115,-0.85379344,-0.9311143,-1.2195681,-0.5997589,-0.37497213,0.057401113,-0.41345334,-0.84296554,-0.6315322,-0.48370153
2022-07-19,401.05204518411443,-3.564575,2.498904,1.3252547,1.0746183,1.1127462,1.372452,1.831604,1.5239109,1.9431185,1.148998
2022-07-20,401.1264660502238,-0.86692303,0.100923136,0.6273687,0.51772326,0.13523486,0.280085,0.1848784,1.104642,1.4351038,1.2063633
2022-07-21,401.2909659028916,-1.0495633,0.7153339,0.71165496,0.47642344,1.0301337,0.01715809,0.37832245,1.021377,0.50715,0.6187897
2022-07-22,401.3707760493319,0.56558573,-0.28655192,-0.53491104,-1.0110803,0.13455565,-1.319326,-1.0690651,-0.6475401,-0.8964374,-0.6650696
2022-07-25,401.1972997590574,0.14585023,-0.28686473,-0.4961049,-0.39124063,-0.086415075,-0.06521643,-0.34148896,-0.19825836,-0.34232914,-0.9445079
2022-07-26,401.4182213848724,-0.24016818,-0.97896135,-0.57386017,-1.5705853,-0.52466166,-0.21496728,-0.98116714,-0.9605326,-0.88843787,-1.2293305
2022-07-27,401.7610599313775,0.53067976,1.3529149,1.7194518,3.5316057,0.94886917,1.0971694,3.9297128,0.84796727,1.6276598,1.2223551
2022-07-28,401.5750858895419,0.047741164,1.6183724,0.09630626,1.4981761,0.5673147,-0.45754176,1.4326637,-1.9734442,0.5326756,0.929827
2022-07-29,405.61021175692815,0.79275733,-0.5124032,1.6513716,0.8125489,0.36038238,-3.2429595,1.4309678,-0.46526572,0.20591977,0.5499432
2022-08-01,405.6852343146196,0.62349856,-0.23685913,-0.43153703,-0.6166429,-0.27649075,0.60899085,-0.105239555,0.57900757,0.06072756,0.0458877
2022-08-02,406.5937496175355,-0.11932237,-0.7098184,-0.6035145,-0.71912706,-0.64723366,-0.95960474,-0.6236921,-0.1884024,-0.59757274,-0.13920866
2022-08-03,406.7045065002245,0.26036018,1.289559,1.9393201,1.4920646,0.4807733,0.4747036,2.0733511,0.5044932,1.3398427,1.2287481
2022-08-04,406.8956976374833,-0.35419554,-0.6524738,-0.2020184,0.17162266,-0.048706844,-0.52065533,0.41054222,0.4210732,0.6189168,0.47434124
2022-08-05,407.42882209360863,0.41500068,-0.72768086,-0.17302744,-0.2136429,-0.09119279,-0.299118,-0.2781281,-0.2933016,-0.58626133,0.19975616
2022-08-08,407.8059555103007,0.060134444,-0.065767504,-0.2556082,-0.5890933,-0.5344315,-0.03824809,-0.57924676,-0.7300453,-0.71591777,0.03737391
2022-08-09,407.79702636233503,-0.7590798,-0.25848785,-0.08113998,0.33595422,0.09609285,-0.90408456,-1.8212914,-1.5560179,-3.0856857,-0.69470245
2022-08-10,408.04716257781354,1.0211787,1.823893,1.3077543,1.304415,0.3449808,0.8367335,1.7823445,1.1741188,1.912349,0.95550096
2022-08-11,408.1508050186735,0.5147616,-0.2895345,-0.33915892,-0.48899588,-0.26631612,0.19217397,-0.43256038,0.15233883,0.08334039,-0.33088475
2022-08-12,408.35418925866804,0.7225069,1.1269176,1.0549382,0.89976615,0.9802503,0.4869048,1.0446963,0.8575699,1.6178074,0.8516764
2022-08-15,408.63401598197134,0.44628346,-0.11806637,0.24556226,0.23965435,-0.08542298,0.19698219,-0.066533886,0.14572968,-0.2970762,0.39554113
2022-08-16,408.4968907624575,0.7869246,0.2201919,-0.14808121,-0.21334049,0.14740036,-0.17503135,-0.7576486,-0.64026743,-0.5391564,-0.31858933
2022-08-17,408.65863699979076,0.5863602,-0.27005795,0.37789884,-0.21609259,-0.20422135,-0.43233952,-2.357976,-0.4844014,-0.9722231,-0.8387692
2022-08-18,408.53801285337664,0.60486764,4.3705006,-0.22261879,-0.29124984,-0.02847111,0.385892,0.5363121,0.69040954,0.7152456,0.06185006
2022-08-19,408.224663681464,-0.3373091,-1.1613659,-0.9250332,-0.8614537,-0.40758678,-0.84232336,-0.7741282,-1.1010709,-1.389794,-1.2142203
2022-08-22,408.47013405605276,-1.3620776,-1.7043415,-1.3648723,-1.7677256,-1.228654,-1.6078805,-1.8550355,-1.753567,-1.5033832,-1.2307836
2022-08-23,408.664026263221,-0.39979374,-0.5820511,-0.20834197,-0.33553633,-0.09152414,0.086867236,0.3152007,-0.33304766,0.3298681,-0.12167845
2022-08-24,408.7891861891403,-0.7476005,-0.65249395,-0.00039139556,-0.19986428,-0.19373627,-0.12234187,-0.19157782,0.09100858,-0.16103719,-0.4628055
2022-08-25,409.12095769691496,0.3651798,0.25011373,0.7082273,0.5671718,0.3210998,1.0325375,1.7384441,1.3104827,1.2052709,-0.1929113
2022-08-26,409.2002734810604,-1.7998426,-2.4251266,-2.1898377,-2.3211298,-1.2770379,-1.6151698,-2.8614693,-2.3131866,-2.401718,-2.1634848
2022-08-29,409.18455433224636,-0.040197898,-0.3952496,-0.8483711,-0.67998445,-0.31817004,-0.47666514,-0.64099693,-0.459494,-0.96891516,-0.59266454
2022-08-30,409.3468732385673,-0.37505576,-0.9015814,-0.9377965,-0.55610275,-0.092363045,-0.76601166,-0.5162737,-0.87276137,-0.89308125,-0.056608308
2022-08-31,409.98460161510246,-0.5819911,-1.0000407,-0.6808294,-0.3943409,-0.05919663,-0.40204048,-0.64230305,-0.5000678,-0.2711497,-0.1965773
2022-09-01,410.1117698487667,0.6126976,0.9160258,0.15764332,-0.30130646,0.5657882,-0.20546973,0.28139302,-0.8016359,-1.0130662,-0.32290685
2022-09-02,410.46712597370566,-0.9619313,-1.3191686,-0.8456062,-1.034248,-0.4033662,-0.6320241,-1.2583896,-0.5277116,-0.32634184,-0.27359715
2022-09-06,410.57432343043376,-0.5588602,-0.29973263,-0.548245,-0.7017804,-0.53354627,-1.0112319,-0.03477217,-0.6503888,-0.4871628,-0.021798426
2022-09-07,410.9883387445333,0.5073098,0.8868237,0.40407872,1.0285982,0.29956985,0.30559254,0.9483186,0.5318581,0.5969639,1.0765307
2022-09-08,411.50391546583484,0.38536274,0.52653563,-0.6263136,0.031010576,0.023020921,0.08580065,0.8837848,0.00038164097,0.6654174,0.33674112
2022-09-09,411.46931163638664,0.36269626,0.6084728,0.92037946,1.2501512,0.62010807,0.7718732,0.7753381,0.91085565,0.9940818,1.0085787
2022-09-12,411.8313689623948,0.7394447,0.99657005,1.9652059,0.41295138,0.5608513,0.08269049,-0.13010232,0.21094339,-0.17261216,0.10878247
2022-09-13,412.1292082193252,-1.7457623,-4.1050177,-3.4033086,-3.349972,-0.62026936,-2.6381016,-3.007395,-2.5988805,-2.4906313,-2.7105916
2022-09-14,412.31059626570857,0.22175206,-0.3588315,0.4209272,-0.012436983,-2.228715,-0.15987907,0.90926903,0.7516032,0.014636542,0.2722979
2022-09-15,412.2868043061838,-1.1490872,-1.3076073,-1.1434445,-1.6635559,-1.1447155,-0.43791112,-1.0459983,-0.891152,-0.8161286,-6.7548385
2022-09-16,412.2988620299889,0.9214782,-0.07003696,-0.7012207,-0.217283,-0.89385605,0.45280486,0.90168154,-0.087479204,-0.111360945,-1.19337
2022-09-19,412.4855471658943,0.23197734,-0.088603705,1.2554418,-0.11780581,0.07749156,0.20954214,0.29604432,0.4662373,0.27066788,-0.45905474
2022-09-20,412.53115141443556,-0.74624175,-1.4202967,0.75094354,-0.5602047,-0.63690627,-0.60220766,-0.14255837,-0.6798563,-0.7718893,-0.65939015
2022-09-21,413.0521091672432,-0.72295475,-1.9591188,-1.2193749,-0.9137141,-0.88881487,-0.6227897,-1.1044573,-0.12613979,-0.5354161,-0.6397047
2022-09-22,413.8956503342527,0.19397637,-0.936793,-0.44965807,0.42975697,-0.50749916,-0.5195862,-0.32853225,-0.3820132,-0.991797,0.060911767
2022-09-23,413.90710135199447,-1.3842047,-1.0437382,-0.9340549,-0.8139637,-0.99014395,-0.7152481,-0.57720876,-0.8951568,-0.42540693,-0.35648477
2022-09-26,413.8362724434437,-0.38182068,-0.24691795,0.024334693,-0.18135369,-0.7664455,-0.7293228,-0.38930112,-0.56153893,-0.70129716,-1.0274484
2022-09-27,413.9842826708376,-0.15136199,-0.20814739,0.25917926,-0.3227454,-0.7328179,-0.13157713,0.024180604,0.12322611,0.45816216,0.044447657
2022-09-28,414.3565233894724,0.5426405,1.5050668,-0.7972962,1.0798125,0.3578485,0.2792615,0.723451,-0.55112386,0.73286057,0.4661774
2022-09-29,414.1203574243328,-0.61365896,-1.5875727,-2.859021,-0.9401816,-1.1599603,-1.0005647,-1.7383939,-1.4839368,-0.79191816,-0.4484223
2022-09-30,415.8732685646979,-1.5464376,-1.2224559,-1.7749856,-1.2216538,-0.28433612,-0.83390844,-1.5108175,-0.7323811,-1.2218513,-0.43995234
2022-10-03,417.33418906925897,1.4676778,2.4464316,1.566571,1.9043659,1.25208,1.528429,1.9027312,1.3977947,1.8502446,1.2836291
2022-10-04,416.8651892543157,2.1138391,1.6659284,1.291251,1.9086212,1.5847975,0.8868263,1.9349654,1.6451113,1.2690845,1.1983868
2022-10-05,417.07589509229547,0.11904962,0.23058468,0.012614368,0.010523706,0.51925373,-0.102951586,0.90607905,0.73905146,-0.17047183,0.26452884
2022-10-06,417.23410811682834,-1.8636092,-0.9951096,-0.46606833,-0.64390415,-0.8909693,-0.6031066,-0.5331216,0.04750227,-0.55861515,0.09253594
2022-10-07,417.39196592741416,-1.8623339,-2.541578,-2.1592338,-3.1725712,-1.3361497,-1.9171796,-2.804736,-1.4988556,-2.5328228,-1.2427197
2022-10-11,417.2681135320321,0.02153188,-0.71867746,-0.66748166,-1.0707701,0.039576422,-0.24667089,-1.3916893,-1.7068901,-1.494064,-0.14939387
2022-10-12,417.37900015443336,-0.13456142,-0.7238708,-0.35435244,0.023827946,0.8181701,0.36516967,-0.8349059,-0.58635265,-0.23392989,0.13552877
2022-10-13,417.3942167649318,2.306754,2.5917454,1.7191932,2.1316934,0.83058476,1.412343,1.0483689,1.4484236,1.5669713,1.0536228
2022-10-14,417.7851794720114,-0.9554854,-0.90776145,-1.9050096,-1.5298374,-0.62345165,-0.69433933,-2.501759,-1.1227059,-2.3424475,-0.8936067
2022-10-17,417.72091055991666,0.79713887,2.0675282,1.4802105,2.229115,1.6129763,0.63706744,1.0152367,0.515255,-0.29755703,0.669544
2022-10-18,417.8485610406669,0.75534666,0.8499762,0.41531914,0.17720567,-0.058756754,-0.74690783,0.140291,-0.21378936,0.32354456,-0.09964075
2022-10-19,417.8996247495563,-0.23619005,0.07734699,-0.058338337,-0.5734433,-0.5098292,0.14234844,0.3890988,0.50849557,0.9149068,0.81653726
2022-10-20,417.89514184738493,3.0214336,-0.4209041,-0.280696,-0.1492278,1.7043645,0.07612508,0.35775232,-0.38697034,0.5877252,0.2774552
2022-10-21,418.2491413169525,0.805877,1.9727328,1.3706291,1.4262629,1.9101985,1.1148988,2.2762594,1.2437426,1.6718956,0.4486823
2022-10-24,418.4137604071333,1.3862813,1.2790041,0.70924157,1.1881645,0.05790687,0.2353955,0.6656657,0.14330405,1.0462257,1.1317613
2022-10-25,418.5449977874568,0.11185749,1.4007583,0.9551482,0.7538817,0.057523765,0.25806352,0.12271393,0.8700362,1.0430828,0.8376953
2022-10-26,418.42360079838267,1.0110587,-0.059509598,-1.1931216,-4.869084,0.8575313,-0.27817315,-1.7132142,-0.4345337,0.1718948,-0.41265997
2022-10-27,418.2716231660526,-0.12314926,-0.023227451,-1.8054323,-1.2586881,0.113961816,-1.2268409,-0.50279856,-1.2490311,-0.78145134,-0.24510257
2022-10-28,418.10138228792164,1.7880388,2.0763807,3.9119804,2.2892365,1.1127921,3.4251232,2.18918,1.4655957,1.2718006,0.76938576
2022-10-31,420.72179936241696,-0.11096714,-0.46972302,-0.95998913,-1.0328195,0.30522484,-0.7797863,-0.3467766,-0.5990095,-0.69540113,-0.8568992
2022-11-01,421.34821071739174,-0.04966654,-0.046037707,-1.0809072,-1.1100227,-0.5653973,-0.1831208,0.787708,-0.18888108,0.54413414,-0.32184935
2022-11-02,422.2057972795771,-0.6580589,-1.6959411,-2.2082613,-2.2598922,-1.1214116,-1.0878729,-1.7438407,-1.7507337,-0.95066243,-1.8085504
2022-11-03,422.11583191347194,-1.143854,-1.4143397,-2.5022218,-1.7065935,-0.113170445,-0.06569005,-0.83249414,-3.2514572,-0.7214835,-1.961278
2022-11-04,422.36177393513145,1.1910743,1.1235931,-0.20978643,1.9324667,0.45433846,1.3966911,2.2746682,0.98582023,2.1932912,-0.05553511
2022-11-07,422.7531635732626,0.64718837,-0.046560545,0.114102766,1.696011,0.3266203,0.2191069,1.0602801,1.1716101,1.2554252,1.7146662
2022-11-08,423.1517904733581,0.7896596,0.007321938,0.12917298,0.20176917,-0.647405,0.05312132,0.81494015,0.79877496,0.85526884,0.29232758
2022-11-09,423.39033760621163,-0.48065147,-1.3807169,-1.9754103,-1.2447965,-0.053990416,-1.1727302,-1.2103387,-0.82935244,-1.2974875,-0.43902814
2022-11-10,423.56546774954313,1.7907518,3.059154,4.6297846,4.78219,0.73242855,2.5790231,3.4117362,3.4522457,3.8428545,3.6389296
2022-11-14,423.2450805843674,0.46034232,-0.19186607,-0.6308757,-1.459673,0.3433623,-0.116907865,-0.7689215,-0.2836075,-1.0968552,-0.1166676
2022-11-15,423.75267752693827,0.055738896,0.18661226,0.5530649,0.040364414,0.26774812,0.36362344,-0.024074994,1.6049017,0.892268,0.5730054
2022-11-16,423.8382222495128,0.07371123,-1.0268072,-0.5667974,0.045608077,0.29529682,-1.3334832,-1.4948734,-1.7810949,-2.2756178,-0.85043657
2022-11-17,423.82499946777,0.6971313,3.8120818,0.6135543,-0.078968674,-0.41440144,0.374339,0.59485435,0.6184488,-0.007352472,-0.09516085
2022-11-18,424.23080915702013,0.6803572,1.9564911,0.10744964,-0.18351671,0.2041457,-0.051357266,-0.13105029,0.24222794,-0.0003884945,-0.80546993
2022-11-21,424.44512226450627,-0.4328429,-0.39178142,-1.3206935,0.14526513,-0.019167583,-1.0794226,-1.0420108,-1.2647163,0.06733977,-1.0983526
2022-11-22,424.3864762360995,1.0588999,1.1794857,0.7066003,0.6871477,1.0798389,0.9657993,1.609848,1.047422,0.58262193,1.0381118
2022-11-23,424.32603925874685,-0.16082682,0.2145039,0.22604354,0.5710067,0.15067366,-0.19665064,0.5330234,0.40237522,0.22163317,0.5147276
2022-11-25,424.58512636456027,-0.17441235,-0.3873805,-1.202512,-0.08871825,0.0133848395,-0.4003127,-0.72126174,-0.61970186,-0.7412104,-0.1952384
2022-11-28,424.73698691394833,-0.9765683,-0.6410905,-1.5824466,-1.5111469,-0.71724254,-0.7259388,-1.48307,-1.3544574,-0.9336733,-0.62829864
2022-11-29,424.573667967782,0.13035224,0.2330793,-1.2907319,-0.43192628,-0.3327303,0.16666748,-0.07545162,-0.46382594,-0.17016298,-0.27928054
2022-11-30,426.8207898752087,1.0525004,2.2842255,2.5433784,3.6600316,1.0032636,1.2754027,2.5012352,2.8001342,2.147925,1.9844044
2022-12-01,426.6545555639641,0.10532882,0.30190006,0.0023714234,-0.1763052,0.45427907,-0.29287657,-1.071574,0.023763275,-0.9871276,-0.11875749
2022-12-02,427.0097322274208,-0.22196715,-0.54715276,-0.29150715,0.014371843,-0.4285835,-0.49506754,-0.012968343,-0.4370602,-0.1954807,-0.3104284
2022-12-05,427.0655951856462,-0.56117976,-0.7144388,-0.5503066,-1.2569058,-1.9968039,-0.2983765,-0.15987928,-0.8270674,-0.1887228,-0.8509342
2022-12-06,427.10406874096867,0.031497657,-1.3363988,-1.5369371,-1.3464378,-0.3279017,-0.67726123,-1.1196858,-1.223169,-0.7010666,-0.35937136
2022-12-07,427.16905407202495,-0.109564245,-0.7961617,-0.8777138,-0.25769553,-0.130552,-0.34066063,-0.27320415,-0.59867984,0.40771538,-0.5365162
2022-12-08,427.4741397648125,0.21629027,1.2505281,0.5700048,0.7039853,0.5866369,0.09773873,0.83657366,1.0916581,0.78262156,0.63796765
2022-12-09,427.7926781609208,-0.32976565,-0.9935046,-0.2955205,-0.5695563,-0.16959299,-0.26038104,-0.79343516,-0.9635198,-0.53097147,-0.2477988
2022-12-12,428.0617149250253,0.93799245,1.2929109,0.804923,1.7191826,0.64139557,0.4876464,1.0420539,0.63504744,0.61169845,0.811228
2022-12-13,428.1256697345209,0.5804342,0.45242652,0.27425945,1.0194479,-0.42062357,0.016194297,-0.0604395,0.660878,0.7564812,0.44128135
2022-12-14,428.01613436534416,-0.3150707,-0.66778386,-0.978169,0.0067378934,0.5571417,-0.56885725,-0.64353085,-0.6504772,-0.8446028,-0.3072605
2022-12-15,427.90786506428003,-3.340914,-2.0307071,-2.7839527,-2.0987206,-0.9303984,-1.3405838,-2.1037135,-1.7594563,-1.867794,-1.2809775
2022-12-16,427.9376430464678,-1.019189,-0.6849787,-0.9237793,-1.1630082,-0.31024113,-0.30770105,-0.23152587,-0.79835445,-0.029345049,1.0703348
2022-12-19,428.2335551687874,-0.60828555,-0.81008554,-0.9997356,-1.1633061,0.39578006,-0.18754612,-0.7643333,-0.74472576,-0.35584033,-1.1237881
2022-12-20,428.2012332596614,1.1080152,-0.15952067,-0.13301986,0.2848316,0.15386993,-0.45916298,-0.619113,-0.25567245,-0.2671462,1.0298715
2022-12-21,428.77825674668793,0.38500714,0.3893923,1.2124453,0.6142191,0.21143508,0.4480028,0.8875322,0.79216385,0.7681488,0.31848818
2022-12-22,428.6301693819211,-0.5858327,-0.6925182,-1.4489594,-1.6923646,-0.56315494,-1.0922204,-1.5307121,-1.4483979,-3.146696,-0.56472194
2022-12-23,428.5917375718113,0.34504324,0.16695707,-0.260232,0.07591159,0.11418656,0.12104087,-0.18486303,-0.019002328,-0.23631412,0.18454273
2022-12-27,428.8180019652152,0.34301782,-0.022806792,-0.8853402,-0.5347598,-4.905393e-05,-0.21734956,-0.2883853,-0.57120454,-0.8213705,-0.4017878
2022-12-28,429.5510147529639,-1.1093535,-0.9042561,-1.8489074,-0.7175042,-0.38608205,-0.5344478,-1.0307524,-0.9845952,-0.52845716,-0.7908711
2022-12-29,429.87377363298486,0.47042713,0.63334966,1.4606979,1.6576755,0.4638966,0.81087947,1.35275,0.9690933,1.0477002,1.011218
2022-12-30,430.5801614284676,-0.0867717,0.12989332,0.034115348,-0.38067266,0.101986356,0.24093027,0.0066749044,-0.039968338,0.0020535437,-0.14472903
2023-01-03,430.76841967358087,0.29336935,0.40271154,-2.2424974,-0.1300974,0.8894587,0.3353586,-0.8054064,-1.0710117,-0.3406004,0.015441685
2023-01-04,430.9035510657362,0.46894416,-0.12863807,0.4714361,-2.9103875,0.2958399,1.0988531,2.0986423,1.4852748,0.89382726,0.4681798
2023-01-05,431.1213100596651,-0.6876992,-1.2742178,-0.70260537,-1.9813987,-0.14428265,-0.16979524,-0.8706755,-0.8358117,-0.61705434,-1.4794273
2023-01-06,431.09649530395114,1.1665729,2.3667114,1.9234245,0.6791667,0.5683987,1.3126856,2.8379354,2.0082116,2.2583823,0.46086454
2023-01-09,431.0421885780452,-0.0763454,0.32796267,0.12468404,0.5500075,0.43667287,0.6158531,0.45511714,-0.32607758,0.6972915,0.99761486
2023-01-10,430.98636499833566,0.5515517,0.27532703,0.14521971,0.4161864,-0.027247677,0.11340427,0.51840264,0.7074344,0.44997343,-0.38900143
2023-01-11,431.2205368011761,0.19606242,0.5568906,1.068305,1.8305695,0.89076024,0.4167068,0.0924947,0.4199794,0.6021261,0.43755302
2023-01-12,431.16963870664597,0.11999007,-0.46214017,-0.1379629,0.6691142,0.016715636,0.44270247,-0.31644273,0.9753375,-0.04268739,0.14783187
2023-01-13,431.324848264655,0.14185096,-0.31290534,0.46083188,0.12556364,0.12376001,-0.2217919,0.23107988,-0.51572365,-0.16828984,-0.045072414
2023-01-17,431.7736023078548,-0.3195079,-1.4658991,0.38522646,0.23177195,-0.3323721,-0.5794983,-1.2943771,-0.06261787,-0.28093666,-0.027419591
2023-01-18,431.8368458930606,-2.17013,-2.1507099,-0.40699124,-1.284526,-0.921255,-0.9001659,-0.63239586,0.49636358,0.008679632,-0.3633348
2023-01-19,431.57890926776366,0.087561294,-0.8850717,-0.07953707,-1.1248449,-0.41884363,-0.4686826,-1.056453,-1.5423424,-1.3158324,0.10629665
2023-01-20,431.7228639602209,0.2567855,0.45037588,0.96489316,2.1754684,0.5375576,0.86422175,0.65972334,1.6672117,1.1182604,1.4594464
2023-01-23,432.0026462064955,0.2919365,1.1402348,1.2006669,0.5584781,0.7118406,1.1057373,1.7088149,2.446409,1.4153693,0.86749303
2023-01-24,432.0966726931121,-0.17755957,0.42080873,0.45811605,-0.20901158,0.26070538,-0.40347052,-0.44938037,-0.17495249,-0.4749622,-0.4054949
2023-01-25,432.3115526514561,-0.34276748,0.17807223,-0.3695254,-0.4458439,-0.090520374,-0.2666496,-0.7503973,0.0656356,0.22573608,-0.3558463
2023-01-26,432.46245638561044,-2.9671133,0.50025725,0.72159094,1.8717029,0.020131977,0.3890857,-0.39019454,0.7526282,0.44013304,0.76647425
2023-01-27,432.56273413405074,-0.03790932,0.17468639,0.65959764,-0.025120113,-0.43688348,-2.1563945,0.3272513,-0.24044685,-1.0986389,0.47165334
2023-01-30,432.8557448983158,0.42580798,-0.6066093,-1.2458941,-1.4919679,-0.8018029,-0.26950708,-0.36748782,-0.6009795,-1.5449182,-0.772958
2023-01-31,434.755156632969,-0.2807602,0.64903015,0.4012844,1.2808667,0.43518242,0.32078227,1.3334259,0.39296758,1.0262557,0.68453985
2023-02-01,434.80260074979105,0.16195385,-0.28610724,0.33863357,1.2127143,0.64001215,0.8681989,1.5691502,1.4416877,2.3425667,1.3305336
2023-02-02,434.9901800940243,0.60562474,1.1465756,1.9483556,2.905548,-0.35847294,1.1705165,0.7923974,-0.8219841,1.5185102,0.78101677
2023-02-03,434.9740807742549,0.24897365,-1.2784137,1.2550354,-1.6168451,0.04226527,0.10663405,-0.85983694,-0.31576344,-1.3963754,-1.2854627
2023-02-06,435.16193422514465,-0.36691293,-1.9345992,-1.1267395,-0.46469095,-0.5465602,-1.3987918,-0.49108186,-0.6872601,-0.8082094,-0.43506205
2023-02-07,435.5608305827714,-0.17004403,0.34947762,0.97105366,2.611001,-0.41696224,0.36512044,0.7545653,1.0012656,0.7949049,0.8279234
2023-02-08,435.59159237750146,0.056459703,-1.6499038,-1.1116182,-0.26854125,-0.5382066,-0.92542416,-2.3939345,-1.3764789,-1.5300243,-0.5655047
2023-02-09,435.7042337098194,-0.28723273,-0.5230742,-0.49742913,-0.82981336,-0.08170104,-0.6067346,-0.5799157,-0.56470513,-0.048431545,-0.28026855
2023-02-10,435.7507451828873,0.87152565,0.8131304,0.03294193,-0.19497193,0.15872647,0.04993258,0.20871252,-0.54044086,-0.5128532,-0.5120184
2023-02-13,435.94039970761685,0.812596,0.92368555,0.94725657,1.9383346,0.95398813,0.8119383,0.24818,0.48293582,0.47653085,0.38033402
2023-02-14,435.86408428512,-0.6384502,-0.39450842,-0.34492546,0.13732564,-0.20917378,0.0696952,-0.19034871,0.37163612,0.5152656,0.26532608
2023-02-15,436.2353015032984,0.17379162,1.1703877,0.6748605,-0.5900747,-0.39623848,0.20084132,0.6648165,0.14038837,0.22907573,-0.22119759
2023-02-16,436.10922493621746,-0.6711061,4.1022973,-0.6983899,-1.8262146,-0.3407918,-0.7499627,-0.8825852,-0.9415706,-1.3807641,-1.1226324
2023-02-17,436.29472655540667,-0.00024199495,-0.4758635,-0.53413033,-1.0928487,-0.26135722,-0.6974906,-0.32370028,-0.8165054,-0.07403334,-0.8935971
2023-02-21,436.5409531337332,-1.5996906,-1.8962326,-1.6354342,-1.4458697,-0.5531647,-1.8522143,-1.6426685,-1.3276445,-1.4561442,-1.1139976
2023-02-22,436.79674882893653,-0.37055147,-0.7540803,0.057675067,-0.3674809,-0.00867084,-0.75142366,-0.40188053,0.0039925305,-0.29517037,0.19466737
2023-02-23,436.9501540675347,-0.09789629,-0.28739336,0.07991731,0.7769188,0.95226073,0.14265305,0.6434162,0.62919503,0.7429236,-0.2091518
2023-02-24,436.74150978037227,-0.11761907,-1.3549787,-1.1339277,-1.5071942,-0.027873212,-0.6136367,-1.0055629,-0.656458,-0.62126046,-3.0215318
2023-02-27,436.631390987173,-0.049048517,0.30616817,0.3587523,0.17974065,-0.37511972,-0.3323443,0.49930346,-0.36591902,0.16308819,0.18427439
2023-02-28,439.1105367618697,-0.5941875,-0.6521378,-0.3027108,-0.26228395,-0.31253168,0.0074674627,0.18392788,-0.03995232,1.2380195,0.16763026
2023-03-01,439.1520652090278,-0.5597452,-0.25974235,-0.92130417,-0.90732086,-0.53972477,0.46635213,0.18639375,0.21043225,0.26313117,-0.09004566
2023-03-02,439.73308246366054,0.3561691,0.20266733,0.12737124,1.2252076,0.22074737,1.0204433,0.5940841,-0.04310954,0.28472313,1.144691
2023-03-03,439.8378744732569,0.339269,1.1510179,1.8532939,1.0297813,0.9463291,0.2063334,0.4818185,-0.13140129,0.06938748,1.156282
2023-03-06,439.75660321091186,0.25923124,0.11239773,0.9370992,0.34321907,0.15070432,-0.51701725,-0.9622635,-0.45211133,-0.22139372,0.3038183
2023-03-07,439.7898461669935,-0.96602905,-0.9852951,-0.93668246,-0.7728188,-0.6672761,-0.5855437,-0.40526712,-1.1146688,-0.77591604,-0.26621264
2023-03-08,439.9205252839315,-0.10962326,0.21563542,0.36733526,-0.18393442,-0.0055061043,0.5129915,1.3599887,0.57773554,0.63007605,0.091237135
2023-03-09,440.0477653758296,-0.95643204,-0.6330637,-0.961186,-0.42867163,-0.7829261,0.51511115,-1.0104785,-1.376898,-0.5971259,-0.8506373
2023-03-10,439.8647995166141,-0.36952803,-0.5501985,-0.90117097,-1.0551187,-1.3404101,0.8738304,-0.6849389,-0.75613296,-0.9401755,-1.0527427
2023-03-13,439.5322117446795,0.055714834,-0.3799698,0.6419349,1.3401105,0.33433214,-0.34050626,0.7129238,-0.33302447,0.37757465,-0.6062984
2023-03-14,438.8785525994002,-0.48420376,0.967656,0.68749714,1.6980402,-0.2337313,1.1745275,0.56443167,0.64220625,1.3256462,1.0196481
2023-03-15,439.57722655655186,-0.71408004,-0.10613002,0.04198291,1.1056105,-0.7989656,0.41130078,-0.5197277,-0.43121904,-0.66841704,0.008698647
2023-03-16,439.7678858377815,0.71878624,1.6528198,0.94573593,2.570945,0.79258204,1.849806,0.86564875,1.5854467,1.2483717,2.1490855
2023-03-17,440.0213845794338,-0.5277774,-0.0076416763,-0.41777903,0.70629686,0.13886471,-0.41342747,-0.5427722,-0.0034698597,-0.15964986,0.49400502
2023-03-20,440.2753203461702,1.1360631,1.1094303,0.76686656,-1.8028146,0.70621175,-0.7144036,1.0946172,0.275893,0.3431902,0.47585952
2023-03-21,440.17254409169556,0.30705142,-0.56574124,0.5682222,0.3113144,0.21401098,-0.78464305,-0.31306973,0.55415916,-1.1953495,1.1439282
2023-03-22,440.5891897242478,-1.2885269,-2.135351,-0.6273704,-0.42976728,0.079223864,-0.39168206,-0.7644127,-0.6549916,-0.5676129,-1.3123211
2023-03-23,440.93833276713104,-0.35955113,0.32827708,0.28821537,1.237114,-0.11573886,0.94443417,1.2581688,0.61574256,1.1132414,0.7349089
2023-03-24,440.09478298635776,0.9721337,1.1700273,0.36337477,0.62677604,0.039180815,0.32094356,-0.3182101,0.11656542,-1.08565,0.5846225
2023-03-27,440.5495919484618,1.9968532,-0.07500334,-0.8107738,-1.068445,0.8679782,-0.22083014,-0.884399,-0.43864995,-0.29548305,-0.20610288
2023-03-28,440.9041092680044,0.0042758253,-0.3722841,-0.3341529,-0.3443747,-0.18792407,0.08625627,0.08466613,-0.79351014,-0.8687854,0.0030645549
2023-03-29,441.1965056764553,0.17080365,1.1539403,1.0087917,1.2034605,0.26890534,2.2380598,1.1146103,1.1110672,0.9928751,0.55892986
2023-03-30,441.30851018225906,-0.25070247,0.2967217,0.45327792,0.77220863,-0.10973472,0.52352786,0.9787564,0.63819313,0.6025074,0.2512577
2023-03-31,439.55563761878375,0.9048013,1.2385447,0.7751362,0.91837335,0.96270406,0.52756596,0.5065044,-0.019576743,0.12816983,0.3195624
2023-04-03,439.50313396524894,0.4593342,-0.075311564,0.32909107,-0.31270438,0.35492086,0.17888622,-0.65937626,-0.9532842,-0.24458428,-0.54679734
2023-04-04,438.9509056466954,-0.23266639,-0.28217456,-0.29131055,-0.077806205,-0.02971226,0.16859443,-1.294499,-0.84624326,-0.7642917,0.4781994
2023-04-05,439.0630679416573,0.25087202,-0.1223533,-0.75120705,-0.7236881,0.30528688,-0.28562346,-1.1313349,0.16081868,-0.9661578,-0.33237246
2023-04-06,438.88132447942536,-0.80661637,-1.0074542,0.20450932,1.5999784,0.35911497,-0.049093816,0.24533193,-0.087467164,-1.0101746,-0.16448243
2023-04-10,438.96296526187325,0.24828032,-0.025154427,-1.0205116,-0.5692695,-0.78998744,-0.30719373,0.3702393,0.3326905,0.5693425,-0.4586616
2023-04-11,439.50211350839083,-0.3074855,-1.2798193,-0.5395937,-1.5860965,0.02442953,-0.19333774,0.08584921,-0.3014255,-0.1283685,-0.5442652
2023-04-12,439.63909585429883,-0.93486434,-0.96436256,-0.35464644,0.08833852,-0.09195315,-0.34922647,-0.8372126,-1.1309303,-1.1317436,-0.14784285
2023-04-13,439.6465474618248,-0.32810163,1.0129762,1.798631,1.4030874,0.6167886,0.07660768,0.45798796,0.20338167,0.011460324,0.8788246
2023-04-14,440.00990290331663,0.10896091,-0.5501873,-0.2271884,-0.9198492,0.0023934187,-0.26312202,-0.1065553,-0.38821384,-0.27699682,0.03513325
2023-04-17,440.14933066896543,-0.16941163,-0.5526676,-0.10002518,0.548983,-0.11166807,0.21233492,0.29173875,-0.32856488,-0.45673344,-0.16897278
2023-04-18,440.6050623554224,-0.030306684,-0.07483372,0.31836143,-0.1654638,0.2939006,-0.33057505,0.0260906,-0.4089752,-0.26303574,-0.059683844
2023-04-19,440.87999356774736,-0.7403459,-3.9679105,0.28811967,-0.04764708,-0.32957393,-0.6987005,-1.1416047,-0.01527506,-0.40134895,0.23406756
2023-04-20,441.06841750268757,0.009613449,-2.6948187,-0.44101757,-0.6100419,-0.4621588,-0.31952512,-0.21761553,-0.041605115,1.2465787,-0.0072785714
2023-04-21,441.09646454323496,-0.32779413,0.6754162,-0.6668359,-0.14789677,0.06829952,-0.5965925,0.0716039,-0.3644617,-0.39275628,-0.2816514
2023-04-24,440.9632917234387,-0.17738123,0.50985354,-0.0002931939,-1.0046079,0.05566561,-0.69083154,-0.44050077,-0.21035223,-0.04107497,-0.055493303
2023-04-25,440.83250086451085,0.23727877,-0.6533503,-0.6467118,-1.5865121,-0.6290578,-0.85534924,-2.306585,-1.1859642,-1.0825863,-0.80983484
2023-04-26,440.6660812889132,-0.030622438,-1.1021316,-0.11053871,4.5945854,-0.20772706,0.15165918,-1.820733,-0.036948748,-0.19082513,-0.69876325
2023-04-27,440.8916851356471,0.5522648,-0.08910277,1.4866455,2.0371504,0.48530558,0.8210717,0.22926016,-0.15647297,0.36769423,0.8415307
2023-04-28,443.63161242011273,-0.2899061,1.1011211,0.32143366,0.47055382,-0.19213259,1.1747787,0.6255837,0.89550865,0.35456565,0.6034132
2023-05-01,443.57549607446197,-0.17087495,0.030467642,-0.1382059,-0.44068566,-0.0010732529,-0.78833866,-0.24655911,-0.3946101,-0.11620271,-0.3661509
2023-05-02,444.0488480619329,-0.47779343,-1.8790727,-0.4631726,-0.09912182,-0.090412855,-0.56921816,-1.0428603,0.016349172,-0.34958136,-0.58349967
2023-05-03,444.2701556210379,-0.8780913,-0.8546714,-0.47922477,-0.29030165,-0.07006215,0.8581365,-0.27512166,-1.1859677,0.28071353,-2.5196984
2023-05-04,444.8533032978279,-0.46132183,-0.6054988,-0.67863023,0.15925154,0.015109136,0.6739475,-0.44274232,-2.2837007,-0.36502945,-1.0745898
2023-05-05,444.7617770528056,0.54130995,0.8715558,2.5168576,1.0894895,0.7388679,-0.27504358,1.6600751,0.7184793,1.0779964,1.3805643
2023-05-08,444.9270218244265,-0.1384138,0.03239157,-0.13137956,-0.5047337,-0.13313948,-0.24718648,-0.6345686,-0.24177256,-0.18880141,-0.49787277
2023-05-09,445.2102999503788,-0.30622515,0.103867695,-0.68234754,-0.43048498,-0.32023007,-0.6992801,-0.50193894,-0.993654,-0.7047111,-0.17642134
2023-05-10,445.28728435723815,0.42845824,0.30075288,0.48550153,1.1015669,0.48490596,-0.16196011,-0.043341063,0.17819661,0.4160964,0.13241626
2023-05-11,445.1935132918908,-0.59102106,-0.74301434,-0.045685068,-0.5467556,-0.093223214,-1.1770581,-0.7465464,-0.9576719,-0.073952734,-0.29126602
2023-05-12,445.0963307592513,0.9903643,0.48137861,-0.4194189,-0.31624967,0.099389136,0.06411963,0.19818446,-0.23811467,0.11112704,-0.7103933
2023-05-15,445.5703321757776,0.25430277,0.56576085,-0.27474678,0.042334016,-0.2933696,0.8471429,1.1585207,0.90826505,1.4736791,1.1253703
2023-05-16,445.7051532878357,0.039748244,-0.4526555,-0.10849216,0.4349203,0.32625788,-0.62633383,-0.73654115,-0.99213415,-0.14791809,-0.081385724
2023-05-17,445.61286701154694,1.1235735,1.127904,0.097676605,0.5755754,0.52653193,-0.39596173,0.64256376,0.30511284,1.3419707,1.2331927
2023-05-18,445.4307130598421,0.20851871,0.8660205,0.66931015,0.90779,0.9132816,0.80921423,1.5137308,0.71306235,1.1298586,0.38461214
2023-05-19,445.54891830158493,0.5393681,1.4709426,-0.072448805,-0.10422721,0.12510817,0.2238865,0.04283852,-0.47430605,-0.94411886,1.1087848
2023-05-22,445.8641150166703,0.10715169,-0.66273135,-0.42363438,0.5404617,-0.46191752,0.32159883,0.19831787,-0.28651163,-0.20646209,0.06272577
2023-05-23,446.0483520664356,0.3226373,0.022500683,-0.98436886,-1.3362973,-1.2953345,-0.8101853,-0.44910985,-0.7115433,-0.6958457,-0.18690576
2023-05-24,446.2271995895659,-1.2468065,-0.99468315,-0.015080845,-0.3720322,-0.14692944,-0.5578218,-0.9960179,-0.27606267,-0.8225128,-0.5025412
2023-05-25,446.2848008519025,0.5254649,0.93575656,0.27398688,2.5145302,2.1917048,-1.7465069,0.83200634,0.3002834,2.469487,2.6319838
2023-05-26,446.5829300630509,1.0331442,1.2768022,0.6951443,1.3830872,-0.13835755,1.6830498,2.2119255,2.2123017,1.4582418,2.1886609
2023-05-30,446.8646808409629,0.274729,0.38749975,0.49998802,-0.41235203,0.32882485,0.9817108,0.025908474,1.8579723,0.04814418,0.14820501
2023-05-31,445.828248685213,-0.44427016,-0.97184604,-0.12469836,-0.6491056,0.22496608,1.3998983,-0.9604404,-0.68028045,-0.98487914,0.033573084
2023-06-01,445.93771882056916,0.5864669,-0.013733018,0.8028847,0.7998586,-0.04349174,-0.33062583,0.58999884,0.7439537,0.3314755,0.7904856
2023-06-02,445.9995283450392,1.2334614,0.33898568,0.16461962,0.5109314,-0.09765954,0.14396448,-0.2561328,-0.14398414,-0.14473146,0.8315205
2023-06-05,446.22532202453516,0.09293507,0.18591264,-0.5445935,0.044323158,0.31217483,-1.4646326,-1.7577493,-1.0536318,-0.33751705,-0.21128884
2023-06-06,446.25891644310974,0.012417253,-0.8036635,-0.22697388,-0.52706045,-0.0007486852,1.0633141,-0.02648016,1.1532226,-0.03198685,-0.13278554
2023-06-07,446.6111674447315,0.78189784,-0.18342248,-0.555655,-2.2123985,-0.7266602,0.27983662,0.5035642,-0.46801585,0.20371687,-1.3266094
2023-06-08,446.44549659099766,0.002766792,-0.30141,0.7719229,0.33103326,0.7395246,0.48652825,0.01773669,0.31752032,0.23397417,1.8261656
2023-06-09,446.7500894254258,0.40217012,-0.16685726,0.015071552,0.25597396,0.7709802,-0.4892535,-0.62460274,0.8334317,-0.11158514,1.2619214
2023-06-12,447.07516751393547,0.5046975,1.2427571,0.7823863,0.98868114,2.1562002,1.5882741,1.1180699,0.89793223,0.9494404,1.6794202
2023-06-13,447.26202604234203,0.52749515,0.39742342,-0.25917757,0.4375421,0.020475922,0.7244723,1.0681002,0.64468986,0.3760301,0.3309168
2023-06-14,447.3968624099301,-0.1934579,0.13043979,0.091305256,0.55853695,1.7205429,1.4157429,-0.15698661,-0.39481455,-0.25146112,0.02457979
2023-06-15,447.45070380214725,0.5332097,1.4513314,0.53098524,2.0922532,1.2485394,0.17154208,0.26068,-0.007760365,-0.3677811,0.87815
2023-06-16,447.5032598315375,-0.42838934,0.09228398,-0.4467514,-1.2143345,-0.39039677,0.42756265,-0.5017042,-0.36537647,-0.40170723,0.31266335
2023-06-20,447.629728839603,-0.7063047,-0.9783517,-0.081065506,-0.9306764,-1.1125544,-1.1847466,-0.86477727,-0.985068,-0.19881569,-0.7448447
2023-06-21,447.5551330197866,-1.0639539,-1.2838589,-0.43611875,-0.9847029,-0.042453356,-1.8910614,-1.3845764,-1.4057757,-0.58560187,-0.683562
2023-06-22,448.02022302554644,-1.1996365,0.31080416,0.8335146,1.1931938,-0.5369102,-0.20450586,0.6762244,0.1395804,0.5119306,-0.010101473
2023-06-23,447.7161451944139,-0.8458845,-1.4443907,-0.20752026,-1.02185,-0.67795515,0.23450029,-1.7716812,-1.0722088,-0.85399663,0.5491523
2023-06-26,447.6014943555244,0.9043106,-0.33495945,-0.544804,-1.3959633,-0.6623383,0.27743882,0.31355056,1.0017428,0.9071757,-0.43154553
2023-06-27,447.774175935174,0.46249044,0.9474973,0.7502679,1.173613,0.28247058,0.64632726,2.5167174,0.9595472,1.6483221,0.7522783
2023-06-28,447.79849271485574,-0.2858133,-0.117978096,0.25357848,0.1974246,-0.48611012,-0.50117487,-0.51256853,-0.8060655,-0.7292122,-0.5566368
2023-06-29,447.32065813717503,1.0711921,0.42616215,-0.005807306,-0.2292867,0.3451444,-0.6282975,0.55166554,0.09715635,-0.03870481,0.08748166
2023-06-30,447.68780632499244,-0.12807316,0.73166645,1.203903,1.0526261,0.3595765,0.44937098,1.0043094,0.24600664,-0.01071547,0.39206657
2023-07-03,447.6717221379596,-0.07681153,-0.0043781344,-0.5582962,-0.58243006,-0.6858455,0.1306269,-0.14563304,0.2659317,0.14658543,-0.31504938
2023-07-05,448.15096273254085,0.25414616,-0.0041928524,-0.4479115,-0.032717247,-0.4486742,-1.0375165,-1.1260214,-1.0372434,-0.91207814,0.14326084
2023-07-06,448.356007200535,-0.9856451,-0.7916195,0.03493553,0.56828815,-0.22818238,-0.5325727,-0.63219607,-0.70814717,-0.57994795,-0.4896137
2023-07-07,448.5726358860914,-0.04926104,-0.33354637,-0.44937286,-0.88963413,-0.33773053,-0.14332066,-0.43774092,0.1671626,-0.30297253,0.29741755
2023-07-10,448.549844512186,0.37437436,0.53886557,-0.7375452,-1.1777668,-0.1370591,0.7942515,1.8490149,0.31759334,0.17053314,0.84622747
2023-07-11,448.6787752954563,0.7065652,1.0359162,-0.27130732,0.06785195,0.23720512,0.47662723,-0.26345837,-0.15575838,-0.88442254,0.6238887
2023-07-12,448.79937516471546,-0.75751024,-2.396517,0.40568236,0.91114175,0.31321433,0.5736832,1.0937321,0.5198139,0.26453486,0.18056484
2023-07-13,448.45905224283354,0.4934705,1.1654489,0.12378523,1.0433033,0.40369505,-0.12785822,0.1807487,1.3446603,0.8941939,0.7231624
2023-07-14,448.47879121146394,-0.25412253,-2.035963,-0.06397912,0.45244393,0.52226245,-0.6741636,-0.7929592,-0.24931565,-0.066593796,-0.19951107
2023-07-17,449.07140643843206,0.37927067,0.57996154,0.8788551,0.032944344,-0.18150939,1.0485979,0.7614095,0.19028856,0.61529267,0.5121429
2023-07-18,448.67463009932203,0.5063438,0.57408893,-0.18653291,2.6308239,0.53371257,0.08218006,0.029314192,-0.24256212,-0.34126988,0.72516245
2023-07-19,449.2237442172344,0.043550517,1.7987552,0.29651877,-0.919826,-0.7177432,-0.06542805,-0.063248396,0.41346407,-0.7918856,-0.38321042
2023-07-20,449.64532705823865,1.3049076,-0.23370631,-0.69464666,-1.687716,-0.96528524,-0.98835874,-1.2689815,-1.2369028,-2.1555102,-0.77235687
2023-07-21,449.8175277551393,0.23924428,0.28046885,-0.4660332,-0.68821,0.5114596,0.54340786,1.3558816,1.1832571,0.5523642,0.2305591
2023-07-24,449.57742693549454,0.2562861,0.6286757,0.13316411,0.20465294,0.0739686,-0.37442356,-0.19684449,-0.26526982,0.4325894,0.2492467
2023-07-25,450.02896462003974,0.33886304,0.63737154,0.1500684,1.10671,-0.098823056,0.3818817,0.63367796,0.22693454,0.36209536,0.091267936
2023-07-26,450.2777593662717,0.3146437,-0.7386448,0.15190518,-2.7329938,-0.85104936,0.19475836,-3.3202353,-0.39775586,-0.36384055,-0.81233305
2023-07-27,450.1540076006209,0.8187056,-0.4874866,-0.49065092,-1.5311885,0.23205462,0.13302872,0.5097694,0.49126902,1.7472847,-0.06002342
2023-07-28,450.2355516332018,0.19629027,-1.5999532,0.66440254,1.5250589,-0.19336806,1.867887,0.5640285,1.0223539,1.339199,1.0788227
2023-07-31,451.5638125516226,0.3019166,-0.22107908,0.07262063,-0.57276833,0.33845893,-0.8935632,0.4721258,0.7179738,-0.1719863,1.2196203
2023-08-01,451.38911893090835,-0.37753862,0.86180615,-0.3577303,0.022498863,0.15679544,-0.0061827432,-0.5907715,-0.09903231,0.16147849,0.18932274
2023-08-02,451.4816286681434,0.34946215,-0.2682958,-1.0124354,-1.9261494,-0.76612693,-1.2182801,-2.034327,-0.89990157,-1.3878701,-1.353099
2023-08-03,451.58095168933414,0.108072564,0.7720496,-0.5349405,-0.2443046,-0.43759158,0.3784073,-0.27637404,-3.353269,0.029773422,-0.4922325
2023-08-04,451.58954372058696,-0.10178881,-0.97141486,-2.9550607,0.17457347,-0.09604594,0.30288377,-1.2127769,0.8237955,-0.6278406,0.21209592
2023-08-07,451.39644260535596,0.8144307,0.4686863,-1.1159233,0.43005413,0.47994903,0.044640187,0.12082447,-0.76281047,1.081806,0.19102904
2023-08-08,451.63345803476165,-0.12611057,-0.06020049,0.19613579,-0.93008894,-0.34182286,-0.20752119,-0.8351101,-0.6179643,-0.6731077,-0.6832468
2023-08-09,451.57208367018933,-0.7706748,-0.25150898,-0.6300864,-0.8886935,-0.7592109,-0.6617935,0.12967522,-0.43072098,-0.8038235,-0.522077
2023-08-10,451.41905640670893,0.31712535,0.4645625,-0.18148156,0.08683409,-0.09658057,0.31191707,0.04193282,-0.39090633,-0.2291367,0.13683572
2023-08-11,451.7029719408863,-0.06799136,0.52304,-0.090641454,-0.481842,-0.036813065,0.14721753,-0.53502864,-0.40681142,-1.5876766,-0.5690327
2023-08-14,451.8530551104722,-0.5362728,0.0011768225,0.43050584,0.5928316,0.76192385,0.62949246,1.4251788,-0.27116844,0.71087295,1.012492
2023-08-15,452.0501274445562,-0.029303122,-0.9771283,-0.76183856,-0.5374689,0.49262157,-0.7924694,-0.85859936,-0.8696842,-0.5609777,-0.27752912
2023-08-16,452.0180308654509,-0.5494374,-0.7613808,-0.39780578,-0.23496781,-0.68702537,-1.1014742,-0.9120429,-0.60291195,-0.5724403,-0.32857406
2023-08-17,452.27019128045356,-0.0031540745,2.6421545,-0.95878196,-0.8390773,-0.20915468,-0.8773165,-0.0448696,-0.09711078,-0.26529577,-0.2265683
2023-08-18,452.19628281748453,0.31617057,0.33735237,0.052443217,-0.15314962,0.45071274,0.12226269,0.19739757,-0.06571061,1.238599,-0.2821535
2023-08-21,452.3219867488852,0.36633587,0.47210795,0.3356847,1.1217614,-0.018144315,0.31744725,0.4503128,0.12918653,1.4495236,0.9062735
2023-08-22,452.5779351163846,-0.3550803,-0.110743016,0.34544703,0.061822128,-0.07575417,-0.25370747,-0.35114497,-0.49483177,-0.31724817,-0.088413194
2023-08-23,452.7637135189142,0.81814146,0.6490155,1.1468214,0.9175615,0.3539743,0.9268038,0.8821449,0.5191229,0.0270647,0.80673265
2023-08-24,452.90839637255476,0.048071023,-1.2692457,-1.6464677,-1.5919223,-1.6523186,-1.2573694,-1.531738,-1.0023402,-1.4735591,-1.3621904
2023-08-25,453.1469576325484,0.75453717,0.5607455,0.6173999,0.5942567,0.9648484,0.5569365,0.71692306,0.5623789,0.38080102,0.92108434
2023-08-28,453.1540062048937,0.27089834,0.61531454,0.3997494,0.09221391,0.18979484,0.29345837,0.2493999,0.39771053,0.17868869,0.33928514
2023-08-29,453.2750112367515,0.16876374,0.39897677,1.139752,0.95233417,1.1344721,0.5644002,0.62417275,0.64235795,1.0425167,0.7501793
2023-08-30,453.0350797117904,0.16002858,0.23178972,0.98963404,0.016860895,0.08520615,0.15646517,-0.5590195,0.025855718,0.14682566,0.32412148
2023-08-31,451.5277826623803,-0.024472198,0.66026723,-0.04237337,-0.2840712,-0.2866389,0.48635325,-0.46445844,0.35263562,0.34811017,0.95562315
2023-09-01,451.2808707170097,0.454101,0.579793,0.3769534,0.12668231,0.10777878,1.1810479,0.55293673,0.21494685,0.20493582,0.24851345
2023-09-05,451.41249788121047,0.06754057,-0.9917966,-0.036912136,0.9670742,0.87390834,0.049653225,-0.09022976,0.31192142,-0.18045738,0.097632095
2023-09-06,451.6427533639847,-0.041080497,-0.287794,-2.217476,-0.20534106,0.045586713,0.18538709,-0.64353395,-0.69476885,-0.19264415,-0.21617185
2023-09-07,451.66818576734323,-0.23765978,-0.68929505,-1.826464,-0.6915289,0.16825661,0.9118393,-1.2314879,-2.9543672,-1.2960533,-0.1170764
2023-09-08,451.51283385367105,0.055148594,-0.31867325,0.09137907,0.85290354,0.30670357,-0.16281861,-0.076957084,-0.16691099,-0.26355404,-0.022788031
2023-09-11,451.58411288544227,0.28045723,0.11347127,0.27146557,0.6986689,0.055462413,0.41629064,0.35785672,1.3986648,-0.29439417,0.26666605
2023-09-12,451.7223297139105,-0.8841114,-0.8124553,-1.1051482,-1.3537208,-5.489286,0.17480396,-0.89247227,0.25702843,-0.7820343,-1.562454
2023-09-13,451.49283239743374,0.09370021,-0.30483818,-0.7994135,0.83316034,0.69490874,-0.14524317,0.25079912,0.41166803,0.06561807,0.77921116
2023-09-14,451.6209739293867,0.3246002,-0.0047873296,0.39538932,0.48243746,0.54475194,-0.061515294,0.53825504,0.40220544,-0.09223174,-0.113077275
2023-09-15,451.74676052618145,-0.5847389,-0.6367868,-0.35085797,-1.8386189,0.022277853,-0.64017016,-1.2778556,-0.377411,-1.7311765,-1.6688327
2023-09-18,452.2042828756009,-0.39345047,-0.035093077,0.86015123,-0.3112567,-0.62187374,0.054380227,0.016317666,-0.20537025,0.4427865,0.2399963
2023-09-19,452.1697827985753,0.5932501,-0.54899764,0.24622816,-0.1520054,0.126233,-1.339054,0.051983085,-0.77087855,-0.76577187,0.6474306
2023-09-20,452.4305760837483,1.3653176,-0.65821236,-1.2792217,-1.7670742,-0.026689522,-1.398275,-0.43183202,-0.596641,-0.28737402,-0.4367881
2023-09-21,452.55782385982405,-1.0280359,-3.5030324,-0.6273098,-0.3363988,-1.2149273,-0.064975254,-0.673476,-0.51830614,-0.5696074,-1.6187174
2023-09-22,452.3791067450569,-0.20890619,0.22327392,0.17512642,-0.6199159,-0.19658469,-0.4329703,-0.0916406,-0.17243508,0.17542759,-0.08871492
2023-09-25,452.55182664489183,-0.19260445,-0.2836483,0.31529203,0.05268512,-0.3104783,0.063438356,0.15532403,0.8959659,0.023368012,-0.11278424
2023-09-26,452.9239711018022,-1.3889217,-1.3705722,-1.4818553,-1.2700285,-1.2554085,-0.42758918,-1.1330786,-0.3201929,-0.7699132,-0.4152771
2023-09-27,452.5534655201869,-0.042071063,0.6423805,-0.62777823,0.081444085,-0.1523921,0.63927484,0.0075509856,-0.25861996,0.17757207,-0.29708084
2023-09-28,452.4232062607862,-0.70050454,0.93433285,-0.022113577,0.1258088,0.48237514,0.44960162,0.29036465,0.5935119,0.7590969,0.14253487
2023-09-29,454.6817465203011,-0.5681043,-0.3336525,0.06566563,0.41035238,-0.13930802,0.27354196,-0.08727508,-0.08605497,-0.028642938,0.3829443
2023-10-02,454.43267394692344,0.20577909,0.8451669,0.7439361,1.2776142,0.21595491,-0.10510759,0.28424755,-0.05850865,0.18978448,0.8243156
2023-10-03,455.4825446324429,-0.19029611,-0.69823325,-0.56462514,-1.9433115,-0.82300323,0.1563674,-1.0447358,-0.3868356,-0.82849187,-1.0699501
2023-10-04,455.76565695623435,0.28244385,-0.4634822,0.31225845,1.1877768,0.83187026,0.16297674,0.20701894,-0.19027828,0.59426284,0.84271294
2023-10-05,455.7792969925143,0.18196659,-0.75264037,0.30586922,0.02522376,0.37520283,-0.06357275,-1.1162589,-0.08947651,-0.094705634,-0.16063377
2023-10-06,456.13220059045074,0.20681879,0.46065825,0.74069417,1.6746467,0.48334697,0.20956384,0.6437042,0.3022218,0.1747199,0.7437176
2023-10-10,456.4946566975173,-0.05085329,-0.22585255,-0.30692887,-0.37312385,-0.26187068,0.26358122,0.28860626,0.10199031,0.23508619,0.23628347
2023-10-11,456.6622906150464,0.46497577,-0.47969005,0.34696445,0.80576545,0.05206404,0.32305357,-0.17852384,-0.47888526,0.111598454,1.2118673
2023-10-12,456.95400877901005,-0.86225355,0.15347874,0.18254323,-0.33446124,-0.2356952,-0.062663056,-0.91971743,0.0448273,0.6279929,0.66327536
2023-10-13,457.4576040460185,-1.217825,-0.27497488,-0.7148477,-0.8075136,-0.34711623,-0.7188373,-0.9014712,-1.0428022,-1.074331,-0.76884025
2023-10-16,457.67066816129187,0.31487957,0.46745107,-0.15416823,1.0003376,0.09662816,0.43609273,0.52582544,0.5724428,-0.12554763,0.12701115
2023-10-17,457.9292356787932,0.46828917,-0.49602813,-0.62656796,-0.18818212,0.052443393,-0.42669266,-0.0718384,0.5072149,0.3530876,0.63792944
2023-10-18,458.34100689291915,-0.16345586,-0.418838,-0.54518414,-0.4853508,-0.32224703,-0.36711273,-0.97578275,-0.48838335,-0.41526496,-0.1648463
2023-10-19,458.7363969243039,-0.8636774,-0.8674031,-0.23838395,0.19963655,-0.027532281,-0.0074441712,-0.39139813,0.031332117,-1.9448884,-0.15898375
2023-10-20,459.1226510820709,-0.3849093,-0.7775029,-0.97778237,-1.0788043,-2.2952142,-0.6381497,-1.2624533,-0.989317,-0.17335515,-1.0522264
2023-10-23,459.09089836553136,-0.356311,-1.3364068,-0.07158115,0.517753,0.58062804,-0.9200371,-0.63956666,-0.06093726,-0.059362847,-0.05031729
2023-10-24,459.17678668452425,0.60723084,1.1641029,0.036305062,0.20077963,-0.21860152,0.58563733,0.17909491,0.18353227,0.09219652,-0.07177001
2023-10-25,459.36555823796726,-0.32365394,-1.1395522,-0.90625036,2.1107914,-0.68337655,-1.5206279,-2.1008375,-1.7105829,-1.4062281,-1.3528271
2023-10-26,459.6353134715502,2.8495877,-1.8474927,-1.56919,-2.8156083,-0.42614973,-0.30176857,0.836964,0.232523,0.11456199,-0.5226981
2023-10-27,459.7609282476037,-0.5334455,0.16386382,0.35198778,0.35783717,0.15425251,2.496014,-0.41250062,0.23009233,0.038620934,-0.4762638
2023-10-30,459.7327366405845,0.03378315,-0.13498133,0.6030193,1.5566885,0.17791927,0.08831176,-0.5937051,0.4152183,-0.16415031,1.3948818
2023-10-31,460.8350195065909,0.82526106,0.7708468,0.05231034,0.10884088,0.5560879,0.6039484,0.55728626,0.33543226,0.27544487,0.3641057
2023-11-01,460.9464448153143,0.30097935,-0.054863747,0.97509164,1.6199981,0.7497054,0.5744866,0.41071036,0.5854674,0.70981497,0.8841034
2023-11-02,460.7361822568534,0.6469664,0.75995827,1.0870908,0.40579343,0.32158804,0.278192,1.5793521,2.0837734,0.7664236,0.9863536
2023-11-03,460.5701834102273,0.34912676,0.26774347,-0.4166863,0.86039203,0.33787128,0.29740125,1.0704002,0.6220173,0.23511353,0.33103377
2023-11-06,460.54510983103023,0.4194582,0.29783404,0.7365102,0.6969393,0.29408267,-0.080170706,-1.1082759,0.058990456,0.06932198,0.11255143
2023-11-07,460.85230291321835,-0.06896898,-0.41040784,0.72790426,0.7439932,-0.096421055,0.5737456,-0.41067293,0.17833671,0.266712,1.3179134
2023-11-08,460.80793418517425,-0.3354439,-0.3626666,0.23112985,0.4708324,1.0272263,-0.6595897,-0.59430903,-0.27943125,0.54424894,-0.002603268
2023-11-09,460.99765371280586,0.08944325,-1.7832166,-0.26660547,-0.56372577,-0.104799345,-0.12137201,-0.83075535,-0.058443245,-0.3572948,-0.5132403
2023-11-10,461.4036573603537,0.95732707,0.81182593,1.2330077,1.7181826,0.22625294,0.749538,1.4906361,1.2065175,1.7690059,1.2734886
2023-11-13,461.1167505169937,-0.38311243,-0.7413441,-0.6178349,-0.64969426,0.28408667,-0.4940071,-0.5720091,-0.1813078,-0.3165818,-0.4578514
2023-11-14,461.3353586230639,0.9122212,1.3729359,0.7187998,0.6430063,0.55000186,0.82729435,1.5171493,0.9900986,0.94939286,0.89658743
2023-11-15,460.95068411379447,0.8446403,0.023522904,0.065290205,-0.032969218,-0.6931235,0.81740427,0.68139076,0.39139748,0.21408528,-0.59140146
2023-11-16,461.36523839436575,0.17495814,-9.015598,0.4149691,1.1995804,0.13431194,1.8130128,-0.048036885,-0.1358632,-0.22028953,0.4266956
2023-11-17,461.68187900953683,-0.07904293,-0.65487266,-0.11897741,-1.2897842,0.15790442,0.2660667,0.96432537,0.15542138,-1.5788908,0.029260537
2023-11-20,461.5825638864279,0.55469394,0.75520426,0.42880785,1.4093497,0.423886,0.56117356,0.28420532,-0.05925114,0.8714182,0.62994045
2023-11-21,461.5094326269473,-0.18320307,-0.99177736,-0.36135754,-0.905497,-0.31468877,-0.7345674,-0.83774644,-0.8079515,-0.88852847,-0.11753278
2023-11-22,461.7963436698195,0.45824984,0.34567067,0.092977576,0.86074024,-0.0073345564,-0.012355407,0.13079728,0.0721951,0.044887766,0.5398069
2023-11-24,461.92231927176346,0.006440904,0.34263733,-0.52523494,-0.14263801,-0.05342481,0.1547806,-0.18188442,0.0034037277,0.119356565,-0.02723102
2023-11-27,462.2774643350044,0.13670464,-0.9204481,-0.16858797,0.16470036,0.011021367,0.044936296,-0.4249645,0.06250053,0.024334276,-0.018875452
2023-11-28,462.09178817153713,0.017856168,-0.29803577,0.07541347,0.71754086,-0.1269538,0.06390185,0.05702285,-0.55024886,-0.75727797,0.24330027
2023-11-29,462.1888079946741,0.27734476,0.20225891,-0.4312923,-0.79561424,-0.0656004,0.4164602,0.056828786,0.5629987,0.22842811,-0.37894315
2023-11-30,462.28272240227034,0.80001414,0.43120176,0.06655931,-0.050376993,-0.056358647,-0.18241088,-0.23839004,0.26563394,0.012965674,-0.4109708
2023-12-01,462.716654785906,0.7284349,0.0034775897,0.284476,-0.9105954,0.23332098,-0.64135313,0.87247056,0.11088338,0.34691578,0.08382925
2023-12-04,462.87005765054096,0.19031247,-0.9021581,-0.6717473,-1.111773,-0.4771033,-0.93788195,0.752314,0.011001517,-0.8923115,-0.5118347
2023-12-05,462.8278363354017,0.094041385,-0.37035933,1.1113895,0.6009617,-0.44190067,-0.3181867,-0.11673215,0.16183479,-0.611435,-0.15867186
2023-12-06,462.7614663378617,-0.42286986,-0.5682296,-0.4480849,-0.7911931,-0.8407691,-0.47046378,-0.49259084,-0.30041143,-0.45072266,-0.43004313
2023-12-07,463.1472281442846,-0.035042256,0.8444353,0.4797348,0.36140725,0.20899333,0.55937135,0.5381023,0.7880223,0.82434595,0.8329102
2023-12-08,463.24040580884105,0.6277373,0.05639342,0.32088652,0.57920915,0.1757356,0.3312687,-0.29054922,-0.062107153,-0.25299707,0.069953926
2023-12-11,463.1300613696956,0.5522635,1.6153692,-0.8778347,-0.63349605,0.41549855,1.1504097,1.0037073,0.81058973,1.6885462,0.94429237
2023-12-12,462.8321993864503,0.42156392,-0.26019153,0.35033706,0.5388946,-4.7762394,-0.3486002,-0.7915922,0.09040917,0.3942626,0.5119609
2023-12-13,463.2062484259142,-0.4066279,0.4670274,0.85976744,-0.06348434,0.70275134,0.30327383,1.3336421,0.5122703,-0.14199276,-0.5870945
2023-12-14,462.4834375102082,-0.2714632,-0.5877553,-0.06852451,-1.7179095,-0.9950097,0.35029563,2.3550396,0.659567,0.99295264,-2.5472484
2023-12-15,462.5250475739344,-0.2615691,0.5866123,-0.27328837,0.8848142,0.9961275,0.5712534,-0.10256727,0.3633957,-0.041868176,-0.0060610347
2023-12-18,463.1511855531672,0.17338493,0.477435,-0.6150364,0.31432056,0.51617587,-0.31858537,-0.46925545,-0.46435916,-0.44672495,0.93725675
2023-12-19,462.87489580429246,-0.44499564,-0.25851414,0.20096809,0.05725484,0.36433116,0.5575854,0.312145,0.34957805,0.3540388,0.34602755
2023-12-20,462.89749717449104,-0.570446,-0.8078134,-0.74595284,-0.5777879,-0.76526266,-0.5781967,-1.1912627,-0.8160479,-1.3185769,-0.56189126
2023-12-21,462.3418613109801,0.25809184,-0.32752162,-0.1581799,0.50788796,0.52390504,0.76806813,0.5061619,0.46535203,0.93067133,0.2552387
2023-12-22,462.70447857388837,0.48781523,0.5141843,-0.43977782,0.1403479,0.057837773,0.51159126,0.43251562,0.20759492,0.05914461,-0.09837
2023-12-26,463.1269634480076,0.3774361,0.16823883,-0.280355,-0.046045773,-0.059366394,1.3909674,0.81029105,0.4458084,0.40677837,-0.04000461
2023-12-27,462.86259219412926,0.078111485,0.116328225,-0.08266928,-0.17624244,-0.13988006,0.112276055,0.08522439,-0.0030690639,-0.104386665,-0.14983808
2023-12-28,463.13300302194205,0.09233908,-0.088466376,0.017531643,0.17339785,0.04764442,-0.23683459,0.10816643,-0.03429591,-0.33045515,-0.04469539
2023-12-29,464.78565655515087,-0.08490674,-0.090746626,-0.43396047,0.086908974,-0.32772753,-0.10930704,-0.47306222,-0.39036405,-0.32247257,0.06307544
2024-01-02,465.0632224139754,-0.7551169,-0.17621693,-2.2611523,-1.0734105,-0.51434714,-1.420046,-0.45568326,-1.2373527,-1.8498573,-1.0963278
2024-01-03,465.1673365117245,-0.52498937,0.5066329,-0.5566287,-0.1140883,-0.59877396,-0.47092906,-0.9063972,-0.78535414,-0.7795513,-0.56432325
2024-01-04,464.79487818150096,0.26609212,-0.89314646,-0.8664913,-0.5874644,-0.0107776495,-0.1385252,-0.8337452,-0.4651237,-0.6038141,-0.32984024
2024-01-05,465.2911708002354,-0.63746756,-0.14236453,-0.35072982,-0.098557465,-0.0073350314,-0.020145617,0.16306369,0.08474561,-0.16388224,-0.17470297
2024-01-08,465.3370393815579,0.71371436,0.47284266,1.2944652,1.3076382,0.59719706,0.87569654,1.1171365,0.5596832,0.5274168,1.0734442
2024-01-09,465.2725631329681,-0.40092093,-1.1012291,-0.24725834,0.15376079,-0.40189856,-0.26197195,-0.023774859,0.16265069,-0.21542548,0.36871025
2024-01-10,465.4833837948178,0.4075161,0.40658575,0.21970923,1.2868112,0.17822318,-0.36857164,-0.5205778,-0.22705388,-0.38197732,0.31152895
2024-01-11,465.59711276388026,0.32471526,0.1815156,-0.30412748,0.2944095,0.23004983,0.06702091,-0.6167377,-0.14612584,0.42413148,0.4149729
2024-01-12,465.31338004040265,1.2918707,-0.33008993,-0.00898838,0.66631603,0.5518221,-0.33640856,-0.3050254,0.24622677,-0.25572142,-0.068495944
2024-01-16,465.3438888028027,0.39684102,0.26611108,-0.8443278,0.27760884,-0.06498673,-0.0673197,-0.3961461,0.17676027,0.5065631,0.06725808
2024-01-17,465.436602885117,-0.3233938,-0.6538064,-0.41955933,-0.21092121,-0.10112419,-0.62739885,-0.5621725,-0.55487823,-0.18053003,-0.10935569
2024-01-18,465.5892453376654,0.25511414,0.60559815,1.7763642,0.76211506,0.6835571,0.37397274,1.493916,1.5136435,1.5181992,-0.16305172
2024-01-19,465.7862971735069,1.5960587,0.71614546,0.7953906,0.8270106,0.2556234,0.7905178,2.1922019,1.6237216,1.5852903,1.1424145
2024-01-22,466.1362781786364,0.44629288,0.34097052,0.59960186,-0.45884287,0.08172712,0.008097885,0.33018398,0.15513751,-0.0112636555,-0.5144374
2024-01-23,465.9486131967407,0.36229193,0.15572631,0.27738342,0.38001463,0.48962972,0.3495721,-0.2130332,0.085064456,-0.3580669,-0.42046908
2024-01-24,466.22571526110113,-0.0163195,-0.9117984,-0.31991562,0.6095732,0.7100634,0.080700055,-1.4593072,0.14310727,1.4130081,0.59330034
2024-01-25,466.4190278452145,5.288048,1.531985,-0.21423733,0.35960707,0.1549349,0.22529651,-0.9434684,-0.045588333,-0.40314978,1.0104367
2024-01-26,466.20759810270175,-0.945732,-0.47365302,-0.64830095,-0.23087941,-0.16409704,-3.5337284,-1.192586,-0.9969241,-1.3081084,-0.5489201
2024-01-29,466.3548774580122,-0.100431874,0.086039655,-0.32603148,0.9839571,-0.32624868,0.087821804,0.6157419,-0.3411798,0.25172293,1.0104964
2024-01-30,466.3588304747093,0.21481688,-0.24331984,-1.2612157,-0.26297757,0.07066474,-0.61743283,-0.98660004,-1.0037386,-0.57205856,-0.14605075
2024-01-31,466.5289539993361,-1.3379067,-3.6221666,-1.2682714,-2.065422,-0.8128672,0.070553616,-0.73231745,0.5777631,-0.5124814,-0.64005995
2024-02-01,466.5429868342133,1.0092849,-0.16131373,0.6685507,1.0756568,1.1187491,0.14658125,-0.20592208,-1.9967552,0.4935146,0.6250823
2024-02-02,466.71327420159264,-0.36092255,-0.16155683,-0.43416604,1.2806548,0.023619747,-0.51932836,-0.22755404,0.08465026,0.17211398,0.4151758
2024-02-05,467.22341594985244,-0.7611479,-1.3192523,0.46498272,-1.0626619,0.12483901,0.07735625,-0.16004097,0.54703933,0.53039616,-0.26680267
2024-02-06,467.4789963477207,-0.016164461,0.65073806,0.39393786,-0.088897035,-0.37989157,0.02895562,-0.24210966,-0.05149081,-0.5958604,-1.470655
2024-02-07,467.44213381948435,0.09165249,-0.5250644,-0.079876974,1.4768325,0.5322937,-0.006448658,0.08932681,0.3950014,0.37881783,0.5475429
2024-02-08,467.530404545072,0.71116006,0.14808735,-0.45551363,-0.049176913,-0.2287162,-0.21237549,0.45704418,0.5165206,0.53699964,-0.004619123
2024-02-09,467.4802834876373,0.6087975,0.14702693,0.12733008,1.0753804,-0.06608115,0.48618004,0.7141438,0.63993055,2.3085656,0.7035268
2024-02-12,467.55315649823626,-0.06922953,-0.4035289,-0.64897335,-0.99122393,-0.2923026,0.42034885,-0.51443535,0.45013642,-0.14675157,-0.9682594
2024-02-13,467.5987155614995,-0.7868682,-0.76775956,-0.78479034,-1.6613077,-0.70519435,-0.5797339,-1.5569507,-0.829683,-1.1195493,-0.6416314
2024-02-14,467.8664645840691,-0.05413578,0.9400004,-0.39955968,0.6485238,0.12169734,0.6141258,0.31293824,0.89580554,1.0682994,0.17323023
2024-02-15,467.7422280706324,1.0227891,-2.278138,-0.20752472,-0.5883223,-0.5046583,-0.119161405,0.95402473,0.42570117,0.19505578,-0.9289053
2024-02-16,467.68099491448396,0.22612531,-1.2580192,-0.61501175,-0.5137523,-0.5076973,-0.370458,-0.16931781,-0.8720557,2.1301732,-2.9956589
2024-02-20,467.9275461031248,-1.3279045,-0.4482033,-0.35823706,-0.29148453,-0.95257837,0.5964933,0.7717463,-0.24998382,-2.023205,-0.3437671
2024-02-21,468.2866842862109,-1.2074808,0.1923008,0.1328521,-0.17120741,-0.14609641,-0.6849318,0.40969104,-0.057245437,0.19854283,-0.24836434
2024-02-22,468.4477815251704,1.4232321,-0.0042295717,0.54752797,1.6562861,0.841221,-0.3419899,0.4092415,0.60203385,1.6479484,-0.07316521
2024-02-23,468.527669731093,0.45981216,0.34877998,-0.7116551,-0.29441994,0.23627116,-0.025856229,-0.64907897,-0.030712493,-0.55480736,1.1251935
2024-02-26,468.68900066173416,-0.51064974,-0.97949296,-0.5574903,-0.56435794,-0.35580936,-0.032221977,0.15686926,0.4412891,1.0601006,0.4864164
2024-02-27,468.8514997513016,0.21890284,-0.32500082,0.3641814,-0.070114054,0.07298043,-0.19768791,0.16632387,0.2331607,-0.21058092,-0.5619223
2024-02-28,469.02608158370515,0.12121585,-0.61204773,-0.5084947,-0.015728284,0.038704455,-0.50832134,-0.7052241,-0.4650378,-1.0447654,-0.051322516
2024-02-29,470.2109711432783,-0.09682902,0.38810962,-0.33447883,1.0077386,-0.053004984,0.64320046,1.4065627,0.39468968,0.64634,0.58778584
2024-03-01,470.35244993206453,0.96213895,-0.11322867,-0.4740044,0.27339432,0.58063567,0.4476995,1.1824235,1.169373,1.4174047,0.72837657
2024-03-04,470.374109665663,1.4504246,1.1247634,-1.641138,-0.16191536,0.030643744,1.0516506,0.4022713,0.7200899,-0.21826237,-0.20726325
2024-03-05,471.05028032698164,-0.34292346,-0.48451573,-1.8295672,-2.2821248,-0.99173325,-1.5223695,-0.64010245,-1.2359618,-0.44965523,-1.6164922
2024-03-06,471.00679415105935,1.2283489,0.21939151,-0.4653711,-0.16136307,0.35098508,0.7989596,0.35075217,1.395895,0.7296731,-0.1278168
2024-03-07,470.9863893032821,0.09767072,-0.6428402,-0.15724793,1.2292957,0.6254183,0.9443689,1.0463403,1.6382391,-0.013761759,0.9129885
2024-03-08,471.110832524791,-0.18500958,0.8848285,0.49012467,-0.5888963,-0.68493915,-1.3194522,-1.0097305,-1.1828934,-1.2981155,-0.30794826
2024-03-11,471.4674095668186,-1.2558881,1.0784171,0.58415014,-0.36895266,0.4573701,0.4888969,0.5592033,0.051576007,-0.8266317,0.60776424
2024-03-12,471.78656096966836,1.7574954,-0.42705077,0.049763825,1.8893068,3.6915858,0.19438012,0.14401288,0.35719785,0.5419319,1.2749738
2024-03-13,471.8515084238567,-0.3250345,-0.09988255,-0.8407947,-0.09000645,-0.5900581,-1.2541007,-0.73426276,-0.9058533,-0.8623593,-0.37920746
2024-03-14,471.85127524970477,-0.9681703,-0.72204703,0.5312301,1.7289724,-0.049567785,-0.33258012,-0.55276686,-0.24605292,-0.05406912,-0.21285288
2024-03-15,471.77059359455933,-0.71273553,-1.6732311,-0.24605128,-1.60899,-0.04960598,-0.101720534,0.39780834,-0.34748703,-0.46498775,-5.7167034
2024-03-18,472.0597800241545,0.17129199,0.42889783,0.26265714,0.10246375,0.5480703,0.011594634,-1.1347992,-0.13145886,0.28525898,1.6515436
2024-03-19,472.1597377485733,0.4744335,-0.39745888,0.6876797,0.66612315,0.3115714,-0.45046738,-0.8668367,-0.7058017,0.020744655,0.5486436
2024-03-20,472.12370487042637,0.16908003,0.54841304,0.7536129,0.6119703,-0.03911319,0.06313613,1.0178357,0.73593235,0.56796616,-0.15519606
2024-03-21,471.75388698348297,-0.62172,0.40446538,-2.596424,0.6607211,-0.112344936,0.107406616,0.8011264,0.63404375,0.9016673,-0.5975545
2024-03-22,472.1944042007201,-0.32807806,-0.3426584,0.19984297,-0.16666155,-0.37145635,0.06226381,-0.08707869,-0.23323506,-0.18155545,-0.9042648
2024-03-25,471.98318024184636,-0.6279666,-0.34267557,-0.6112174,-1.0823929,-0.50562066,-0.503531,-0.5825968,-0.6403876,-0.3943964,0.5933181
2024-03-26,472.2754683744542,-0.10046647,-0.39574406,-0.51386,-0.27036282,0.051697515,0.069942005,-1.0215499,-0.16928671,-0.3968729,0.026464062
2024-03-27,472.4453552721588,0.6757347,0.21301399,1.1342753,-0.09630599,-0.37189612,1.0803027,1.5750688,0.3892913,0.14178787,-0.24762495
2024-03-28,473.9601914246389,0.03415559,0.07105564,-0.7490528,-0.1822041,0.038783893,0.20943351,0.3790468,-0.030889386,-0.39307263,0.014748324
2024-04-01,474.8535620126929,-0.34580767,0.05194636,-0.62317103,0.6221448,-0.08502658,0.17640607,-0.38296726,0.46031785,0.33544084,-0.19397141
2024-04-02,474.82765053360816,-0.29438058,-1.3563067,-0.5354508,-0.6073711,-0.35229063,-0.3800061,-0.95907944,-0.21589461,-0.53147525,-0.22377801
2024-04-03,474.9732629657838,0.5829377,-0.56270754,0.16993624,-0.23141287,0.44960442,-2.301917,-0.056872454,0.5513703,0.13152009,-0.17171814
2024-04-04,475.35965139261924,-0.8866829,-1.2991424,-0.4092177,-0.51288587,-0.5893735,-0.42867187,-0.6427581,-0.96660495,-0.780131,-0.7822519
2024-04-05,475.2166606125188,0.3430437,0.61394405,0.1523952,1.2937514,0.13712679,-0.72028166,-0.39044312,0.31793693,0.6858873,-0.15898295
2024-04-08,475.89787573319273,0.18696886,-0.72868556,-0.51611346,-0.21882863,-0.1950237,-0.53432816,0.5944421,0.38229802,0.11585691,-0.06667298
2024-04-09,476.21178120691155,-0.162724,2.9431908,0.31558973,0.2406969,-0.24076742,0.20858759,1.2414696,0.34715295,0.14511664,0.6596347
2024-04-10,476.27532447731903,-0.9820969,-1.5704283,-0.7866706,-0.58573276,-0.44525555,-0.81968594,-1.5176073,-1.0780709,-0.2842139,-0.42221776
2024-04-11,476.84874293442226,-0.05475497,0.38519663,2.4207332,0.76353276,0.3463091,0.2686006,0.69127244,0.84853023,0.5409865,-0.23401316
2024-04-12,477.14874130841366,-1.1042253,-2.0130103,0.39819917,-1.1140673,-0.61634713,-1.4186633,-1.6430501,-0.8901149,-0.9522157,-0.82562
2024-04-15,477.0496189720313,-0.32371768,-0.62345934,-1.4407948,-1.5305167,-0.38176823,0.4183785,-0.042909864,-0.38306186,-0.46212703,-0.3271989
2024-04-16,477.44286885455506,0.74369115,-0.75273526,-1.2765915,0.11459354,0.15001924,-0.06883635,0.36039585,-0.3436598,0.56311345,0.5050381
2024-04-17,477.7814726228883,-0.20836003,-0.41221574,-0.60718715,-0.54969615,-0.57674605,-0.45366594,-0.6745183,-1.0160322,-1.7510557,-0.14273909
2024-04-18,477.68376337290937,-0.5062571,0.40081123,-0.46021196,-1.4396615,-0.786251,-0.5054453,-0.7290347,-0.7229099,-1.0908126,-0.10222595
2024-04-19,478.0310989775907,0.020363474,0.19967656,-0.8537744,-1.0117832,-0.3626374,-0.66531557,-1.4089117,-0.9521739,-0.9280667,-0.6744094
2024-04-22,478.2638810230127,0.08379826,-0.50083566,0.18801259,0.28912157,-0.14754215,0.12651157,1.2290673,0.5269601,-0.14513437,0.15859659
2024-04-23,478.0621796914711,0.07468288,0.14566915,0.26556194,1.1664413,0.10823482,-0.13149314,0.63426167,0.20222154,0.61390746,0.49988365
2024-04-24,478.0903721113586,0.5608863,-0.12374382,0.6406059,0.2180329,0.020804275,0.13384824,2.9756086,0.45241416,0.42696613,0.34794956
2024-04-25,478.35889221940323,-4.743944,-0.6266884,0.19138409,-1.9063741,-0.17506808,0.42321584,0.08935953,-0.14205828,0.17244627,-0.2986646
2024-04-26,478.7147743415162,-0.5937563,-0.6114392,-0.32568094,1.2963052,0.5935944,-2.5396466,0.6465118,0.46375662,0.9529073,0.33986703
2024-04-29,478.77897289024077,0.08530132,-0.3233051,1.3547101,-0.8060002,-0.24685176,-0.4599263,0.50909,0.71514773,0.23908089,-0.3646229
2024-04-30,478.16754354500904,-0.4185482,-1.6394755,-1.2230629,-2.4922216,-0.8172177,-0.7827772,-0.9378605,-0.808025,-1.248598,-0.8489038
2024-05-01,478.0782704625166,-0.6022116,-0.43585816,-0.48055232,1.013802,0.19956326,-0.11851219,-0.43139932,-0.45807916,-0.9295641,0.5498455
2024-05-02,478.16645847957324,0.07391608,-0.27004787,1.1908846,0.4919031,0.043543544,0.08694483,0.13917772,3.3763266,0.6227002,0.5929501
2024-05-03,478.23012020889865,0.32649022,0.43083143,3.3693285,1.5830793,0.18562452,0.2978858,0.91655654,-0.16205618,1.0037758,0.779088
2024-05-06,478.27069498894423,0.9406525,-0.19610327,-0.6656834,1.1984901,0.65041655,0.13157703,0.79386157,0.3854846,0.7324626,0.5909129
2024-05-07,478.7526037724635,-0.08779505,0.1335383,0.110769734,-0.8165454,-0.160427,-0.2772144,0.64791733,-0.41476595,-0.3493844,-0.10133978
2024-05-08,478.7222298229826,0.4796625,1.1303569,-0.0049800063,0.164578,-0.19642776,-0.615055,0.33513168,0.014854685,-0.08022433,-0.3281214
2024-05-09,478.7187280838156,-0.6554156,-0.55798554,0.4815119,0.26906332,-0.25491875,0.044917952,0.35919362,-0.069265895,-0.26358294,-0.4339962
2024-05-10,478.8821992395556,0.27612355,0.3093056,-0.5320744,0.38313937,-0.040601566,-0.24072601,0.46199125,0.24705051,0.4921556,-0.02609689
2024-05-13,479.7290875673931,0.120528705,0.9303959,0.9346771,-0.23743343,-0.13056068,0.5321604,0.17684656,0.36269847,-0.61382926,0.06963304
2024-05-14,479.6554849534801,-0.078028366,0.29941323,0.25301927,0.4576255,1.1626042,0.42057154,0.9099064,0.8756341,0.4552551,-0.5773223
2024-05-15,479.7654209339909,0.27919066,1.0848347,0.6131871,1.2415864,0.15150923,0.14945482,1.1998218,1.0194663,1.1834292,0.76434225
2024-05-16,479.9935723284239,0.21611083,-2.5307186,-0.07904841,-0.42332327,0.09015631,0.58670276,-0.20559038,-0.3220527,-0.6540588,-0.1947123
2024-05-17,480.087410872583,0.0063686627,-0.48529324,-0.10758263,-0.19180027,0.29887828,-0.19452587,-0.03429799,0.045666005,-0.4105073,0.048097644
2024-05-20,480.41640395172664,0.27198726,-2.0710485,0.25254476,0.85367465,0.21299961,0.18449943,1.1129264,0.6681961,1.2009028,0.10531108
2024-05-21,480.9869877754171,1.1047401,-0.5312635,0.29431906,0.5945426,-0.019868085,-0.32256523,-0.10016389,0.50493175,-0.110798165,-0.22407761
2024-05-22,481.0159981148119,0.05561578,0.7180459,-0.57304347,0.20467584,-0.05537975,-0.29312593,0.9131568,0.31315097,-0.2883998,0.17203782
2024-05-23,481.11523237390685,-0.9601698,-1.7106802,-1.3993521,-0.666071,-0.17722331,-1.1511909,-1.4832108,-0.2797449,-0.11906497,-0.045277927
2024-05-24,480.98620221556644,0.05674559,-0.51660717,0.8735944,0.4982913,-0.3497766,0.5074655,0.47324932,1.4721994,0.38633794,-0.6348733
2024-05-28,481.0363870624561,-0.40320036,-0.44306737,-0.11411795,-0.02485944,0.3558025,0.24947289,0.06716846,0.4069446,-0.018050078,0.24917331
2024-05-29,481.3137279176583,-0.84909165,-0.55692613,-0.022272244,-0.25242394,-0.23813874,-0.8121417,-1.3466189,-0.9096257,-0.4504012,-0.06279873
2024-05-30,481.4433731699002,-0.4729345,-0.10683041,0.19849703,-2.6206129,-1.7875245,0.01790057,0.16746667,-0.53302765,-0.493152,-2.6687949
2024-05-31,480.32358691702643,0.38543606,0.53018427,0.18408614,0.029746104,-0.021002179,0.5241175,-0.23608243,-0.20223409,-0.32594693,-0.092959225
2024-06-03,480.19354239827754,-0.5265038,0.09863829,0.43736988,-0.3435195,0.51382697,-0.50521106,-0.41191307,0.26811844,-0.23013712,-0.5013736
2024-06-04,480.3804983781014,0.1608059,1.2373544,-0.017981859,0.40630603,0.16149496,-0.25499955,-0.16706952,-0.34385476,-0.4166767,0.8237359
2024-06-05,480.1002055768313,0.49932808,-2.7756863,0.35155508,1.359242,0.6229719,0.6032351,0.7341346,1.2690213,1.7238545,0.64312357
2024-06-06,480.1590779337054,0.25262722,0.21405327,-0.5455636,0.036623623,0.17661384,-0.33630526,-0.0036213747,-0.49795496,-0.34420648,0.20220707
2024-06-07,480.2802703558421,0.56821793,-0.9141786,0.62393284,-0.17113602,0.56843483,0.2366491,-0.22439897,-0.56718385,-0.09001462,0.6188727
2024-06-10,480.20140899481135,0.10518053,-0.16144785,-1.280301,0.6521757,-0.4087372,0.10918261,0.51175225,0.41769898,0.9238409,-0.4576373
2024-06-11,480.1577624834055,-0.35201275,-0.33151373,4.102062,0.78211516,-0.20697103,-0.024635242,-0.098241754,-0.21352741,0.19254115,0.23574808
2024-06-12,480.15137640355175,-0.115707494,-0.46457437,1.578068,1.3801336,3.928487,-0.16674258,0.37737712,1.1298493,1.0746697,-0.2339313
2024-06-13,480.1295673332612,0.025651539,-0.37027603,0.21233699,0.034816578,-0.1685351,-0.28570324,-0.7969244,0.34562147,-0.10173079,-0.09184728
2024-06-14,479.8335365116219,0.016033614,0.1240406,-0.6102507,0.113929175,-0.44286695,-0.041434553,-0.71742994,-0.48993436,-0.16441943,5.2745795
2024-06-17,480.1025908294938,0.08015703,-0.161249,1.0547789,0.9196411,0.675892,0.41205812,0.2335374,1.0959911,0.7723671,-0.48572654
2024-06-18,479.76911922752,0.323435,0.34939036,-0.7811676,-0.3924826,0.6944514,-0.32648316,0.33011296,0.7338748,0.62986016,0.2659022
2024-06-20,479.9032358800147,1.0519459,1.2216487,-1.4249696,-0.16057213,-0.4317242,-0.041388772,-1.0321897,-2.0068312,-1.223992,0.055786513
2024-06-21,479.97924004339677,-0.47148383,0.8702065,-0.74856377,0.62756807,-0.36404088,0.36014223,0.73371077,-0.5742539,-0.76837885,0.77628297
2024-06-24,479.82804781890883,0.78622454,-0.19813919,0.07104615,-0.4047304,-0.41317987,-0.4685783,-0.50467515,-2.1566894,-0.9340472,-0.67828697
2024-06-25,479.76626376819996,-0.7682056,0.0032240313,0.1510546,0.49199218,-0.2129827,0.110318735,0.10969212,0.17687276,0.58857805,0.20417504
2024-06-26,479.66768603788825,-0.24394476,-1.1353393,1.0731605,0.14670837,-0.2647701,-0.20166673,-0.43636104,-0.9622805,-0.4055799,0.13470049
2024-06-27,479.72000747706363,-0.33723918,0.90392077,0.12216887,0.060464878,0.3985126,0.009323528,0.045164846,-0.47739154,-0.0320818,1.31306
2024-06-28,481.9159133119475,0.6435536,-0.07316269,-1.1056882,-1.0319446,0.18024075,0.28233218,0.26163325,0.68595374,0.4339828,0.624691
2024-07-01,482.07915061906647,0.65027285,-0.16458082,1.6129001,1.565291,0.36959627,-0.14046262,-0.027951196,0.09032393,0.12483637,0.3169441
2024-07-02,482.72313267017216,0.65452117,-0.62224245,0.8548518,0.36435866,-0.005496526,0.15589678,1.0105023,-0.042329993,0.42124814,0.5367603
2024-07-03,482.7056662200382,-0.48820153,-0.532424,0.2321472,0.19039476,0.19171178,0.09755733,0.09512403,0.5980478,0.26971573,0.17252503
2024-07-05,482.83401985619685,0.07527677,-0.2580588,1.1737897,1.0412709,0.050159365,0.6020254,-0.088305265,0.2819734,-0.19065498,0.56040627
2024-07-08,483.07723649726756,0.47571132,-1.2865484,0.27594084,-0.26248583,-0.0037732644,1.4829261,0.68083733,0.31398845,0.44591576,-0.19210124
2024-07-09,482.8031281470075,-0.36273018,-0.674082,0.10982656,-1.1327239,-0.9962092,0.4118363,-0.40215978,-0.2025752,0.64589214,-0.633218
2024-07-10,483.1322112591255,0.3964029,0.70006007,1.0074768,1.0314302,0.2590669,0.171509,0.8844027,0.23062997,0.39964506,-0.09501791
2024-07-11,483.223463020703,0.1278261,0.72804695,-1.5369817,-1.9246782,0.19153607,-1.0501313,-1.0245862,-1.6750182,-2.0293033,-0.4733365
2024-07-12,483.3941434677695,1.3191738,0.95626396,0.6656777,-0.24023376,0.3873558,0.70512664,0.46116477,0.40489838,0.22403835,0.105153784
2024-07-15,483.30001252413285,0.0018101783,-0.14786342,0.88540465,0.016322743,-0.41342616,-0.055233,-0.076681234,0.962441,0.22280283,0.46662438
2024-07-16,483.4317092950555,0.83271825,-0.14807358,-0.009597624,-0.7850834,-0.14643237,-0.12157589,1.24567,0.1905368,-0.044818364,0.06330423
2024-07-17,483.821789081306,0.4534769,1.8008883,-1.6668086,-1.0541189,-0.7815754,0.055038188,-0.6700825,-3.3670988,-3.9744055,-0.23083362
2024-07-18,483.75855734358726,-0.6479115,-1.0460637,-1.3720974,-0.5830563,-0.32088104,0.2660662,0.37912604,-0.09276139,-0.47452876,-0.4266301
2024-07-19,483.8957784924654,-0.5797249,-1.4930035,-0.08281116,-0.6055459,0.07218801,-1.4420698,-1.8604975,-1.0858177,-1.2989334,-0.40386456
2024-07-22,483.9451978403553,0.2469898,-1.1052423,-0.21229078,0.9384835,0.31074184,0.2639475,1.7692462,1.6202691,2.0527568,0.2752524
2024-07-23,484.2058884260974,-0.027053121,-1.0406386,0.16498654,0.27063507,0.59402275,-0.35290754,-2.0824025,-0.37172827,-0.69109696,-0.6152507
2024-07-24,484.4839011709717,-0.035636358,0.72449297,-1.8833618,-2.7754989,-0.99360394,-1.0079517,-0.049327087,-2.4702904,-2.2458007,-1.0733519
2024-07-25,484.67732941459604,2.2208333,0.5316204,-0.40951353,-1.8998681,-0.25692666,-0.5143429,-0.35586223,-1.2332187,-0.8079642,0.0883969
2024-07-26,484.2378208226637,-0.07611467,0.979706,0.012643447,1.1651828,0.21896575,0.16884314,1.2675661,0.8955088,0.6261995,0.75131387
2024-07-29,484.32178065615443,-0.081662826,0.01295282,-0.040283,0.20535114,-0.20159635,-0.45513117,-0.076175,-0.35397625,-0.23936516,-0.4130156
2024-07-30,484.4961321445005,-0.1396801,0.0842642,0.037081394,-0.7197072,-0.6389283,-0.61202925,-0.28584573,-2.5479138,-1.6255801,0.1589113
2024-07-31,483.88931261506247,0.29175016,0.3707,0.7817695,-0.8619515,0.80327123,0.47357154,1.0608742,2.8902137,2.5695531,0.92932355
2024-08-01,483.8236405841079,-0.70193005,-2.1009054,-1.1390988,-0.27243596,-0.4796314,-1.4633657,-2.9107587,-3.6742485,-2.8209498,-0.36440215
2024-08-02,483.6391454058083,-0.1641934,-1.5293568,0.2959586,-1.6103041,-1.0141956,-7.6762695,-1.7205067,-1.130772,-2.7797132,-1.4608421
2024-08-05,483.16426755586775,-1.6755052,-3.8236117,-3.0995388,-2.5310612,-1.3373426,-1.7058718,-1.8960578,-0.38099605,-0.07086681,-1.259297
2024-08-06,483.12880604853876,0.99247545,0.6250698,-0.70939857,0.7870106,0.03833437,-0.3890854,1.6538823,0.11252286,0.18708333,0.3768243
2024-08-07,483.492190972921,-0.012740359,-0.26141688,0.63279045,-0.27188012,-0.61030215,-0.96961176,-0.89000815,-0.672313,-1.0185641,-0.037519936
2024-08-08,483.5317964854379,1.6154038,1.1674933,0.87913126,0.74319637,0.6979919,1.8926325,2.6095095,1.9534514,2.2068303,1.2444015
2024-08-09,483.90615165152474,0.12871416,-0.868179,0.706981,0.5641002,0.68798035,-1.0143722,-0.35353816,-0.17057516,0.029660415,0.44839945
2024-08-12,484.0472244926581,-0.5606035,-1.3550936,0.31174847,0.0944542,0.07514197,-0.48582006,-0.089119084,-0.4221031,0.2627244,-0.38439563
2024-08-13,484.08822027171664,0.40766627,0.7935269,0.9130335,1.2590777,0.34250078,1.3748808,1.3987496,1.3862998,1.2878486,0.31961066
2024-08-14,484.05801697265764,0.35485548,-0.05190184,0.0049715396,0.4615116,0.26042983,-0.72120196,-0.4994274,-0.57135755,0.05859172,0.33726346
2024-08-15,484.12179736714404,0.43413827,5.511917,0.69492567,0.8268724,0.25502652,0.92451006,1.6769258,1.2675055,1.6455845,1.0280471
2024-08-16,484.51607459420705,-0.058967996,1.4577247,0.23909113,-0.5055149,0.075137265,0.18505272,-0.42330387,-0.3117773,-0.74273306,-0.041996412
2024-08-19,484.9534591181048,0.24479827,0.71901697,-0.16094315,0.49353728,0.054473337,0.7377916,-0.011361496,0.374027,0.4225403,0.6798506
2024-08-20,485.26310439035103,0.3368983,0.2622622,0.047891293,0.5265778,0.2303771,-0.65913045,0.45760542,-0.5198405,-0.8884351,-0.05239142
2024-08-21,485.293831723049,0.3025579,0.17412421,-0.14756542,-0.16578738,0.1799138,0.46389285,1.4869974,0.3803298,0.4131074,0.2515797
2024-08-22,485.29595698241513,-0.34654257,-0.582633,-0.620533,-1.5759251,-0.5114046,-1.617642,-1.2524081,-1.1786488,-1.5449642,-0.5699954
2024-08-23,485.3013017919072,0.024883937,0.70485806,0.50186336,0.17244825,0.19926503,0.51010484,1.5499644,0.8960368,0.3433131,0.067611836
2024-08-26,485.20164782975183,0.48878103,-0.10162488,-0.027410962,-0.64283437,-0.10941496,-0.539486,-0.46767953,-0.9213553,-1.2166513,0.086901516
2024-08-27,485.1621644720841,0.18612406,-0.32334372,0.108063415,0.013234216,-0.13830043,-0.10822149,0.58327883,0.88086385,-0.16815545,0.58534527
2024-08-28,485.50376811832007,-0.08388632,-1.6681417,-0.5287646,-0.63581926,-0.17796855,-0.6144634,-0.80760634,-0.5055427,-0.60452443,-0.4934864
2024-08-29,485.57247202273066,0.103477955,0.74541515,0.7583263,0.40666047,0.29346317,0.6224792,0.8175044,-0.5712022,-0.06958561,0.63290906
2024-08-30,484.8660929176432,0.8358732,0.070902325,-0.32653436,0.6724451,0.36299196,2.246704,0.7800596,1.1685985,0.68258303,0.33212107
2024-09-03,485.06587091946005,-0.23429763,-1.0129914,-1.7883393,-1.4399276,-0.4362055,-2.348232,-3.297713,-2.6747992,-2.6433628,-0.2211111
2024-09-04,485.2733117878302,0.7207361,-0.8118669,-0.64244306,-0.1482652,0.22725208,-0.8840868,0.5315641,0.3999884,-0.27548125,0.29310855
2024-09-05,485.2560403744425,-0.40528652,-1.1857055,0.30003366,-0.14289936,0.35596886,-0.07205063,-0.69918156,-0.2395022,-0.4991987,-0.4899315
2024-09-06,485.38865482486744,-0.4940704,-1.304524,-0.5446253,-1.2816176,-0.21736884,-0.7014466,-1.156392,-1.3181431,-1.1686226,-0.30268896
2024-09-09,485.14157358018605,0.71303844,0.16948965,-0.09343252,0.6929025,-0.46292242,0.20491983,0.96256375,0.5265536,0.47067395,0.45127845
2024-09-10,485.3014429529134,0.44721583,-0.027172662,-0.33790404,1.4931101,3.2654483,-0.15197465,-0.41548297,0.14099284,0.012491685,0.3200899
2024-09-11,485.5805626217668,1.1411881,0.37858188,0.57978654,1.525135,0.20601374,0.8231671,0.65450454,1.0220776,1.4311461,0.40490577
2024-09-12,485.7273942321447,0.41472813,0.68936175,-0.08828817,0.64520127,0.7582139,-0.3927789,-1.7882386,-0.41391224,-0.60320896,0.41886598
2024-09-13,486.0234635512291,0.7667549,0.14294262,-0.19180098,0.57476103,0.077035174,0.35104564,1.02997,0.5387651,0.90361524,-3.4296732
2024-09-16,486.1765130461029,0.560171,1.9238162,-1.8265482,0.08051496,1.4716834,1.5061549,-0.44095245,-0.31006423,-0.2511869,-1.1199068
2024-09-17,486.15542870968955,-0.74599963,-0.9035027,0.013308632,0.606221,-0.5593006,0.6268171,0.7412914,0.39013624,0.101863615,-0.4765729
2024-09-18,486.1733172924757,0.1845013,-0.2565697,0.96296376,-0.7962191,-0.5828394,-0.8611614,-0.2282108,-0.15203254,-0.5427254,-0.51554835
2024-09-19,486.3941326047357,-0.2677126,1.2879853,2.0894125,1.3015354,0.51356137,0.40713662,1.7721708,1.1343029,1.8433788,1.383495
2024-09-20,486.37767939232344,0.90763307,0.69882905,-0.29618046,-0.632211,0.029101808,0.77936494,-1.1732891,-1.1305411,-0.9031726,-0.29813245
2024-09-23,486.304880801401,0.653827,0.17733322,-0.57991093,-0.3510071,-0.41738385,0.7761721,0.0996808,-0.7109684,0.25436193,0.4205018
2024-09-24,486.9014829374504,0.09806384,0.3564048,0.122310035,-0.797951,-0.0719848,0.24079968,0.2411957,0.15189022,0.4035861,-0.27163735
2024-09-25,486.90606808154223,0.048559863,0.024864292,-0.3860068,0.45972386,0.042570673,0.75028473,-0.014150205,0.2222304,0.008202561,-0.4509752
2024-09-26,487.58879520088146,0.49876034,0.13809127,0.18929604,-0.18604755,0.28244805,0.36348155,1.043017,0.8735399,2.0212612,-0.17992155
2024-09-27,487.6394765094552,-0.6145478,0.08786421,-0.046525806,-0.61782396,0.06972971,-0.043750215,-0.07612872,-0.6027482,-0.8737695,0.01700918
2024-09-30,488.4352540778684,0.043407075,0.13463861,1.256759,0.34727708,0.24795876,-0.50211465,-0.70714563,-0.0817949,-0.57580566,0.1828521
2024-10-01,488.6715380500145,-0.41493547,-0.9747525,-1.9181675,-1.7253597,-0.6149072,-0.85558635,-1.3482019,-0.989415,-0.9297304,-1.1289132
2024-10-02,488.7464311997328,0.07631632,0.2699961,0.034349505,-0.6786039,0.053975645,-0.36120403,0.438569,0.48826432,0.60389256,0.24190927
2024-10-03,488.89971375394254,0.6791452,-0.5043437,-0.41744012,-0.1523238,-0.19451125,-0.17672391,-0.5095188,0.064783156,-0.35569435,-0.14405227
2024-10-04,488.9276901595794,0.73545027,0.33454233,0.18517457,-0.13281925,0.65972817,0.32856676,0.23022784,-0.068850726,0.32650936,0.27294254
2024-10-07,489.35809414307056,0.23975624,-0.58632916,-1.5066386,-1.2190185,-0.19788152,-0.26268417,-0.42539728,-0.4883423,-0.40273115,-1.5433203
2024-10-08,489.49200429709526,0.32299408,0.16911077,0.9918242,0.88399434,0.7119574,0.97549886,0.2041506,-0.1951286,0.04464401,0.7160195
2024-10-09,489.58936640233867,1.2366912,1.157536,0.8898459,0.44357663,0.61320746,0.11321877,0.6789896,0.772675,0.6291966,-0.15823191
2024-10-10,489.7821892483769,-0.2906067,-0.22492181,-0.2518487,-0.33488074,-0.45702347,-0.28525454,-0.69908214,-0.42854318,-0.27152237,0.7489255
2024-10-11,489.8279766573702,0.04006744,0.94582516,-0.5166663,0.039032698,0.017300192,0.32231566,0.64646,0.24870992,0.10139685,-0.6216293
2024-10-15,490.0739862687,-0.5103308,-0.49604917,0.5492857,-0.117100194,-0.38391975,-0.86074406,-2.3461547,-0.8779304,-4.00274,-0.1121224
2024-10-16,490.20975439102483,0.14194119,3.405557,-0.66110724,-0.51132387,0.071599804,-0.41371825,0.18180467,-0.6119014,-1.2708645,-0.40983894
2024-10-17,490.39781824014057,-0.18344232,-0.16275202,-0.021810967,0.06065704,0.10950317,0.10824006,-0.6821218,-0.14453967,-0.33903414,-0.4314449
2024-10-18,490.84300898531694,-0.15950795,0.35560882,0.62531394,0.20956817,-0.20769097,0.32176334,0.0015111952,-0.102135964,0.49904475,-0.13894317
2024-10-21,491.01834854574275,-0.109738566,-0.45318127,0.26395246,0.06399829,-0.19821076,0.041081756,-0.7719666,-0.47077978,-0.43903252,0.23146491
2024-10-22,491.43146976509973,0.09605715,-0.17936513,-0.27956516,1.4798777,0.21594433,-0.5054253,-0.5341297,0.8178082,-0.35912383,-0.34739748
2024-10-23,491.6892161242629,0.09563484,-0.68434733,-1.4545441,-0.54972595,-0.4101428,-0.49204248,2.0395296,-1.4642115,-0.14127281,-0.62746304
2024-10-24,491.8123985747084,-3.1970813,-0.6872583,-0.16965345,-0.022379346,0.17145741,0.35963872,1.2210611,0.2602487,0.11311438,-0.16023873
2024-10-25,492.06117481009557,-0.86955863,-0.53531027,0.10285632,0.547236,-0.18488032,0.33148736,0.038432334,0.39971673,0.43136442,0.08095483
2024-10-28,492.0965319444422,-0.4227898,-0.910535,0.4039042,-0.31421974,-0.22574069,0.2207769,-0.32591647,0.34771234,-0.3033705,-0.2023018
2024-10-29,492.57332460390535,-0.59434867,0.42595038,-0.048761867,0.8763036,0.12653312,-0.05465464,1.3566463,0.72005665,0.7924806,0.36176687
2024-10-30,492.8948000200378,-1.3322396,-0.33587286,-1.0613624,0.054715563,0.14501064,-0.6722904,-0.9054086,-1.8229275,-0.9680269,0.11620969
2024-10-31,491.68783366816115,0.4306956,-1.4777201,-1.2418123,-4.6580944,-1.1809795,-0.8959627,-0.9266097,-1.1252953,-0.7845572,-0.678106
2024-11-01,491.4517276144826,0.35781,0.9484556,-0.93557787,0.68241847,0.33289078,1.7896078,0.41402933,0.4874939,0.2559418,0.39301315
2024-11-04,491.5962443118527,-0.47852814,0.31693888,-0.3663762,-0.38990673,-0.115684316,-0.75450736,-0.37099105,-0.083495334,-0.37958696,-0.10403988
2024-11-05,491.4371165122409,0.29094535,0.3141625,0.27551278,0.4956569,0.33077046,0.8131557,-0.3574948,0.09567185,0.7892367,0.41832066
2024-11-06,491.5958059538014,1.4226801,2.3944454,-0.31915018,1.5045526,1.5142275,1.700693,3.1372604,1.4472977,0.1073263,1.4516735
2024-11-07,491.70450220006825,0.0090536345,0.11771611,1.1723866,0.8723,0.76751465,1.081236,0.5866083,-0.08048906,1.1038101,-0.28863275
2024-11-08,491.71411739210964,-0.0049944087,-0.2246955,-0.19194028,-0.548642,0.40267318,-0.061293285,0.6225552,-0.4843584,-0.4528792,-0.47301915
2024-11-12,491.8949293207743,-0.2579259,-0.07749164,-0.11934551,0.8366503,0.026819363,-0.9087817,-0.80788654,-1.1271487,-0.4431934,1.6616427
2024-11-13,492.0386845470509,0.002207615,0.49274626,0.122693986,0.33290273,-0.034295835,0.7151073,-1.8314446,-0.7308583,-0.7977818,0.45757997
2024-11-14,491.82636366527794,-0.4717228,-2.0526175,0.7161806,0.24800926,-0.43897378,0.073014066,0.02845341,0.72739816,0.5160063,-0.17912656
2024-11-15,491.67382078706794,-0.97965425,-0.88321,-0.9872247,-2.1321964,-0.560142,-0.70077413,-1.3154125,-0.8371135,-3.4172585,-1.9750018
2024-11-18,492.0043001555623,0.73754525,-0.4208961,0.69535476,0.090234786,0.26972634,0.4481148,1.5295159,0.8257604,0.29115328,-0.28534833
2024-11-19,492.3625683781312,0.5022479,-0.64855486,-0.0497595,0.31476364,0.44639724,-0.6634229,-1.6280122,-0.017509371,-0.3722707,0.020818125
2024-11-20,492.5157930034156,1.0065037,0.5423745,0.073101,-0.45156598,0.23907597,-0.22363305,-0.8067034,-2.4270682,0.15476295,0.004660765
2024-11-21,492.97453405287723,1.757025,-0.10651309,-0.24790612,-0.3627797,0.21018183,0.39316234,-0.040537376,0.2137086,1.0418744,0.39445513
2024-11-22,493.1909276200812,0.114737645,1.2736075,0.2409127,0.68892986,-0.062140618,0.025239885,-0.09641846,0.24373499,-0.25493893,0.60073566
2024-11-25,493.3786689317297,0.6831136,0.08236844,0.6741284,0.2714568,-0.6878276,0.32590783,1.2548288,0.40024453,-0.14917633,0.5078252
2024-11-26,492.64810184064805,0.57773036,1.0431777,0.45296863,1.5576928,0.32039356,-0.8412577,-0.5618953,-0.49548697,-0.3517706,0.5005503
2024-11-27,492.8347906904471,-0.4276692,-0.63158023,-0.15334438,-0.9101659,-1.2228514,-0.43721026,-0.50825286,-0.18546648,-0.45999438,-0.85247225
2024-11-29,494.7493721964093,0.09362697,-0.31475574,0.5034492,0.038745128,0.28855994,0.36541957,0.44072202,0.4231624,0.58717155,0.1838446
2024-12-02,494.92584493857726,-0.01593812,0.12055462,0.4614509,1.2475898,-0.5687259,-0.15261845,0.15317246,0.9425213,1.5536278,0.03525065
2024-12-03,494.8209624888125,0.33257577,-0.12618949,0.65846443,-0.0052052927,0.18900667,-1.5311424,-1.2407302,-0.1621434,-0.10447405,0.01943967
2024-12-04,494.77808193293043,0.93606323,0.0038789525,-0.028917383,1.0074358,0.76647455,-0.57995385,-0.19721425,0.10469463,-0.45994717,1.5007416
2024-12-05,494.8031394432821,0.2509578,0.3771306,-0.112256214,0.8237994,-0.334553,-1.324752,-1.029576,-0.53019035,-1.8547899,0.1393806
2024-12-06,494.8233564165813,0.6673815,-0.3852574,-0.17031866,0.11457141,0.7739709,0.10313391,-0.012509624,-0.26049742,0.11259167,1.0593294
2024-12-09,494.97438481350173,-1.6858975,-1.5605572,0.8598985,0.36115128,-0.22331472,-0.15900233,0.052702162,0.2130711,-0.31414127,-0.3381258
2024-12-10,495.2249791423691,0.3506503,-0.5354865,0.13321742,-0.48527956,-1.9834039,-0.78676635,-0.93685645,-1.0314372,-0.82628447,-0.04685542
2024-12-11,495.651468714881,-0.347231,-0.39017743,-0.43794543,0.8858744,0.0922069,-0.0807451,0.37504444,0.70164263,0.5124684,0.21841714
2024-12-12,495.8724748131646,0.43605435,0.1810371,0.24514991,0.050954778,-0.555224,0.72927904,-0.039284907,-0.42091036,-0.49520007,-5.671604
2024-12-13,495.7885128320982,-0.31247923,-0.5364837,-0.07791284,-0.41518497,-0.34977266,-0.5399251,-0.07486947,0.0030882414,-0.029174743,-0.71878266
2024-12-16,495.6746687663078,-0.32523885,-0.596684,0.59584117,0.66104555,-0.39123276,0.5296724,-0.62791544,-0.20766015,-0.07160461,-0.331019
2024-12-17,495.9337285914308,-0.08744786,0.050352093,0.47402352,0.42122117,-0.28909633,-0.48038837,-0.4136413,-0.05570125,0.10327924,-0.51501065
2024-12-18,495.9332730516611,-1.9055606,-1.6671315,-1.449902,-2.8393624,-0.75734407,-1.3899254,-0.91764414,-1.1852009,-1.0781536,-1.1835698
2024-12-19,496.22000560925875,0.80269504,-0.05085838,0.3093997,-0.10160396,0.5244914,-0.32895535,-0.19196518,-0.6880601,-0.92064047,-0.3284837
2024-12-20,495.9966736663498,-0.13246116,1.1179458,1.0248857,-0.11357677,0.103894874,0.52960044,0.6346794,0.52596015,0.36799917,0.8698397
2024-12-23,496.486284199974,-0.32036483,0.4724896,0.0679774,-0.2671908,-0.12489478,0.7727957,0.8649238,1.168932,0.7136266,-0.0209187
2024-12-24,496.7268764316185,0.5219411,1.0574577,0.5814596,0.63904214,0.33075806,0.19795579,0.5862907,0.19008319,0.10119257,0.119938694
2024-12-26,496.9416021867941,0.09096912,-0.014567907,0.07480989,-0.24343927,0.004362551,0.012237705,-0.2345149,-0.24895991,-0.24962698,0.20733939
2024-12-27,497.2327198667642,-0.46176445,-0.7326489,-0.9402502,-1.3107678,-0.48045853,-0.19494948,-0.1912898,-0.35414225,-0.22983316,-0.29987067
2024-12-30,497.1729008578941,-0.5573765,-0.8084385,-0.9415034,-1.0108231,-0.3766737,-0.59510314,-0.9273976,-0.67202246,-0.7403019,-0.04205706
2024-12-31,496.9273471846561,-0.10283742,-0.18643324,-0.55570394,-0.6141413,-0.08411849,0.23726404,-0.16671148,-0.285018,-0.2942145,-0.080508366
2025-01-02,497.2378301554491,0.012558611,-0.346459,-1.7556819,-0.54654604,-0.14042905,0.1641883,-0.1974366,-0.057461966,0.17512086,-0.30378446
2025-01-03,497.2433552383011,0.5737399,0.032462426,-0.24395902,0.7839447,0.00914553,0.35720497,0.9421102,0.8995431,1.1781586,-0.90654844
2025-01-06,497.1054614785862,-0.0070722834,-0.3325628,0.29290396,0.72902524,-0.14416148,-0.83485407,0.41375983,0.3925061,1.3701766,0.07131661
2025-01-07,497.33319752578967,0.26443538,0.0320569,-0.8248582,-0.97837085,-0.6558088,0.1307474,-0.033300254,0.08738294,-0.018186592,-0.75571775
2025-01-08,497.6676103523492,-0.17734073,0.19059975,0.0041092625,0.3355211,0.1491042,-0.18624038,-0.19052511,-0.38376117,-0.24218862,-0.26218104
2025-01-10,497.99856908848915,-0.7462334,-0.8713658,-1.6227031,-1.0055155,-1.4648265,-0.9070263,-0.45261177,-0.5360531,-1.1232277,-1.2585926
2025-01-13,498.5446959523524,-0.5188737,-0.17350969,-0.7611051,-0.34453487,-0.14108615,0.026837038,0.21512458,-0.027663918,-0.23934542,0.26192805
2025-01-14,498.40197636870664,0.06488001,0.62530726,-0.41545853,-0.3042416,0.3829273,-0.03382163,0.6100901,0.47864693,0.46627706,0.41281748
2025-01-15,498.52806996393093,0.4807815,0.7315391,1.0801662,1.791574,0.30891728,0.5879111,1.0242099,1.012174,0.82806975,0.4421164
2025-01-16,498.42126227463893,0.550538,-0.43161196,-2.661028,-0.3343923,0.17318799,-0.0929254,-2.778844,-0.71382153,1.4228892,0.8987422
2025-01-17,498.70625118772404,0.43778607,0.38264513,0.34221733,0.715476,0.21524441,2.0228145,1.3394167,0.622493,0.91430604,0.2930701
2025-01-21,498.9396993738657,-0.12217525,0.9276192,-2.1201057,-0.12865339,1.8454152,0.26659042,0.7110907,0.5200405,0.06140033,0.5845224
2025-01-22,499.3237828011009,-0.2205864,0.6344261,0.20825972,2.8849943,1.733698,0.061673246,0.43999702,0.5646868,0.3770707,0.10301231
2025-01-23,499.52990725842744,0.56809646,0.6258508,-0.16742343,0.043723527,0.290772,-0.34267303,0.8862768,0.7889639,-0.9247362,0.015032449
2025-01-24,499.75579216786167,-0.26786742,-0.20396863,-0.3638736,-0.46764368,-0.45668823,-0.83997077,-4.085332,-0.52296776,-0.7896972,-0.14886105
2025-01-27,499.85637062156167,-0.15023065,-4.649933,1.8103203,-1.5974517,-4.042424,-0.64001274,0.37874395,-0.25382662,-2.3602762,0.30236852
2025-01-28,499.4308133541623,0.30763093,0.3022015,2.0934873,2.0315244,0.9239321,-0.5994867,-1.8606516,0.015365781,-0.4175292,0.38886333
2025-01-29,499.7994529890171,0.5993867,-0.03134892,0.16368465,-0.82804763,-0.365653,-0.09222942,-0.12642805,-0.028180506,0.3888959,-0.08218043
2025-01-30,500.2345441546915,5.6563377,1.1070024,-0.5789668,-4.630785,1.3156337,0.26724538,1.3726414,-0.01571624,1.1346508,0.39351457
2025-01-31,500.5387196321817,-0.4744781,-0.02115581,-0.5354789,-0.025755478,-0.08768843,-0.7098113,0.15585226,0.14468125,-0.33747122,-0.7250415
2025-02-03,500.67395633934933,0.8910878,0.4135545,-2.2486558,-0.7580851,-0.26815167,-0.09304493,-1.0756143,-0.61709654,-0.37319002,0.12037967
2025-02-04,500.993300884236,0.64487624,0.21369332,1.1642267,0.2152818,-0.14973208,-0.14055178,-0.14826249,0.51725525,-0.12750956,0.16226014
2025-02-05,501.20886882503584,-0.21325956,1.4904861,-0.20849773,0.12247858,0.55497706,0.38924548,0.25295973,0.51179427,0.31288087,-0.20779115
2025-02-06,501.37580282989046,-1.7660729,-0.6160743,0.078355104,0.40010598,0.06994217,-0.3501875,0.4368289,-1.4028032,0.31182337,-0.1763144
2025-02-07,501.55907343846724,-0.21040736,-0.20581397,-1.6213787,-1.0898147,0.28655463,-0.36621016,-0.96828824,-0.3461921,-0.6007759,-0.1860096
2025-02-10,501.7995631832371,-0.2671983,0.53085816,-0.047464907,0.3930292,0.6325535,0.75215936,0.048781637,0.648278,0.5937581,1.5867838
2025-02-11,502.1330575598015,0.97327024,-0.72401327,1.2158153,-0.17177324,-0.29315445,1.3067746,-0.3420955,0.06915376,-0.16609083,0.67198634
2025-02-12,502.19582887920194,0.18782221,-0.06994778,0.99978334,-0.45414394,-0.7877265,1.5474497,0.17192589,-0.41161877,-0.5074803,0.34883204
2025-02-13,502.6686515832793,0.5856543,1.5601364,1.0856582,0.2247358,0.2130873,1.5721083,0.19075833,0.32311887,0.53806305,-0.27366462
2025-02-14,502.6805183553335,0.35420677,1.1571406,0.6613088,-0.40315253,0.00922686,-0.537467,0.5887359,-0.043983757,-2.9385927,0.099423766
2025-02-18,502.5727798541962,0.2998424,-0.57555073,-0.15390578,0.1747208,0.8025875,3.345079,0.9121857,0.22748214,0.46788716,0.34885538
2025-02-19,503.1586533268217,0.203827,0.12158038,-0.019741144,0.84909385,0.21333927,-1.4559186,2.5965028,0.25918314,0.31634706,-0.5714829
2025-02-20,503.057956524301,0.061360706,-0.4308833,0.12141468,0.33956453,-0.8449343,0.28913236,1.9142377,-0.3675604,0.36781663,-0.17223828
2025-02-21,503.1901998913203,-0.57032007,-1.1208652,-0.19169489,-1.4014547,-1.2826378,-1.1162081,-0.5329006,-1.780211,-0.8559815,-0.8632624
2025-02-24,503.22400822813006,0.056887437,-1.1980369,0.2689405,-0.7723223,0.29719016,-0.5857169,-0.3590187,-0.99530876,-0.75107604,0.030014962
2025-02-25,503.1755439215921,-0.7271257,1.1683658,-0.13611533,-1.1170965,-0.25539002,-1.258515,-0.23307282,-0.03397026,-0.6880499,-0.065893576
2025-02-26,502.90343041374047,-0.34753317,-0.4593729,-1.8193444,0.29073295,0.56876254,0.48209345,-0.48653567,0.13175635,0.5132214,-0.14443767
2025-02-27,502.95959358874165,-0.47488594,-0.56689376,-0.91488963,-1.3291221,-1.2351716,-0.45153415,-1.8630443,-1.7680569,-2.5253406,-0.35507405
2025-02-28,504.4754728880236,-0.1496147,0.18988016,1.0551637,0.76368433,0.16804029,0.5788306,1.1947962,0.5561065,0.22125192,0.14212844
2025-03-03,503.96324764160414,-0.41177136,-1.047998,-1.1062663,-1.5677845,-0.6751625,-0.9922377,-0.45688534,-0.863986,-1.3587016,0.21016829
2025-03-04,504.30407742371875,0.5259275,-0.50355256,-0.67116815,-0.012795798,-0.77273893,-1.4702283,0.07919565,0.13190599,0.08029551,0.48082772
2025-03-05,504.43699475152704,-0.33926627,0.7264566,-0.1712347,2.186691,0.62792486,-0.5872669,0.15189789,0.8455992,0.4480872,0.46694458
2025-03-06,504.93869563929684,-0.48254576,-0.94225365,-0.22940283,-0.76378083,-1.784802,-0.09848004,-1.6842829,-0.41780972,-0.9001348,-0.5290378
2025-03-07,505.0549126164822,2.2241592,0.49727672,0.8581717,-0.6722962,0.6740767,-0.15264612,0.27743232,1.0866493,0.8144786,0.41812557
2025-03-10,505.19551403499753,-0.80281866,-2.7416396,-3.2088208,-2.4277554,-1.1109911,-0.8148614,-1.1242467,-1.4445536,-1.3176928,-1.2157971
2025-03-11,505.09444466440516,-1.4036497,-2.1317291,-1.961619,0.019751525,-0.8436069,-0.20260759,-2.5946653,-0.48791087,-0.75235134,-0.10224187
2025-03-12,505.41415680794546,0.11045985,-0.5036122,-1.2172027,0.48562133,1.1308141,0.9572429,-0.50975,-0.12826036,0.38311097,0.4562112
2025-03-13,505.56961438638353,-0.69212985,-1.3249385,-2.2486026,-0.8633848,-0.5880954,2.999406,-0.648095,-0.25727752,0.11651605,-5.6779633
2025-03-14,506.0602258098658,0.44304866,0.96014595,0.9985723,1.7553691,0.2418666,0.2912155,0.77818155,0.99391836,1.1568372,1.6954284
2025-03-17,506.24288389835795,0.7975543,0.33387506,0.026987476,-0.007728975,0.76041967,1.4275495,0.9761541,0.24565594,-0.12329687,0.46627057
2025-03-18,506.59055724424496,-1.0611684,-1.0345956,-0.5036356,-0.9703004,-0.7953837,0.16304152,-0.18957812,-0.42847672,-0.49789637,-0.74577844
2025-03-19,506.8643779419651,0.92132413,0.93161166,0.62046844,0.7457057,0.4683452,-1.6220238,0.6028451,0.37866196,0.123197414,-0.31672916
2025-03-20,506.88369639370666,-1.5851489,-0.90559757,-0.452153,-0.20895076,0.010888807,-0.18081307,-0.3329803,-0.12747468,-0.09764724,0.19305162
2025-03-21,506.810237731501,0.08850496,-0.6585004,1.0793357,0.760646,-0.1150987,0.2406706,-0.5094881,-0.30989155,-0.5677013,-0.20679869
2025-03-24,506.7775220911782,0.8007466,0.7240197,0.5761571,0.29154518,0.4009125,-0.070409335,1.7671101,0.66001064,0.52836776,0.72826475
2025-03-25,506.89427232546444,0.24339356,-0.18311973,0.7245341,0.3358741,-0.1875926,-0.05220162,-0.45853382,-0.0436908,-0.36090556,0.9012739
2025-03-26,506.9513993004363,0.06669915,0.90480995,-0.74239653,-0.9545616,-1.0597016,-0.7564384,0.104977414,-0.44496116,-0.7227998,-0.53100216
2025-03-27,507.014829210022,-0.7326728,-0.7600247,0.52719545,0.076707296,-0.38095227,0.15345557,-1.0685455,-0.15166534,-0.7443172,-0.13528456
2025-03-28,507.38502460462917,-0.40001023,-0.9576693,-1.7998662,-2.1631277,-0.89488053,-0.89785075,-1.2882609,-1.2381294,-0.6704777,-0.9940762
2025-03-31,506.9653214485221,0.81274545,0.961967,1.0756129,-0.6630449,-0.22442804,-0.03397948,0.91825676,0.14402704,-0.066859126,-0.19205624
2025-04-01,507.0539572310869,0.28270978,-0.08777845,0.17491792,1.2193266,0.34761477,-0.68389636,-0.5200721,-0.1864635,0.042093445,-0.008529549
2025-04-02,507.12499579953476,-0.072225235,-0.18370742,0.07346333,-0.041287567,0.65292895,-0.10401543,0.01919523,0.17529897,0.3896109,0.28039527
2025-04-03,507.39167205638694,-1.1482662,-6.0494275,-6.165315,-1.6960669,-1.5667205,0.41161206,-4.159316,-3.5473034,-2.931086,-1.8528924
2025-04-04,507.19047317405534,-2.9598477,-4.3985996,-4.835107,-2.5549564,-1.7343316,-2.7242846,-4.135086,-3.1898735,-2.2330017,-1.9125363
2025-04-07,506.8767823761815,-0.3362544,-0.41266686,-2.4516177,-0.4174302,-0.25339592,-0.3474043,0.82567793,0.5550835,1.419659,-0.9021484
2025-04-08,507.10180439305276,-0.9328997,-2.1282365,-3.3039653,-0.6778925,-0.5666269,-1.7176864,-2.7260146,-1.4482188,-1.0611264,-0.0541243
2025-04-09,507.55091902818464,2.6954548,7.2898936,8.764891,6.6792874,2.8560596,3.74107,7.47888,4.8719106,4.839669,2.6926463
2025-04-10,508.61285680967455,-1.0682012,-2.475075,-2.824401,-1.6677732,-1.0977185,-1.772703,-4.010322,-2.3587952,-2.7006586,-1.5293243
2025-04-11,509.2964306714733,1.0721108,0.88032883,2.362929,1.239566,-0.21827695,-0.18738353,-3.0004785,1.172596,1.4698883,0.28809655
2025-04-14,510.1509266501337,0.62458646,-0.09649869,1.2416762,-0.14244133,0.3877629,0.5802698,1.0940889,-0.07276121,-0.17191762,-0.14184265
2025-04-15,509.71790753842293,0.27927014,-0.5213444,-0.2391831,-0.39918375,-0.16039397,-0.52981055,0.029758947,-0.20528793,0.12782972,-0.03111354
2025-04-16,509.82391169254413,-0.3839756,-2.3563511,-2.6031234,-2.5889184,-0.81063676,-0.7202686,-1.59101,-0.7808068,-1.752846,-0.65107244
2025-04-17,510.39085920939027,0.032967016,-0.21380481,0.74426585,-0.7377916,-0.24737284,-0.37271383,0.6030273,0.17606592,-0.25210133,0.5321413
2025-04-21,510.34905513470426,-0.46620408,-2.3329508,-1.3463072,-1.659296,-1.1589826,-0.13668273,-0.99644583,-0.18974271,-0.53336394,-0.58567595
2025-04-22,511.0796296011559,0.8065092,0.812051,1.9742261,1.4159254,0.825808,0.71522725,0.35555005,0.5960897,0.5717325,0.75974494
2025-04-23,511.0988363643892,0.7737196,0.67914295,1.3824326,1.3621354,0.74845845,1.1210028,1.7586349,0.36815816,1.1394393,0.24900304
2025-04-24,510.7760115752136,-2.8477435,0.7749943,1.020205,2.2839463,1.0737579,0.88519704,3.1285713,1.5653753,1.3820614,0.98025197
2025-04-25,510.9752921459847,0.54619485,0.40884486,0.15068482,0.7670629,0.14077652,-1.522101,0.18770084,0.25793105,0.21848065,0.7365919
2025-04-28,510.7131185964722,0.65904224,-0.02200635,0.13456891,-0.14931771,0.2564937,0.4535852,-0.16467492,-0.27715382,-0.24303411,0.11989365
2025-04-29,510.9172064329225,0.5566879,0.52003276,0.19580388,0.4712042,0.08074743,-0.21263455,-0.5504077,-0.2312619,-0.34794107,0.269433
2025-04-30,510.0563070136833,0.41545343,0.35587838,0.25868937,0.18224241,-0.044285957,-0.29028115,0.16381054,0.312832,0.17278557,0.43409815
2025-05-01,510.3234856484566,-0.38532603,0.35148668,0.11889112,4.998178,0.7824575,-0.16304651,-0.5973044,-3.294334,-0.46037912,-0.008661605
2025-05-02,510.03271493441343,1.0119547,1.517507,-2.5016654,1.5439458,0.8347941,0.646929,1.8981366,1.1012809,1.2394638,0.65427935
2025-05-05,510.75192727871485,0.60320294,-0.22823413,-2.1213791,0.11039549,-0.26527888,-0.40186316,-0.6729214,-0.14925525,-0.1823125,0.046062656
2025-05-06,511.2645811400517,-0.018976804,-0.35581845,-0.24170478,-0.4760049,-0.2906437,-0.3854462,-0.4446369,0.056285642,-0.41294995,0.21814032
2025-05-07,511.6345469297626,0.6898822,0.27839392,-0.83904225,-0.021939166,0.2398963,0.35867414,1.0919849,1.0109029,0.50539416,0.2242497
2025-05-08,511.58194140675806,0.11649743,-0.018253773,0.27235836,0.7225669,0.118478216,0.67979056,0.21986444,0.13341704,-0.03941364,-0.06886378
2025-05-09,511.27835404497483,-0.5480595,-0.13037899,0.206757,0.058344956,-0.02501248,0.38999256,1.9155598,-0.03840097,-0.16043054,-0.04265826
2025-05-12,511.477586969101,0.73004806,2.405346,3.7116067,1.5826746,1.0495136,0.7114597,4.1150365,1.5541192,2.4071717,1.2597858
2025-05-13,511.0605703003557,0.78640425,-0.0649823,0.5101047,-0.046902277,0.73525643,0.3302706,0.2079617,-0.23512274,0.8824123,0.16700487
2025-05-14,511.2395469280517,-0.13273698,-0.8815409,-0.29861146,0.544562,0.069774866,-1.0447198,-0.26355365,0.31476417,0.12877703,0.22455369
2025-05-15,511.2060106052712,1.3935521,3.749978,-0.38192403,0.12475621,-0.5649763,-0.0041437102,0.09409376,-0.14108947,0.03458187,0.51991516
2025-05-16,511.66443516240446,0.0034860303,-1.0524553,-0.17833947,0.14228293,0.1330609,0.0747332,0.14116012,-0.08216422,-1.8302315,1.175411
2025-05-19,511.43856815995673,0.24633296,0.17928043,-0.86128026,0.65614486,-0.15969016,-0.31224433,-0.07791908,0.21314818,-0.006514117,0.34897855
2025-05-20,511.90455680051986,-0.23347978,-0.87177855,-0.7007875,-0.13138323,0.06961819,-0.14393277,0.061833583,-0.030300079,-0.11992332,-0.24951266
2025-05-21,512.473421883808,-0.9513888,-0.50563115,-1.5844524,-0.8574544,-0.5024312,-0.62094295,-0.9059946,-0.62319326,-0.76921856,-0.29747653
2025-05-22,513.1198157947282,-0.39967054,-0.0050743124,-0.34919038,0.31227648,-0.010826429,-0.1774548,-1.4426092,-0.9630767,-0.32875153,0.056314882
2025-05-23,513.068059467508,0.032237906,-0.54554576,-2.0485952,-0.7222067,-0.23391372,-0.55471253,-1.1186244,-0.5238542,-0.68944085,-0.5820989
2025-05-27,513.4784092031765,0.7043873,0.62437105,1.4457148,1.5205704,0.85480475,0.48525503,1.8694286,0.7020321,0.7936193,0.5274117
2025-05-28,513.0904683228807,-0.4727129,-0.7538976,-0.056416318,-0.51454914,0.25264972,-0.21993044,0.20962031,-0.29566944,-0.12633196,-0.050824556
2025-05-29,513.159491784879,-0.25109014,-0.598512,-0.26948342,0.1667533,-0.16859259,-0.15879764,0.18972121,0.11501235,-0.5025011,0.13246422
2025-05-30,512.3188208440288,0.04979901,-0.2285574,0.15935971,0.2193836,0.3527586,-0.7816814,-0.6117144,-0.7936527,-0.63765806,0.18646017
2025-06-02,512.2412762159754,0.75057495,0.85165524,0.14254543,0.20830451,0.11920866,0.17170022,0.33176413,0.28040025,0.028500779,-1.0535336
2025-06-03,512.7501145429567,0.19171906,0.4483603,0.36403543,0.11843491,0.33453763,0.54832894,0.9930158,0.4806077,0.82717943,0.8718075
2025-06-04,512.649514923702,0.04052028,-0.17664322,-0.2610839,0.10360546,-0.17798945,-0.07581721,0.65437293,-0.03154176,-0.04064359,0.15862669
2025-06-05,512.7243067697366,0.19665955,0.08200604,-0.80285704,0.52391046,0.39693034,-0.30784142,-0.0948813,-0.19645905,0.36941132,0.14637628
2025-06-06,512.7051290876863,0.29748908,1.6240104,0.8976915,0.36065096,0.36754152,0.040120725,0.46341085,0.33242232,0.41957465,0.18504761
2025-06-09,512.9606314526176,0.47419372,-0.4180529,-0.8864941,0.31105804,0.39375448,0.40443256,1.6786138,1.3353832,0.506836,-0.031121507
2025-06-10,512.8101769681922,0.6097356,-1.1707942,0.25646803,-0.2883496,0.013725077,1.5592637,0.72342736,0.75639486,0.6700969,0.010507452
2025-06-11,512.8755628379198,0.762384,-1.4542725,-1.3375506,0.21543042,-0.17871349,-1.420726,-0.67459166,0.018663516,-0.2612038,-0.26517847
2025-06-12,512.522569856282,-0.07998007,0.96009403,0.010182336,0.85894084,2.9569461,0.0581905,-0.04271998,-0.22568667,0.33245265,0.10541229
2025-06-13,512.7562623941237,-0.5653519,-1.5206001,-0.9938121,-0.57951933,1.7353503,-0.68660474,-1.2030936,-0.93025553,-0.90338224,-2.0390935
2025-06-16,513.1265966821445,0.6610782,1.6113272,0.5037563,0.56192005,-0.4897883,0.58639973,1.0223223,0.41727844,1.0297573,0.98698
2025-06-17,513.0613007679536,0.16688943,-0.4453203,-1.0072356,-0.18146962,-0.3617233,0.027106225,-0.41590214,-0.5886956,-0.53136265,-1.808415
2025-06-18,512.8322607835671,0.014346028,0.4331656,0.17843223,0.28199437,0.2753595,0.65712565,0.1296279,-0.24210085,-0.3113396,-0.4328217
2025-06-20,512.9937901335254,-0.33158812,0.3900569,1.2724794,-0.42594752,-0.6825903,-0.44142646,-0.07246974,-0.5774148,-0.7161119,-0.08339255
2025-06-23,513.0288822485237,1.1621908,1.1066386,0.03366885,1.173571,0.18529181,0.076095104,0.75373715,0.35398638,0.39430982,0.34859598
2025-06-24,513.3485831383421,0.631981,0.41228637,-0.49701095,0.53835523,0.8939192,1.2785001,1.0363526,0.51463145,1.427144,0.2492264
2025-06-25,513.2655406605817,-0.38706502,0.15152301,0.2712588,0.2684571,-0.53735125,-0.3642047,-0.13821985,-0.008235105,0.43483296,0.5407315
2025-06-26,513.2420011573788,0.112425074,0.7078707,-0.29674873,0.6760832,0.20496963,0.24945886,0.18804851,0.4374004,0.0008050064,-0.22548139
2025-06-27,513.1720769193374,-0.31981584,-0.57946354,-0.09722318,-0.23108545,-0.32016233,0.14367707,0.14892122,0.019155374,-0.13295174,0.11530334
2025-06-30,513.6290195091049,0.6932039,0.6645341,1.14171,0.17175859,0.895033,-0.30481842,0.09354155,0.098841876,-0.10286311,0.13199784
2025-07-01,513.634427065272,-0.50173867,-0.5529914,0.6833208,-0.75202465,0.0054542623,0.38483882,0.63254184,-0.026437085,0.04291069,0.5357029
2025-07-02,513.9027638433104,-0.50202173,-0.8328923,1.2583357,-0.15675773,1.1277914,-0.9455508,1.153572,0.5656759,0.99782,-1.3066767
2025-07-03,514.1617383631681,0.58956635,1.2221724,0.20505096,1.0188454,0.7089757,0.542834,0.063412964,-0.07959663,0.09736761,0.11340422
2025-07-07,514.4548200867576,0.06004172,-0.74551475,-1.1905351,-0.17541541,-0.53517085,-0.49503127,-0.6318902,-0.9365914,-0.12333786,-0.20756392
2025-07-08,514.4944445743342,-0.2893946,-0.62768936,-0.10434064,-0.17299506,0.19523668,1.4262291,0.70137346,0.23681033,0.622581,0.55776435
2025-07-09,514.4333111572774,-0.046940304,0.6028859,0.21486181,0.89193934,0.100877464,-0.16748996,-0.08899094,-0.077745855,-0.012161088,-0.8550014
2025-07-10,514.3761872705868,-0.38385847,-0.830908,0.25446248,-0.29497796,-0.060751934,0.3028493,0.7027692,-0.11218831,0.35295343,-0.16772728
2025-07-11,514.6807967863953,-0.54452837,-1.2009917,-0.49326476,0.21797551,-0.475937,-0.3789201,0.31973755,-0.40834105,-0.09405573,-0.79944664
2025-07-14,514.9865622666761,0.01975867,-0.37608835,-0.8831978,-0.06482066,-0.1593486,-0.149952,-0.30102175,-0.75087535,-0.2123324,0.40610316
2025-07-15,515.2040869636475,-0.16066524,-1.0035417,0.025174992,0.3426412,0.5401744,-0.3762475,-0.41202757,-0.053778,0.2759252,-0.25915244
2025-07-16,515.3898891393746,-0.11738345,0.01656555,0.1926771,-0.051073786,0.5892587,-0.24360414,-0.4214011,-0.10681967,-0.8045872,-0.21948774
2025-07-17,515.5542636242254,0.0030588724,0.9180741,-0.16431819,0.7650675,0.67602634,0.0664883,-0.04535632,-0.38059828,-0.4553693,0.5148314
2025-07-18,515.5095381580753,0.5298841,-0.5213474,0.2241258,-0.23829645,-0.33909774,0.2375886,-0.027290093,0.4301319,-0.4247168,-0.037170123
2025-07-21,515.7337287303066,-0.16815896,0.13434245,0.26377216,-0.023315808,-0.20995727,0.10920876,-0.4990448,0.85029006,0.28429836,0.2249201
2025-07-22,515.9163628377381,-0.3892948,-0.43606186,0.44377035,-0.64630693,-0.5500596,-0.051738203,0.045752645,-0.2663978,-0.99659526,0.5585815
2025-07-23,516.217372956035,-0.0010469689,0.33808205,-0.19591175,0.053861108,0.3349565,0.18717243,-7.0236325,0.3491528,-0.09942126,-0.010128453
2025-07-24,516.2590495452604,-3.1098762,-0.61659807,-0.23722559,0.623734,0.059536677,-0.80436885,-0.180757,-0.27770695,0.11127143,-0.04655192
2025-07-25,516.2971004316051,-0.12671837,0.26469275,-0.08711146,0.3389467,0.1872554,-1.8747698,-0.21808496,-0.14997238,-0.49139622,-0.06493828
2025-07-28,516.2173216206025,0.51438063,-1.1501113,-0.0724195,-0.17927536,0.2132979,-0.05389143,1.0777014,0.50910896,0.6991136,-0.09782237
2025-07-29,516.1129119075266,-0.12729329,-0.16926734,-0.94543296,-0.0152938105,0.18147303,-0.30568227,0.5127845,0.16141199,-0.3904875,0.15622535
2025-07-30,515.791727188835,-0.33171883,0.17111623,-0.7871922,0.061609443,0.028241511,-0.105138086,-0.51153004,-0.6967846,0.08816866,-0.6556811
2025-07-31,513.9699770546222,-1.122122,-0.4605454,-0.56841105,2.5606792,0.2661795,-0.5991444,-1.9283926,-2.8142636,-1.7028546,-0.63079333
2025-08-01,514.1274593798319,-0.50289094,-1.4100155,-1.7126287,-1.211231,-0.9131578,-0.5597133,-0.08901237,0.2757089,-0.090555206,-1.0288646
2025-08-04,513.9514145584474,0.3007464,1.477011,0.1779931,1.4279927,0.73928773,0.17173705,0.47175846,-0.21405965,0.4236512,-0.9549479
2025-08-05,514.1983586671199,-0.21740638,-1.4026442,-0.25524908,-1.0159274,0.2606221,0.69524425,0.67895913,-0.24258561,-0.7296249,0.017481629
2025-08-06,514.4361090211538,0.24763037,1.8373212,2.997437,-0.38132086,0.03983272,0.1929242,0.1005033,-0.2598033,-0.25943187,0.788619
2025-08-07,514.5977770605574,-0.34510064,0.60699415,1.8445584,-0.54724985,-0.68156004,-0.70011413,-0.034442343,-0.042154577,0.8118588,-0.7808289
2025-08-08,515.0020367247395,-1.0134202,1.9961966,2.4859414,0.12741965,0.032153625,0.15501739,0.31009158,0.330423,0.22162645,0.33888045
2025-08-11,515.341108553177,-0.99506104,-1.5207448,-0.64897764,-0.05919632,0.21387382,0.6832586,-0.9611607,0.038747843,-0.16248754,-0.7958521
2025-08-12,514.9840432222204,-0.26628724,0.6121671,0.55752236,0.91784865,0.079183385,1.1056296,2.377663,1.2485702,0.6215623,0.56657225
2025-08-13,514.9550982625697,0.8788619,-1.3642479,0.87711126,-1.1201218,-0.9366249,0.35447237,0.046972606,0.573711,0.1896944,1.412697
2025-08-14,515.0638873991729,-0.50059223,-1.5235775,-0.27073905,0.21636888,0.04488134,1.4500042,0.07217509,0.26957515,-0.380744,-0.2379031
2025-08-15,515.1113899158174,0.42598686,-4.012944,-0.4446389,-0.31887144,0.28418925,0.5684187,0.18292876,-0.10790655,-4.9308524,0.7023362
2025-08-18,515.5448569619914,-0.052596837,0.71563816,-0.31283504,-0.41594878,0.04448289,-0.8091749,-0.09447037,0.17024904,0.2702224,0.28355876
2025-08-19,515.6020325846913,0.29206806,-0.45301133,-0.21238464,-0.9677698,-1.4146488,1.3653632,0.36970606,-0.62933415,-0.33446497,0.42820576
2025-08-20,515.5420685037353,0.19901446,0.21555983,-1.3763659,-0.55189395,0.014256296,-1.5394293,1.1578074,-0.23313443,-0.32671216,-0.77052176
2025-08-21,515.7614599609004,-0.522517,-0.3288321,-0.43223804,-0.10958749,-0.21692388,-0.069186926,-0.048593868,-0.34425116,-0.20900299,0.030915048
2025-08-22,516.0084216870833,0.43036738,0.15161043,0.6730122,0.36501664,0.28671426,1.0803514,1.2514151,0.79107064,0.4470514,0.9420423
2025-08-25,516.070808279285,-0.4411821,-0.4394046,-0.28848487,-0.4109147,-0.1228228,-0.24349928,-0.055185813,-0.4000619,-0.17560144,0.1473523
2025-08-26,516.2187750379122,0.51157457,1.3071402,0.47067553,-0.31433794,-0.14658466,-0.2029368,-0.031417217,0.5375876,0.414604,-0.8383253
2025-08-27,516.4703711301236,0.3458073,-0.15781182,0.20080552,0.5876698,0.12772682,0.38529235,-0.15459472,0.072449066,-0.10041862,0.18369542
2025-08-28,516.4808236987744,0.1336067,0.9683376,0.44064325,0.35059112,0.4065802,0.03237215,-0.36235443,0.16303262,0.09275606,-0.22157028
2025-08-29,516.0443694085105,-0.3671696,-0.6240204,-0.23622443,-0.40658322,-1.4335145,-0.5209476,-0.42076144,-0.070500724,-0.95962375,0.3212887
2025-09-02,516.5936768023698,-0.32759863,-1.7749232,-0.7825909,-0.22737925,-0.113047704,-0.15272166,-0.6807623,-0.47046316,-0.714774,-1.1535869
2025-09-03,516.9889100058265,0.40729228,-0.37686002,2.2333589,0.0062526804,-0.2169249,-0.21288323,-1.0352315,-0.3776309,-0.34417167,0.3424744
2025-09-04,517.1601840497889,0.47724518,0.17033872,0.222796,0.31432602,-0.074364714,0.48109698,-2.180086,0.6576845,0.3247254,-0.42227563
2025-09-05,517.088189746042,0.20307377,-1.551454,-0.14617947,-1.7134169,0.95372736,-0.13424608,0.13255766,-0.02766493,0.8152066,0.5368258
2025-09-08,517.2267916807342,1.1504251,-0.24333194,-0.6003639,0.39729297,0.5213767,-0.04227006,-0.5825035,0.02957959,-0.21365441,1.0604334
2025-09-09,517.415852251139,0.4443336,0.34595826,-1.0652086,0.0043166177,0.25912532,-0.06737841,-0.24035396,-0.3911932,0.20558333,-0.45237738
2025-09-10,517.6015698487308,-0.3402398,0.74152416,-2.1905808,0.23247223,6.9485235,0.24040079,-0.30168438,0.0068059973,-0.09225691,-0.38332006
2025-09-11,517.4532486564942,0.011765981,-0.7525838,0.77191335,0.06018209,-1.492814,-0.16656359,0.05641971,0.48661324,1.2023699,0.07396086
2025-09-12,517.5880697878343,-0.54594326,-1.6423634,0.9754423,1.1219078,-1.2158492,-0.47916505,-0.49646908,0.011992582,-0.5173199,-0.0953159
2025-09-15,517.8566773849772,0.41370526,0.38472664,0.58230233,0.6691364,0.731521,0.5427755,-1.2165035,-0.18287791,0.50811476,-0.21092474
2025-09-16,518.3419185563183,0.18237838,-0.32975104,0.2628862,-0.82092404,0.3063118,0.3725547,-0.18806936,0.5521366,0.40200835,0.63576484
2025-09-17,518.4590893863032,0.22233182,0.7443468,0.09966943,0.102119535,-0.41583192,-0.33356124,0.68926364,0.17509283,0.7474137,1.0120287
2025-09-18,518.6438064655206,0.8503922,0.9359316,-0.41659355,-0.22114463,-0.38767803,4.1286545,0.32001343,0.52693945,1.9179261,0.5864713
2025-09-19,518.6290006447578,0.192621,-0.78322035,1.8683034,1.1708237,0.86687744,-0.70189005,-0.6358101,-0.31286252,-0.019895857,-0.12627454
2025-09-22,518.9413031325932,0.69178677,-0.7746359,2.5425,-0.4561159,1.3446963,-0.602964,0.03460355,0.52100223,1.6041965,-0.15334968
2025-09-23,519.4153977893035,0.11303052,-0.4741959,-0.5312171,-0.6759455,-1.0222636,0.36889857,0.61288005,-0.0921285,-0.021234857,-0.20334415
2025-09-24,519.6732912567778,-0.6612971,-0.48707584,-0.651674,0.094401404,-0.41095552,1.2164303,0.598605,0.73477364,0.013007156,-0.85587955
2025-09-25,519.4341837358559,1.898043,0.4221336,1.0093753,-0.41505444,-1.3011352,1.6805719,-0.6640798,-0.8142521,-0.36435002,0.12774915
2025-09-26,519.8342381007676,0.37219998,-0.98307997,-0.47075734,0.5353757,-0.63509995,0.840099,0.6269874,-0.14955446,0.59569967,0.6834604
2025-09-29,520.0021463164009,-0.60390216,0.38541684,-0.37823567,0.37003967,-0.081714064,-0.61919767,-0.37764317,-0.83845705,0.08209796,-0.06451944
2025-09-30,519.5514642275738,0.30796388,0.62167925,-0.07301777,0.39470273,-0.14716911,-0.5847669,0.09889963,0.1609649,-0.10817648,-0.66657126
2025-10-01,519.8234568074125,0.56237996,0.17328979,0.08058891,0.19593596,0.57824373,1.3498455,-0.9156586,-0.027936287,1.854993,-0.9350451
2025-10-02,519.4721328600019,0.022837425,-0.74568474,0.29163742,-0.51328284,-0.044917203,0.71502864,0.48062807,0.4198514,0.7568749,0.86847174
2025-10-03,519.594913351616,0.20797151,-0.19597176,0.095715016,0.17846866,-0.23154436,-0.289247,-0.5639864,0.01143975,-0.9386884,-0.47379395
2025-10-06,519.9208064873214,0.12856029,0.9628405,-0.44952163,1.3504672,0.39165205,-0.1651741,0.36376667,-0.16573669,0.8304547,0.398568
2025-10-07,520.386307839834,0.5594526,-0.12581475,-0.17451876,-0.5759976,-0.5904138,0.2810522,-1.3066638,-0.68947595,-1.8505992,-0.16123027
2025-10-08,520.4846645462874,-0.5678167,1.3493094,0.2658693,0.085058495,0.31141892,0.105647855,1.1864933,0.41159743,0.7917186,0.08368774
2025-10-09,520.8560163785077,-0.16416612,-0.6507021,-1.1167265,-0.3169854,0.63683414,0.16242503,-0.73414874,-0.47830406,0.32241738,-0.10454473
2025-10-10,520.6252386571217,-1.3687017,-2.6105306,-2.3462832,-1.4276794,-0.32528934,-0.80441976,-2.0197384,-2.5930812,-1.5793339,-1.0504919
2025-10-14,520.7515183006692,-0.14994936,1.2169405,-0.09465999,-0.079580404,-0.67960566,-0.90533686,-0.35357177,-0.06215673,-0.25960258,-0.33876488
2025-10-15,520.9884432471132,0.6016328,0.7933104,0.277166,-0.037358023,0.3100746,0.79865104,0.3332205,0.20020536,1.2391305,-0.5591778
2025-10-16,521.4102308636056,-0.6360399,-0.7258322,-0.604817,-0.2439554,0.63860047,-0.20018254,0.025593476,0.17363942,-0.056075655,-0.122942306
2025-10-17,521.8671994515872,0.68722975,0.9923835,1.1049244,0.22244029,-1.5876799,0.05736258,0.2669534,-0.18201283,-0.44976392,0.48823443
2025-10-20,521.7158831157894,0.2993311,0.3792245,2.3284204,0.3729903,-1.1089752,0.54133195,0.7761956,0.67309284,0.35582206,1.1511437
2025-10-21,522.4591363906093,-0.21104822,-0.14128815,0.005191529,0.08645704,-0.18453667,-0.02338167,0.2992375,0.30238274,-0.3654235,1.536814
2025-10-22,521.3835860663193,0.69579387,-0.29009366,-1.1728864,0.33069143,-0.22488216,-0.66913986,-2.790293,0.033521865,-0.83397996,-0.3271383
2025-10-23,521.2606018317986,-0.32881123,-0.6715008,0.15351236,-0.017421037,0.56050116,0.6230784,0.38152698,0.09638172,1.0225762,0.038166177
2025-10-24,521.6487658508521,2.7635148,0.1942396,0.6632125,0.34865472,0.22616288,0.028486326,-0.8887559,-0.26863384,-0.0370354,-0.027841398
2025-10-27,521.7465475871537,0.6550231,0.6485542,1.3053191,0.924732,-0.1748409,0.6077314,0.04748279,3.4641259,0.27357247,0.48333243
2025-10-28,521.5020988363376,-0.06770003,1.1682891,-0.07805373,1.2205201,-0.07040105,0.940741,-0.74277174,-1.2608881,-0.5756396,0.25417116
2025-10-29,521.5538060344444,-0.52053136,-1.6786368,0.041852232,-0.08012574,-0.4600106,-0.124721326,-1.9759161,-0.49262124,1.0140721,-2.3191154
2025-10-30,522.0129758738351,0.21074133,1.5574814,0.2754931,-1.8783609,-1.5287682,-0.6061437,0.04294882,-0.31806055,-0.4993011,0.18721804
2025-10-31,519.2441070516023,-0.3307972,0.004564988,-0.36293578,-1.0007495,0.46468833,-0.119513765,0.681026,0.6308836,-0.0018182801,0.15132028
2025-11-03,519.3373069902,-0.33690143,1.2677301,-0.43196735,-0.11828442,-0.43549815,-0.28266257,-0.032530557,-0.08797168,0.53953856,-0.27984992
2025-11-04,519.4120904096081,-0.48915,-2.5969563,0.10945403,-0.35745758,-0.8805635,-1.3363265,-0.6638523,-1.5567095,-1.0861919,-0.20202191
2025-11-05,519.2742589325744,0.7266459,-0.46950737,-0.099273965,-0.92351913,0.16448386,0.68921757,1.2256045,1.2614824,1.3525338,0.05361046
2025-11-06,519.8275609016811,0.6753323,-1.4314499,-0.20938423,-1.3026742,-0.61219335,-0.6400955,-0.68131936,-1.2977756,-1.0491134,-0.8882973
2025-11-07,519.6387128380281,-0.7391966,-0.18554987,-0.42807633,-0.057326417,-0.4453345,0.44174418,-0.28085414,-0.5064224,-0.5445234,-0.011893334
2025-11-10,519.7421649082821,0.5331889,0.9455253,0.16423292,1.1508362,0.11834053,0.13432716,-0.023371108,0.07942217,0.600023,0.25043747
2025-11-12,520.4674355583825,0.14157814,2.3007853,-0.53328836,0.28650674,-0.8994652,-0.028516138,0.9677091,0.46128222,0.20485334,0.4609225
2025-11-13,521.2501489633127,-1.2058871,3.458698,-0.24334435,-0.99848235,-0.95388,-1.1010375,-0.284904,-0.4676217,-1.1049846,-0.3483674
2025-11-14,521.3915861298459,0.092735924,0.42827722,-0.24825591,0.8390138,0.49780816,-0.2506654,-0.89483637,-0.15352894,0.3101621,-0.24398272
2025-11-17,520.9251223425429,-1.0492371,-0.45096132,-1.28382,-0.35529947,-0.32304707,-0.493665,-1.3558495,-1.4770011,0.29517648,-0.65167123
2025-11-18,521.044836250392,-0.9124281,-0.65137696,-0.12753011,-1.7533743,0.036381014,-0.25302765,0.68315315,-0.39518094,-0.568836,-0.034017976
2025-11-19,521.0458816040115,-0.18770604,0.845997,0.14185387,-0.88140917,0.46929348,0.4136901,-0.10195445,0.1587963,1.2815174,-0.70307744
2025-11-20,521.2962463246145,0.23011225,-3.3429685,-0.66997397,-1.039382,-1.5151594,-0.89577657,-1.1914647,-1.394644,-2.053734,-0.6398145
2025-11-21,521.1919603042546,0.8731526,0.4882641,1.111521,-0.8598045,-1.3027456,0.48026505,1.8275055,0.7162012,0.45511028,1.4154929
2025-11-24,521.3457916054955,0.80747443,-0.07145994,0.9024707,0.23132034,0.14034365,0.6956614,0.5235166,0.30531946,0.8696298,-0.59771067
2025-11-25,521.3596014378221,0.036464192,-0.13568357,0.11778761,0.3774866,-0.3838595,-0.011569909,0.11940214,-0.4125543,1.4448378,0.13079931
2025-11-26,521.7297486488052,-0.15931308,-0.48786265,0.009744554,1.0942651,0.8332805,0.50081396,1.0144609,0.32121292,0.87326944,-0.20188233
2025-11-28,524.3293181852443,0.61212295,0.69341993,0.17406881,0.80304,-0.3383599,1.8485999,0.7973317,0.534375,0.20476179,0.34036684
2025-12-01,524.7809954293486,-0.33784536,-1.1686609,0.8389827,-0.67744774,-0.1302942,-0.29752937,-0.06121225,-0.06209141,0.22829139,0.35054755
2025-12-02,524.925657472248,-0.45359385,0.64972824,0.56751895,0.39215434,-0.0076653655,1.5678066,1.9207144,0.46722126,1.1718307,0.03311323
2025-12-03,524.9203183689247,0.090983264,0.6920547,-0.57799906,-1.5703735,0.6589699,0.09478069,1.9053229,0.78382015,0.30462506,0.4896907
2025-12-04,524.9423496494323,0.6082312,-0.21234538,-0.8999995,0.38068807,0.6344095,-1.5281595,-0.67537576,-0.01992593,0.018418936,0.257706
2025-12-05,525.2241815012877,-0.011714514,-0.0062945015,-0.55972177,0.27754503,0.2917883,0.39438733,0.5986889,0.034981996,-0.2373987,1.9578059
2025-12-08,525.3654151114748,0.1335007,0.68773997,-0.32649046,0.9682366,0.25915775,-0.55629426,-0.44470614,0.04230159,-0.05531463,-0.7317261
2025-12-09,525.4581790427798,0.13949603,0.43546885,-0.28583303,0.10770764,0.069666006,0.061591014,-0.40096998,0.07768969,-0.18985432,0.600147
2025-12-10,525.7712365983195,0.2367357,0.5190889,0.24345033,-1.7023683,0.115029216,0.0985445,0.5297653,1.0914544,0.8270978,-0.08947658
2025-12-11,525.6347641366576,-0.22017528,-1.207751,-0.29450893,0.6051501,-2.4220362,-0.640866,-0.030005405,-0.22251676,-0.63730055,0.8154598
2025-12-12,526.1251739987033,-0.17211562,-1.7206241,-0.06577611,-0.6381505,-0.97434527,-0.8743263,-0.6148736,-0.59752357,-1.3264213,0.66469836
2025-12-15,526.3352235459674,-0.070127755,0.23780036,-1.0849583,-0.4863484,-0.5830806,-0.18555246,-0.41033638,0.12691922,0.16745242,-0.5114588
2025-12-16,526.4481647606905,-0.618442,-0.9412741,-0.0069198804,0.1839279,0.39040416,-0.13544908,-0.13781291,-0.63277555,-0.35689765,-0.30495018
2025-12-17,526.5847575139595,0.009988631,-1.8356875,-0.7691303,-0.049626734,-1.1734003,-0.687774,-0.8468726,-0.76472664,-1.3385029,0.7489982
2025-12-18,526.805589457358,-0.3292129,0.76783115,-0.04104289,0.97077787,0.15743028,0.08739502,0.42435494,0.29930073,0.5591155,0.1582728
2025-12-19,526.8056173560942,0.054248385,1.2865294,0.2226183,0.22566415,1.3030548,0.24735455,-0.0029803663,0.14785595,0.27312917,0.044231065
2025-12-22,527.0038161101,0.19776133,-0.53928405,-0.7552319,-0.13889344,0.65369725,-0.26685473,0.63707,-0.24480866,0.23272908,0.21153878
2025-12-23,527.6182934228837,0.10424523,-0.31538302,0.20337275,0.2228063,-0.33943474,-0.043835524,-0.48542672,0.048394274,0.06931502,-0.48951325
2025-12-24,527.9879574497076,0.08033463,-0.22381213,0.21581963,0.12866841,0.20040116,-0.13205941,-0.015918858,-0.04717774,-0.008771122,0.098222494
2025-12-26,528.0764963361444,0.052651405,-0.081499,-0.21875395,-0.05201893,0.028643223,-0.0126293115,-0.094800346,-0.04340345,0.056712694,0.12517428
2025-12-29,528.4887753125587,0.065332115,-0.6001039,-0.039064933,-0.08805381,-0.29203942,0.2134637,-0.34268287,-0.30939204,0.05949876,-0.02615131
2025-12-30,527.4969990583733,-0.414681,-0.6133376,-0.28174585,0.031987656,0.16801968,0.2833211,-0.101052314,-0.009597238,-0.4283955,-0.028178727
2025-12-31,525.20676075122,-0.6855037,-0.6178419,-0.40788782,-0.502318,-0.27072412,-0.24127738,-0.55150765,-0.55047965,-0.42602563,-0.227237
2026-01-02,525.0766791703517,-0.5649121,-0.8330175,-0.32220125,-1.3827833,0.061798457,1.2207462,1.0524545,0.31873372,1.30857,-1.7684183
2026-01-05,525.0184633299467,0.40677783,-0.7101487,-1.0093592,-0.028341275,-0.36262968,-0.038498495,-0.1233267,0.57824177,1.6357579,-0.15574782
2026-01-06,525.5430551447195,0.86369556,-0.59507126,-1.3008643,0.7086211,0.10157302,0.29059473,3.7772892,1.0776708,1.1560605,0.5282828
2026-01-07,526.0040513495849,-0.66525865,-0.7675542,-0.6176969,0.6097009,-0.121981114,1.1659306,-1.6188196,-0.4623534,-0.46765885,0.26943123
2026-01-08,526.0733216450012,0.68124056,-1.0411669,-0.43941057,-0.6917247,-0.37111107,-0.7279349,0.6579031,0.25392118,-1.1934233,0.14093772
2026-01-09,526.1195443666727,0.16395412,-0.3097286,-0.041950054,0.132328,0.9821558,1.9272254,0.43128657,-0.80067766,1.9676608,-0.5193431
2026-01-12,526.2990242547779,0.8793672,-0.082666114,0.09273895,-0.2813182,0.6108606,-0.66842264,-0.33640626,-1.665791,0.5324071,-0.663459
2026-01-13,526.6852802747785,-1.0050917,1.3361292,0.07257257,-0.84345186,-0.266519,1.3126867,-0.16355444,-0.83333635,-0.3078911,-2.00907
2026-01-14,526.5626661066639,0.6490321,-1.3530405,-0.38968903,-1.4808089,-0.9319292,0.5339388,1.1776047,-0.20102836,-0.37119958,-0.6196384
2026-01-15,526.6869358045353,-1.2502538,0.672773,-0.55356145,-0.37333995,-0.4292145,-0.19037585,-1.0898572,-0.6866518,1.6070327,-0.0034006843
2026-01-16,527.0711074822977,0.8614793,-0.28708357,-0.7883259,0.404447,0.11072923,-0.5749783,0.57491976,-0.45430288,0.6704471,-0.9382192
2026-01-20,527.2405065161885,-1.628182,-2.197176,-2.3658583,-0.7153982,-1.2619323,0.60109097,-0.51730496,-1.170627,-0.89599234,-0.68203026
2026-01-21,528.0859683553854,0.6969145,0.14333376,0.12225977,-1.3927863,-0.7188943,2.0502188,1.1400235,0.43349978,0.58382046,0.5248854
2026-01-22,528.42298992542,-0.32759818,0.46169892,0.057144724,0.91754156,0.47342506,-0.009220771,0.10962453,0.24645737,-0.6743233,0.7197416
2026-01-23,529.0090803133186,-0.25564885,0.052068945,-0.20293993,1.8914986,-0.13833736,-3.5161932,-0.43004507,-0.4617944,0.2636464,0.20408446
2026-01-26,529.3249383791847,0.42840183,2.298176,1.7486529,0.530644,0.568541,-1.1301544,0.75086385,-0.3229285,-0.34397113,0.48207977
2026-01-27,529.8194298099287,-0.2777051,1.4670455,0.58911204,1.2548876,-0.8667983,0.5841745,-0.01893375,-0.3626622,1.1408824,-0.84555876
2026-01-28,529.7817794079031,0.02818949,0.05575604,-0.57794756,0.11490104,-0.26394048,1.9075283,4.3519015,-0.12239116,0.28859204,0.30584794
2026-01-29,530.7543276888255,1.6011103,-0.7535282,0.33462098,-6.116125,-0.46111462,-0.07850208,0.5645795,-0.15160541,0.33070233,-0.9370292
2026-01-30,530.7636337080509,-0.26975355,-0.33484888,0.17365575,-0.44294932,-0.54794025,-0.8794173,-0.45319274,-0.18391776,-1.7727298,0.2415215
2026-02-02,528.7387691193442,0.85000527,2.0876014,2.4181707,-0.9723489,-0.5863132,0.8853416,1.9658352,0.17020136,0.48876038,0.056697316
2026-02-03,528.6746190440014,-2.2273445,2.165725,-0.24862655,-1.7379805,-0.716508,0.13452889,0.012475248,-1.234408,-0.9749656,-2.7436774
2026-02-04,529.7895767803382,-0.59274405,-2.0964692,1.5193877,0.40978566,-1.0853306,-0.2795201,-0.5008667,0.32497138,-2.1127305,1.0728925
2026-02-05,529.7866130627114,0.08950162,0.93296295,-0.25745374,-2.9869788,-1.4637271,-0.17109486,0.1909685,-2.919345,0.5623589,-1.3337351
2026-02-06,529.7398424908151,0.9963418,2.096815,0.38711476,1.0878752,0.88743055,0.84854037,-0.55576736,0.19671619,1.6935552,-0.096236266
2026-02-09,530.1192191229958,-0.2871888,1.5744126,-0.87362975,1.7720145,1.8144519,-0.1615726,-0.5882707,0.32330263,0.66380894,-0.16065863
2026-02-10,530.4478194703627,-0.32409826,-0.66980827,-0.34263012,-0.058755152,0.3928632,-1.2107124,0.4227777,0.21944457,-0.2064746,-0.26471728
2026-02-11,530.2903527578724,-2.1772041,-0.9114052,0.30102906,-1.2804664,-0.36480904,0.41536477,1.1348447,0.16909906,0.8904698,-1.0099845
2026-02-12,530.7730085928831,-1.6087058,-10.550744,-3.4063215,-0.3758957,-0.10753343,-0.73515224,-0.7571291,-0.64463425,-1.0917331,0.791821
2026-02-13,530.477773322576,0.34861767,1.6913494,-1.5951186,-0.08758659,0.43776625,0.0891927,0.6205483,0.46755683,2.2373505,0.24559349
2026-02-17,530.7639930095787,-0.5069789,-0.22462057,1.8731215,-0.6599512,-0.80017775,-0.27436912,-0.12374816,0.39099178,0.27969366,-0.4479566
2026-02-18,530.365164922122,0.30378774,1.1251932,-0.009254948,0.38805455,0.26050577,-0.3230225,-0.51499176,0.0883685,0.75931823,0.42106277
2026-02-19,530.7464183618803,-0.5653135,0.15619838,-1.0428978,-0.045564506,0.025267495,-0.37599885,-1.1275766,-0.49779904,0.008436071,-0.5113824
2026-02-20,530.7899890470842,0.10521117,0.41247395,0.85230345,-0.19124927,-1.1222217,-0.24442159,0.3253691,0.31682867,0.3709161,-0.04264823
2026-02-23,531.3650406061452,-4.491463,-1.6822355,0.26313925,-1.8930371,-0.94275093,-0.23318441,-0.000564809,-0.6122728,-0.21538746,-1.6785266
2026-02-24,531.8744429857999,0.82858133,0.17624986,1.2965018,0.66030085,0.6370892,0.9767369,-1.4047952,0.9378088,0.2732239,1.2740654
2026-02-25,531.8870207899441,1.1075653,0.74922854,0.3673129,1.6731229,0.21199088,0.26421165,0.0904421,0.18124849,1.2285373,0.41723624
2026-02-26,532.2639281380959,0.58085907,-1.237451,-0.42326123,0.14849024,0.2956348,-0.5908592,-0.2997845,-0.09986181,-1.5393397,0.21598864
2026-02-27,533.84572269942,-0.23295788,1.1124284,-2.2215438,-1.2798425,-0.6571178,0.02589088,-0.13799872,-0.76510674,-0.33630028,0.5121276
2026-03-02,533.9765065380744,-0.11128769,-0.2642845,0.008021908,0.81424314,0.48037735,-0.07610037,-0.5195654,-0.34803462,-0.07898302,-0.16754381
2026-03-03,534.1413972097665,0.7398764,-0.67482984,-0.35912824,0.74145854,-0.05082039,-0.99907076,-1.5997226,-0.71119076,-1.7485485,1.4200853
2026-03-04,533.4489479548137,0.59084,1.6301329,-0.42340764,0.16705036,0.40907404,0.9706807,-0.08982973,0.26950893,0.46107897,0.32758307
2026-03-05,533.6229081928544,0.78368837,-1.0544926,-0.67118055,0.7465388,0.28262454,0.11180258,-1.0286795,-0.42439175,-1.0009826,1.1697832
2026-03-06,533.4339430087274,0.27099216,-1.5659405,-0.82528186,-0.24684745,-0.24946092,-1.049217,-1.1321824,-0.35604665,-1.9682155,0.28485578
2026-03-09,533.3503448507839,-0.66994905,-2.6626952,0.4776079,0.051988356,-0.19769026,0.8387395,0.6675265,0.5172485,1.1817349,-0.10745666
2026-03-10,532.9891078418127,-0.390432,1.2809446,0.11103814,-0.5179746,-0.29839033,0.43508852,0.26482555,-0.73149806,0.5239392,-0.90817326
2026-03-11,534.1384210705477,-0.1667079,0.17203674,-0.12811823,-0.13113026,1.6596675,0.41860163,0.25054288,-0.30417508,0.36404437,-0.1429902
2026-03-12,534.1035786310681,-0.1504203,-0.58289945,-1.3798598,-0.42904124,-0.49010015,-1.0777392,-2.0395813,-0.762867,-1.237135,-0.47914487
2026-03-13,533.8371642379602,-0.17791463,0.36060905,-1.5559279,-0.8989736,-0.514564,0.17127542,0.14741428,-0.3740367,0.29637378,-2.8120968
2026-03-16,533.7243959757205,0.36383384,0.33688042,0.5665992,0.61244005,0.08592938,-0.036918636,0.7644382,-0.15450643,0.3249113,0.41113934
2026-03-17,533.6420740560029,0.8304309,0.1376131,0.23407164,-0.08596377,-0.1786635,-0.71102446,0.048053425,0.49054325,0.45512223,0.37897834
2026-03-18,533.5681517945751,-0.5510379,-1.8771361,-1.2163293,-1.0952461,-0.24419294,0.3572439,-0.89355636,-0.32190293,-0.3186156,-1.1443793
2026-03-19,533.5532732224648,-0.15510899,0.67934793,-0.3755292,-0.4097927,0.30653355,0.4189775,-0.62448525,0.14940707,0.570086,0.042377777
2026-03-20,532.8537591520055,-1.0920539,-1.0823226,-0.37374303,-1.063409,-0.7624629,-0.9586789,-0.29448286,-0.38782275,-0.08244744,0.36073762
2026-03-23,532.8095913470077,0.843023,0.93907475,0.7762632,0.15726817,0.57381123,0.02440966,0.32256636,-0.433987,0.3159255,-0.031364337
2026-03-24,532.7888660891567,-1.0045077,1.7642012,-0.08492139,-1.5528171,-0.95381993,-0.01259056,1.4019707,0.031022146,0.9029058,-1.2658563
2026-03-25,532.9830077419058,0.09872844,0.7024386,0.12631719,-0.2695059,-0.16189444,1.1995627,0.47157133,0.3670982,-0.43674266,-0.20351128
2026-03-26,533.5843897851545,0.031432047,0.08700019,-0.05456971,-0.7849995,-0.4477994,-1.2427156,-0.81021297,-0.0019458573,-2.6119394,0.594105
2026-03-27,533.0546793404405,-0.6961924,-2.3746016,-1.1699166,-1.4524664,-0.4519159,-0.43350253,-0.75888467,-0.902165,-0.18968813,-0.8779311
2026-03-30,533.3444426286345,0.11439462,-3.0754104,-0.68573457,0.33547765,-0.1395131,-0.85951,-0.97203207,-0.058706358,-1.3146974,1.0020806
2026-03-31,532.2759166573619,0.6683609,0.33008268,1.7123699,1.7448629,1.1129752,1.2168908,1.8287264,0.38071397,1.5825729,0.33577162
2026-04-01,533.0405010793371,0.09150533,0.11490061,0.3405552,-0.13291386,-0.26934713,1.4918703,0.47737196,-0.4242934,0.9417522,-0.21267359
2026-04-02,533.4154165479592,0.62617993,1.2726959,-0.050375517,0.6113663,0.13156977,0.8242262,-0.35970926,-0.16951802,-0.513616,0.2758086
2026-04-06,532.4600693519977,-0.18413374,1.1635514,0.60960376,-0.099363476,-0.13283926,0.11003672,1.027614,-0.3212883,0.27769613,0.25785846
2026-04-07,532.6754456749468,-0.21634136,0.0069893915,-1.4658176,-0.10066369,-0.33953705,0.7092391,0.046003286,-0.4755733,0.07015747,-0.589458
2026-04-08,532.6957294520133,-0.43119004,2.6369796,1.2294005,0.30006284,0.045611046,1.9194503,2.0201058,0.8289396,2.4232676,-0.0824912
2026-04-09,533.8646426356993,-0.5875868,-0.71744615,0.27020708,-0.19911027,-0.7435139,0.7877122,1.2765201,0.011659275,0.8302199,-1.4022496
2026-04-10,533.8820773503213,-0.8446263,-1.1153044,-0.12565647,-0.34186965,0.01178375,0.15708701,-0.07959,0.029013902,0.053225625,-0.6860345
2026-04-13,533.9483460216719,0.917879,-0.10293161,-0.43974042,1.9968572,2.2693553,0.75118846,0.3900904,0.7348679,-0.34519017,2.3409507
2026-04-14,533.865438546572,0.30980957,0.018966021,-0.2149799,1.2531601,0.86821234,-0.4126682,0.42378557,0.33865702,-0.07627704,-0.62411416
2026-04-15,534.7030533279465,0.56078565,-0.45934838,1.7380586,2.4985516,0.7580273,0.27842632,-0.56310046,0.0022452236,-0.17061341,1.3897259
2026-04-16,534.831207129936,0.75078595,1.7533933,-0.858902,1.200071,0.91039765,0.9125883,1.3758942,0.28973132,-0.3915586,0.5578227
2026-04-17,534.7702833400697,0.2918068,1.3563164,1.5233501,0.3248854,-0.3722843,-0.032917604,1.3163532,0.3587514,0.4497652,-0.49949196
2026-04-20,535.5369542201788,0.024428383,1.0651788,0.54509604,-0.62806934,0.24978755,-0.76742375,0.72884697,0.25822482,-0.45835257,0.65656465
2026-04-21,535.2034226603139,0.22815262,1.5022382,-1.765369,0.79220873,0.35875836,0.11697126,-0.13263239,-0.5037436,0.13048339,-0.16608156
2026-04-22,534.9676583544889,-0.45721778,-0.1395407,1.5468382,1.1260811,0.63113254,-0.29926163,0.5822816,0.071465276,0.5953586,1.3023857
2026-04-23,535.1489632575441,-2.5894,-1.2704557,-0.061986536,-2.2513874,-1.1866683,0.37111646,7.995067,-0.5466909,-0.03820172,-2.4296563
2026-04-24,535.135984966179,0.112837136,0.13889082,-0.6833426,1.1612264,-0.34429663,3.7102454,-0.8483831,3.303001,0.85669816,1.0076649
2026-04-27,535.278183543314,-0.5158523,-0.8769026,-0.9475444,0.017372524,-0.054449864,0.48319915,-1.2881885,0.2515595,-0.9259689,-0.86752546
2026-04-28,535.3040852021793,0.6444565,-1.4562643,0.6180391,0.5652623,-0.799625,-0.13068572,-0.7862733,-0.102749474,-1.816568,0.626801
2026-04-29,535.1403838738056,-0.7792594,2.1411893,-0.25166976,-0.6307049,-0.26393983,1.9854764,0.68743855,1.1981678,0.043133993,0.09982423
2026-04-30,536.070819126288,0.49757144,1.4095807,0.15753163,-2.2079425,-0.30021134,-0.08277877,1.9134786,4.4065275,0.81279844,0.4176675
2026-05-01,536.3405664445977,0.15156327,0.0668533,1.9308746,0.87846035,1.1515008,0.89268464,-0.03536964,-0.50286484,-0.46513018,0.713545
2026-05-04,536.6789904387479,-0.3488545,0.42111102,-0.8892998,-0.115641996,0.87537324,-0.71729326,-0.04640166,-1.6244482,0.100700974,0.50902814
2026-05-05,536.4162968533911,-0.061387792,1.1426743,1.56533,-0.30472493,0.4974578,2.0877063,0.21948552,3.1902585,1.3235577,0.2802055
2026-05-06,536.6533690514553,-0.42773944,-2.4143167,0.627692,0.33321577,0.832907,0.7329315,1.30217,0.9551914,1.1478802,-0.72879815
2026-05-07,537.2857867404368,0.70386565,0.20582703,-0.13888134,0.8764048,0.034642845,-0.5600484,-0.6794091,1.5432683,-1.2919029,0.94467264
2026-05-08,537.6183188567866,0.014219968,3.3332314,1.183395,-0.7364492,0.10980964,2.2225454,0.37387988,2.4199498,1.6035422,-0.44175214
2026-05-11,537.7351139481667,-0.7926647,1.4499047,-0.20469512,-0.32721958,-0.2176234,0.5801997,1.4938997,2.4914305,0.46232238,-0.9429024
2026-05-12,537.9466021514684,-0.5648126,0.21192892,0.34267575,-0.6476774,-0.6944834,-1.2483958,-0.41487134,-3.8656495,-0.8753203,-0.7359485
2026-05-13,538.075300918693,-0.608133,1.7231563,0.7619777,-0.34479743,0.26696348,-0.07826569,1.6308851,0.3770482,0.28677967,-0.66801065
2026-05-14,538.2883040215215,0.4886201,9.324203,-0.26590416,0.548384,0.5371235,-0.6657886,0.24025765,-2.031863,0.18815494,0.18935576
2026-05-15,538.1063035686124,0.11841952,1.5162292,0.31265798,1.6060754,-0.26917663,-1.12791,-0.81901115,0.17366783,-0.32282102,1.6124234
2026-05-18,537.8082383762053,0.4457961,0.2042139,-0.6389661,0.19948019,-0.63260585,-0.1279406,-0.3403785,0.28659675,-1.6117067,1.1921053
2026-05-19,538.0875460567918,-0.05732729,-2.4959414,0.12129634,-0.78799444,-0.5312224,0.38020217,0.22777934,-1.3080899,-0.5289307,-0.044203095
2026-05-20,538.177160678303,0.33816773,-0.9066683,0.58129066,0.45899382,0.64567345,1.1874663,0.35216874,1.0401344,1.2912546,-0.181171
2026-05-21,538.5081340241159,3.3298118,2.284714,0.45968607,-0.14135557,0.13736513,-0.09887364,-0.98233366,1.5944835,0.001701398,-1.2861193
2026-05-22,538.7860122845947,0.09409194,1.1767149,0.68309593,-0.072318174,0.20213348,0.15940362,1.5580629,3.3836575,0.24879417,0.14396839
2026-05-26,538.8290170884449,-0.3564465,-1.5447644,-0.22574553,-0.3302267,0.07458171,0.4835341,2.1729894,1.3222314,1.382703,-0.58157283
2026-05-27,538.6530959107564,0.50283915,0.627318,0.40264875,-0.43886107,-0.21728072,-0.27642715,-1.0549955,-2.0472682,-0.48367098,-0.2887783
2026-05-28,538.7097699063803,0.98164314,-0.88047475,0.2209043,1.8123261,1.1578718,-0.15643893,-0.23540764,1.2514292,0.022905383,0.5244405
2026-05-29,541.5872464613126,3.2301946,0.88593745,-0.21645577,2.731735,1.7999061,-0.90813285,-1.473458,0.91995823,-0.042317748,2.5683432
2026-06-01,541.9048743157765,1.9650587,0.33533192,-1.3286709,1.156632,1.645352,-0.82320726,-1.8496119,-2.8740287,0.42952794,2.0198874
2026-06-02,541.445868439249,0.7320943,3.7722151,1.7306224,-2.2067313,-0.27301311,-0.24661018,2.15511,1.5125028,1.8048025,-1.528881
2026-06-03,541.4214632972484,-2.0180612,-1.1065296,-1.1465684,-1.6675338,-1.0783958,0.6886987,0.043106254,1.1086589,0.53600794,-0.754552
2026-06-04,541.1447342048829,-0.3486505,1.8162451,0.0790994,0.08150869,0.4399199,-0.17050324,-0.48503432,-0.8651129,-0.014311992,0.34990346
2026-06-05,541.4629624723486,-1.5659595,-5.1909723,-0.9380308,-1.39685,-1.7984264,-2.0227823,-3.0448987,-3.634529,-2.9045484,-0.9223373
2026-06-08,541.3268987388161,-0.38835594,1.3009952,-1.3573468,-0.62052006,-0.17163524,1.7344685,0.8669148,0.21559297,2.2415736,-0.8732887
2026-06-09,541.4366456804246,-0.32572407,-2.5420377,-2.528621,-1.0609303,-0.5257504,-0.39057726,-0.36772355,-1.8473498,0.3291276,-0.99585444
2026-06-10,541.3526958264052,-0.5088081,-1.2008595,0.10617786,-0.786329,-0.41249722,-0.16856664,-1.0428746,-2.260527,-0.1888087,-0.6286999
2026-06-11,540.7597470856784,0.2466618,1.6622883,0.7699985,-0.9334079,-1.6043514,1.4518102,2.2715178,1.8033122,2.8976214,-2.2447312
2026-06-12,540.6565081394924,-0.26463607,-0.67659414,-1.1160834,0.048500296,-0.014256059,1.0242946,0.56806207,1.2639793,0.66315204,-2.4385707
2026-06-15,541.5050401368077,-0.3557028,-0.8015392,1.0437471,1.1744612,0.781469,0.40108252,1.7220534,1.252349,0.8277323,0.45387682
2026-06-16,542.3850218466678,0.20512897,-0.5978718,0.49107128,-0.76791966,-0.41243568,-1.4877204,-1.1009185,-0.99717116,-0.9060154,0.21411394
2026-06-17,542.7333289079888,-0.84325916,-1.6291426,-0.8403469,-1.9702458,-0.46642727,0.5264513,-0.57344764,-0.20245652,1.1075156,-1.8845886
2026-06-18,543.2906821512403,-1.3622563,1.155073,0.32732362,0.06219181,0.05557923,1.6195964,2.901142,1.7874274,1.0334779,-0.15153992
2026-06-22,542.7872602914056,0.32720843,0.99914926,-0.34112832,-1.6474705,-0.9106218,0.7978299,1.2313503,-0.6208035,0.94640166,0.0029953143
2026-06-23,543.163009431739,1.291848,-0.45757332,-0.71803284,0.89900637,-1.0274068,-1.0688493,-3.845268,-2.5993876,-2.5016754,0.5057997
2026-06-24,542.9909487796003,-0.20014085,-1.0994753,-0.39263114,-1.167985,-0.838574,-0.110262185,-0.20257421,-1.0698811,0.07971803,-0.10396845
2026-06-25,542.4531124841847,-0.48150924,-0.698991,-4.217824,-1.8005849,-0.588509,0.11975981,1.2130443,1.0994129,3.4128275,-0.52353257
2026-06-26,542.7037020194678,1.3347378,-3.5428708,1.8806823,2.824254,-0.4717772,-0.6044352,-3.8811996,-2.459475,-1.8190224,1.7141136
2026-06-29,543.0925215974843,0.60817635,2.2897465,-0.59131014,-0.6051149,-0.10639917,0.39581198,-0.01553551,-0.15277319,2.7598014,0.68910813
2026-06-30,543.0636209408821,0.3002324,-0.3769118,1.6091331,0.6054615,-0.15899488,0.9223741,1.857094,-0.6887912,1.0358124,-0.1917816
2026-07-01,543.5262046742996,0.46213973,-0.5093263,0.9939409,1.4974146,-0.50041616,-1.5738808,0.02655531,-0.52235323,-2.9453342,1.0614283
2026-07-02,544.1219403451961,0.29179248,-2.9968796,2.9487667,0.8004875,-0.28661612,-0.90532714,-0.80410343,-1.0084256,-2.1508033,1.4803464
2026-07-06,544.3947038617678,0.8722192,0.88637286,0.72029537,-0.48439014,0.40531,0.21441388,1.4899235,1.67288,-0.53167117,-0.21404764
2026-07-07,544.899590972774,0.55513597,-1.6487796,-0.5402915,0.26664162,-0.27323282,-1.6645316,-1.4990468,-0.62003523,-1.8780333,0.60616136
2026-07-08,544.9990918380604,-0.34362784,1.0939795,0.44614345,-0.7084337,-0.14923114,-0.053649046,1.142206,0.54597807,0.70823663,-0.043682177
2026-07-09,544.5602444511884,-0.5820985,2.6179435,0.46147642,0.13005006,0.43244904,0.3009675,1.0003742,0.68891746,0.78903,0.32242927
2026-07-10,544.9126952916972,-0.67946166,1.6113576,-0.3082994,0.09329524,-0.3843059,-0.4218743,0.38574478,-0.35461038,0.5672022,0.20738316
2026-07-13,545.2242352632155,0.23268329,-1.479727,0.28636134,0.74859667,-1.150618,-1.0425344,-1.8451256,-0.88444847,-1.3117841,1.1289535
2026-07-14,544.5170131508709,-7.4634805,-1.5693084,-0.6268437,-0.7813569,-0.4901413,0.6778959,0.97732157,-1.0311953,0.8806085,-1.4809273
2026-07-15,544.6625969186656,-0.7043796,-3.6411452,2.436178,1.3625529,0.58128446,-0.760912,-0.64404064,-0.06399951,-0.81771743,0.64820325
2026-07-16,544.8511038170709,0.93015426,-1.6240307,1.0108787,0.67981243,-1.1151593,-0.9981827,-1.4767888,-1.3271052,-0.9458885,1.6945903
2026-07-17,544.7535789609894,-0.7580904,1.2852812,-0.029365083,-0.91310346,0.28408587,-0.356941,-1.1045872,0.1640693,-1.6239887,0.34000546
2026-07-20,544.8184875064594,0.03773184,-1.0430679,-1.5312649,1.0551023,-0.70762277,0.30626994,-0.014902318,-0.30257276,-0.26808348,-0.32231408
2026-07-21,545.0202195752909,-0.3024813,0.7481464,0.105698496,-0.5646921,0.7612955,1.2983153,1.0624915,0.51765394,1.8712771,-1.1012322
2026-07-22,545.4482224830897,-0.57610404,-0.2058988,-0.49127153,-0.9292515,-0.17717762,-0.4663039,0.4030189,0.32608262,-0.5781918,-1.3340119
2026-07-23,546.0551971526924,0.105043754,0.13107888,-0.97360605,-1.1126993,-0.8086332,-0.40574607,-1.3867903,-0.8293767,0.36512166,-0.95464724
2026-07-24,545.5549625315376,0.9022075,0.68296003,2.1358814,0.013717321,-0.7420037,-1.3434061,-0.8474545,-0.7838557,-1.3704964,2.127878
2026-07-27,545.7641357266042,0.24232371,0.02995676,0.63307834,0.94170755,0.69055265,-0.14422403,-0.04831602,0.50742835,-1.0564963,1.9665468
2026-07-28,546.0517849141937,1.268389,0.41448057,0.48692325,0.53039855,-0.0064825914,-0.98990965,-0.38330367,-1.340621,-2.2582638,1.6963719
2026-07-29,546.1233316814369,-0.123740375,-2.2065876,-0.48578873,-0.3521385,-0.3288528,-0.86561483,-0.92569846,-1.4061795,-2.4258225,1.9990989
2026-07-30,545.8259578555397,-0.52821565,0.47209394,-1.0456825,7.0755806,1.335882,1.6712431,1.1443353,-0.8450457,3.7007902,-2.0768635
2026-07-31,548.7109110460453,0.20326264,1.2958368,-5.1105638,1.4099836,0.279506,-0.18966861,-0.26639512,-0.8349119,0.24703214,0.40386707
2026-08-03,548.581948440816,0.2812797,-0.30552834,-1.2935344,2.286457,1.4303056,0.10512146,-1.064855,0.74627954,0.4816944,0.18267843
2026-08-04,548.874964664731,0.90935284,3.3275387,1.1477515,0.49807933,0.42763278,1.5537622,2.216689,2.0586743,1.3474702,0.8933011
2026-08-05,549.282013048225,0.076068886,-0.36604866,0.21856959,-0.5133025,-0.16476767,-0.0008730136,-0.91127944,-0.99334455,-0.66486067,0.29986548
2026-08-06,550.007951366365,-0.2478128,-0.5893388,0.17316462,1.1724356,-0.11632981,-0.22060552,0.082485765,0.49034253,-0.3947984,0.1772816
2026-08-07,550.0938462134462,0.37918943,0.098899044,0.06967212,0.012995139,0.38026807,0.24664453,1.1256301,1.3027282,0.51091534,0.70910805
2026-08-10,550.5324601243649,0.06952092,0.4396794,-1.133513,0.56026524,0.42022628,-0.6588556,-0.85719997,-1.0561801,-0.89779407,1.0499249
2026-08-11,550.579009877863,0.20388734,-1.4760358,-0.8375353,-0.20520665,-0.61486644,-0.0016345026,0.0993446,0.05169929,0.11269869,-1.1354377
2026-08-12,550.6320475428496,-0.23740889,1.7819033,-0.69592184,-1.0561303,0.8229444,0.46211857,-0.72066885,0.029764546,1.0334878,-0.6004502
2026-08-13,551.0418476360946,0.111229025,-6.444505,0.5261368,0.41559178,0.28985482,0.4978209,-0.5018786,0.26755536,-0.7141065,1.5855491
2026-08-14,550.8633252611554,-0.27474037,-1.3523849,0.02092618,-0.13634567,-0.6064648,-0.33111405,0.9130389,0.13721694,-1.4279858,-0.7800285
2026-08-17,551.2631468240768,-0.53765595,0.5446479,-0.19534172,-1.4148884,-0.426922,0.113344274,0.47573105,-0.68598276,1.3397117,-1.2722933
2026-08-18,551.5268603143502,0.3738595,-1.0362674,0.82223874,0.123438634,-0.4355676,-1.0484699,-1.6277779,-0.40178013,-1.0956302,1.2675002
2026-08-19,551.2915329347079,0.43362957,-0.8995358,1.2981175,0.2562131,0.10030837,-0.64733976,-0.76332074,0.2727415,-0.9929622,1.2561145
2026-08-20,551.8478955479732,-0.3319895,-0.8392742,-1.2761328,-0.21078402,-0.20490147,-0.13899525,-0.30969706,-0.25209242,-0.030645069,0.024335926
2026-08-21,552.1008031749257,0.1892367,0.7016206,-0.5342659,0.19887388,0.46799392,-0.36727747,-0.21492843,-0.038187444,-0.26307046,0.44274083
2026-08-24,552.8543180227791,-0.4390614,-0.73712367,0.087155804,0.3797436,-0.44706202,-0.49834806,-0.8800956,-0.44373828,-0.48655277,0.17712174
2026-08-25,553.1463008961462,0.29676464,0.33274838,-0.21545845,0.40545723,0.23844385,0.006329026,0.15804638,0.32959887,-0.2797429,-0.2359088
2026-08-26,553.3330158722986,-0.40733913,0.55838126,0.62506276,0.4244425,0.42313802,0.09626677,0.25388408,0.52534676,-0.0744157,0.00053352444
2026-08-27,553.6559563020007,0.8269093,-0.35410848,0.113880694,0.77572376,0.30426142,0.5938146,0.72796917,0.14739437,0.07832535,1.9636922
2026-08-28,553.7775203261805,-0.29267555,-1.6174835,0.9375817,0.74237174,-0.12324302,-0.45205486,-1.2632909,-0.14286378,-1.1748965,0.3361426
2026-08-31,553.7241205246947,-0.15923627,0.13080932,-0.7101592,-0.5411758,-0.19042489,-0.02408059,0.34225157,1.0476232,-0.24081813,0.20568907
2026-09-01,553.5437178456756,-0.23145199,-0.6991599,1.5707935,-0.55194914,-0.845143,-0.1192286,-1.238183,-0.7038631,-0.996291,-0.73619586
2026-09-02,553.302636931831,0.028030766,-0.40232393,-0.15668216,-0.37400517,0.4678917,0.14644736,0.21885408,0.537532,-0.25625032,-0.70435977
2026-09-03,553.3493496100477,0.28178254,-0.7686011,0.53066957,1.1838049,0.84770423,0.23093417,-0.17738175,-0.12007691,-0.20843063,0.7783703
2026-09-04,553.727504825725,0.016396146,0.15426019,-1.7914765,-0.9154541,0.4571923,0.61321765,0.7252709,-0.010082304,1.0156096,-2.3261926
