Date,T10YFF,AAPL,ORCL,MSFT,IBM
2000-01-04,,-0.08807695402783285,-0.09250960591523559,-0.034363932254065435,-0.034533551391289254
2000-01-05,,0.014526833800327441,-0.05426082784940319,0.010489304271387582,0.03453355139128922
2000-01-06,,-0.09051385518476986,-0.06062496330845405,-0.03407256744734336,-0.017391513611426886
2000-01-07,,0.046281473385980224,0.07401531794868998,0.01298377922726995,-0.00439600010832598
2000-01-10,,-0.01774460456919899,0.11306973827400281,0.007264035394114442,0.03888232129376191
2000-01-11,,-0.05250580154610146,-0.029591389934147054,-0.02594601104432481,0.008438362067721078
2000-01-12,,-0.06184620107989748,-0.061946277183914336,-0.03311392922457044,0.004192203430142531
2000-01-13,,0.10406866575340754,-0.005339891574028201,0.01872538460121247,-0.01051450464394694
2000-01-14,,0.03740563016045732,0.016519797699651333,0.04033455566768283,0.011560598498679946
2000-01-18,,0.03425381047552689,0.04070481987302613,0.026917598496877436,-0.03292922356030415
2000-01-19,,0.024942481115718833,0.026608914627358118,-0.07481712458090084,0.0318831297055712
2000-01-20,,0.06307118705843584,0.03652415241658518,-0.009389487054753877,-0.00419220343014246
2000-01-21,,-0.01946129021312884,0.007356787195731226,-0.021454498382890826,0.020790985689020717
2000-01-24,,-0.046546608798216656,-0.09667282753430002,-0.024391826329323227,0.0
2000-01-25,,0.05493343868035246,0.040683769574762316,0.015314516111114484,-0.01974115497025654
2000-01-26,,-0.018545140757234325,-0.024664699344177025,-0.034007225394563745,-0.02013846240766105
2000-01-27,,-0.0017031539151097172,-0.06083739765043629,-0.006308667421294119,-0.028232051672586037
2000-01-28,,-0.07919106955043961,-0.08953675677043066,-0.00507607900545119,-0.017217934012989572
2000-01-31,,0.020694801805295798,0.05299038345513606,-0.003824392908205538,0.006143610843430486
2000-02-01,,-0.03431757534141556,0.07789923962325708,0.0504306519061129,-0.020247702038356137
2000-02-02,,-0.014442715945114514,0.0057699106844946784,-0.020859509930258653,0.03132202520791516
2000-02-03,,0.04453456487836415,0.042799708042752585,0.02751667247633151,0.03143951273954254
2000-02-04,,0.04437311694362005,0.019651077392998623,0.027952870118157745,-0.012890348687604304
2000-02-07,,0.054614602520808006,0.03609722939672617,0.0005858739121689231,-0.013057518890878049
2000-02-08,,0.007099004041706742,-0.006276105286463014,0.03059423581503581,0.041304234451586166
2000-02-09,,-0.019781695029599186,0.006276105286463151,-0.05552035504836926,-0.012172650908738699
2000-02-10,,0.007739720680110931,0.038859964092335865,0.019047734081435282,0.014799747374482329
2000-02-11,,-0.042751462478162715,-0.04303960096311942,-0.058894365905209606,-0.031985793652287264
2000-02-14,,0.062920814078143,0.04103161550611547,-0.0031320762351803844,0.00594115291585461
2000-02-15,,0.027151258005872408,-0.013151468612871836,-0.010722263882976911,0.009112887315899399
2000-02-16,,-0.04182987127149268,-0.0020388454831389976,-0.0095571695352937,-0.01180933051896744
2000-02-17,,0.00655123601512827,0.006103484293920487,0.020279433418270574,0.008602106325341589
2000-02-18,,-0.032064947938409125,-0.050972722905855784,-0.04687863402745529,-0.03708086828183635
2000-02-22,,0.02277235620208583,0.012725624172607027,-0.013236207150457096,-0.01342356001461946
2000-02-23,,0.021189978954965,0.061305884248228255,0.004652634108600779,-0.02047825704368114
2000-02-24,,-0.00904611847959739,-0.01800045112134921,0.005290876625671048,0.015963417068644556
2000-02-25,,-0.04281273037942603,0.13125846929239776,-0.03695388370719653,-0.02288446409725961
2000-02-28,,0.02571466629539742,-0.028727377738033938,0.002734070640837298,-0.03294393006515018
2000-02-29,,0.012068255328934002,0.0787807940532168,-0.02418078238796511,-0.016887757826377213
2000-03-01,,0.1282682814524042,-0.03774010648839113,0.015956318621189403,-0.024632191177548692
2000-03-02,,-0.06591328739503853,-0.04286386972153862,0.02782651811405335,0.028275158163774464
2000-03-03,,0.0480082848347895,0.09065446412311343,0.02902582700267287,0.04618872090530151
2000-03-06,,-0.01823074848293277,0.009950543326664826,-0.05891926406700816,-0.046795440530818806
2000-03-07,,-0.02263162123797736,-0.010783916067637218,0.024524239508180504,-0.0006065578536061258
2000-03-08,,-0.007145915113879277,0.10368985990680674,0.02852608383656416,0.03106594697801891
2000-03-09,,0.0020469152764690554,0.01047203799320498,0.0453895439852136,0.01633605140640603
2000-03-10,,0.028227547478042923,-0.02868130076281979,0.00994994020992821,-0.025792499121597583
2000-03-13,,-0.035926279705031136,-0.035857136487719536,-0.03015267441022755,0.022895624585404867
2000-03-14,,-0.05998081811785687,-0.02247276295237852,-0.029776053425419866,0.008667292250094284
2000-03-15,,0.01735356824570196,0.020884176212916952,0.0026250972436033487,-0.015072559957570768
2000-03-16,,0.04468568924316977,0.041267131426775724,0.0,0.018519052448769415
2000-03-17,,0.027885305041160807,-0.02627672796694633,0.04108375742394142,0.009132308565160969
2000-03-20,,-0.016129156594774333,-0.021369922920448835,-0.020330780323030668,0.024693271534501852
2000-03-21,,0.09262742209279623,0.032273324518731564,0.053729423555448214,0.006629058086864942
2000-03-22,,0.06630249281090915,0.04097694404311816,0.004853944183685668,0.0065865635379706855
2000-03-23,,-0.020140451935312026,0.03291017281134368,0.0802292972515688,0.008714687645461877
2000-03-24,,-0.018750751673901677,0.0014378360644130806,-0.0016772894227853905,0.04558315572552769
2000-03-27,,0.0062895874198106785,0.0163876121625403,-0.07071286991381814,0.05051603796254734
2000-03-28,,-0.003139848854316925,-0.0214292757438868,0.0023987645074266713,-0.03509173259617958
2000-03-29,,-0.023177296631579292,-0.0480688525275888,0.027188852978982197,-0.02898784962638779
2000-03-30,,-0.07789946134077652,-0.05049598629142734,-0.03621627434802857,0.031026530811973128
2000-03-31,,0.0769795442876557,-0.0047919841789435,0.02743134978279965,-0.03629233017942633
2000-04-03,,-0.0185800518550189,-0.015329417775521858,-0.15630991515239068,0.030163391821783337
2000-04-04,,-0.04605066003396155,-0.012269648941948971,-0.025776136554672976,-0.006682284840307053
2000-04-05,,0.0237700807824039,0.029998389682490027,-0.025009996077322013,0.030975265885196994
2000-04-06,,-0.04060181972562301,0.049094043750412666,-0.004350958179203192,-0.018164042687246952
2000-04-07,,0.05109299546999178,0.058340229793207826,0.03499079648295573,0.0030503766859765052
2000-04-10,,-0.05259262421830291,-0.05454562603826898,-0.03426438161083101,-0.00815502155052578
2000-04-11,,-0.0455202012256908,-0.0641342844230019,-0.02574615387881199,-0.02277520749774952
2000-04-12,,-0.08915497329257353,-0.05649352119258913,-0.05514433228615687,-0.04826689893744582
2000-04-13,,0.04091420127896854,-0.01637273820070987,-0.001575902857764785,-0.027856680988594253
2000-04-14,,-0.017170381015705134,-0.14063084569760048,-0.06685493931097126,-0.05218547239226122
2000-04-17,,0.10189086806509545,0.1798187354084965,0.023333980519882915,0.0634215180856936
2000-04-18,,0.023929745254042605,0.05367121818425641,0.059946062617944766,-0.0033579132767508554
2000-04-19,,-0.04637958555077668,-0.057018744688782486,-0.023548199750284594,-0.060063604808942704
2000-04-20,,-0.018750473220319395,-0.051601941831513946,0.003171565134750737,-0.009569484587992456
2000-04-24,,0.013577547666226956,0.022688451358819698,-0.1695761904527997,0.02375314339041135
2000-04-25,,0.06281835414202762,0.04223592778343668,0.04044629754928864,0.05480916811255531
2000-04-26,,-0.05609884651347143,-0.04569353285405275,-0.02001881320564688,-0.01793839998965605
2000-04-27,,0.04384671744377636,0.0685891471524918,0.02630556679616983,0.001131045466943173
2000-04-28,,-0.021431120688080854,0.03338901944996581,-0.000895575858781002,0.00787813241668137
2000-05-01,,0.002013434022704669,-0.0031319099288253946,0.05151739392616185,0.004474298820847707
2000-05-02,,-0.05317452190125255,-0.02381088549931077,-0.049726504929775824,-0.00559625368342473
2000-05-03,,-0.02414869599031692,-0.026039364025924588,0.009790122068576407,-0.029614186430929217
2000-05-04,,-0.03876486792809941,-0.020824961945429345,-0.0017727136184407981,-0.0046353093280170395
2000-05-05,,0.021782893634408083,0.03392967908815118,0.009713469377782918,0.002320123502690083
2000-05-08,,-0.026877398636200995,-0.06037019483764133,-0.01862619096552344,0.018437292591748023
2000-05-09,,-0.04349806725328742,-0.004330884092286168,-0.02906601859000259,-0.006857628204035619
2000-05-10,,-0.059846256475041035,-0.06268828317539492,-0.0242558358512579,-0.05661803700128563
2000-05-11,,0.03463556389056051,0.06788304473369465,0.02517671016623958,0.013859455417214804
2000-05-12,,0.04574628284073579,0.02473477920316388,0.013717234086264919,0.0
2000-05-15,,-0.06353298479971337,0.03720967194961785,0.008141156598233078,-0.0023961575869680305
2000-05-16,,0.04536531724960746,0.028012844905036634,0.0018008321212922304,0.04515473917103896
2000-05-17,,-0.04165950717530295,-0.012708065804940815,-0.026425505738267404,-0.010373879771366517
2000-05-18,,-0.006183764487414483,-0.06779471998641946,-0.022410427233762267,-0.01694459368452069
2000-05-19,,-0.06934760399112382,-0.04192782906047124,-0.017143181123044107,0.0035293925684810137
2000-05-22,,-0.04418044659508587,-0.03264080746704232,-0.013539618929704305,0.02608078041594415
2000-05-23,,-0.046949769272468654,-0.0795824378472818,-0.015701964036446185,-0.017311052205860572
2000-05-24,,0.021614236470925273,0.025617473777971897,0.036897494324234975,0.020737718197677158
2000-05-25,,-0.00482292261150075,0.03347991607703264,-0.06396690920714178,-0.02892081362023443
2000-05-26,,-0.010258503328807568,0.008430514691919392,-0.0010163796150404185,0.004099808789992252
2000-05-30,,0.01365514514317303,0.1019034387645775,0.03104879164184328,0.03672231740411638
2000-05-31,,-0.041535989520776244,-0.03166745403249468,-0.01290314389734417,-0.03322146206956201
2000-06-01,,0.059223150104499446,0.0801766651114165,0.03146733582965928,-0.012306036540985346
2000-06-02,,0.03784407240137205,0.029262080831801512,0.026744483697904314,0.02618745425906654
2000-06-05,,-0.013596852053352376,0.009310229303566816,0.00844669433808596,0.03610024822470456
2000-06-06,,0.016966837592215005,-0.04906060268752356,0.04029857352463346,-0.003885539011360213
2000-06-07,,0.03893613323158301,0.037410169807709684,0.01248914910472628,0.07394937244288682
2000-06-08,,-0.018289132016494295,0.029255027615830594,-0.02422738139986221,-0.010384261318701321
2000-06-09,,0.009839798199197532,0.003786564466115511,0.0,-0.0005220968001965028
2000-06-12,,-0.04882282093352708,-0.026035259938310212,-0.0285603412294975,-0.007075280673743899
2000-06-13,,0.03568201769021104,0.013867860482687927,0.014843107143232616,0.00393683200918747
2000-06-14,,-0.043940775358255704,-0.03345328423292374,0.0379446154861271,-0.02815568535963223
2000-06-15,,0.021197441015188608,0.04335009330271035,0.026248509592311536,0.006979226162432837
2000-06-16,,-0.012938683347143865,-0.0076041308328956,0.0025870917765034446,-0.030971585892708972
2000-06-19,,0.057919079969918574,0.04915342898689635,0.015385085130194563,0.06101403846323471
2000-06-20,,0.04675560693605518,0.0005452110616194122,0.01682109858145399,-0.03379408836182764
2000-06-21,,0.09418737149790847,0.0016326255518665073,0.07392931161404431,-0.016242872845335068
2000-06-22,,-0.034289693651133595,-0.05592189052884647,-0.010120630235530007,-0.02375162770139258
2000-06-23,,-0.03912764253265591,-0.024845891808885835,-0.027768521187956387,0.0005588581440241847
2000-06-26,,0.04608070133621161,0.039311237956081616,0.023062500871044944,0.022373764455702206
2000-06-27,,-0.04487207104472851,-0.005304723388295814,-0.008685024691656943,-0.04155130747598646
2000-06-28,,0.050628851710397944,0.008323523110640017,0.0015842466514725054,0.03607278608617927
2000-06-29,,-0.06033679159905718,-0.0251827666318701,-0.0224188781141322,0.001920884800709403
2000-06-30,,0.02171335632324124,0.03865588375686876,0.035789179910872784,-0.039703123109522835
2000-07-03,,0.01774138488204053,-0.04719330535304181,0.0,-0.0005707994323506523
2000-07-05,,-0.03216475308122976,-0.1033699485799007,-0.018927419078006897,-0.04196400191756575
2000-07-06,,0.0036249693157701253,0.044789422651627525,0.030577930038322643,-0.03636801790469903
2000-07-07,,0.04942183415923505,0.0033007004966173555,0.013041831982579976,0.03696290200811413
2000-07-10,,0.048188621093257236,-0.023334423775384763,-0.03174842687809147,-0.016797129075125764
2000-07-11,,-0.0032873701766583437,-0.024755699372860065,-0.0039414736966594515,-0.01278517624129692
2000-07-12,,0.033461876895667826,0.03231569791955178,0.014896240455016708,0.02540977219395571
2000-07-13,,-0.041175236901685584,0.014125849069786808,-0.004679932801617542,-0.005991864065864067
2000-07-14,,0.020799390436914082,0.004938165413633135,-0.012589051818284505,-0.0006009634028565408
2000-07-17,,0.010776797969405947,0.0,-0.009546396169735884,0.014920925225749945
2000-07-18,,-0.01838991294798679,-0.025781055733794345,0.00398927888846982,-0.020952693709688254
2000-07-19,,-0.08304919337649384,-0.00591483103907171,-0.07092881957294973,0.051293411271639916
2000-07-20,,0.045224990545113225,0.05762915974098711,0.02281517309611738,0.07525705033740858
2000-07-21,,-0.028754100151176066,-0.03500563645713842,-0.03398824816081775,-0.021553001064254323
2000-07-24,,-0.09542614567200544,-0.005816345251280594,-0.02449869218789043,-0.01980208686940476
2000-07-25,,0.027849151495034093,0.013245551260289973,-0.02239195258430373,-0.004454691037896257
2000-07-26,,0.0,0.00981962672957096,-0.017359501211880277,-0.019155721516064504
2000-07-27,,0.037971172991884065,-0.02223205113981705,0.022779264999479572,0.003974195954069249
2000-07-28,,-0.07355316645332574,-0.03646025304670422,0.004494799097842336,0.013506026345023592
2000-07-31,,0.05045212746910824,0.03812334104219213,0.0017919544926806095,0.0039056028874338285
2000-08-01,,-0.02996505391111009,-0.027814277424032557,-0.016245838615628918,-0.015713366507156316
2000-08-02,,-0.042724135837705755,0.0,0.009959085025105927,0.03337315799312128
2000-08-03,,0.01574815285333277,0.05730121002661474,0.012534052122598376,0.015201515802198367
2000-08-04,,-0.013106696211803402,0.05189848747662264,-0.016143932010440634,-0.0010783170470814987
2000-08-07,,0.01180407886792432,0.0038239772794580722,0.01257846914150696,0.0037684641645987027
2000-08-08,,-0.025084503841738975,0.013646538606211135,0.05725789512755264,0.02291041993468936
2000-08-09,,0.015915341880548873,-0.019772578579121854,0.0016850230802086864,-0.0010518339436442646
2000-08-10,,0.0013146920213899353,-0.016260234379031877,-0.022128629833100155,0.008385675171406232
2000-08-11,,0.0026260472742006408,0.01318397187732313,-0.0025844292663030886,0.007280253803527773
2000-08-14,,-0.013193314947576815,0.015290459227235174,-0.0034576030464505336,0.021528239915940328
2000-08-15,,-0.008000492590205098,-0.013750672000637839,-0.0078231585580808,-0.010194199300586992
2000-08-16,,0.0380872009524041,-0.0007695972452401382,-0.008763775928174749,0.0030695552054298284
2000-08-17,,0.058804177329204635,0.033310403368323055,0.007890785081102216,0.0010208830628184785
2000-08-18,,-0.028344705458220987,-0.03177262790769186,-0.007890785081102242,-0.016980409849053368
2000-08-21,,0.009950625773609776,0.022797687474082746,-0.005295831744738014,0.00826898897281826
2000-08-22,,0.023242100626811844,0.0044978263532663414,0.008810458282361374,-0.0005145850156634973
2000-08-23,,0.049538525106102904,-0.008261588814359134,-0.007042269870910674,0.015329766924237475
2000-08-24,,0.032548654685821576,0.0216343770572024,0.005286677060017013,0.012597607979849578
2000-08-25,,0.012453720190659146,-0.0007380073298031509,-0.007054865471467672,0.03299942180743634
2000-08-28,,0.02176304578160971,0.024800946755517427,0.009687276169160637,0.01919431100753968
2000-08-29,,0.01919129703529784,0.011461393658918432,-0.005272122975004945,0.010402579948634682
2000-08-30,,0.005265676579072141,0.005681808961126115,-0.013304643025069863,-0.01947337624297205
2000-08-31,,0.023872428381058488,0.02999872690458913,-0.0026818356631416497,0.012984780222506638
2000-09-01,,0.04020657692968636,0.018386535558537562,0.005357034535834449,0.012116876249479627
2000-09-05,,-0.01588970964992168,-0.017012993964763554,-0.0008908783733840693,-0.018409711889811
2000-09-06,,-0.06620791068199154,-0.020104591840891025,-0.009852404490989638,0.0019043627644284196
2000-09-07,,0.05917684727818592,0.02147624940565159,0.008960731745588065,0.014633006624870073
2000-09-08,,-0.05171854182143305,-0.0520510497859593,-0.010762372914011959,-0.029483382039957918
2000-09-11,,-0.007458305456752923,-0.03676872015204649,-0.007240020691792868,-0.03937552603172432
2000-09-12,,-0.011834550940540662,-0.04991448886183347,-0.010040812431823615,0.004007903136252586
2000-09-13,,0.004319376997802842,0.030246035366998696,0.001833200643503753,0.021272650601048722
2000-09-14,,-0.019861424379728102,0.03748599454165272,-0.03636756247582681,-0.006383353905495934
2000-09-15,,-0.028995873274140573,-0.08120845812649588,-0.02500157004110616,-0.014889296695552796
2000-09-18,,0.09363708845220653,-0.023824779154990153,-0.018673965761144395,-0.014098853536532258
2000-09-19,,-0.011919331544955942,0.036513604957663516,0.03125269055524359,0.013598751011632266
2000-09-20,,0.018339094189183714,0.007848849350678267,-0.011605282898107621,-0.001501809943275645
2000-09-21,,-0.07408831742498406,-0.01258832637036464,-0.0009734418959916196,-0.02639748237616376
2000-09-22,,-0.08271074368874648,0.02250833477689123,-0.014712925828145615,0.019358493578584792
2000-09-25,-0.794973479386337,0.024838238294078316,-0.024886553984332798,-0.03213141338092893,-0.007088381459538576
2000-09-26,-1.540004714726225,-0.039313881979771606,0.00869240218952709,0.023198057933601194,-0.03201076721249303
2000-09-27,-1.3950231728353426,-0.04982371251986508,0.005492746650624861,-0.03345518417798068,-0.009489030715692612
2000-09-28,,0.08913759449963664,0.01994837999334679,0.01127671797913892,-0.02358047550921989
2000-09-29,-1.3744423433030462,-0.7312478766401866,-0.03413352883349884,-0.01644412202098629,-0.023040563535422408
2000-10-02,-0.7652560590587557,-0.060016213723699474,0.0,-0.019885533166620943,0.04503086390814308
2000-10-03,0.29993710217481795,-0.08326889960425107,-0.12495118848965944,-0.04430744060071894,-0.06351375548397595
2000-10-04,0.1674241872099464,0.05715724384073915,-0.01998279817217232,-0.020090625526037326,0.0339019646037672
2000-10-05,-0.15815555943626755,-0.06842673270283453,0.0027486950378377635,-0.0011279309439004668,-0.010437001499964892
2000-10-06,-0.7594122139469011,0.005649452898775551,-0.010114967214861026,0.0033807735621196097,0.02454443864488999
2000-10-09,,-0.019914225341943176,-0.013023634529105571,-0.025058640904751857,0.016564355500855978
2000-10-10,-0.2848809845318886,-0.04106166166541637,-0.032352864352776414,0.006897113694905265,-0.02630986446265741
2000-10-11,0.6512044476315029,-0.061749979723379866,-0.0374429045202697,0.021530234559103755,-0.025345664697505512
2000-10-12,0.7173500914720542,0.018930290148511456,0.011976065170234937,-0.024972499069113734,-0.08255691892198276
2000-10-13,,0.09814612368345255,0.12305989447876775,-0.01156164198687419,0.05597951834402852
2000-10-16,2.8933749814856116,-0.025825008316951507,-0.030277858880078605,-0.06484858013767533,0.018734368099201933
2000-10-17,1.1263627243487928,-0.06609087974073176,-0.025642389091695948,0.0012401881483605076,0.016731856303979994
2000-10-18,1.2217920392115724,0.0,-0.003717746364793949,0.02568939532000274,-0.16891603273988784
2000-10-19,1.7421296831383561,-0.06081800666085123,0.08047246427373465,0.17869199259757168,0.010423240113695227
2000-10-20,,0.029268400797072137,-0.031416197638493536,0.052150898074956466,-0.017652897751183456
2000-10-23,1.2313639082431798,0.04389433638336151,-0.03426855636850021,-0.04811879364840209,-0.01998701383436243
2000-10-24,,-0.07646793450695404,0.05009958629381218,-0.010111419396976719,-0.015599469377161295
2000-10-25,0.8835864213247528,-0.020069530992056318,-0.040967524591602814,-0.004072960289721488,-0.043302288030615046
2000-10-26,0.6852354538789216,0.0,-0.009132061702209412,0.050731947416290675,0.057554262162453865
2000-10-27,1.4313111699693861,0.003372624685603479,0.0036628521420662466,0.04920561907929429,0.010057123575170775
2000-10-30,-0.6720653302606368,0.03960917246152899,-0.07791200135101099,0.020109943349220265,-0.004010353177468049
2000-10-31,,0.012861483457398914,0.042559589098959925,-0.002718654404339549,0.05410245811480892
2000-11-01,,0.046810306442424295,-0.05049625914045599,0.01083046036899756,0.0006341299291074685
2000-11-02,-0.43060848152592135,0.084724524852251,-0.059504527728532104,0.0098259132908216,0.03366920251628011
2000-11-03,,-0.0028075016942808615,0.02505339890314776,-0.029771757374277487,-0.017940821337958022
2000-11-06,-0.8914970293218147,-0.03719796404344015,-0.0815899493681136,0.018149600507845132,0.0018715997409934015
2000-11-07,-0.5342999356212548,-0.00585019163931059,-0.05047001039041258,0.014285392680337072,0.019740878299197486
2000-11-08,-0.19123578192126184,-0.06044018387436621,-0.06815290760020926,-0.01518571953964536,-0.021590171849798428
2000-11-09,-0.3234541778456214,0.00621069188334215,0.09141012319448823,0.020491006678862382,-0.005641019455804106
2000-11-10,,-0.05733949304558327,-0.06653284021872503,-0.050643544318926426,-0.06692993328494498
2000-11-13,0.3266115221132144,0.01625939380631445,-0.02739880892489257,-0.014012521579851295,0.046612213038442034
2000-11-14,0.749310321522022,0.044171236709674745,0.1366825981218396,0.03512339735969841,0.020946247479633348
2000-11-15,0.8123563685853514,-0.01869109594830794,0.0174677905273428,0.018002393605804776,-0.0012569022921419912
2000-11-16,1.269892839104359,-0.045024176349425356,-0.05334584508809614,-0.016187218104129177,-0.011385285806801055
2000-11-17,0.7779222559663377,-0.02666882770382352,0.051178880784400756,0.001811250828802333,0.03684468269211832
2000-11-20,1.2926708621486012,0.023374728318576805,-0.15198342434548714,-0.02752404901631436,0.012792808061130043
2000-11-21,0.8759955589187096,-0.006621990255606185,-0.035994046275269545,0.00833714308220361,-0.04709582450085148
2000-11-22,0.7729168251465082,-0.016752738062970667,-0.06768449820266742,0.007352867815312697,0.0
2000-11-24,,0.04298179714713247,0.07810171626653752,0.024424450490564832,0.014487785963439132
2000-11-27,1.150921916859743,-0.03289849554560518,-0.04233458988610118,0.01066670452205361,-0.015122853754549274
2000-11-28,0.8209178539435737,-0.0357461592769987,-0.02047873695383146,-0.053576168589804726,-0.0057313707810932885
2000-11-29,,-0.02634188633214517,0.00960911012884047,-0.02934450001004218,0.019602594370072567
2000-11-30,-1.1287806466590984,-0.06240454068039768,0.14709990981906101,-0.1257397422675598,-0.06533211959783088
2000-12-01,-1.5238877579145302,0.033524288635115834,-0.0023608578680163208,-0.013157567626254812,0.022472641576481024
2000-12-04,-3.7883508316902166,-0.02222589943639632,0.06409480163394729,-0.0033165656697913696,0.02835294108361436
2000-12-05,,0.01855273191010708,0.11110892231224964,0.059124881494764095,0.04957656659433555
2000-12-06,,-0.17208028215765878,-0.042559637628647014,-0.05470571329366396,-0.06623261356204739
2000-12-07,,0.0,-0.06412451657559222,-0.06490578741727128,-0.038187755705796717
2000-12-08,,0.05107568151350967,0.05997530955322997,0.02440611972461256,0.040768295673307635
2000-12-11,,0.008264103488643992,0.06050252510522417,0.06446676121713824,-0.020834281732565595
2000-12-12,,0.012273186270899175,-0.03789097721017237,0.005367110208864438,-0.011912993071754219
2000-12-13,,-0.02469522692843672,-0.08038183609695283,-0.019459741103083638,-0.028361006929836303
2000-12-14,,-0.0382187347121971,-0.03132225717084875,-0.031044843775031857,0.012930083520388753
2000-12-15,,-0.026319392628462154,0.037908465955294776,-0.12074354799751767,-0.05132931648104615
2000-12-18,,0.013244151784222601,0.11364129295237478,-0.02835246576768021,0.030146173083674538
2000-12-19,,-0.0176981374133267,-0.04391905192995394,-0.0647996767726561,-0.0041525585976748694
2000-12-20,,0.02643139334092615,-0.07191277149720576,-0.07679416238086849,-0.04685010719861244
2000-12-21,-3.749861050746561,-0.021977407711821963,0.03448644607975312,0.04562954178667805,-0.05297768689447442
2000-12-22,,0.06453812734065931,0.07743141855955962,0.06678479174369252,0.08726677763542523
2000-12-26,,-0.02105201824720528,-0.02985288093467964,0.009377060684782682,-0.04819344893318555
2000-12-27,,0.008473929147450316,-0.008113366724288163,-0.009377060684782602,-0.0014750037545531484
2000-12-28,-2.9274361553183086,0.0,0.012145845852902702,-0.041215002917583426,0.00662017735149171
2000-12-29,-3.0197405469811196,0.0042105895804312775,-0.06655249045340322,-0.027008967042187686,-0.0029373793332699203
2001-01-02,-1.2621173158840537,0.0,-0.0970322329692304,0.0,-0.002207794263668549
2001-01-03,,0.09607458213483999,0.19331908401654585,0.1000144716884136,0.10947845076389415
2001-01-04,,0.04112862272381576,0.017425457346410437,0.010376276020916514,-0.015307763751269386
2001-01-05,,-0.041128622723815844,-0.07780595525269077,0.014094170687298787,0.008680897613141156
2001-01-08,,0.01138432469316256,-0.0062432905660904404,-0.003824392908205538,-0.004664618364686882
2001-01-09,,0.037042641069481144,0.05087541958846024,0.057087814452185616,-0.01074588094388533
2001-01-10,,-0.037042641069481186,0.03891533533157532,0.020298583264659265,0.009409079030856513
2001-01-11,,0.08323225120857275,0.017030069576700606,0.03940297413116193,0.0026718191721662754
2001-01-12,,-0.0461896101390916,-0.03047856555824106,-0.02765171146263874,0.0013335687528085636
2001-01-16,0.29213709007862,-0.003643152786564195,-0.015594941794990606,-0.01767890855783662,-0.011391086762071307
2001-01-17,0.9287723961728368,-0.01841849978051695,0.044195544470555105,0.007109230944042388,0.04157656031315396
2001-01-18,0.8901358437731963,0.1057316071826792,0.016775896206317347,0.047270981088125864,0.11353683466033479
2001-01-19,1.4649011311307025,0.04255982751412172,0.021938697366772324,0.09449089622567856,0.026759471605587924
2001-01-22,2.40865152648433,-0.012902458015180165,-0.08291013804364489,-0.014447875571766064,-0.024454089887630606
2001-01-23,2.653698747112877,0.06291291594648693,-0.010367792851283463,0.00724992662436743,0.0045950226099657696
2001-01-24,0.4027672913159881,0.0,-0.04621294935476989,0.03846608931516188,0.012528584286442468
2001-01-25,0.1252016584693706,-0.02782082216275232,-0.0041665749374510605,-0.018036456190898775,0.0028255256797592074
2001-01-26,0.06750427365131621,-0.018989484279671964,0.014507846029562784,0.03477764908686679,0.030566505914640347
2001-01-29,0.6537203425116177,0.10312319914377882,0.00205545127614725,0.007781931505710064,0.006916283396064238
2001-01-30,0.0858331140109812,0.002877370845633371,-0.004115215384134897,-0.017595658310096865,0.014077408838827002
2001-01-31,,-0.005763505222487952,-0.039963379085782805,-0.037171735228430355,-0.040336428285290944
2001-02-01,0.40717345605640054,-0.023393943060279924,0.031681872101658744,0.02126665442744687,0.018137882944073907
2001-02-02,-2.5065818436235303,-0.023951652992754792,-0.08004309389318988,-0.025369063175837665,-0.033704994271739924
2001-02-05,-1.2162622801534535,-0.02144178678726985,-0.00904945147955982,0.018330750136784608,0.01752951434642896
2001-02-06,-1.2529480859194873,0.04539343978002479,0.004535397067155322,0.01004024994269232,0.017402317595955067
2001-02-07,-1.47277485904679,-0.01790993463264673,0.002259574289944557,0.033401593436540325,0.02467978347798636
2001-02-08,-0.4481502013303097,0.0,-0.020525194762828637,-0.03840926878158925,-0.024328980671872533
2001-02-09,-0.19597064379961288,-0.0815499428516113,-0.14079917610773113,-0.051504616526978686,-0.01857679550827145
2001-02-12,-0.5471788576920645,0.02898831918622911,-0.02416271775480859,-0.00636318857969464,0.025563685892867026
2001-02-13,,-0.028988319186229128,-0.01920495813708611,-0.009620274126326683,-0.010059486560322198
2001-02-14,-0.7909947540182058,0.019416604288731012,0.10258683445363026,0.0032169806684857454,0.011798051669111511
2001-02-15,-1.0359942653832594,0.028439141532160008,0.01980264048483482,0.007467316164465045,0.014491176016076813
2001-02-16,-2.019444408182764,-0.054413442943985244,-0.06062496330845405,-0.02583582864895109,-0.015359675704992644
2001-02-20,-1.3114872690869488,-0.03685516499463511,-0.037139195273147955,-0.02540207965575506,-0.03090733918149394
2001-02-21,-1.4385941652236256,0.030255868282867884,-0.005420358219776989,0.006689060747007138,-0.03644146033235654
2001-02-22,-1.126400987242938,-0.003316792929085632,0.016173311092968955,-0.019069657311304396,0.012846482576519058
2001-02-23,,0.0,-0.06062457043207463,0.027919478422038894,-0.04603924657189804
2001-02-26,-0.5623689079328602,0.03589039105267823,0.05257050792843017,0.048370920784823884,0.012422778958072582
2001-02-27,-0.9604281196462374,-0.006430265823766716,-0.06687689602749997,-0.003153479541265697,-0.026072625906134437
2001-02-28,-1.7581541051759781,-0.05981772657137184,-0.13229696540718044,-0.006335674306870286,-0.026571378568952444
2001-03-01,-2.2598551943025083,0.027026903483735557,0.11778248075780717,0.006072478943548394,0.05974097645071171
2001-03-02,-3.1626420508107715,0.026318630896222845,-0.23638851208749043,-0.04605673933108093,-0.03600118558831248
2001-03-05,,0.056796794398541475,0.007380500340378645,0.013144036589214094,0.025193239005582364
2001-03-06,,0.05374614922114949,0.03610463734418321,0.03422798738696029,0.010336330057306041
2001-03-07,-3.045386446099077,-0.011697781913684174,0.05518638217931456,0.02081221402487022,0.014517234126355113
2001-03-08,,-0.020801804586219167,-0.062303957037993,-0.023971596644891745,-0.010093116344470916
2001-03-09,-1.725127984633068,-0.027399928218699465,-0.06644525658718643,-0.044212641356152695,-0.06981867243601979
2001-03-12,-3.1463639972715867,-0.08365061462565238,-0.07528290889047264,-0.08751246963935116,-0.03902316164799195
2001-03-13,,0.04910979522862677,0.10905723629434766,0.04240929099694169,0.029918237087707328
2001-03-14,,0.04375721380185898,-0.053042370100204336,-0.0034663619188776643,-0.035483746995432934
2001-03-15,-2.5074136734088,-0.03738565039324348,-0.08949081894788978,-0.00580402788908403,0.006298559768353987
2001-03-16,,-0.0031826348079995155,-0.043485015623805356,0.01616750350286711,-0.05883440953284419
2001-03-19,-1.132618197619762,0.04666798559958419,0.09328787287141543,-0.004592824675034523,0.0273694199474859
2001-03-20,-1.943162102405844,-0.0434853507915847,-0.07130880646890224,-0.030375784208939605,-0.04754961795424319
2001-03-21,-1.8041664631958385,0.021977890966281107,0.02575246707044008,-0.05110642873656448,0.008795148082015876
2001-03-22,-0.0790794361118563,0.0718876103920277,0.04959711976252203,0.07571156200675558,0.00022377427473476376
2001-03-23,,0.06164269392510636,0.02390518770356611,0.046362785731447836,0.04830911707061564
2001-03-26,-1.6813186913900868,-0.05450028021849001,-0.027783525099298875,-0.008879622159000096,0.020010653795213617
2001-03-27,-1.8366535286050254,0.048833400057154815,0.061538077893873784,0.03827768745346061,0.04207939505761997
2001-03-28,-1.6122219928637904,-0.031085593393641534,-0.0864578573666164,-0.04723584820227878,-0.05251074530994114
2001-03-29,-2.9852079081294454,0.016105779372378472,-0.04968695203582887,-0.003380773562119473,0.006650732214667372
2001-03-30,,-0.02062772345594943,0.0207188869105681,-0.012492858279627206,0.011923775706293757
2001-04-02,-2.671788172419105,-0.02198825333086567,0.03822127952570609,0.020362799457054395,-0.01593022772051083
2001-04-03,,-0.06456841430932556,-0.14411372892848467,-0.04465610971327306,-0.04615755694246097
2001-04-04,-6.3394726127576755,-0.03724882490217414,0.019564254205677666,-0.027300989803728137,0.017654579240264902
2001-04-05,-4.974122364697278,0.06790028926542158,0.07533136716343489,0.08861496309019576,0.06531924123037991
2001-04-06,-4.249248588125647,-0.013506966193333114,-0.0656906175507159,-0.009961561995499479,-0.0026507335903402517
2001-04-09,-3.7815702721307667,-0.0024321223154105997,0.036235950345897196,0.016984865257382666,-0.020108777194290384
2001-04-10,-3.4372918435481257,0.07048315145344393,0.06342527270471324,0.04331774785459994,0.03127671381570511
2001-04-11,-2.185743094775297,-0.010947022685881047,0.036725637842770734,0.006014049119177516,-0.016490576552292312
2001-04-12,-2.4104249096205237,0.02804213436598455,0.018501447155157162,0.03502243271258421,-0.012705001826136842
2001-04-16,-1.9154712924436508,-0.04469506147585199,0.008810562416608204,-0.022607900531410093,0.005701331608179169
2001-04-17,-2.0936878730744555,-0.049722244810880535,0.016159419454437465,0.011286270899174134,0.030034702853115977
2001-04-18,-1.651595897428,0.11078536820619422,0.09967223497259517,0.062269056433356305,0.06597969553853113
2001-04-19,-2.8081867610936087,0.12094831169842883,0.12568791908701113,0.0391147954229539,0.0721675935968387
2001-04-20,-2.761599945738595,-0.02679438034397021,-0.02845176880344653,0.014010976925524606,0.003140042517644494
2001-04-23,-2.9956134793291382,-0.032057574776337014,-0.1411550501816734,-0.01092900459895371,-0.024953925696531497
2001-04-24,-2.265748387744979,-0.009114863006631684,-0.010551557912842416,-0.010309127272212821,0.005964254168475729
2001-04-25,-2.85016664501532,0.02831081879101058,0.016365154458342843,0.031188518529213484,0.019164216361610184
2001-04-26,-2.3984936743345386,-0.0012146515157454038,-0.020498368280924346,-0.008068454962077667,-0.009711906013762943
2001-04-27,-1.0108480762425103,0.05936047875397219,0.014684771735424063,-0.029506009202309953,0.021397812803496678
2001-04-30,-0.4160167305029505,-0.0274719102485538,-0.0594594193835534,0.009342205092074236,-0.009164290258866049
2001-05-01,0.1342791811493298,0.017113859524147,-0.007453255664431971,0.03509614061538827,0.028848490181912753
2001-05-02,-2.4586554825359612,0.025133256560917253,0.06807822725068857,-0.005859807993575633,-0.02659292195780278
2001-05-03,-3.61146116757388,-0.06326024129327877,-0.04283835589175547,-0.01778977327410259,-0.014840935863318746
2001-05-04,-2.611186640683423,0.031159466157862154,0.03816832518098353,0.03188134435018508,0.018819450259893643
2001-05-07,-2.7682517720147777,-0.031159466157862213,-0.012956954309693956,0.008865002046331286,0.0003448847192707714
2001-05-08,,-0.01574780362945392,0.010026780442580988,0.00948120118727848,0.01661971198811909
2001-05-09,-2.871308527818877,-0.02430673684258187,0.0011723678457710707,-0.023305583387175532,-0.006135654851178395
2001-05-10,-1.9965681820204129,-0.041726179300697185,-0.040064690708543405,-0.005698298088799,-0.01533359902981654
2001-05-11,-1.557421896110078,-0.006541799851053024,-0.03035204994552907,-0.008608344064273884,-0.029868509377776627
2001-05-14,-1.5365342462909177,0.019072652536944807,0.008766350135497977,-0.009846213885614422,0.006685563705657439
2001-05-15,-0.9424972207538045,-0.004733245198512016,-0.006881328611119331,-0.006569567664368885,0.00902115282976206
2001-05-16,-1.0270751767480457,0.038920680902569706,0.029076850784968127,0.012951877421783867,0.019356703183408572
2001-05-17,-0.775543865407452,-0.023085329616795748,-0.017220617197102498,-0.014418162040216188,-0.006323494335911489
2001-05-18,-0.6744366465583791,-0.0008492227585076594,0.009877056279366301,-0.001174061769415685,0.020386361718361026
2001-05-21,-0.31206144389589535,0.0012723806775325347,0.10597458234419038,0.010227697244985423,0.013532118921159204
2001-05-22,-0.3606942543694121,-0.0025487547499587486,-0.029150447418868505,0.021856203155181813,-0.008690026147596942
2001-05-23,-0.3553594230049666,-0.011557332798240715,-0.043598632442384315,-0.00871411252290552,-0.0051823072876399
2001-05-24,-0.5184921853132094,-0.0012903820227210172,0.02754294612506244,0.02856968264343441,0.018566128838673472
2001-05-25,-1.4407762105884911,-0.019147255078154284,-0.0467398895755795,-0.011357820368611066,-0.01516549500485252
2001-05-29,-1.184176453741907,-0.0583489736937641,-0.056054363782514605,-0.00807139700760597,-0.021710321408500613
2001-05-30,-0.47003411727816136,-0.08198627989835798,-0.07307367558557326,-0.016484044606546937,-0.022991780278794293
2001-05-31,0.42005342026370845,0.008558759233039172,0.05301451040883951,-0.00014470109774143678,-0.00757448470033979
2001-06-01,0.3704470409145695,0.04604217644502389,0.03594757966274254,0.01662874570428824,0.009702694120860854
2001-06-04,-1.2130194219981956,-0.011070753550633868,0.012531365274532889,0.006235864855009286,0.00662167936073257
2001-06-05,-0.9452750634584292,0.013461794402687818,0.042663503270257586,0.025388569958518164,0.02888203885329531
2001-06-06,-0.3559841026914662,-0.01007936637491871,0.014218656229446172,-0.0033114905576923665,0.004520387502971756
2001-06-07,,0.04388482250582309,0.01922568608241705,0.018077611696309472,-0.0021297997643377935
2001-06-08,-0.578438319816786,-0.015822820836402556,-0.018638092469652385,-0.006672343225739239,-0.009856797957061179
2001-06-11,,-0.06191531450610541,-0.04940756339588263,-0.01472715261632859,0.010794759446330512
2001-06-12,-0.31798437242488625,0.013384973942657872,-0.0030933895122980904,-0.0005549683489024072,-0.0009379614892692607
2001-06-13,-0.35789372424807947,0.007846497647901277,-0.040460058838814775,-0.019472048656514925,-0.006073510024410395
2001-06-14,-0.5734522771621141,-0.0292472199212228,-0.0428406090110221,-0.025648756138836524,-0.006801701853021946
2001-06-15,,0.02777970953952104,0.010050615707996093,-0.012854344983725553,-0.018749280586530498
2001-06-18,-0.1736472925348549,-0.005395291171775651,-0.010723868180722625,-0.01690186948661335,0.0058806054546469404
2001-06-19,,-0.006910028008651464,0.12166862338853324,0.006557233809032076,0.004975880379711407
2001-06-20,-0.571523159941263,0.07073947452131837,0.04434790488141375,0.030574172460835124,-0.015356267658408087
2001-06-21,-1.098047583852832,0.03714214599647858,0.021457687928611538,0.006176088264399791,-0.004341959171813904
2001-06-22,-3.799436015461133,-0.010278388153365669,-0.023743641196213982,-0.014567346339287987,0.0023945664198597554
2001-06-25,-2.9541219833782795,0.07484568212301111,0.016454249472947702,0.0002900325721530405,-0.0019508483332160015
2001-06-26,-2.39519166045976,-0.010055302293720645,0.03701107480106274,0.01856349482396907,0.0034563183272267794
2001-06-27,-2.595514363716857,-0.017412838753049147,-0.021930740467004058,0.014156141559330121,0.004237054758663056
2001-06-28,-2.7208650617652803,0.008531317542880883,0.06127608625890592,0.022241965971743705,0.013822083352144977
2001-06-29,-3.5494290156896016,-0.012394383512712727,-0.009428434460972843,0.0035681049047496414,-0.013997913521694185
2001-07-02,-2.493120294566955,0.02757308844084917,0.030069046500683597,-0.03342942493067599,0.007461179643907871
2001-07-03,-2.6216083327159696,-0.002515119184462412,0.009657485306672486,-0.001842977201111021,-0.012053257710274401
2001-07-05,-2.1576827878555846,-0.027643408100994995,-0.04341777026554515,-0.02820794208643077,-0.00782006220937311
2001-07-06,-1.141148959889692,-0.051314981211248556,-0.038777153538212476,-0.03641587954431427,-0.05124598732651874
2001-07-09,0.27169210900393126,0.029958940563385574,0.03772027875185822,-0.005616689699248537,-0.016854972993787992
2001-07-10,-0.2594445303863208,-0.07119761692273054,-0.07236058925578469,-0.018591709229723925,-0.02670917419803305
2001-07-11,-0.4196968613476545,0.06412449072885773,0.023041263485077866,0.030846756425198723,0.01836652037575103
2001-07-12,-0.5888896406571223,0.07765090833830116,0.08821463161038876,0.07389281935144638,0.032214781474392905
2001-07-13,-0.680852221992107,0.019915210926104817,-0.006122612303879434,-0.0036373863729636945,0.011864317674644718
2001-07-16,-0.6981165407250708,-0.03647244135215926,-0.04394028474368914,-0.00224507372124983,-0.006563530227901506
2001-07-17,-0.8408119041206088,0.04648195827021611,0.041889905457253095,0.008951170974286417,0.0065635302279015845
2001-07-18,-1.2722951865294863,-0.18839552208346502,-0.037620832891029736,-0.017558582245311063,-0.039946993796602034
2001-07-19,-1.2591174152782505,-0.04074030400343958,0.020553844164914625,0.027947141892506463,-0.002688395129653328
2001-07-20,-1.2550712747681325,0.0010014352347844173,-0.0052302417947268295,-0.04783992983910601,0.01621398329549638
2001-07-23,-0.3005615267400976,-0.02226753571452018,-0.05054829250049583,-0.030677024862388838,0.0014183127874268532
2001-07-24,0.37393033976544304,-0.02330012816389147,0.004402930020113317,-0.01154319311685671,-0.012741068423371953
2001-07-25,0.7407455775864143,-0.03301881756763064,0.05605934701429117,0.01733966443527734,0.0036299605215631523
2001-07-26,0.9185068714225288,0.006476555348411724,0.007757836012091065,-0.013276949922084759,0.010526534129294864
2001-07-27,1.0384036996986192,0.019707371514460535,-0.01819630201360241,-0.016962301701612132,-0.012339904343345292
2001-07-30,1.5137991417954049,-0.0015811150678292536,-0.020673508496019042,0.005027972304017919,0.010924478115859271
2001-07-31,-0.06855073182431748,-0.0074234995307534005,-0.032112425975257916,0.005909204512405876,-0.006064839030950231
2001-08-01,-0.25525935650677717,0.014266034644687158,0.01318758564382946,0.00422130171000718,0.017430832943182685
2001-08-02,-0.6494557703493969,0.039101330369324276,-0.0005461556758093483,0.014636067299357165,0.016121852541305954
2001-08-03,0.2701926554723998,-0.016279530925936366,-0.017075423528371388,-0.008337245417235219,-0.00571454344969164
2001-08-06,0.522926674734398,-0.019155842407663087,-0.030459254263315742,-0.011426415031438134,-0.015557766680130673
2001-08-07,0.7061473125014438,0.0062533843924831075,-0.012680287011428376,0.003321266625581334,-0.002444244424267274
2001-08-08,0.8394598253313708,-0.01834918272348286,-0.056067031845998254,-0.02271330537468912,-0.018259938226017375
2001-08-09,0.7513821630552703,0.007906646934717066,-0.01920197742423796,0.002310742479057169,-0.0010562344650326325
2001-08-10,0.5885532425364868,-0.0015772991898933579,-0.05330310461406838,0.007813434028044764,0.008323993708232013
2001-08-13,0.922170142286117,0.003673964209105261,0.03436306695518875,0.0047206132137258446,0.00863338731364068
2001-08-14,0.8691826701920953,-0.019039714532343887,-0.008962398897821383,-0.01746899051988984,0.0032070164625342987
2001-08-15,0.7043021356461058,-0.01560230670817875,-0.035344602783415835,-0.02330260318134024,-0.01126896007827316
2001-08-16,-0.009031825826413709,0.011323709169370973,0.01978980351123146,0.022219696812004964,0.007022600004360768
2001-08-17,0.25716082387746153,-0.03159255600657292,-0.039298983699803815,-0.04332693306006193,-0.011029802538574163
2001-08-20,-0.7752490871101525,0.0027609230372884477,0.006095457348596714,0.01316489608374566,-0.004696372977376795
2001-08-21,-0.2365337804648629,-0.011097502832251839,-0.04700216687061628,-0.03110128953738589,-0.021457898646426592
2001-08-22,0.41028814796470126,0.016054509071136765,0.035456946910826834,-0.0019759057981742155,0.020112601973439673
2001-08-23,-0.5707983502726477,-0.02221118671455045,-0.04398581456610601,-0.02571508247433767,-0.009277943850024891
2001-08-24,-0.25054866706626056,0.04178550694819703,0.08086571548588112,0.04837109151455275,0.038007188469878404
2001-08-27,0.22299850747968822,0.01867287857010016,-0.017264666182410075,0.004181233783496924,-0.0012158831932732068
2001-08-28,-0.020080796695606057,-0.02787007012811208,-0.06360104930347099,-0.02551946973947664,-0.018035932939905085
2001-08-29,0.8998797137877214,-0.03146661416630841,-0.048255157756045566,-0.008099791998033658,-0.007843924600005138
2001-08-30,0.06196098203980149,0.0,-0.10661007019940018,-0.05650440443876814,-0.036876341558565284
2001-08-31,,0.039587040945718834,0.017348907379296768,0.001929944600284749,-0.004094007322815136
2001-09-04,0.0074854817614163904,-0.016304280263898456,-0.010703872815457168,-0.016792467118385265,0.015290955114420012
2001-09-05,-1.616977244412481,0.01630428026389853,-0.0008283926672777272,0.028814306013180798,-0.011296333329794605
2001-09-06,-1.1383679136265807,-0.045774554739145754,-0.10012707718611628,-0.030241261248269327,-0.0236971450447741
2001-09-07,,-0.02514661897630453,0.013642396052882344,-0.011128970891798243,-0.014492556271414152
2001-09-10,-0.234023931169702,0.005197117817297682,0.03462453149977733,0.038595730994541236,-0.0012423716622496223
2001-09-17,,-0.022120371407446455,-0.04005891476668983,-0.08458278371056446,-0.03298345583250693
2001-09-18,-0.4526374980522575,-0.04268890177222592,0.03305364083560364,0.026300184170521535,0.0322574699934384
2001-09-19,,0.04445402519226365,-0.01594360365549053,-0.008318739912833578,-0.004158078762542344
2001-09-20,-2.5277321549333602,-0.0820042802489958,0.00977330018773487,-0.059465710629775806,-0.027457057822689347
2001-09-21,,0.003183745215876551,-0.049851415317226803,-0.020901972023326623,-0.03154108997164393
2001-09-24,,0.04475546769852282,0.15149171072341786,0.04522954021522177,0.046419483008504396
2001-09-25,-2.974283472801152,-0.05690792808511138,-0.021801608491322455,-0.013745093990961792,-0.0036987121812262786
2001-09-26,,-0.025415835533904557,-0.004089771470900887,-0.02028252662101281,-0.03392070851694253
2001-09-27,-2.0802880898842364,0.023482247593430088,-0.013201394436211253,-0.006185365110975837,-0.01434059160233818
2001-09-28,-4.413504483096016,0.0,0.04387348673571407,0.02393024368841267,0.01893094870901294
2001-10-01,-4.186312005645186,0.0019335879404744855,0.0,0.012043802878721028,0.01073575946082896
2001-10-02,-8.141308270149246,-0.03203965082252557,0.0015886323990239788,0.02403777567454837,0.011368789052584599
2001-10-03,-8.245303180795638,-0.004661905226076707,0.08077518952486304,0.05821523896459558,0.033350532118223
2001-10-04,-8.32433924075196,0.05834293929822603,0.009471378633824372,0.0037280749572730595,0.0037062467354147745
2001-10-05,-7.8898462026156,0.016240774594695088,0.029298532814081776,0.02242533196334897,0.007269947595716489
2001-10-08,,0.0037124284974683853,-0.021352948606418568,0.0055291136014884385,0.0048848367395059305
2001-10-09,-7.335845219319576,-0.012424610200777708,-0.014492856556814761,-0.06183168506339511,-0.013903430794754536
2001-10-10,-6.579820800252632,0.049980864601510695,0.042164024930556196,0.0172626055843514,0.0011318121657676863
2001-10-11,-6.130919322567409,0.05325429858274132,0.04648778482377057,0.0144859597985694,0.02186741149834676
2001-10-12,-4.91139237091957,0.015104405612663067,-0.0020056249658370285,0.0010656266323026326,0.014382483965052314
2001-10-15,-5.6511120297420705,-0.001110706059572044,-0.03404039610543429,0.029362407566927307,0.011437340076151015
2001-10-16,,0.0011107060595720287,0.034040396105434245,0.006694114867381658,-0.0014710876395539131
2001-10-17,-5.043000127311934,-0.058301672938254646,-0.0895702910731625,-0.04228477265355354,0.010256368278285738
2001-10-18,-4.603182853705531,0.05774796744621132,0.04298637807953463,0.012768947598487306,-0.01606594215242923
2001-10-19,-4.6676079309088525,0.01652884860315949,0.019445076120052737,0.02006187396976114,0.013633628402085457
2001-10-22,-3.820593198184095,0.038589030393629285,0.02780774523456638,0.038290141850922416,0.025013148620865656
2001-10-23,-3.4189416228458986,-0.04737027391855996,0.0040050413555420125,0.004478195951265912,0.005306765840642836
2001-10-24,-3.2800153518642956,0.04368318219352394,-0.023593530907073203,0.014619884180387274,0.025750198847776396
2001-10-25,,0.01258610829781015,-0.04964361100255863,0.020020082065195954,0.01906694900447426
2001-10-26,-2.6703166696103424,-0.027471837630825828,-0.026881176780609025,-0.00577109487992614,0.004508451744423939
2001-10-29,-2.1137979563502913,-0.05731780790543514,-0.013343379398866421,-0.042028614685626894,-0.023115394589068885
2001-10-30,-1.8250375600618651,-0.0017011743446185977,0.007435393464556673,-0.012824918517515362,0.00027628702633943503
2001-10-31,1.5000755009097095,-0.0022765232318851165,0.004434612814955566,-0.012475460196894573,-0.00535218663841353
2001-11-01,1.0037161007377364,0.05700002852987668,0.044002273856669605,0.061524196697753955,0.016699786629951488
2001-11-02,-1.9071965488387417,-0.001076356348685512,0.019567716220507122,-0.007140284781767105,-0.0035544158217867133
2001-11-05,-1.954736457513618,0.026570992174236824,0.03468512159855088,0.030001580473519796,0.004282643054656987
2001-11-06,-1.8433663950643329,0.025879547444375033,0.01723089748683233,0.023585565235226206,0.03256435670181883
2001-11-07,-1.761129085067051,0.0010207741318911127,0.023377308723459056,-0.008215110484353248,0.0033428359088496476
2001-11-08,-1.9704854632648514,-0.0459599716309756,-0.008378941044398408,0.0026419535645742878,-0.00035134097139440595
2001-11-09,-0.3599646109103334,0.0,-0.004541082989660599,0.01218901830417606,0.0023694137747719145
2001-11-12,,0.0021345163217079133,0.0012996024431244434,0.008854740958131366,0.006813851721333213
2001-11-13,0.6117707709779103,0.032533667331644756,-0.058840762366874355,0.03156819076845722,0.015893159301277705
2001-11-14,0.576266128807592,0.01231446571763188,0.027175884106227833,-0.029138645101309455,-0.020342386475238432
2001-11-15,-2.1632048228859437,-0.008194682182854489,-0.008751378852242397,0.002574223559996262,0.0034918681746095616
2001-11-16,-5.401549949681362,-0.024987173855589146,-0.016360264853677794,-0.0056117690062980445,-0.002181275384217854
2001-11-19,-4.458963794189045,0.052874182138579806,0.02175474265011337,0.011943638157595365,0.004356794361862981
2001-11-20,-3.9410012743903726,-0.02378066140582073,-0.021067663336395176,-0.017280878767033766,0.003819540662101214
2001-11-21,-1.689615642552361,0.0076520573020525135,-0.03352282327877901,-0.020858514487340843,-0.009574925447878219
2001-11-23,,0.008096667646030859,0.023167150448347936,0.010251751373261356,0.008794710678004863
2001-11-26,-2.4047926697430184,0.0742868230526585,0.022642482348062706,0.006623381181538766,0.008459513374765356
2001-11-27,-2.5810632421623727,-0.01746523442433861,-0.021949063219173212,-0.021726763639010577,-0.018479554982447736
2001-11-28,-1.4243887277315057,-0.022635926600482657,-0.02102347848090033,-0.014857342731734025,-0.018113888125632936
2001-11-29,-1.2983934157054393,-0.005371676656134656,0.0049450519908681555,0.0319677800881808,0.020126458315369557
2001-11-30,-3.4918215632122194,0.04219196315257857,-0.011339414133114295,-0.009763829798138838,0.010085377020215232
2001-12-03,,-0.011806015881536345,-0.023801802012975708,0.008683623408547737,-0.012710362982973082
2001-12-04,-1.4091187594237755,0.062160141567660705,0.007272291743855666,0.018812172338648323,0.021753848665528826
2001-12-05,-3.0859590069357274,0.05894336945115006,0.10774908781666308,0.031322587103137144,0.039998438598839905
2001-12-06,,-0.04212063499094366,0.0339018069537848,0.008044170162216967,-0.01043286270415714
2001-12-07,-1.7540569283016283,-0.010592152687549327,0.0006284585912412544,-0.012016991967407338,0.0021614002264870127
2001-12-10,-0.7823882722687294,0.0,-0.03128262412545662,-0.011416447605637477,-0.006165151107834941
2001-12-11,-3.1950222143517784,-0.034298459800912354,-0.020308224500876965,0.0038690878434975303,0.015260270294477282
2001-12-12,,-0.013405542164969003,-0.0006619023301208453,0.009315048212753746,0.013894834096893151
2001-12-13,,-0.02306506538886155,-0.02889069247627549,-0.025034795925427705,-0.024236797447513937
2001-12-14,-1.9578811621312406,-0.029478027235141993,-0.006839450463815262,0.01750118814137419,0.007044216196648238
2001-12-17,,0.011216256428147895,0.014986330668623862,0.022579080941237357,0.0019796598207832035
2001-12-18,-1.0769659192049938,0.018738858995124515,0.017426755212543766,0.0041943533719607,0.007062741374926782
2001-12-19,-0.7210104073694679,0.028618222726181804,-0.008675376360301431,0.0031709542702002746,0.013735073948805564
2001-12-20,1.142565292451354,-0.04493486264088922,-0.02924397994888034,-0.040078775907228414,-0.009651554699344466
2001-12-21,,0.01583955172657724,-0.0076204901600933645,0.011615974341632555,-0.005721366554721546
2001-12-24,,0.016998421709851476,-0.0027852213424230487,-0.004005734633300841,-0.004518805015745161
2001-12-26,,0.006066643679010057,-0.017587689798335655,0.006076516567139256,0.0077919478427992605
2001-12-27,1.5235038325002115,0.02663140474491137,-0.007122508228996067,0.0025085979172434535,0.008946665908437882
2001-12-28,0.5432974272241312,0.01618102706284195,0.004991231128239415,0.00029477566505277755,-0.004870371751790542
2001-12-31,-3.2745531495408233,-0.02391446444804617,-0.017940929539224982,-0.02415872973320182,-0.015910945878800768
2002-01-02,-3.963228457304281,0.061966674192904185,0.01223470101227402,0.011853935111541846,0.004454702158622154
2002-01-03,-2.066407060609828,0.011945609773062868,0.08957127397614743,0.032144859180856425,0.017621476818927145
2002-01-04,-2.312109268610965,0.004655755055682863,0.01040997170847545,-0.004778266860526851,0.015566231533364172
2002-01-07,-0.8116193931534306,-0.03391564002266797,0.002585376805747469,-0.004947126522951456,-0.012417379838836258
2002-01-08,-0.8512088643276337,-0.012745526820700086,0.01664590664001237,0.011889799812012488,0.005226131273761175
2002-01-09,-1.0336121195923165,-0.043387673871548266,0.06036350167604556,-0.009703990211472889,-0.0016859326910296044
2002-01-10,-2.120040585462852,-0.01959001420450682,-0.0023940258716103596,0.008261724135704761,-0.019057255917100377
2002-01-11,-2.0018285911551064,-0.008513872836370614,-0.02548676849506845,-0.009717607197219405,-0.015096194581269335
2002-01-14,-3.13124384397758,0.004740162007677203,0.007348426167657176,-0.0020434161507157777,-0.01896344257264701
2002-01-15,-2.6610901065108745,0.025671114937471037,0.0359533964482013,0.015650675549554117,0.006753556970519443
2002-01-16,-2.341045799227926,-0.04332257818382878,-0.024427571119879813,-0.024451857113581367,-0.012274704869898264
2002-01-17,-2.4081499637955965,0.07863769141147987,0.03787409494160993,0.028898467609487517,0.021071155024083393
2002-01-18,-3.2254101625381995,-0.013886319969880146,-0.04392420476385561,-0.05532359821855863,-0.04826895327259566
2002-01-22,-3.4943442431036553,-0.01591343144311945,-0.03331569456278123,-0.025124004673722455,-0.03337340176087251
2002-01-23,-2.243703301310731,0.05353486281313745,0.04956656898387938,-0.011232856521154517,-0.023811023108932836
2002-01-24,-0.7407018938144003,0.008220058030110357,0.029413981856280757,0.013402184762294357,0.007571560434228979
2002-01-25,-0.2971145935300067,0.0017237694236144528,-0.03300222945604341,-0.012461336409718264,0.005136814558966978
2002-01-28,-0.20397034897965283,0.0008591887645344733,0.012503861175119117,0.00031377989423781653,-0.010393615244646057
2002-01-29,0.2836019005061253,-0.008632711157013395,-0.023953286680599088,-0.023784775982026878,-0.04879085784455905
2002-01-30,-0.4233854729956411,0.043265268735508546,0.007246509171681997,0.008468455754492604,0.024456099579880295
2002-01-31,0.7660042427484866,0.025815396379478623,0.0377848526823895,0.013590886419589327,0.021927528844681507
2002-02-01,0.444968706895309,-0.012620125772544795,-0.05172027867600277,-0.016618113463210137,0.001019202835238034
2002-02-04,2.138048466783757,0.03778645284882474,-0.016610794833284703,-0.024884108891262486,-0.011173759238198726
2002-02-05,1.1361989152138952,0.0039353420721640235,-0.01941788570137153,0.0004905461212482665,-0.0046923806001180025
2002-02-06,1.1235908600350821,-0.03112655902935122,0.014442980724625189,-0.012340477565271485,0.004417593243532284
2002-02-07,0.788834469958918,-0.015111060431598338,-0.007509752218562105,-0.009983508934970487,-0.025839743386786244
2002-02-08,0.2731897825387471,-0.011174868478505316,0.016199772341366846,0.014113876457654552,0.010339810238498405
2002-02-11,0.6336164876502404,0.0387719613756707,0.01045237073198416,0.007882935014419008,0.02250813203942478
2002-02-12,2.4674620739279316,-0.010866211690008355,-0.01045237073198412,-0.016327459551886598,-0.007570828674470017
2002-02-13,1.305657232205775,0.012067249791825933,-0.0037151151460583427,0.027552022476898672,0.01397643128642614
2002-02-14,1.7901030427761602,-0.01652845009819123,0.012330857721292028,-0.002267296643191455,-0.0016666765899649187
2002-02-15,1.8784352902198511,-0.02886778486994555,-0.05219710300504375,-0.02378902430199046,-0.047451621103085
2002-02-19,1.8311812869555588,-0.0550439091382731,-0.04624311446517271,-0.021820693038642668,-0.015574223262730447
2002-02-20,1.7605808555162126,0.022296168017510422,0.04753372654120272,0.01632635504214185,-0.01984039675452303
2002-02-21,0.6868089937358434,-0.07307755716525484,-0.01624988358396442,-0.03137209949819986,-0.029947380627798965
2002-02-22,1.648408173087573,0.05607065326590089,0.015605289446973107,-0.001033657528489002,0.021250164668414163
2002-02-25,1.6515156524107382,0.04598201519552861,0.05277587856098315,0.018621525016827754,-0.0015246087301316817
2002-02-26,0.7158849424694504,-0.005897177760762358,0.01156067116188457,-0.009011068959330466,-0.011767941349336458
2002-02-27,0.4641205976225842,-0.07498639572024658,-0.009726289057646715,-0.0027361720716148133,0.006975415644397312
2002-02-28,,-0.011910937216765973,0.01515618750638981,-0.0008566653160004646,0.002959890179507706
2002-03-01,0.5052871161733362,0.07755850413618616,-0.03864348860830603,0.05063277646022715,0.04873208267466085
2002-03-04,1.4694124141603044,0.0351939309990784,-0.15675962729754286,0.030964709187739206,0.027571442487239573
2002-03-05,0.8490147092810187,-0.031787432307870865,0.01308137121265851,-0.0034819729823362833,-0.002173815487436154
2002-03-06,1.9218382208341018,0.022688052981126125,0.020722566873566158,0.008681269614066624,0.00594427932638402
2002-03-07,1.2338459505282535,0.012797517676587083,-0.009950598427141537,-0.014404453236201962,-0.02466678715877272
2002-03-08,2.087494445918959,0.011419275917838397,0.014184918956553222,0.01942120540494286,0.013218770667730943
2002-03-11,1.8545171327219834,0.016091155795154383,0.02090693040799894,0.006079242249842259,0.0014257313087623709
2002-03-12,1.850416439057366,-0.013659810394077567,-0.004146946888176976,-0.02837436957804225,0.03050688866429019
2002-03-13,1.1794784809200292,-0.009349493817567316,-0.038832560502320215,-0.007060683430673018,-0.012240483953389857
2002-03-14,1.3053531114807007,-0.002452174329208209,-0.032934211378693366,-0.014271685309493246,-0.005426061030000307
2002-03-15,2.535155255688104,0.021062802324714434,-0.06453831261157784,0.020532472005799343,0.0017808596657250839
2002-03-18,1.246232265781926,-0.00845237317134977,0.0,-0.005616557883541101,-0.004128617285162899
2002-03-19,1.744936569934877,0.0044356098489645845,0.016529364460165032,0.0014470919824670016,0.010662119442030247
2002-03-20,1.9152805013757357,0.00281291616873458,-0.021302853021614436,-0.03482761710171476,-0.018686812879646103
2002-03-21,2.6426032556727064,-0.026429305594014293,0.04749844047692831,0.020748412505927214,0.012059279580897083
2002-03-22,3.2541372576439778,-0.007443377809752538,-0.023077942662277355,-0.01494124034078829,-0.011111917659600564
2002-03-25,2.8171367969383256,-0.031201886514802376,-0.02601635398950486,-0.020388592562433368,-0.019507430818255147
2002-03-26,2.3836086593141124,0.004701676252910472,0.015061711981395923,-0.0025361006388415685,-0.0063932366256029575
2002-03-27,2.665734292463869,0.0004249504705608372,-0.006314235783007806,0.00607546967727003,0.004750215706289281
2002-03-28,1.9345541297141202,0.008486794303800303,0.01337006613262066,0.014529755033932843,0.005883375705867957
2002-04-01,-0.8755103375302755,0.032830416373424716,0.003119983804081315,0.0011604586797493949,-0.011022340691714308
2002-04-02,-0.28370091897068617,-0.016074693501917415,-0.024439375561797143,-0.05270661469461305,-0.01874369825744538
2002-04-03,0.6908691250790409,-0.013383099004124996,-0.003998004788810761,-0.01672358718863494,-0.00985539179409502
2002-04-04,1.0244943776419009,0.04728608727758794,-0.02105394365229464,0.002127628544400073,0.008764800587308972
2002-04-05,0.16134688278486908,-0.006446088271371515,-0.007392162154306336,-0.010327960042255111,-0.03624949478253183
2002-04-08,0.0651644951728546,-0.0073038020710518734,0.017164364048741398,0.023876358818236538,-0.10667551176670582
2002-04-09,0.5414473630218924,-0.01890659853686217,-0.02960714369819339,-0.041936914222019915,0.0037685251409753737
2002-04-10,0.02578443051378404,0.02297029420024805,-0.03655311926148256,0.025727463942680866,0.014370650476360207
2002-04-11,0.13103494541488223,0.008078984416432376,-0.05425976972652735,-0.02718665877767142,-0.05567253476326053
2002-04-12,-0.8552077755539651,0.008012171378721875,0.05079050805908209,0.020593730953910698,0.016608457399793313
2002-04-15,-2.3235044430018066,-0.0023962491486891556,-0.018414097002457098,-0.004300720790222949,-0.002924299064585719
2002-04-16,-0.965116049474138,0.02916968933944258,0.06509166935291764,0.03736136421844387,0.009909051642400064
2002-04-17,-0.639770943181412,0.014271622410889926,-0.02349094019743763,-0.020623186592339807,-0.016255898153069305
2002-04-18,0.2616680554186608,-0.027175420047336873,-0.011096871131470804,-0.004601356349273532,0.04766048540905901
2002-04-19,0.659777836285627,-0.01706831036372414,0.023750281482506543,0.014616408342436858,0.0005620091357649114
2002-04-22,1.007437653707877,-0.01817688797536307,-0.04281467312610331,-0.028550810995719222,-0.012095202365759302
2002-04-23,0.7810492962940903,-0.011480210393675876,-0.02749643260514791,-0.02920418559709445,-0.006847031094141143
2002-04-24,1.1171182203106782,-0.01999375394631762,-0.05737021888229522,-0.018129689101336412,-0.009549527191798588
2002-04-25,1.248831868647802,0.014617216760409765,0.0,0.013302325480332406,0.002424962287716638
2002-04-26,1.471324890829244,-0.047111304146598997,-0.03587365038362078,-0.04239010143567574,-0.023335974733069878
2002-04-29,1.910778155331239,0.04045572662027993,0.02918482729424393,0.014267165030857162,-0.009726920598883948
2002-04-30,2.6302700800161287,0.012856051926879618,-0.03810882532983523,0.0003823615294608762,-0.0015511451994985534
2002-05-01,2.325078747350642,-0.01202173012085123,-0.0605629943401911,0.009333298223423535,0.0064265236997332305
2002-05-02,1.8923712986948105,-0.012165995302798962,-0.10008305049408237,-0.029628895424855074,-0.00523314284435734
2002-05-03,1.244401600854563,-0.007628679215768516,-0.014134635167793301,-0.032751288623277544,-0.02511604493882118
2002-05-06,1.7193673936820377,-0.03726565398175789,-0.025226661225945225,-0.01914916018939794,-0.07329914392435188
2002-05-07,1.219496865949294,-0.007978065287573888,0.003643005624868334,0.01733152928210269,0.006557010629625731
2002-05-08,1.531406654715237,0.08117268057469504,0.10354126249025972,0.10542132566488999,0.07686360747452306
2002-05-09,2.042012634193196,-0.007415267496520749,-0.07604409527025717,-0.05323894229227686,-0.031039892534437077
2002-05-10,2.06911022747709,-0.03662621413334919,-0.05701957431495967,-0.04052635550787101,-0.0031327812002396203
2002-05-13,2.1025227914234383,0.0262381872398718,0.05583979387915804,0.05140338241174362,0.03101470702735817
2002-05-14,2.3864296500110713,0.06743102000467749,0.03935705723687508,0.04072331776517336,0.03924919675309305
2002-05-15,2.7408668979733695,-0.012967069834192166,0.0422284762437387,-0.0023713971069102423,-0.011531293359836393
2002-05-16,1.7279664581677459,-0.0027725634245257084,0.04156155738744415,0.017920415401650215,0.011180151819264872
2002-05-17,1.710351127577194,-0.007966449765702367,-0.002089705444393583,0.005188739436630929,0.0028046064275957195
2002-05-20,1.4976217842368378,-0.010853419679888576,-0.04821513191449153,-0.036717595787213037,-0.014576457501320854
2002-05-21,1.6257639611440644,-0.05312436764795971,-0.028955386555347476,-0.03427812004338338,-0.011911802815033097
2002-05-22,0.6182199275418959,0.03600189867227951,-0.005665441422379119,0.028335451807526533,0.006568401093424896
2002-05-23,0.01870072873019213,0.03475059877361734,0.06276127571280536,0.020828538022948463,0.004158403508768912
2002-05-24,-0.6257616644546996,-0.041765632276969986,-0.057095834290426174,-0.028870008182298172,-0.014930148976655944
2002-05-28,-0.6808928207002187,-0.007065007218133587,0.010118371316584815,-0.017806647953272654,-0.012349994133229703
2002-05-29,-1.5311939672275545,0.0,-0.062304049357210164,-0.005173609978769241,-0.005865724394890082
2002-05-30,-1.8977780526364025,0.009133370496083228,0.002377870050995838,0.01127165228003878,0.007935130670224685
2002-05-31,,-0.03790073062762814,-0.061218376573440314,-0.03341684319634178,-0.022128394904792573
2002-06-03,-2.4304118982315304,-0.0168791959806939,-0.07878103075146213,-0.029704386051206167,-0.029517535903699262
2002-06-04,-2.382816039172922,-0.005689290918486907,0.0660744324259343,0.011267851949398838,0.015246284644305488
2002-06-05,-2.072093425155851,-0.002638677871042024,0.10203026059953278,0.03306013424031824,0.015513946682371124
2002-06-06,-2.149658478010921,-0.02495678702370764,-0.06069673346134706,0.004635748370831042,-0.011110662976055253
2002-06-07,-1.8178579381599587,-0.034897015641208166,0.02544023259369755,0.0015399028741512207,-0.017220073554769014
2002-06-10,-1.965493715107358,0.0037295250550502925,-0.026667885957161165,0.016031090788981992,-0.01934275555558421
2002-06-11,-1.9717567011494475,-0.04864924372232258,-0.01360602498955245,-0.004744223364297652,-0.01720424774384334
2002-06-12,-1.6898583832162357,-0.018249462096890635,0.028240484313513548,0.05495738480482935,-0.011190028365499278
2002-06-13,-0.8152644694839747,-0.027756781771606488,0.0,-0.02405336572893837,0.012645662627665413
2002-06-14,0.20527445369029007,0.028255871169252093,0.03684261814636416,0.018818956360512343,0.007511850437184694
2002-06-17,0.526214407976734,0.021653530208268334,0.07093609344865434,0.007752494054478282,0.01265442504406785
2002-06-18,0.7515401655062639,-0.019171496510919123,-0.024204004456325593,0.005551984216499743,-0.01567915537854845
2002-06-19,,-0.16295649385097946,-0.020247698771157206,-0.029544356994599723,-0.03470083739321186
2002-06-20,0.08790281726171101,-0.0005828482246780487,-0.03940267048089979,-0.004794541814226478,-0.024426904831610655
2002-06-21,1.187817411080626,-0.015312465706213455,-0.04101907836771983,-0.03422058443176425,-0.040339153963541534
2002-06-24,1.613131283491998,0.024620228654762686,0.058593939980972544,0.035328640512970896,0.013723591515614968
2002-06-25,1.9504873165089265,-0.0075581454053709595,0.010399025188579138,-0.022594092041847782,-0.015907310003807185
2002-06-26,2.0295837866840984,-0.03502639260972079,0.0526136875968872,0.0220404492371308,0.020916517796844145
2002-06-27,2.7316183250304085,0.03035030794343625,0.054124717519381714,0.01448883390452071,0.02606712311261693
2002-06-28,2.8856956331634054,0.037957838082619315,-0.021932643268457522,-0.004014111927391971,0.0013896181172671105
2002-07-01,2.1707073914498536,-0.03795783808261929,-0.05090421937603427,-0.038007390121678995,-0.0630578027305007
2002-07-02,0.43037782331418994,-0.007059437777417405,-0.03620320948841565,-0.023440113712918306,0.01439278081097545
2002-07-03,0.8788262533091937,0.035377023852516294,0.09551985511995288,0.00774574131101627,0.02775331777798311
2002-07-05,,0.06560600754610299,0.04404147206721718,0.05644031560395254,0.0415314065001695
2002-07-08,0.8853155850042487,-0.03973395516678144,-0.06949362983526089,-0.03582037771662856,-0.03038890801681237
2002-07-09,0.3203723022382807,-0.027012340571769055,0.009620059015112956,0.0054649530922769455,-0.023126957739037862
2002-07-10,0.37113206496160256,-0.012051789372117382,-0.04570960690015865,-0.018398084956093276,-0.013147621511355833
2002-07-11,1.303429939217708,0.05503927305500248,0.04783573788184469,0.012744176012658285,0.009408954198026332
2002-07-12,1.5120305092506063,-0.04412884619207523,0.027226184784199334,-0.020045186796587212,-0.002885765111578182
2002-07-15,2.2184841512818534,0.04029619550640252,0.047412373324243286,-0.0011575903326518807,0.025534791161338458
2002-07-16,1.9019337883690919,-0.020504520339660107,-0.015888970563665818,-0.010674073867512337,-0.02842801437721918
2002-07-17,2.129488691785511,-0.13337297046557509,0.046929936228087825,0.014528553946930521,0.02405180454393253
2002-07-18,2.3041001984686873,-0.041806886498343715,-0.040942052837368625,-0.017264352020424135,0.019056207075730032
2002-07-19,2.0770730764469496,-0.0020044015775854567,-0.033387448715503705,-0.030796051237661423,-0.0006941925816512097
2002-07-22,2.18609118866025,-0.0026767319197096365,-0.05172656955594772,-0.042243423580169595,-0.0498324753438693
2002-07-23,1.0595230310281116,-0.03062591880407685,-0.047706889317046496,-0.09950785396233537,-0.021394799691555604
2002-07-24,1.122719629596701,0.04921895258552202,0.06595730567131591,0.07219699719379788,0.03646330347659849
2002-07-25,1.549770501025908,-0.056848796546000245,-0.04237400401104144,-0.07639121652362561,-0.0027361814821584424
2002-07-26,1.6532161549287838,-0.0013968971456963272,0.034899769352146434,0.057171586530945825,-0.043468752117778085
2002-07-29,1.5963588272587548,0.04633000964061925,0.023306333411825874,0.061985379965977486,0.06951467302358479
2002-07-30,1.2820671102967505,0.026933561216338688,0.032958229702074994,-0.0031132810698549893,0.008533370909328049
2002-07-31,0.7606393751213316,-0.011079784216288803,0.014085237716646772,-0.0024982891003769354,-0.01955174885985917
2002-08-01,0.7393236731866404,-0.030606802049525334,-0.03455663955387375,-0.047592044981548495,-0.031016006625066088
2002-08-02,0.12243882057334221,-0.023932588617292493,-0.027255487535706287,-0.029727493125339205,-0.005435749130868951
2002-08-05,0.808366816831827,-0.032354396217657205,-0.04343744309311394,-0.009501643921698198,-0.028238726212318127
2002-08-06,0.5406462711267477,0.05222253234514292,0.034899769352146434,0.0374785307595603,0.0285330432388431
2002-08-07,0.9124441912633807,0.019485310293174945,0.02015919607710055,0.03061889599245704,0.02074276944293053
2002-08-08,0.14686885182021514,0.017802663216322664,0.05019060475344729,0.03792167097303066,0.03466742829805995
2002-08-09,0.09317975328949167,-0.019802191334447335,-0.02018235314183438,-0.01628364481948873,0.0030679121093994495
2002-08-12,0.2555201619587794,-0.0006645208688406888,-0.008188736763582638,0.007246535580868687,-0.000835809278467153
2002-08-13,1.1371863005922327,-0.027047617047012897,-0.06803878742906502,-0.029521354039056563,0.0018100023390553257
2002-08-14,1.3851365806673956,0.03898290073161805,0.10039791308001149,0.05478311003934767,0.04114408926503701
2002-08-15,1.7617759079821538,0.02859108587877167,0.0069411534733520705,0.0012059147838406486,0.020869904108405248
2002-08-16,1.85153388186016,0.012729581941364138,0.026330001546498713,0.004610659605699507,0.03657796406197008
2002-08-19,2.1640385364778134,0.010696224287332157,0.05066745815535229,0.039221366956053494,0.03880852203366467
2002-08-20,2.733119132647764,-0.004389810727051219,-0.015675657070424273,-0.018635554494724652,-0.01490029006861335
2002-08-21,2.866940228173256,0.013112349223752883,0.0,0.024004912346577787,-0.0033276481258900192
2002-08-22,2.0096509041458956,-0.009346231522359269,0.039184712712899854,0.01800812273625187,0.01214811830008251
2002-08-23,1.043429851397057,-0.015143682439616012,-0.036400589458326506,-0.019156227695556007,-0.01958323497566697
2002-08-26,0.9773330079120418,-0.012797984686962319,-0.020600208129958573,-0.002300593323569806,-0.012264138711322661
2002-08-27,1.2875446773282586,-0.04477042834038837,-0.040545784056447286,-0.024481366459390114,-0.01855401002944541
2002-08-28,0.6828825565545563,-0.01015418771698676,-0.0239295662338724,-0.02913864906575245,-0.024673514101757787
2002-08-29,0.6200626567610591,0.0,0.005032762620849819,0.02401135773241251,0.007335418335819441
2002-08-30,0.29175315882086117,0.0033964460058085034,-0.03785655887948977,-0.03010494515554882,-0.01631559779233569
2002-09-03,0.08651367703203766,-0.04862084001102668,-0.05685123972424059,-0.04287846270691085,-0.04102694540292036
2002-09-04,-0.7764100862041977,0.03014387992418514,0.057894183492402086,0.024993619102284002,0.0188943459025052
2002-09-05,-0.26732663255221106,-0.02093534685456422,-0.05129360717644041,-0.04888367275964795,-0.021246525940364372
2002-09-06,0.31582957868764144,0.0140079751295586,0.05441318396519565,0.04076099589758037,0.014032268982362707
2002-09-09,0.7285757212871874,-0.0006971990052075406,0.0154560738260814,0.018235247389707623,0.017603495530243176
2002-09-10,0.6811426659417893,-0.0027863028752058744,0.001022017656712576,0.02213464956998749,0.014657346672988496
2002-09-11,0.7038222407402878,-0.0027943667267776853,0.0010209742029594624,-0.02460205600344487,-0.018691827783602743
2002-09-12,0.8150125946668543,-0.010553938759752295,-0.033198291779924144,-0.02987747081752121,-0.03190536470323406
2002-09-13,-0.06699596589805434,0.002120588610558288,0.02602985520587305,0.01599011441644987,0.008727541469804544
2002-09-16,1.028823644097101,0.02302192249515527,-0.04735189779183604,-0.0027170563996756956,-0.002485455878249563
2002-09-17,0.9599601738545231,0.020478173668404175,-0.027309322845762853,-0.010308625161741372,-0.007912936020273903
2002-09-18,0.19886719274236142,0.014753025049475413,-0.08189016575310973,0.009680441110018222,-0.031142771075948393
2002-09-19,0.6131658594667864,-0.029731266846630487,-0.025564484520953275,-0.011585005955083034,-0.07073964539290328
2002-09-20,,0.019696840543824878,-0.014907016225432588,0.00549305364786352,-0.013673402772916753
2002-09-23,0.8125519669902617,-0.001345402630818214,-0.044793277510360587,-0.04812650266700696,-0.008642090864870559
2002-09-24,1.3871357927412653,-0.014242271403714145,0.04604388897921211,0.00902337163815886,-0.058821132966137016
2002-09-25,1.4093674495002786,0.019612855208598293,0.07115734934896471,0.018883515624608056,0.05312435754204291
2002-09-26,1.564635496180831,-0.015524771521870838,-0.03554875942753014,-0.006687691531164416,-0.01583663348785596
2002-09-27,1.2275417769176389,0.0013593949017331438,0.01318166719101058,-0.02077730954566764,-0.02713023516549432
2002-09-30,-0.2207545096848682,-0.01505657696900202,-0.06644567027377268,-0.03393956352844322,-0.03455296689489505
2002-10-01,-0.45350801268707175,0.000687312657322457,0.08297463702063261,0.05536666845215605,0.04788320690593902
2002-10-02,-0.309730214381663,-0.02370923515247758,-0.02730103327257858,-0.013502305672957423,-0.02549803794013067
2002-10-03,-0.41745055493206157,0.009130898930153564,0.002403952634895661,-0.017919606601100507,0.0061858968821897915
2002-10-04,-0.6055303517360353,-0.019060240497508277,-0.015729556264691063,-0.02325935936767125,-0.058335776101796154
2002-10-07,-0.8035667265077906,-0.018705980794394318,-0.06291371983313793,0.00637681071912093,0.004583269171361991
2002-10-08,-0.7065212290999718,-0.006557035723197536,0.046932934130137084,0.02111482996977167,0.00333559783476337
2002-10-09,-0.699463275372829,-0.006599948095294183,0.0,-0.02247737127268346,-0.03532251832099665
2002-10-10,-0.5716987995044777,0.03754690473175092,0.053088977732853385,0.05290594143427007,0.04456980913855658
2002-10-11,-0.9526588419150166,0.02795463660096738,0.061522829396601655,0.05229523574166353,0.10445725426732268
2002-10-14,,0.01776063233274709,0.021858437981341333,0.00855746209354768,-0.00785325905118348
2002-10-15,-0.6877309787160462,0.026061572863278277,0.0464709489514629,0.059083937047334854,0.07676266327927403
2002-10-16,-0.7683533274040997,-0.04038163311915832,-0.03893205714851301,-0.03661577427417008,-0.05369397250721172
2002-10-17,-0.7412839973193439,-0.03139520867783436,0.05733718968933673,0.007116243739298118,0.10659213311862792
2002-10-18,-0.7071484875507241,0.016168513020905304,-0.03926047835111105,0.0458122882483884,0.027997945354360704
2002-10-21,-0.6690706099178796,0.015226695656929095,0.015681800939029752,-0.012114386708780126,0.01735710999427381
2002-10-22,-1.9260668623733053,0.009569297333079476,0.025603544720578294,-0.016126682998862378,-0.014129506307569168
2002-10-23,-2.2127454064079792,0.01216987393832032,0.007052689713603346,0.02918158365993185,0.0014752038818989948
2002-10-24,,-0.012851959273258367,-0.010090860297305966,-0.037733593706906814,-0.034086762657574946
2002-10-25,-1.764004746726655,0.04849947164548997,0.039767266318471294,0.027910669662298805,0.033550360940996046
2002-10-28,-2.720336533069865,0.012246783670362821,-0.01869270951274206,-0.013954130266940276,0.026470020640979176
2002-10-29,-2.306312280624365,-0.010951014153681498,-0.010983696508423253,0.002307951913169913,0.0023490738567613872
2002-10-30,-2.4027381674565036,0.03437682038237784,0.005007680694546386,0.019776295759795583,0.024838516868386777
2002-10-31,-1.8033260924473486,0.0056159976546325124,0.017821846715372482,0.0067545698491980055,0.003426133316955858
2002-11-01,-1.1399550177928575,0.017886371626737306,-0.005905197235252898,-0.008828191279489098,0.018326057982575913
2002-11-04,-2.5993857603322654,0.03188155797252946,0.010800184865449427,0.05684354181129551,0.025784265703053606
2002-11-05,-2.3924026710788193,0.00059350183251649,-0.006859711498396598,0.010285943923817514,-0.009989346084456998
2002-11-06,-3.323070502763114,0.018756631303506452,0.018510025288877845,0.006155281169918403,0.0001226952792718703
2002-11-07,-4.733266305891135,-0.07348392010077477,-0.015564502901434386,-0.018046566998247787,-0.03227891445853282
2002-11-08,-5.034754856131084,-0.010049808536361974,-0.06584611265333769,-0.01638061059111965,-0.017376002501727234
2002-11-11,,-0.04387797217631763,-0.05377628977155296,-0.02276167121750341,-0.003874117019839179
2002-11-12,-4.25046460104329,0.03117279090419232,0.0485270831552657,0.01199625837519595,0.023780195494328686
2002-11-13,-4.015217787746797,-0.0032022214519861363,0.012551948118088479,0.015473257884069625,0.0025238843529572937
2002-11-14,-3.989848028752064,0.044533750671061294,0.07314257845166537,0.029018459354181885,0.01711751035377786
2002-11-15,-3.733485167124222,-0.021706417010260645,0.034191040980641664,-0.0052783511022560054,-0.008834713282112463
2002-11-18,-3.3001668477222723,-0.018987626880313805,-0.04389981321666372,-0.0149279996230311,-0.010427382159698979
2002-11-19,-2.0291856661195427,-0.024577877528017728,0.011639359145165657,-0.01788503009703878,-0.010283101724449158
2002-11-20,-2.0500976884720794,0.01687988156662092,0.035057669970056805,0.03157776448891911,0.04051023994856067
2002-11-21,-1.4262002956298736,0.051455057440568296,0.06488787515243213,0.02131827495246659,0.039522912174862805
2002-11-22,-2.0573999097250395,-0.02101342457853574,0.010416281344024872,0.006547986057713394,-0.005551052813689729
2002-11-25,-1.616791777409274,-0.0024999657354540556,0.028099129902413388,0.00017204673659169503,0.02074669371585068
2002-11-26,-2.0327100711744333,-0.03569557058389709,-0.023790341828676818,-0.023105163160802026,-0.013312821940255714
2002-11-27,0.902071542582465,0.01991467020916582,0.03131843831913343,0.02052577694104344,0.030564755400393617
2002-11-29,,-0.014091429576138808,0.012422769611934855,-0.006910669628336535,-0.00893394151859202
2002-12-02,0.7949106942014543,-0.020864164192805,-0.02079098732013918,0.00017343976162516995,0.004363152793692023
2002-12-03,0.4278111775543642,-0.0013174532541994557,-0.0455596177807367,-0.017133520767348698,-0.02423262335379531
2002-12-04,0.4313021683763412,-0.012613149721970002,-0.028547841940913386,-0.003002122216060388,-0.01799870279465934
2002-12-05,-0.16631262671948382,-0.02297242236728398,-0.03312137673212642,-0.02145274477238387,-0.007556486604246429
2002-12-06,0.3688623729587069,0.021636275638252007,0.053721914517702946,0.0023459196208320495,-0.008949255528027378
2002-12-09,0.22722906693226014,-0.013466593329268388,-0.06880285834079354,-0.0355990329497407,-0.0337255232320867
2002-12-10,0.5661876069739091,0.03530043272382724,0.016015664027368298,0.008926653785199365,0.01508883253500122
2002-12-11,0.7267127279592455,0.013649948799573921,0.05455832662520207,0.011962680159156355,0.007889114227441157
2002-12-12,0.44434845207776924,-0.019556832117358536,0.00881112385094135,-0.009004710720956816,-0.015716840173586922
2002-12-13,0.7122733159734316,-0.026686679953291537,-0.06805373035614971,-0.03131441336517256,-0.002122722732100143
2002-12-16,1.0525537635341566,0.00405087225842713,0.059242606505208496,0.03702072106975029,0.02004717897754758
2002-12-17,2.366181214099811,0.015369060811744766,-0.02509041329225894,-0.0022046488653697733,-0.016179573715280324
2002-12-18,2.426430825439553,-0.034404032123684515,-0.036031862989299904,-0.015386282062606955,-0.014802543718080851
2002-12-19,2.556148243996397,-0.025726356192802714,0.03421547078202918,-0.007876846523510495,-0.005957131940676682
2002-12-20,2.8821148335886324,-0.004232553385226735,-0.02392057005729616,-0.0013201225317210743,0.014263924502720238
2002-12-23,3.9676165023271155,0.024451153006000197,0.029360095899636226,0.01793813221399953,0.0058727232903648535
2002-12-24,4.803434158977584,-0.009010555677330064,-0.006349179258534748,-0.003338667779665627,-0.006249218484537447
2002-12-26,5.029740170938679,0.0027804872997632506,-0.01466580034551114,-0.00802126223796246,-0.015923009366978384
2002-12-27,5.310805297835503,-0.023896678779608313,-0.003700110604653455,-0.00789817505131151,-0.014628943713459455
2002-12-30,4.802262582262761,0.0007127788880947959,0.013805958809263922,-0.004161479335018104,-0.014452555793408404
2002-12-31,0.3532648390959352,0.01831112074961024,-0.012879452228317417,-0.020106116022167754,0.01626046403049037
2003-01-02,0.2744596749700932,0.03227237928758745,0.03725966167004537,0.03832751913272358,0.03884807842482472
2003-01-03,0.29353988652595386,0.00673137716046312,0.030744608734988774,0.0013021390512233286,0.013316173779945446
2003-01-06,1.1502766517876217,0.0,0.03401715354753532,0.018054923696540152,0.023481516990497543
2003-01-07,0.5257608017621188,-0.0033581810446115202,0.05924611788297039,0.018631499686828222,0.028423426548451293
2003-01-08,-0.17834070124531276,-0.02041226789682402,-0.04595710053934985,-0.028355360551288223,-0.021270630861807603
2003-01-09,-0.47282656835224307,0.008897445160625118,0.07086136764210146,0.028534081295655947,0.0328319447874231
2003-01-10,0.531042275664717,0.0027200299209451904,0.004601344951625456,0.0019690950498617034,0.007785531510130514
2003-01-13,0.39305649556945804,-0.0061326312049081715,-0.010769159229431727,0.00836991074721545,-0.0019412559851588406
2003-01-14,0.606178449880648,-0.001367285912561184,0.013825337968867773,0.010232432980724798,0.012153650497571439
2003-01-15,0.8624986149824054,-0.012395816398919433,-0.045250101168162075,-0.012362550641925292,-0.011239262112249376
2003-01-16,1.5446984338169916,0.01307768422540896,-0.02915168303003972,-0.016485606918303048,-0.017738699817424947
2003-01-17,1.6640610064673396,-0.03621258520981427,-0.06185819746086294,-0.0728713191179231,-0.056782404534483244
2003-01-21,1.9755662389434225,-0.0056914494820413,0.011299739285054207,-0.002529381694895609,-0.009392268739262367
2003-01-22,2.221096512487578,-0.010036196445964155,0.004311985708167311,-0.006449761315638552,-0.010484015565759747
2003-01-23,,0.020679780964642333,0.06979594195451756,0.02478807168317438,0.016796526594114486
2003-01-24,0.5835329382176884,-0.026458393979976645,-0.05696961780397527,-0.047595316435907684,-0.025745296042204314
2003-01-27,1.3472902638092252,0.023628838187101788,0.013502602677406099,-0.013734604716361612,-0.007242011311918675
2003-01-28,0.6128458030791398,0.031351410159279204,0.0033469277585233344,-0.007143641048129051,0.021321897420211573
2003-01-29,0.9455517946343601,0.023722021717890795,0.0041687926282955486,0.02208102769369802,0.0026185221459232503
2003-01-30,,-0.04171600055985545,-0.02271877194439728,-0.034032873411587165,-0.025471831738992864
2003-01-31,1.8334571723152107,0.0027921331936723954,0.023550109594301965,-0.016301121982998962,-0.0012776762045435023
2003-02-03,,0.02067597195553216,-0.0016637670335747277,0.022912442331016036,-0.000255986584440974
2003-02-04,1.556803080340254,-0.004103890915772084,-0.023590097478750023,-0.025866770949959813,-0.014040408111123774
2003-02-05,2.079897355258165,-0.010324582211605197,-0.018065286854500644,-0.007636527678673661,0.0022030616084206273
2003-02-06,2.479557755408366,-0.0013847415984983207,0.0008680298722499248,0.009747869963330108,0.005173814765284494
2003-02-07,2.774113310441503,-0.01959474894032029,-0.016616029367230927,-0.01787298566116629,-0.005303208050092677
2003-02-10,3.234882362676891,0.014033682988163397,0.035517041267504636,0.017028626150220213,0.010450883946960018
2003-02-11,2.643337722687619,0.0,0.013524822893107141,-0.020038717596167273,-0.006697041293618097
2003-02-12,3.219172802051925,0.0027827036518531492,-0.035031457002468236,0.0,-0.011566770193735337
2003-02-13,3.4074748845708656,0.010371265934872795,0.003472170682876568,0.011773421644435704,-0.008401288285796367
2003-02-14,3.7386924983020173,0.008899785607845226,0.013770185646502694,0.027496858356285396,0.02074333805770973
2003-02-18,3.8921093284875687,0.0400883838629956,0.05971905616435884,0.032990279925294186,0.023983076445695743
2003-02-19,3.965609027941386,-0.027890546773767493,-0.00808418151115027,-0.014167737361439801,0.0022666911084199552
2003-02-20,3.75877334157752,-0.005403424794186154,-0.0008119559762243825,-0.016026813656552244,-0.0045378540906860915
2003-02-21,3.205556350112788,0.015451558363578134,0.006477844432737764,0.02009536184538984,0.010056800987422024
2003-02-24,,-0.017485782175050354,-0.04709696292453999,-0.0229990822572487,-0.017539208727836077
2003-02-25,1.7701699383035179,0.018817477539282226,0.010101437602495508,0.004973348672958089,0.0064712685119198
2003-02-26,1.4028383696114186,-0.035231198717879594,-0.018597220988531376,-0.024269240348603942,-0.021347145308567683
2003-02-27,2.484315451744219,0.02452255548021828,0.014400135041285707,-0.0012715764403060342,-0.0015511728551944816
2003-02-28,0.5926768171936541,0.010045073338668657,0.005870598658239641,0.0050764351452425825,0.008632284577805006
2003-03-03,-0.0062769710365112585,-0.02427799223697172,-0.022834162381201624,-0.006773791872017739,-0.007985703147552146
2003-03-04,-0.5350389802943479,-0.0061617518477256935,-0.005145829273057808,-0.020167919319550916,-0.008180056394038912
2003-03-05,0.3588333529198938,0.004110642943832734,-0.04035633726911577,0.01591077975993005,0.01333909246289362
2003-03-06,,-0.004110642943832713,-0.0008952650311179852,-0.007278803497566004,-0.008526669248174166
2003-03-07,0.4785228201288631,-0.002063730919115208,-0.009001246370323361,0.012385280109648025,0.010711899391792231
2003-03-10,1.033310142756145,-0.011072056559051753,-0.02749921346327284,-0.026232884855878675,-0.028647988126174494
2003-03-11,0.6148009666673415,-0.009790203567827315,-0.0074625982861837095,-0.006557338260879631,-0.004634577265423753
2003-03-12,0.6352812526101661,-0.000700911314847069,0.029522285907116395,0.025548227507500465,-0.0022583503468991545
2003-03-13,1.29613405114564,0.034555594595653716,0.07864259512382615,0.05327905721839664,0.04257634273423173
2003-03-14,0.36277391812968374,0.004069691633032084,0.003356258332336566,0.0076723769763774536,0.006985984374394069
2003-03-17,-0.07983723756052058,0.015441360216852771,0.033761362125800484,0.042140798829777316,0.0428661089946557
2003-03-18,-0.6852286974930623,-0.0006681254652394106,-0.008129800970800544,0.004232895725299798,0.0001212618312496021
2003-03-19,,-0.0033392819513017834,-0.07983868691486853,0.01069534531343001,-0.00571554190989252
2003-03-20,-2.8472871090960887,-0.0026783289874172294,0.01665953164281171,-0.0026630122601736294,0.0024361136859669752
2003-03-21,-3.7638813627578216,0.006017610938718982,-0.013129134545230575,0.012116849220061383,0.03231834063432332
2003-03-24,-4.242992971543267,-0.042907406097625014,-0.028598990006507403,-0.04937346867482595,-0.0317106343201387
2003-03-25,-2.358993610699155,0.012447004631409282,0.024183670712161806,0.007876608510447287,0.014484429485862956
2003-03-26,-2.806826962717273,-0.009668650937013154,0.012313487685345853,-0.00945991022004909,-0.023031465673776546
2003-03-27,-1.830060897897775,0.005538190949868181,-0.00701767173572577,-0.008351715600578258,-0.0012270711394735615
2003-03-28,0.07417139930612193,0.005507756572029215,-0.02315282527761555,-0.01488676781976666,-0.007393457537343192
2003-03-31,-0.18860190960651302,-0.02995890957802934,-0.022780371406272266,-0.018822023655166942,-0.03038884139059763
2003-04-01,0.5998953234305259,0.001412631641891768,-0.008329112386194618,0.005766366008790274,0.0038167423250943197
2003-04-02,-0.9337416434739799,0.030600046726538505,0.06302699271606851,0.054736849669788444,0.03408888649310247
2003-04-03,-1.7286238155979485,-0.00963489200557427,0.013864713082961132,0.00038900668346125575,0.005508622103379686
2003-04-04,-0.7240949443577441,-0.003464824306723985,-0.021749040835007484,-0.025188615048788363,-0.013768169035072947
2003-04-07,-1.0509179099199286,0.005538190949868181,0.02946429339111973,0.00318350114444858,-0.0039683161218428634
2003-04-08,-1.6126350318728693,-0.002763056849175067,-0.018096011395103553,0.01615834194791324,-0.004983408769947163
2003-04-09,-1.3138299967394211,-0.01815786623282155,-0.02911522209532431,-0.040284729495212494,-0.017130994870397535
2003-04-10,-0.5953808494186016,0.012604378437732523,0.017746940099307964,0.0008129836162647726,0.0038040647357892813
2003-04-11,-2.0487087284195464,-0.08492662911527128,-0.0070612394987327135,-0.015986493872539535,-0.0032962008647011674
2003-04-14,-1.327572905814543,0.02838241418628279,0.03224706726851678,0.02287635916773619,0.016623130999309375
2003-04-15,-0.7732615841958685,-0.014090366592268203,-0.010345375090891262,-0.006482731616135302,0.033405943387805115
2003-04-16,,-0.011263364079071917,0.003460156417178154,0.012923707965957857,0.0010864823848437287
2003-04-17,-0.2470202897523595,-0.009105286235613835,0.035627226392870075,0.023008019432081205,0.016513616185600134
2003-04-21,0.9755542735246496,0.001522369676426779,-0.013422299395840762,-0.011437933062706298,-0.010738436398894307
2003-04-22,1.1839320402233677,0.027768576033027525,0.024197549644176548,0.02158291388822679,0.026866825247385085
2003-04-23,0.43121081135885475,0.005168071197499384,-0.010775250248335857,-0.0015543307507079863,0.0014008244037280247
2003-04-24,-2.351480085181391,-0.010362842018265215,0.0024971902107381017,-0.00898279838301782,-0.006435369355904045
2003-04-25,-2.062479066143271,-0.00671835765738143,-0.020151690951298006,-0.01064866191229488,-0.015614379499831271
2003-04-28,-2.2067768841521684,0.037490106110728026,0.0151515606730978,0.02040889729969941,0.014675794225526942
2003-04-29,-2.666625808658801,0.01432510598099632,0.0041687926282955486,0.0023283881952681365,0.006323408517885366
2003-04-30,-4.188907240163749,0.011319087630236506,-0.011716028670753078,-0.008955000961110555,-0.008912025517391705
2003-05-01,-3.270691937705758,0.00979710384960842,0.0033617979186347877,0.00584917576145581,0.01159369162533676
2003-05-02,-3.4088912185043343,0.006247498828154987,0.02321820849951593,0.014666593978051581,0.01937062031977726
2003-05-05,-3.4822288091892544,0.10750102378272651,-0.009884795744391625,-0.009238152059935481,-0.012062441088328081
2003-05-06,-2.4417510930742425,0.08400407686476903,0.02695140863273997,0.0195297375298869,0.01137731215343425
2003-05-07,-2.783931430238105,0.008536260366416424,-0.017886755526061813,-0.014515149909992748,-0.007699738556730857
2003-05-08,-2.481500392476807,0.019636215805875427,-0.00741071775925713,-0.009665592533623597,-0.007294765037199038
2003-05-09,-1.96895340069729,0.01652884860315949,0.026102889089552914,0.02380141586764482,0.01728168547131065
2003-05-12,-0.9614776832842044,0.014107801404702624,0.0032152882997705237,-0.0060886971249320045,0.016425599817904143
2003-05-13,-1.4032858926999086,0.0059084079308748495,-0.0032152882997704127,-0.008047126209089156,0.01095165119686219
2003-05-14,-0.48097006212669713,-0.006448598079349155,0.008817501842934198,-0.01433845243821065,-0.014327507647343947
2003-05-15,0.15759538704617515,0.009655668814162145,0.02987642852542139,0.0066132364371849685,0.01343838893412173
2003-05-16,-0.12276931748473696,0.0037302178398802735,-0.027484931299833076,-0.008566989298440457,-0.010174175688232262
2003-05-19,0.22615174231255936,-0.037944519041481634,-0.031543180255628224,-0.032190470095260396,-0.028957806096004683
2003-05-20,-0.04285035531367257,-0.017273182555394215,-0.0008221652732847224,-0.005264037728319683,-0.007897024335450177
2003-05-21,0.31175758272622495,0.003365887696740447,-0.004946542629162541,-0.02466192151921524,0.004768326440024641
2003-05-22,-0.17394382305566025,0.02161238718951838,0.016393940515302397,0.005394989751796382,-0.0011608509686655923
2003-05-23,-0.13783496732106892,0.004377611605682232,-0.01639394051530245,0.002480212312282731,-0.009571552803400322
2003-05-27,0.04462380125774129,0.03010962462822091,0.044452064682504115,0.023261959255265977,0.028102871583970207
2003-05-28,0.26465108426501505,-0.032294619003034784,0.04709479042149177,-0.015447523276596096,-0.0013698390752771704
2003-05-29,-0.39778302843874014,-0.009897709561732783,-0.03296586818867531,-0.0004099189686040542,-0.0024008235927165398
2003-05-30,0.4285034034907169,-0.008320058952878476,0.01393198149426697,0.00856977786678911,0.007753850593662778
2003-06-02,0.7038218776449354,-0.028251858730426165,-0.016273185719384735,0.0012183894887679858,-0.008097033651826867
2003-06-03,1.4297301366482733,-0.008054864771865589,0.017041655978658823,0.00969322426211537,-0.04102272084891702
2003-06-04,1.4215982845605726,0.016615030671904795,0.04211125805095403,-0.0004020480247039629,0.005117056989915662
2003-06-05,0.8769936624468377,0.002269659326041763,-0.016332960112709967,-0.03186557996448814,-0.0282892948197541
2003-06-06,1.1240301224800455,-0.028170735067255814,-0.020416579258160934,-0.0175882226996438,-0.02284786944711382
2003-06-09,1.6767062198774143,-0.021216487995247196,-0.01772699503880081,0.003373766890150762,0.024067930870322784
2003-06-10,1.8705604529136775,0.022965158653996266,0.01236527635871753,0.03841056641863099,-0.0035430546912609004
2003-06-11,2.192145385316242,0.015592239182425876,0.01901913196494804,0.008071517380054188,0.027283442456379214
2003-06-12,2.747243785309699,0.01817081408284486,0.004511393335118725,0.0044115798774196,-0.0002387719462781004
2003-06-13,2.0947647976880055,-0.01989172141373038,0.011189923967975426,-0.013699003969679859,-0.014396632400670059
2003-06-16,1.2296900704315927,0.04764206793714138,0.012532258176491168,0.029578724879160374,0.020927104984034623
2003-06-17,1.60412112987532,-0.004389620343153331,-0.02222304582525507,0.022201096942663034,-0.0023695631611486143
2003-06-18,1.2190087899861382,0.04986549602914832,0.005229617707891221,0.004228315784367981,0.004733885977906906
2003-06-19,0.923111945307755,0.0010449919922445173,-0.005978544788573205,0.0,-0.0017725142978577892
2003-06-20,0.22617115171104196,0.0031285435632692755,-0.031217019075676457,0.009924264882693568,0.00436600952460703
2003-06-23,2.3059947430349226,-0.007318109089168932,-0.012451975712088734,-0.021110165750825017,-0.020702425012891306
2003-06-24,0.8946020346992647,-0.014799823060501078,-0.009441113737188346,-0.0031082992939055307,0.005395246588555963
2003-06-25,0.7238068984781568,0.01637329371915504,-0.021574641287423226,-0.01726860515459449,-0.013724996940261084
2003-06-26,1.6408855769782593,0.010420881009814883,0.011244816964112897,0.01921278835536065,0.02229737150451718
2003-06-27,1.4003224695255494,-0.029460595542158886,-0.007214873527744581,-0.00467103936405038,-0.011086173685581941
2003-06-30,-0.18522996017953552,0.017466243873689852,-0.03437291356554646,0.00038951870785943274,-0.011090479796895331
2003-07-01,0.8076590984127417,0.0015734706586539478,0.026295746378229002,0.019695670269915436,0.013125742186747393
2003-07-02,-0.5215227405687449,0.009384017424854486,0.009684955514971224,0.02753339114641717,0.013664396376896292
2003-07-03,-0.753225753756173,-0.007291531047783602,-0.021925351836937355,-0.014237721218747333,-0.009366971847959251
2003-07-07,-0.42357745566490984,0.037951925584297906,0.03151807687136951,0.03412780131313316,0.025172025215314038
2003-07-08,-0.6620697369596253,0.026326074426858047,0.01264827955125954,0.01015956585614614,0.0018572800862385588
2003-07-09,-0.49906865998725747,-0.025317500158778615,-0.004724626005806938,-0.008337795458364121,-0.009084270049161907
2003-07-10,0.1262411585179783,-0.015709225883474207,-0.005539948643490594,-0.02059676082509873,-0.016991927773248733
2003-07-11,0.38549371545787686,0.0136943692592306,0.018868181398786748,0.014754985550516183,0.01018177718397704
2003-07-14,0.5539615060672408,0.0025159610008978024,-0.015698562896075186,0.0032906174380704094,0.006224177143615876
2003-07-15,0.37975161302020183,-0.014678717683494645,-0.0007914870406269433,-0.004756036530922645,0.0118709165787881
2003-07-16,0.8645438693782579,0.013169039038761016,-0.017572243272263158,0.009125765552123058,0.0034645824691067447
2003-07-17,,0.05053854720072686,-0.026124397063447925,-0.03062429481024898,-0.04010655393897981
2003-07-18,0.4202597975338321,-0.0019143441290478235,-0.0008270115692919445,0.007466327925809652,0.004668633792110525
2003-07-21,,-0.012056444358698105,-0.03281764360991507,-0.03212131818474153,-0.01467980742344453
2003-07-22,0.9073174580150125,0.009176842662383115,0.0319892509426374,0.012972601191009903,-0.007909380242482346
2003-07-23,-0.23137539014904707,-0.00048248068966599866,0.002482328014698632,0.0026499060818781185,0.005482860014148045
2003-07-24,-0.6985119727053768,-0.013559023793717258,-0.03532741469159049,-0.017159511292904786,-0.009645367356915855
2003-07-25,-0.29842667377608373,0.04899936316560163,0.03532741469159061,0.033658322204758284,0.02471923011996621
2003-07-28,-0.18119748986607415,-0.025867311035121354,-0.01834914602118012,-0.010467903814776901,-0.012162484782673679
2003-07-29,-0.3834015144167636,-0.012945203215791144,0.0033617979186347877,-0.005274859701235549,-0.009005387595445051
2003-07-30,-0.0716146438824708,-0.021463984497513997,-0.0033617979186348385,-0.009108727159732188,-0.010322195928724097
2003-07-31,0.954463753967132,0.038690430253682725,0.009217159694865114,0.006839104734553883,0.003576006745965049
2003-08-01,-0.0791081491914839,-0.016742815952379884,-0.014280380563309018,-0.00912910066256114,0.00024585834240612613
2003-08-04,1.2560740323164272,0.022889322726163192,0.003378327441731225,0.0003818412726151723,-0.001724164668086643
2003-08-05,1.1547526481563337,-0.039917045351489745,-0.01872364883636502,-0.020061582657925923,-0.01590280710155566
2003-08-06,1.1006598337953624,-0.03749538914971536,-0.016457284410473966,-0.0003903727085284646,0.0007526148693722285
2003-08-07,0.9710111319000715,0.01516651785459052,-0.0052542862145712466,0.002336792125139502,0.011717894050937322
2003-08-08,1.2574072401475345,-0.014659386287194452,-0.008818785989631426,-0.00506915439329817,0.0023514848872067157
2003-08-11,1.1061886731197794,0.0010179484447041766,0.033960630207343814,0.0011717871881203872,0.0017296077880587135
2003-08-12,0.5275764622740798,0.002034309567970597,0.040273957320753076,0.004674984768306124,0.00602998965712466
2003-08-13,0.5617791269902013,0.024072384494633975,-0.02161373024862754,-0.005065265125867542,-0.0038105546325939974
2003-08-14,-0.691418811141334,-0.01046097411977932,0.018318788386950943,0.0011714212185822848,0.004423398074867757
2003-08-15,-0.14549182720062726,-0.013105474100815645,-0.0033055361149069784,-0.0035180823762199216,0.0028163430330500065
2003-08-18,0.0976917831081999,0.03146320911183844,0.008243738669586893,0.006244938539504193,0.02093106274199544
2003-08-19,0.03692947639071449,-0.0009832138995164899,-0.002466003621491586,0.0351726256031361,-0.008053896905644503
2003-08-20,-0.08953451334200706,0.033394242518239366,-0.002472198933188171,-0.006407257761665293,0.002411305134602301
2003-08-21,-0.09777024018041529,0.03139096869118866,0.0032949418616764906,-0.007971473456417648,-0.002411305134602247
2003-08-22,0.8827184291540477,-0.037599115206174843,0.01144739788613992,-0.0007621406753487566,0.0014470390868984448
2003-08-25,0.927819911141471,-0.0009576778334227791,0.00567507559456297,0.010622249032455799,-0.012247828398827404
2003-08-26,0.7214721941127844,0.009067080174703795,0.005642954217194343,0.0026380400997402156,0.0065666166643112926
2003-08-27,,0.020219920546959584,0.0008031848320435057,-0.005661641445505326,-0.006078798400131981
2003-08-28,1.3358894322237136,0.032521084908454484,0.025378023260589296,0.0034006883993691972,-0.0012201319440464133
2003-08-29,1.5358955110824515,0.018750555457011694,0.004687808495628079,0.0003770627961517938,0.0013419795277636347
2003-09-02,1.4089822431693744,0.010559182994416848,0.042722019389398715,0.027521536934936003,0.04471154820087804
2003-09-03,-0.436897370937688,0.004365488742722477,0.02725754053080223,0.03744142239008682,0.0066247383642388455
2003-09-04,-0.29217468546460174,-0.005240302442939016,-0.002911163126876145,0.004583002579164172,0.018136024405339384
2003-09-05,-0.4704204803438776,-0.014560757994850512,-0.04777049392505057,-0.001759979718879285,-0.010979866583681785
2003-09-08,-0.6071953029138815,0.01060860023561881,0.03012299815330896,0.016078300128371623,0.024425383075104452
2003-09-09,,-0.016404348842664545,-0.008942151329797952,-0.01643108682741076,0.0035852022890586863
2003-09-10,-0.40684259731273864,-0.008530400182557473,-0.038921142258406864,-0.029329350033702833,-0.017826850102277955
2003-09-11,-0.31236755819742007,0.016988382920244953,0.010065506173077181,0.01047115802194555,0.0009098746603366768
2003-09-12,-0.7977583448722385,0.023654291535289754,-0.03368912562518266,0.01780007736687029,0.008832699753032929
2003-09-15,-0.9911549503750088,-0.03929011987769679,-0.007999819737490196,0.0007054239140763229,-0.002370622431155948
2003-09-16,-0.975779531278321,0.006732261458575637,0.006405235773383882,0.0188621483306276,0.020136910792957943
2003-09-17,-1.524973329195657,-0.01079227531620945,-0.02015376383478946,-0.01393762664706186,0.0037588147702141937
2003-09-18,-2.0176373899744795,0.03377983651474387,0.006493619207329233,0.03448599014950771,0.015003663457303366
2003-09-19,-1.8016924340239004,-0.013197920462591457,-0.01960864553754074,0.015473723863235155,0.013817448406745444
2003-09-22,-1.751354764092639,-0.022391300557435448,-0.012453510746208549,-0.030156845820469808,-0.020469791044358112
2003-09-23,-0.2661477351728472,0.0157269735450965,0.00500013027820014,0.0180675400156438,-0.0005474921126162362
2003-09-24,-0.2267028382973102,-0.05075485914869328,-0.03639850718677908,-0.03927503571756342,-0.021467826796399702
2003-09-25,0.9126407518586219,-0.04264213942378624,-0.0034542832363683626,-0.007759921364986119,0.00011142079843374193
2003-09-26,1.1174089307909956,0.01264690815894521,-0.013060436381976692,-0.0017721640878864487,-0.004034505878999064
2003-09-29,0.8207114613601667,0.029056953112880715,0.019957318221388697,0.022449243721771532,0.004482283731310525
2003-09-30,-0.20985643614207483,-0.027607353321249157,-0.03407965596224333,-0.03638072912763162,-0.01260002593080074
2003-10-01,0.6489113020403857,0.003372174879028163,0.03836576528916493,0.02557010179890558,0.02261105908182706
2003-10-02,0.9616749876210149,-0.010638762345086651,-0.025120274435484268,-0.0007019034305266128,-0.0029929448902701328
2003-10-03,1.3150657956298233,0.05301737849032694,0.04962535408044362,0.020146623707963964,0.006197377909622043
2003-10-06,1.6748736936160764,0.027288648643098885,0.017377217071633793,0.0037756741055677474,0.00594022503156724
2003-10-07,1.602950652479469,0.04087521431375409,0.000820142637713588,-0.0017144387152192768,0.005686907513023995
2003-10-08,1.0563904206636303,-0.006913916364631936,0.03463885616061141,-0.011042282190249284,0.010414149265262818
2003-10-09,0.36280502014551663,0.01677038090455754,-0.024039516913450035,0.00415498227425559,-0.0022685336876242137
2003-10-10,1.2043108989007398,0.009760178007568773,0.0,-0.0010369389594551404,0.0023768583918132797
2003-10-13,,0.027900125121301043,-0.004063572546434381,-0.0045069551171649826,0.005702696167940534
2003-10-14,1.8235989846042524,0.008181178307921807,0.004063572546434382,-0.003480361211699386,-0.00516314211701536
2003-10-15,1.725714631139686,0.010936964931698769,-0.017178598876645964,0.01910096858465012,0.00021509811886902342
2003-10-16,1.423697730576473,-0.06534289842316274,-0.012453510746208549,0.005489046168737752,-0.03802249977512269
2003-10-17,0.8872469458529033,-0.02174096536755051,-0.021106240296937234,-0.010316426202172746,-0.0005598362543969551
2003-10-20,0.4967016986193162,0.020448952882297276,0.016081083873942498,0.0144128927297786,-0.0025816413306833322
2003-10-21,0.37057448956060063,-0.0017231652961333327,0.005860567089340481,0.0,-0.0007861198519389441
2003-10-22,0.031892678252302076,-0.018285215444275728,-0.02194165096328303,-0.01579686570738741,-0.005299019989902686
2003-10-23,,0.010054318055452238,0.002556260980835392,0.000692225911435731,-0.0035103859610816444
2003-10-24,-0.10575960195085618,-0.01711136526323187,-0.001703754918022865,-0.08290059061605819,0.0030577683059962867
2003-10-27,0.07264888020455568,0.0,-0.0025605228619588597,0.011210615222341748,0.0011305566172903276
2003-10-28,-0.21041007290394537,0.04836871613663473,0.023649667762429362,0.010719051758347631,0.015469624871599962
2003-10-29,-0.26882682712756084,-0.001263876974061005,-0.007541515921997494,-0.01705552445280246,-0.006248633575076893
2003-10-30,,-0.025654857844171746,0.02491873299363131,-0.023459386731702253,-0.0024662465017980155
2003-10-31,-1.4452059817484142,-0.008698660341873412,-0.01821262773797959,0.0007646557854207539,0.004031429401845674
2003-11-03,-0.8376654182970973,0.011295025134876001,0.01821262773797969,0.0204477826281988,0.002232926110037313
2003-11-04,-0.8247779807508269,-0.010422067758270509,0.0016392197087790276,-0.023129144085667453,-0.006039627306596851
2003-11-05,-1.0324967626960126,0.005224395111910367,0.011400495370635852,0.0011501545061594878,-0.007318945738979155
2003-11-06,0.29063145550977476,0.003900160647208688,0.02794629873755248,0.0049678445264788535,0.011369684448241156
2003-11-07,0.5506904783346791,-0.027181550493697613,-0.01907855418690135,-0.00496784452647881,-0.01216214962454836
2003-11-10,0.8310803157270815,-0.02703048347763183,0.00878970280421201,-0.0038388445676831406,0.018967066429441837
2003-11-11,,-0.016573511922943915,-0.002389783659487415,-0.007722063705060611,-0.006580635648507982
2003-11-12,0.8231501731243257,0.03601927850433497,0.018175081885644498,0.006952451413372883,0.014773512792790293
2003-11-13,0.9232522534200427,0.0040216421516731955,-0.015785298226157086,-0.011225123870173307,0.004400742821696246
2003-11-14,1.460760607324791,-0.043763185405754426,-0.02252741196443823,-0.007423455198576237,-0.009264000044433281
2003-11-17,1.4790150346553221,-0.015497022024566154,-0.016407392007226237,-0.01382055780001342,-0.0049990207735464655
2003-11-18,1.4675691279305683,-0.034668421323403795,-0.023431862136777268,0.0,-0.009510430939289629
2003-11-19,2.3389865834199837,0.0004905840154741171,0.01845700621438399,0.00792103621932717,0.005046670073001079
2003-11-20,2.01689312487717,-0.00195948299020819,-0.01761058718910162,-0.009910874616225286,-0.01136174721733004
2003-11-21,2.286088201193435,-0.004919891675976348,0.005063220868443976,0.0003981855151906616,0.0027116657038248767
2003-11-24,1.1445558785700585,0.04200548394490391,0.014208270153542911,0.024391653753584968,0.011553919025336526
2003-11-25,-0.6021372025016642,-0.02247277668712738,-0.015050311414360421,-0.01290909775629555,-0.002568342117613314
2003-11-26,-0.36342523208990213,0.0019312772397374251,0.01422065324275693,0.001967704311248871,0.005352251058485396
2003-11-28,,0.009128448400839184,-0.0016625833111863502,0.010163641686080485,0.006983029105166268
2003-12-01,-0.12452518137810387,0.037545684448479805,0.039956185535323464,0.005043855463873305,0.005177891112398194
2003-12-02,-1.027977292452743,-0.007861618598406492,-0.008831756785020344,-0.006990067618168602,-0.0028612049332670253
2003-12-03,-0.4681207216319488,-0.023961116179449796,0.03953067356276476,0.0003891338024647205,-0.004970988453808404
2003-12-04,-0.29939356974044484,0.005690101375927354,0.006952546409036683,0.020436349829522336,0.012327102580174058
2003-12-05,-0.14625794848822188,-0.014288239687660577,-0.0194330996141933,-0.008432383721840036,-0.008568678822911376
2003-12-08,-0.26898789882056906,0.009548077679983292,0.005479517798178117,0.009957869562195276,0.0061589646031473795
2003-12-09,0.46490044644131095,-0.02891670861913658,-0.015735898416199802,0.005321655773135102,-0.006269599351633898
2003-12-10,0.26486106110272295,-0.0034287216421138513,0.01339131663639479,0.007928763678093547,0.012063887985368126
2003-12-11,0.43648018249196263,0.039917045351489724,0.003904619139463139,0.0007519632156506023,0.00727822477980479
2003-12-12,0.6761134554800092,-0.01520099720329838,0.0,0.0015018822460617649,0.0033491480744714157
2003-12-15,1.2816403581538633,-0.0350740102922421,-0.01018425533909597,0.0033722602818250596,-0.006492959085746893
2003-12-16,1.3961492741829225,-0.00248233497079626,0.032535821624640915,0.011895747397184067,0.020098315711263668
2003-12-17,1.1448129453341946,-0.012001041427175067,0.00985956460879591,-0.0007397983137244506,-0.006190602519537106
2003-12-18,1.4610861354135238,0.008015748330663772,0.0060198461592666985,0.013226200286044364,-0.007198624722693768
2003-12-19,1.6060350950898696,-0.017110409358286224,-0.01816880661998347,-0.00146096874446488,0.004410981393485706
2003-12-22,0.8816520954234501,0.007583864228348252,0.008368252729110478,-0.006601188203526188,0.0026806859559434003
2003-12-23,1.4740585340133856,-0.0020163112003527676,-0.01142864980409028,-0.001104714201916772,-0.006445119541739115
2003-12-24,1.2898012419488767,0.029837345516383017,-0.006149036375951057,-0.004059329136136674,-0.005619800950319599
2003-12-26,,0.017965230047835835,0.0023101832515644203,0.006267309986570144,0.00680477849057599
2003-12-29,1.9245047321750928,0.01765146324635789,0.013751591237087763,0.009146179320123309,0.006651081422780012
2003-12-30,1.4269100427097687,0.00612632026079935,0.000758015438829692,0.0021819503958468312,-0.009562158199538769
2003-12-31,-1.0094269142388268,0.004220408141436988,0.00302841701305222,-0.005465078183016562,0.0005400447142213237
2004-01-02,,-0.004220408141437023,-0.006825715717641627,0.002918515303917344,-0.012267512498540658
2004-01-05,-1.1165594228894506,0.04097358793444242,0.03072525248784335,0.0248260670143563,0.01625146366798516
2004-01-06,-0.6197758820197479,-0.003616747201872879,0.003682964496917489,0.003546762937251056,0.00010767567491212632
2004-01-07,-0.343461847700357,0.022383340576255583,0.026842513665995004,-0.0010620143758807458,-0.0030136434536799607
2004-01-08,-0.2365227925305497,0.033517779372291175,0.01914255194424407,-0.0017744109775944012,0.0027983624044224595
2004-01-09,-0.3282136615459674,-0.015531899191697066,-0.004927900258775286,-0.0179153019615455,-0.019864937247909033
2004-01-12,0.0532254149692199,0.031246536863170086,0.03399588704585222,-0.0032591257833807516,0.003721078954269064
2004-01-13,0.6409203523507223,0.01630089815781764,-0.020676379430457085,-0.005090467519673815,-0.020414903585653166
2004-01-14,0.6462388131914472,0.0033121147757926486,0.015889835203758765,0.009794728544733221,0.006777782602307307
2004-01-15,0.731571352608051,-0.05740134964783359,0.02035364554757017,-0.005793113874358775,0.04025925391762467
2004-01-16,0.38664890947960645,-0.005706545750017383,-0.002690099648009057,0.009756584835652081,0.013732136718072094
2004-01-20,1.6995232904638446,0.0004411540257633351,-0.009472341137481695,0.010373393032374324,0.018501142465891282
2004-01-21,2.0625662815023924,-0.005293791270162673,0.0,0.0070929057996347465,0.006160857707518023
2004-01-22,0.7889200725552596,-0.019202537490253455,-0.012311692938162023,-0.010300584899483163,-0.0019469558432432931
2004-01-23,1.2353882528870628,0.016988382920244953,0.0006877767197456024,0.016640256741308375,0.0039911573526748055
2004-01-26,1.1987830495542993,0.019751268289867153,-0.004826143660482326,0.011173782108001292,0.019723263101150672
2004-01-27,0.9294606262358656,0.0026031320018984412,-0.018835399091198936,-0.01928254722724014,-0.010571785567408945
2004-01-28,0.6198404645855262,-0.024128376370434072,-0.018479602598958395,-0.019299466353573838,-0.014476385815684358
2004-01-29,-0.09812127218010391,0.007079119368525416,0.01777501358181503,0.0071917032650923125,0.006448225665393826
2004-01-30,-0.48910550990243806,-0.0053051432898568625,-0.02353024549116077,-0.009359799574372963,0.012371214059541334
2004-02-02,-0.23828187637409748,-0.010696187833558083,-0.01600078303368617,-0.009082028268696465,0.0016106948131869715
2004-02-03,1.293119860753884,-0.0026903645886067243,0.01960152077309372,-0.004023124576659359,0.006119002795797308
2004-02-04,0.5684898304943232,-0.021341234427658624,-0.04710201866556063,-0.01031282203971976,0.001898294218191012
2004-02-05,-0.1824968931466442,0.028502477974614002,0.021618752966652024,-0.0018529717991045318,-0.013363899315502975
2004-02-06,-0.045873779252282726,0.012853206872039788,-0.010378605604430543,0.004441193851483906,0.002428904278643813
2004-02-09,-0.4618245332440715,-0.0017646183037073003,-0.010486818601662246,-0.006669671599884173,0.00010056389598551154
2004-02-10,-0.29731709545726026,0.013582750679625808,0.008249106910350398,0.004451770310735618,0.006648254328225134
2004-02-11,0.45312078026736813,0.035061295296441156,0.022887874600314256,0.004798754703240483,0.003507263768612126
2004-02-12,0.4598805761650933,-0.002945651390541694,0.0014585028036117828,-0.007393077073605705,-0.006624670889470121
2004-02-13,0.2517378348059372,-0.031246536863170183,0.005088769545539795,-0.013448306889528208,0.004121021682794338
2004-02-17,0.7457596055165086,0.00693190105850354,-0.002177606418663547,0.014931024934549076,-0.0034162386290359434
2004-02-18,0.9572634444663776,0.004309500840830673,0.02156813644888901,-0.008184206474791973,-0.009605858686989634
2004-02-19,1.1061820593477898,-0.03455361638653645,-0.018665510635521177,-0.011647823271692519,-0.006319916027158706
2004-02-20,1.4666532953713256,-0.0031201877030327613,-0.006542774438269745,0.004149060748556379,-0.005022181596045921
2004-02-23,1.443780171962766,-0.009419136112246651,-0.02735822500316158,0.0015039072790294405,-0.013970547543635218
2004-02-24,0.5093915818532685,0.007632834003171754,-0.006015318103461929,0.010095388940553207,0.008612455167883034
2004-02-25,0.6685381646194042,0.019923368605222782,-0.00529334127849999,-0.006718883714101835,-0.002586303453154261
2004-02-26,1.7631074445796864,0.010034830221120726,0.0068003855688728845,-0.007519083299869681,0.002586303453154296
2004-02-27,1.3301221046845384,0.03748271029201783,-0.031360399959568026,0.001131795281250863,-0.0030007145291727705
2004-03-01,1.686676440420524,0.0041722734823368525,0.01618539034879415,0.006387288018618762,0.005580111089134323
2004-03-02,1.7906316422780835,-0.008781234416360926,-0.0076747892618187616,-0.01167901154098232,-0.0022695425923713237
2004-03-03,1.7031274150998228,0.004608960934024135,0.0023088678878116224,-0.0007574095119584933,0.00020630650620584345
2004-03-04,1.348193836888214,0.0505407028439152,-0.0007690612600090133,0.0,-0.004657746921877441
2004-03-05,1.784370739453356,0.06090409725899359,-0.022559954808988678,-0.0007591634376848713,0.0006224981437313232
2004-03-08,2.072572964697223,-0.028063234448770534,-0.027923706035563163,-0.019931921772135208,-0.019473270328470786
2004-03-09,1.6326114163049783,0.04143735404704458,-0.004053494702848479,-0.00426727811101209,-0.0006343405293829438
2004-03-10,1.3492801004220336,0.02117615590263092,0.008090721683140581,-0.01370103631431834,-0.015672675441103488
2004-03-11,1.1803311161013412,-0.01933457368899081,-0.012976841417447385,-0.011098194209571838,-0.020080087900548185
2004-03-12,1.275543778928411,0.014989672763863596,-0.015631939758715525,0.01149177524797946,0.0226558455397085
2004-03-15,1.1962836973418038,-0.0411106479016177,-0.03372966973957354,-0.008705519164548,-0.01598987987781028
2004-03-16,1.7048574066905458,-0.02410650054890033,0.003424810555611606,0.0007941290329480344,0.006837517177558066
2004-03-17,1.431633658965383,0.014229937387652117,0.012738868540341569,-0.0019881454440257985,0.010116462095902962
2004-03-18,1.8708594647541181,-0.020055404196009156,-0.02046094248744681,-0.009595999063349472,-0.00579858817138953
2004-03-19,1.6057801003026815,0.007374893854330647,-0.009520282382274115,-0.010500501266805753,-0.013335967344898645
2004-03-22,1.5573433890204098,0.0,-0.014010407158143345,-0.005292238834700822,-0.006570404193554576
2004-03-23,0.9848710570640611,-0.02228940968974602,0.005277077169508443,-0.014388994912281905,0.0032904734085330797
2004-03-24,2.263419367925414,0.008269710945246953,0.011338952197722362,0.010708734475271216,0.004915704959672378
2004-03-25,2.0169702924583897,0.05233098560992386,0.03494197190796937,0.03145462112741702,0.006732961224295674
2004-03-26,0.9062300320683162,0.006307819984350698,-0.0016764188154168224,-0.006372257464933431,0.004104704589120783
2004-03-29,0.8035831203229755,0.03166816990735177,0.01333341275512428,0.0111242221771291,-0.0009702176137122529
2004-03-30,0.6640253973974385,0.00035692296834395794,0.0,-0.00435563348540495,-0.0038922887868733753
2004-03-31,-0.7230000300847701,-0.0320250928756958,-0.006645034563839553,-0.010771368586305848,-0.005212817790698835
2004-04-01,-1.2227771308117346,0.0025848016841082864,0.02387943814035778,0.0059979915537567005,0.005754375164406946
2004-04-02,-2.310566683762091,0.014283140268339371,0.02332248446737638,0.03023977336501099,0.01961770885163582
2004-04-05,-2.1195535218528962,0.02938235015826637,0.014990225723219175,0.0038617974427488364,-0.00021281593807592414
2004-04-06,-1.6659843351925425,-0.017453405539780198,-0.02457500103036924,-0.0057975801711406295,-0.005108470621330481
2004-04-07,-1.1478697673778129,-0.01886024912265388,-0.00886774455065123,-0.008173024550222965,-0.006639736980810026
2004-04-08,-0.18349426430822524,0.008022271384345464,0.002426990556408995,-0.004307628823088143,0.0004303697982295382
2004-04-12,0.7042511675801386,0.018355755728076746,0.0024200498902378366,0.005088722984763978,0.006635591069883887
2004-04-13,1.1529854123939403,-0.04039081395391928,-0.008090721683140626,-0.006266147640011974,-0.0074952895140918555
2004-04-14,0.7109094431411294,-0.01082791197528504,0.004862264507687195,0.00235450048298422,0.007069065626788424
2004-04-15,0.15399247752160772,0.095173869524953,-0.023722951457286357,-0.011433611843417377,-0.002671950857823533
2004-04-16,1.102031547952739,-0.0041043182041199874,-0.00747805097889389,-0.002381360556340592,-0.01259938704695921
2004-04-19,1.1169351449845195,-0.028855522124060708,0.0271506939047175,0.014599001776943106,-0.0036912299441844857
2004-04-20,0.8405242965917951,-0.02211141249540009,-0.02631767748966321,-0.007865454723251836,-0.014130178349288373
2004-04-21,1.104486449039873,0.0,0.005816641896561757,0.004726924863082681,0.006706256294897322
2004-04-22,0.04415071233565937,0.0017998523526696506,0.024551344124564143,0.019455658199699785,-0.0057143222821012885
2004-04-23,0.893176950764543,-0.0028828733951018343,0.01285137482262167,0.05946721591000143,0.005933863428652937
2004-04-26,0.4123489028400525,-0.020793244134016974,-0.017713639330308773,-0.010953210685545337,-0.00935560070242917
2004-04-27,0.7138329734706876,-0.007028012897954494,-0.013082951901504004,-0.0007338807170452522,0.007491469643277073
2004-04-28,1.223588604739018,-0.018356310605315375,-0.02079098732013918,-0.024545619207557053,-0.007712738028595864
2004-04-29,1.5563746093007371,0.012027601175625818,-0.0402963232438841,-0.003016928420853965,-0.014820803674612613
2004-04-30,0.9859410490774911,-0.037683847884789116,-0.015873833383152063,-0.013305594070366421,-0.010267079904496192
2004-05-03,1.035000266443701,0.011186873196528078,0.007085833687514046,0.008384061398499235,-0.0017031384368071882
2004-05-04,1.490517686241696,0.0026815308267118068,0.0017638526095711147,-0.0007589137016744181,0.01107245212789927
2004-05-05,1.9172648776456147,0.019322066420362886,0.0,-0.0011403972045856497,-0.00044969861119589864
2004-05-06,2.045304097617683,-0.002630222832577045,0.012259570726817043,-0.006866854033380645,-0.0047421618211767325
2004-05-07,,0.0033802115155832434,-0.007863766170221413,-0.01310267827244303,-0.001925423565662134
2004-05-10,1.8189479786278242,-0.01473077239955382,0.0,0.005801463822846951,-0.014965624382953695
2004-05-11,1.313668429888578,0.03220048764588258,0.023407972807588457,0.0003861015016620199,0.0028731398130408363
2004-05-12,1.8661235210458378,0.005877513219137413,-0.006878470498747223,0.0,-0.003679138937555842
2004-05-13,2.117388296011244,-0.004036664793680716,0.01795673447853998,0.006148561782045441,0.004367685320587203
2004-05-14,2.082439214748699,-0.004793787735655203,-0.017094670281862408,-0.009238310067342775,-0.008985923854042505
2004-05-17,2.264815147037225,-0.01564301637522869,-0.02090687440684,-0.012451275007829925,-0.01023634451693881
2004-05-18,2.6130484624142816,0.015643016375228785,0.0008803558939397059,0.011290379408566883,0.006177308424206677
2004-05-19,1.8454587327659993,-0.02204322369435906,-0.0070612394987327135,-0.008162889881461065,0.011437788041083604
2004-05-20,1.8199998490258464,0.00902429250892582,-0.005328096044083622,0.004284502691810643,0.004241825654394532
2004-05-21,1.6539343816181145,0.01486477786281472,0.0,0.006199072429075993,-0.0033232001317346827
2004-05-24,0.5940621225770105,0.008448493051686979,0.011508979648876554,-0.00503354762808951,-0.00034432031523690316
2004-05-25,1.6841031244860305,0.03838992842458396,0.012248637889956117,0.013112068055269792,0.018202930872580514
2004-05-26,1.241705784386198,0.0035143865931072733,-0.0017406168200478276,0.0015312069513092473,-0.003953349544636657
2004-05-27,1.036595949460911,-0.011996597681889926,0.0,0.001911162617543304,0.0027128037287294893
2004-05-28,0.17107710603428525,-0.003914091409321766,-0.006992713168587065,0.0015254749576262294,0.0
2004-06-01,0.2244976901972286,0.0,-0.02486809007567676,-0.004584733626789472,-0.0053196020726110245
2004-06-02,1.6498564267163327,0.030190522784177456,0.0026942193522348844,0.0007655438073408004,-0.0015901103028475145
2004-06-03,0.3764982104372814,-0.01814505619916049,-0.01627484811120751,-0.009227175134210319,-0.007186605126542267
2004-06-04,0.10689208968765485,0.013292271807026027,0.006360606987546867,0.0023151923255771397,0.0024012204012386342
2004-06-07,-0.38346923471382344,0.03516149102745617,0.03384082708257452,0.01832771697131636,0.012258907617968228
2004-06-08,-0.4097661586747459,0.017952759643796893,0.014776787073369196,0.0064111449531151984,0.015670973391849558
2004-06-09,-1.2051262322020655,-0.004953015241615897,-0.004324001637329806,-0.004898454641062782,0.000554902133609926
2004-06-10,-0.6798303678298867,0.017722736989286232,0.014623840712226865,0.011269571432044595,0.0040985631941663795
2004-06-14,-0.08127736768064842,-0.020376468568287977,-0.013757106564777417,0.00484404048940069,-0.004320301664284674
2004-06-15,-0.7642980987650771,0.01874812430243972,0.013757106564777407,0.01878187976539133,0.0052044816211224
2004-06-16,-0.8132343264723512,0.06466018838906878,-0.031225145940334164,-0.0032890138163092076,-0.00176855438384305
2004-06-17,-0.6790287846558278,0.0021360590529938975,-0.018675476749925604,0.016337948678813028,0.0006638787809428858
2004-06-18,0.049490311401551135,0.003043619633274371,0.0,0.02067013826848531,-0.0042106515450633895
2004-06-21,0.1949826295200846,-0.017782300175516016,0.0008974105830794868,0.0,-0.006349111165079146
2004-06-22,-0.4341886751722117,0.020513237525185666,-0.0026942193522349256,-0.0021185507838343606,0.00590467846142953
2004-06-23,1.4131376287191433,0.020990310267551045,0.0026942193522348844,0.00035367826030231037,0.008516832548078898
2004-06-24,1.0120666029428138,-0.01555160843828211,0.030907200712076605,0.0031747503379264685,-0.008850265655761332
2004-06-25,0.8101381794651727,0.015551608438282004,0.025752906798746474,0.006320075502688204,-0.004901529505922147
2004-06-28,0.6422359925004807,-0.03656539569727862,-0.014511791624954988,-0.010201757841891802,-0.009424530315279843
2004-06-29,-0.34997017629352534,0.0003066163531050374,0.011965967815742039,0.007749009953812185,-0.0047453110301364084
2004-06-30,-1.1481134499617043,0.0012296870397162023,0.013502602677406099,0.0021028478454548816,-0.0015869598134386404
2004-07-01,-0.37073092800405216,-0.00740201657577814,-0.010109948177660462,0.002448036198034572,-0.007401204803600556
2004-07-02,0.4844307517100871,-0.03850279902016168,-0.01364033330484611,-0.0020981361554096903,-0.005271343995007278
2004-07-06,0.3353521763610833,-0.004190734273997338,-0.0393922360149796,-0.0194381975517704,-0.01551489863618342
2004-07-07,1.1963204182972387,-0.018259929495610273,0.0,0.0028504659115210123,-0.004092379269462925
2004-07-08,0.565569900104964,-0.008261383182556647,-0.02531804996608292,-0.01650484462631689,-0.020118582481746482
2004-07-09,1.3123872268836583,-0.003655872967791455,0.010022757244891677,0.007927504369226297,0.0028648273081908053
2004-07-12,1.0230767508078413,-0.030085190559165333,0.0054252067031663066,0.00107635283734294,0.00250004287912432
2004-07-13,0.7913319654126763,0.0027424479056360213,-0.00814834149053426,-0.010452469060783724,0.013581556491187289
2004-07-14,0.6962891651157731,0.012243837674295821,-0.01927556436635921,0.019020953007548552,-0.013224865618348817
2004-07-15,1.559013509215755,0.10728697812179626,-0.006508573160953121,-0.009285700668274879,-0.0013080673380535864
2004-07-16,1.397800009281226,-0.022418297477636098,-0.04776471075739512,-0.014092703302521244,0.0030894356107185332
2004-07-19,1.5994743046725781,-0.007168699897708809,0.010705467514689072,0.016959045086710922,0.012029568987035355
2004-07-20,1.8608784450814655,0.007168699897708739,0.016323001162517496,0.013151200758146554,0.012350055489376373
2004-07-21,1.2742472847676805,-0.018176669932467606,-0.01438844732899541,0.018887879424947174,-0.012350055489376408
2004-07-22,0.9991159292533665,0.0018949817921442517,0.0009652956013053242,0.004839491711528318,0.008870526991369474
2004-07-23,1.444315764144251,-0.03142245323630531,-0.025416404104494292,-0.034020533459769686,-0.01415981510899205
2004-07-26,1.9489879338158516,0.018076832189790604,-0.001982843824403528,0.022227219758414334,0.002824637013705697
2004-07-27,1.6544289386416935,0.03674424762505768,0.029328205373005168,-0.007705800530411861,0.009241563990420405
2004-07-28,1.9189485623917795,-0.004945281239382578,-0.012603025281434891,0.004910784201597507,-0.0003494211818915331
2004-07-29,2.264235464491454,0.011400018945506926,0.01260302528143488,-0.0035058018659243303,0.010658534704936893
2004-07-30,1.725325884281229,-0.009233437031582548,0.01244582106481471,0.0003514284072827118,0.0034519805324192345
2004-08-02,2.2567960941482648,-0.023779954945589803,0.01510920763502107,0.0010525637702720552,-0.0043737190506722146
2004-08-03,3.5397285568574923,-0.009226296482940129,-0.010362790553323597,-0.01590421033714309,-0.011368542752156213
2004-08-04,3.491187612911092,0.01585431088914561,0.026169525086394668,-0.00035613362443393247,0.0030291408601566656
2004-08-05,2.6147982727901056,-0.01266300978806458,-0.01862221426154836,-0.019068966600566596,-0.009115089419347223
2004-08-06,3.482504723144186,-0.05265203272536141,-0.043213807836143675,-0.014267654595342657,-0.01816161475067439
2004-08-09,3.3643138261972925,0.01730914698122527,0.01751059272851585,0.0014724599811506876,0.0008379081090925215
2004-08-10,3.7088042407962023,0.03947487453552186,0.02193633997911616,0.019673024809101984,0.017088143012176198
2004-08-11,3.123896949661024,-0.016311840820435762,-0.03944693270763201,-0.011246384259603353,-0.01541388699214236
2004-08-12,3.2783406140549225,-0.020855355025464945,-0.028871804226145457,-0.01952538655834546,-0.017842800367911697
2004-08-13,3.516151685261537,0.015357308477034664,0.034743037809495864,0.005195277103689573,0.020468123701464547
2004-08-16,3.6070979274018726,-0.0019467108518805634,0.0,0.0025869207180480224,0.0013102618951315232
2004-08-17,3.080263129084229,0.0029197112349092246,0.0029222146392603736,-0.0014775850459159809,0.0002377418806051197
2004-08-18,3.469559449764585,0.02779307538726801,0.022126631706989128,0.01504357920166523,0.01288647236716763
2004-08-19,3.64654878036519,-0.032989495017159615,-0.00859972466519567,-0.012459293688423297,-0.002822957331808282
2004-08-20,4.071164221475079,0.0029262271182520167,-0.010612391369446892,0.0029453797510726543,0.004231941965854734
2004-08-23,3.339420017651995,0.009049946175807911,-0.000970445095019047,0.004414725673554687,-0.007063248934626302
2004-08-24,2.3529142506060237,0.027607975643709433,0.002907933185912107,0.0,0.000708287969190249
2004-08-25,1.9214195877616507,0.03384970678224165,0.006753473152144212,0.011316838675430731,0.004241540336427898
2004-08-26,0.840244899778443,0.04756477966032627,-0.016481020037983508,-0.004001019964952868,-0.004477222774799164
2004-08-27,0.6491846017909942,-0.008984938424053252,0.005847992474535549,0.0007286806612792949,0.002947798397390377
2004-08-30,0.7789498845112196,-0.0067176171787199975,-0.017647823002666502,-0.0058433451195845105,-0.006378047919008871
2004-08-31,-1.7572342374200067,0.010784757228955378,-0.013944467290364275,0.0,0.0034302495216186305
2004-09-01,-1.7793658303540447,0.038953192105388786,0.007992581748641113,0.0032909193177693974,-0.005564797810044255
2004-09-02,0.6893851710337155,-0.005592597458298065,0.023599708544389485,0.008362161182445437,0.004147206426667612
2004-09-03,0.8339596852527593,-0.012132055199069992,-0.025591947930302488,-0.01863763068338418,-0.0021311496339229364
2004-09-07,0.7243150596965818,0.014931762448769773,0.004972103847535943,0.009180190239346074,0.00684967059954837
2004-09-08,0.21591309120179109,0.01636439413729432,-0.022066441199004708,-0.003662424042183155,0.010419370020100207
2004-09-09,0.13830117608444242,-0.018042987687368124,0.007074255281475572,0.0007331496127447169,0.006732792750325905
2004-09-10,1.2453142996996696,0.004750843826078582,0.051998192775955694,0.007668949493488422,0.0036951866455101822
2004-09-13,0.04930841414496623,-0.00783685208289282,0.015179631193614434,-0.008769103076827338,-0.0031170004910541947
2004-09-14,0.559218634418284,-0.0028142194603668065,-0.006612768461015452,0.006948452414905639,0.002655935555660477
2004-09-15,0.8887883374086558,-0.00820569991204126,0.07132818185736747,-0.009152397266672078,-0.004044354873353793
2004-09-16,0.5610473401386313,0.03214891531659027,-0.008864630384030793,0.0025709488223604813,-0.0028989224497690228
2004-09-17,0.7576340315366896,0.021499704337326526,0.024627260701713345,0.00912934210856119,-0.004421986409152051
2004-09-20,1.326103525275201,0.015231566802058259,-0.009602973151515757,0.0,-0.00046699328763706295
2004-09-21,1.7387993946239446,0.007923661178813836,0.0008768468871738983,-0.00912934210856121,0.00023308201034598952
2004-09-22,1.9040906518916885,-0.029095339284655006,-0.023948128193695174,-0.00514909593972098,-0.01658503811049999
2004-09-23,2.7246286260506714,0.009435644570968349,-0.00811151264177347,0.008445064583889302,-0.005113411360919313
2004-09-24,2.4982804653799766,0.0005362314742753527,-0.0009053178988076776,-0.002195991359006421,0.006535461436417899
2004-09-27,2.6676663861992664,0.006415632195489224,0.013495207588598805,-0.003670926107522243,-0.0032030687665341073
2004-09-28,2.8591230595231694,0.01349725742184878,0.015077596357182449,0.0029375908172756446,0.0037951950828224493
2004-09-29,2.7028346156974536,0.016683957657779268,0.0061436504307924135,0.011303219398678952,0.005901167491695107
2004-09-30,1.0502702237406656,0.0018080695122933781,-0.013210598692189523,0.0025350903397566567,0.008903605504309034
2004-10-01,0.6971905310460476,-0.0020659996424593464,0.053506921936073655,0.02146807942970983,0.011365263732274892
2004-10-04,0.9532750101375522,0.0030986842929598994,-0.0025239996625326952,-0.004612092227183977,0.005060842207668461
2004-10-05,0.9405806158745906,0.0148417560996807,0.02824112475003386,0.009203556781986531,0.0018341244503538032
2004-10-06,1.306332477789785,0.03174769315206885,0.002454292995377622,0.0052713867993447235,0.008211968028705703
2004-10-07,1.6185691807738525,-0.025418378458365483,0.004076237765683189,-0.012698941558555632,-0.007067140370683322
2004-10-08,1.8353359907373772,-0.014234780787928699,-0.009811760326649887,-0.00640968572837421,-0.008154853506786247
2004-10-11,,-0.012106076676474809,0.0024621524945231937,0.002497558186375381,-0.0009231366829143385
2004-10-12,1.9702161898348927,-0.007804620623454966,-0.004107060696296379,-0.0010694445832142632,-0.007299382244001035
2004-10-13,1.726618414034577,0.03742066122747511,-0.013255786026989102,0.0,-0.011931291118926612
2004-10-14,2.8672088307376944,0.12360793573690096,0.0008330164150543949,-0.008240007629950774,-0.002356111075425641
2004-10-15,3.37892623882603,0.011495121585493262,0.01980320037467434,0.006811894026789579,0.00082515441044151
2004-10-18,3.1017170852663307,0.04826738431913203,0.014598658626138955,0.014893503160702011,0.012531926616783545
2004-10-19,2.444099288747824,-0.006935278372843611,-0.008896137487374634,-0.008128467235373771,0.03936816481986265
2004-10-20,1.8855346437236686,0.0010541176040540024,0.008896137487374627,0.018284630935623276,-0.006173431233854746
2004-10-21,2.355715546264582,0.009851061957731791,0.0016090812375066615,-0.004890001706417963,-0.008138875560980955
2004-10-22,1.8411607686626996,-0.011116741253615545,-0.010505218724881311,-0.02913163048469488,-0.00809165717502889
2004-10-25,2.0429657580733203,0.002948921172834052,-0.014730471265102981,-0.003973337058923146,0.01182992120949835
2004-10-26,1.7994032854397848,0.00879394680752561,0.01147603853217023,0.009724709123102396,0.006425234974376322
2004-10-27,1.9177370765714443,0.04742913759780606,0.025745074692045677,0.008920410800901205,0.011173653379969657
2004-10-28,0.6939703405935407,0.036885582516516524,0.011844038196192985,-0.0049860037809877295,-0.00557134742407316
2004-10-29,-0.08540607306898995,0.004015802979144783,-0.006299415580845573,-0.0014294672641744061,0.002789849132038893
2004-11-01,-0.06493030624871614,0.0009537568454835932,0.007083977220554646,0.0039252455173869275,0.00400273257337584
2004-11-02,0.25742491628694797,0.019821369935851478,0.003913789293009182,0.005682153373033316,0.003987444468058415
2004-11-03,0.09874088473219761,0.03327265520010697,0.0023412042251178245,0.008111704064268692,0.008036412876278683
2004-11-04,0.6182779222883605,-0.01567172881991101,0.02082603771562946,0.018444821848302942,0.01285547437273515
2004-11-05,-0.5230707440727191,0.004946974254157476,0.005329427291631601,0.010632704400633687,0.009695141412497676
2004-11-08,-0.3598912053320266,-0.006233153712414251,-0.004565959821932487,-0.001023494702879001,0.002895538943457082
2004-11-09,-0.38737216333726393,-0.006086273041868924,0.018140608187490668,0.016596328721596408,0.0
2004-11-10,-1.2869948783986325,0.0128679223756861,0.0022444092210014643,-0.0013443785613752573,0.002567205510995524
2004-11-11,,0.00999516741267148,-0.018099294388234762,0.008373098674772313,0.012527445278803742
2004-11-12,-0.5416618470742488,0.0036095155048709265,0.018846791183812755,-0.0003333910042402876,0.005575284706769897
2004-11-15,-0.592382886622741,-0.004694807499833356,-0.028790037895131737,0.018423946977017366,0.006275456729885089
2004-11-16,-0.9626276577030686,-0.0054461555171335,-0.006942100290445841,-0.009906754616978925,-0.010796446090405825
2004-11-17,-1.195712711109453,-0.0007283567351242237,0.01612325736530985,0.0018414202935988899,0.00598884177542143
2004-11-18,-0.9000220521347,0.008885788574712093,-0.012260401586437564,-0.0036869568424825533,-0.0037783057955709447
2004-11-19,-1.1293893119356087,-0.003979121248532572,-0.01710773050082043,-0.007788145854173749,-0.006858685301826203
2004-11-22,-0.02000656116595456,0.106175248778243,-0.005505280767884408,-0.00784896441005568,0.006963550777762953
2004-11-23,0.251858897879849,-0.0013049533792196112,0.0015760189469154954,-0.004512683864431716,0.0017862702644501898
2004-11-24,0.31091630674837095,0.04437370673979912,0.007062024830198272,0.004137551600860581,0.0018871700551839875
2004-11-26,,0.007776689880333718,-0.010216740229784053,-0.001502460651600562,-0.0077820612339553384
2004-11-29,0.1419156201152098,0.058516933546224184,0.0015786964526703952,0.006370419474745918,0.008200984336888276
2004-11-30,0.8951716326004979,-0.020519193789567722,0.0047207191281751874,0.001492926887349508,-0.013281760840299518
2004-12-01,0.7310384464728242,0.010977010132223164,0.027101725591460298,0.01627889852925542,0.01725335382355135
2004-12-02,0.02696147845868413,-0.03880258548828403,-0.010752525926620899,-0.005889020984321831,-0.0012527832384950273
2004-12-03,-0.9447632802800342,-0.03957029803704241,0.006158410871751141,0.005155042501790805,0.013690293548968354
2004-12-06,-1.21066679837233,0.048273826643270464,0.023513130913382734,0.0036653310919777258,0.0060592325394748575
2004-12-07,-0.8435292079109082,-0.04492885254030702,-0.02121311326161274,-0.009558894321396757,-0.016205143432000066
2004-12-08,-1.5490391633339122,0.006181495374027591,0.011419854261574028,0.01065639741648624,0.00570659770915853
2004-12-09,-0.8215295172956669,0.011158077693056098,0.006037656493508682,-0.0047628341870672814,0.008858928391489381
2004-12-10,-0.5670129725912385,0.017965467031080637,-0.000752671306559074,-0.005523977937295059,-0.008651398124121279
2004-12-13,-1.6803845279268872,-0.0036911617659506125,0.09681501379876331,0.006257956419825998,-0.0022784631752432154
2004-12-14,-1.7311753399649579,0.005837418732626622,-0.02772177148684024,-0.000733978482530994,0.008876746158830762
2004-12-15,-1.2675093789170595,-0.0004596248288079101,-0.009887181321124719,-0.004417066784551051,0.00020612279560736234
2004-12-16,0.3366251217368772,0.020325757890187916,0.0,0.001842611342418579,0.001231965829719233
2004-12-17,0.5663614022948467,-0.024470812650787384,-0.007837505627707663,-0.007390595203455555,-0.012910646985182418
2004-12-20,1.4578038825902975,-0.035553484606094206,-0.02902975803764367,-0.00037112740666358346,0.0036317364363755065
2004-12-21,1.1950765271475137,0.015346619385873514,0.015345456534369447,0.004442614822832729,0.004856414434069283
2004-12-22,2.4159156671664412,0.0009420577125494348,-0.006547272349151503,-0.003701013291694433,0.0060625790935385695
2004-12-23,1.5772279588844555,0.0040702424519078635,-0.00438981237875712,0.0014821729815571586,0.0011261486515507274
2004-12-27,1.4931294602507843,-0.01336837750340333,0.0007330775871182781,-0.005941090065326851,-0.0022535669438254213
2004-12-28,-0.17194367815224498,0.016020082692910526,0.013823685417839305,0.003717315552631276,0.00817186010643161
2004-12-29,0.010422977587912663,0.004043276483319936,-0.00870844782258878,-0.0018570855547793872,-0.0012218457037267466
2004-12-30,2.6980161237564997,0.00557110959325112,0.01159440569256178,-0.005218449368068503,0.0012218457037267906
2004-12-31,,-0.006191870242149814,-0.01159440569256173,-0.0014953022254464636,0.0028440559741219297
2005-01-03,2.5341910912750243,-0.017385766370674384,-0.0228540432315762,0.0007481906200927668,-0.008455522045929665
2005-01-04,2.338065660875307,0.010217066472965537,-0.026446280531223967,0.0037328900843417653,-0.010799349449649356
2005-01-05,3.5583796098171403,0.008720558735211398,0.003057964685104905,-0.0022388092276993793,-0.0020713488721566635
2005-01-06,3.0421088333966244,0.0007750272523832985,0.009118366050184372,-0.0011205592496590256,-0.003113007384526504
2005-01-07,4.298214223459194,0.07028226034496808,0.008286573287793971,-0.002995215063249702,-0.004375644803166121
2005-01-10,4.040130485323267,-0.004196069546641337,-0.010558450143432393,0.0048630162071750796,-0.0010443359511789947
2005-01-11,3.714514437363501,-0.06593215796460045,0.0007578962525593043,-0.002615296064599703,-0.007132418466415841
2005-01-12,3.6011327542454468,0.013844926161777767,0.020990477858848385,0.0018680541703333274,0.002208138409469297
2005-01-13,3.769838249077233,0.06419496123269167,0.0,-0.01922685701286142,-0.008014698390496245
2005-01-14,4.489250592435543,0.005714263228933274,0.011065741450307053,-0.005726209431732762,-0.003711992712920431
2005-01-18,4.289047593567249,0.006389206262301248,0.01094523992756967,0.007627259801742349,0.00846523956394575
2005-01-19,4.1521672258381885,-0.010958297964989932,-0.022752861477537856,-0.01300174649181649,-0.019149501392586726
2005-01-20,3.4557694600408118,0.008265369571183493,-0.014206108442873651,-0.0046297593534478714,-0.001074577078104333
2005-01-21,2.9159421311072364,0.0004260503278470242,0.002256496988721356,-0.008154152540100209,-0.0066892740764846696
2005-01-24,3.5195817165684185,0.0038223671377799295,-0.0052733137715735455,0.000779931564669171,-0.006406992301312306
2005-01-25,3.3564207803783783,0.01806699367050721,0.026091840933710506,0.013542589291191398,0.004348173514916101
2005-01-26,3.7249781873589995,0.0027723728870894557,0.002205169311155296,-0.0003847511381666603,-0.002606387964161673
2005-01-27,2.901521381001726,0.0053832151796468514,0.02537285291527979,0.003837031493200804,0.0003255845339932081
2005-01-28,2.8070620006773033,0.018278606190423437,-0.02097722481044665,0.0026775287159659326,0.009845477439926144
2005-01-31,-1.659455685208612,0.0387111816363383,0.006557686901689858,0.0038125869031967203,0.005689162398507317
2005-02-01,-0.8936372967846598,0.008159214195766401,-0.008753261749510756,0.0041767242317218255,0.004699357475478727
2005-02-02,0.29682694542181776,0.026725807719228587,-0.006614822512933246,0.0026494726502330848,0.004676975857684954
2005-02-03,0.10050966453850385,-0.023121045830565023,-0.016357150393003683,-0.010638783785151814,-0.008092270877082369
2005-02-04,0.08981711257657551,0.013150625169513826,0.023704601412902745,0.0053333284585037905,0.010316461462523664
2005-02-07,0.2643781963621461,0.0012677062975852708,-0.008085307011610731,-0.00609721052114747,0.0002116689262720251
2005-02-08,-0.47421638812319933,0.02452582883166632,-0.0059214597715074695,0.0030534112329005736,-0.002334674411205386
2005-02-09,-0.3713333960728375,-0.027062648249280723,-0.022523555914660803,-0.006499933511909964,-0.015308244683145986
2005-02-10,-0.2838085437213065,-0.0048373726263893965,-0.002280236801675152,-0.00038369305027078997,0.0006467646713028827
2005-02-11,0.3871030653699361,0.03572497441088507,0.015854885167233268,-0.003460199782493134,0.005804885269415957
2005-02-14,0.43268340689171725,0.041250089034549395,-0.0030007039050496055,0.0015397369652499586,0.0028893308299331303
2005-02-15,0.4866044397544733,0.0436962377581744,-0.0015038256821622443,-4.277024136901071e-07,0.00808946935428906
2005-02-16,0.24222716325315652,0.01926769818443665,0.003005393268000371,-0.0054134078845733125,0.003069850194966155
2005-02-17,0.9029310762608693,-0.026077305530080308,-0.028149766701654096,-0.0054433048166836594,-0.009237324008538056
2005-02-18,0.4598523179711725,-0.011453722228214133,-0.001544098749189017,-0.006649880355946334,-0.005133148771635728
2005-02-22,0.8812325204110537,-0.01766455222292514,-0.021876082341446248,-0.009860211885618881,-0.010237626628891494
2005-02-23,2.2121280051847974,0.03388970161237519,0.022648615245685032,-0.0011895215321830895,-0.002385663130174919
2005-02-24,1.9896060684522674,0.007902520478997704,0.004622336987263613,0.006723519387278995,0.005846116045168827
2005-02-25,2.1516020391627593,0.0006744159849675818,0.009181157074863926,-0.0047417688634484,0.0017256242820118369
2005-02-28,2.2382853999481984,0.008169657702486748,-0.013803494062127707,-0.0035702038855996514,-0.0023737158511108985
2005-03-01,1.8078857123890077,-0.008057075525433104,0.01532590558865237,0.004758249213635036,0.007747087683982103
2005-03-02,3.09609713598166,-0.008576057014688849,-0.007633776737011219,-0.000791727021066285,-0.004081653206925397
2005-03-03,3.480569228150963,-0.054256245872975034,0.0030603970749798364,-0.003569227318087544,-0.0055036923365397025
2005-03-04,3.5674135203044623,0.024114839955247085,0.01441074204542393,0.0,-0.0004329266776422228
2005-03-07,3.307628459534641,-0.0014026182516760103,0.02381053271129851,0.01184864929213104,-0.008370001801543922
2005-03-08,3.2138708856680833,-0.0533267726005555,0.0014696607507150453,-0.002752197809399006,0.005768334570964286
2005-03-09,3.3226316111102423,-0.029547015821744342,-0.02002299256824274,-0.0035492997717428416,0.0023861142222944966
2005-03-10,3.1074580703605768,0.012124833024331327,-0.006764245184143765,0.0047297874673211315,0.0006484796859274424
2005-03-11,2.423829995052402,0.010986053323487505,-0.012903697755051121,-0.013460500120953792,-0.009786803591916167
2005-03-14,2.783963533947812,0.0012415577187920186,0.004573379662031439,0.0007974205927848557,0.00425306351435506
2005-03-15,2.9002601938787773,0.0157479048085703,0.0,-0.007997066724791299,-0.005674532788803217
2005-03-16,2.8802340680893836,0.0053567560458666974,-0.009935098342114677,-0.011304570265618335,-0.008020729454591487
2005-03-17,3.3584771737655634,0.025652057988346372,0.010695025121491739,-0.0036604647291937,-0.008753116616454393
2005-03-18,3.2529661922321207,0.01666474288066685,-0.04825836725630527,-0.009416398081253543,-0.006475263624538738
2005-03-21,3.30346370418596,0.017078447121522705,0.008733968148456145,-0.004535700018227664,0.0025728977207781713
2005-03-22,3.0654209364146934,-0.020108905650992458,-0.012729067099097453,-0.008715128932154778,-0.00011163591996809419
2005-03-23,2.938374941943229,-0.006559063126831904,0.0016000706014897327,0.007888741712304753,0.011332320868116606
2005-03-24,1.9566305746518253,-0.0011758888634755692,-0.008831756785020344,0.004126265745477374,0.001985941484262926
2005-03-28,2.326041460363448,0.000706242302488251,0.0024160554315730697,-0.003299878525627396,0.0037419328845606356
2005-03-29,1.9633119918295159,-0.0185112097515841,-0.012140739733751783,-0.011637248484674463,-0.004844607934168849
2005-03-30,,0.024838718482006687,0.016155759045978817,0.009983216768817261,0.0008821540649780044
2005-03-31,-0.30613851592702046,-0.026756311844801716,0.0,0.00041339166993541957,0.0076901065270251956
2005-04-01,-0.07205662024425191,-0.01889621142661152,0.003998004788810759,-0.002070623537723807,-0.010339657756095003
2005-04-04,0.9213799007257284,0.004879510512517356,0.012688310374348932,0.0045502519212605435,-0.0013279141565279394
2005-04-05,0.882394368052913,0.019281949066942947,-0.019093546147732735,0.009856121907571009,-0.008338327826087611
2005-04-06,0.4653502087868741,0.010449838028002709,-0.005637731764022108,0.008140172133058282,-0.006384527254420818
2005-04-07,0.2737347757156386,0.028642465141738214,0.005637731764022104,0.01727978955315684,-0.006311967452391361
2005-04-08,-0.4427356988519897,0.004124084365008075,-0.007254908854076487,-0.006394577690602152,-0.009543072124510416
2005-04-11,-0.8375008062417668,-0.04249986438595966,0.0032310650948494004,0.0012020258452376865,-0.01611135276851907
2005-04-12,-0.542500436624282,0.017498459613276382,0.0072316861835306145,0.013919912440743134,-0.005233842144382612
2005-04-13,-1.2584799395449067,-0.038714627637113884,-0.01858623839946608,-0.011120164219031349,-0.01385600392819045
2005-04-14,-1.7053049117806363,-0.09662700162877738,-0.0139636829620697,-0.008019291841161869,-0.01105790427005277
2005-04-15,-0.8251838395752229,-0.05262158142435851,-0.03278924329667702,-0.01541618868417987,-0.08662014400037825
2005-04-18,-1.0705024463591974,0.007608944121507613,0.00851055046936695,0.007737857646059843,-0.0006523670435621746
2005-04-19,-1.0237496975386127,0.04044017913881588,0.006756470584258897,-0.0008120825997918283,-0.015381942968765421
2005-04-20,-0.16634888466667153,-0.043533353946352875,-0.008453102067101467,-0.012665793489078932,-0.04706282967992331
2005-04-21,-0.29828878523820723,0.04595657042900216,0.03257095599072882,0.03871452516850121,0.02766574813085238
2005-04-22,0.5738833558620524,-0.04623865105983492,-0.020756056004992567,-0.011938124028681373,0.002428379064423499
2005-04-25,1.0729171598804024,0.04084492733822031,0.012505020087846559,0.0004001570941846578,0.005375377707422528
2005-04-26,0.6434669903845494,-0.0215938323994438,-0.01586681800648138,-0.009247057263777576,0.010930809872911996
2005-04-27,0.45937615583057784,-0.0066539750727969095,0.0016819584017151912,0.009247057263777586,0.02124955769569766
2005-04-28,,-0.011470282884100768,-0.023810576945729127,-0.021845822835061538,-0.01490660598838801
2005-04-29,0.497415896388601,0.01452510433081057,-0.005176805558475624,0.0341746712785463,0.006173050601191705
2005-05-02,-0.7097786084963156,0.010208271323350896,0.0034542832363683054,-0.0027711558286706854,0.0017004876869897924
2005-05-03,1.622667914217682,-0.006057108045849398,-0.0008620641966775888,0.005139835647983568,-0.0005230177502747829
2005-05-04,0.9726163832445742,0.025628602832135264,0.011154200808319173,-0.005932692764057415,0.007945446459740414
2005-05-05,1.2957454480410788,-0.012732363352122354,-0.0051328273547577566,0.0007928571160738319,-0.020711180833099127
2005-05-06,1.6813695186687485,0.015152419685749336,0.00853972528401954,-0.00039602017285726325,-0.0005319164484694327
2005-05-09,1.4710163846786235,-0.007277379345832463,-0.0008506369484262514,-0.004370800196472786,-0.003726841150949077
2005-05-10,1.9512813764370391,-0.014988690456603676,-0.01976904177252344,-0.00839873181454117,-0.022660703948153
2005-05-11,1.866411942371726,-0.022491088704085723,0.015504763992541653,0.0004016650897497959,-0.00027266600509124846
2005-05-12,1.0052684724515966,-0.0424495471820137,0.016108151840431822,0.0036063024150625035,-0.00904781954465288
2005-05-13,0.1812460937628917,0.018577648269118358,0.0387682615394009,0.011928740507729454,0.007408820044533008
2005-05-16,0.6123114268747369,0.02218533355481169,-0.0008098134663546091,0.010648657109933434,0.015999952682741594
2005-05-17,0.7349814434977671,-0.005359014435791556,-0.011400495370635854,-0.0011776722325996763,-0.000672516436925021
2005-05-18,0.8703842598948227,0.013483690205870499,0.00978026217609574,0.009382341326394483,0.027482376228098862
2005-05-19,-0.056025887434230426,0.04660800146748316,0.0080771671873173,0.008523970030518838,0.010422322650804628
2005-05-20,-0.1924541123336799,0.0,0.009607608065143944,-0.006968518693872099,-0.009767833930723653
2005-05-23,-0.25172703052374834,0.05718837280968356,0.011881756679631159,0.004264175813524862,0.0013078905276188812
2005-05-24,1.2112367605645677,-0.0015098940299843506,0.007843051113978119,-0.0038758785533022054,-0.00919126143228932
2005-05-25,1.5366957367134133,0.0020125523721849286,-0.003913789293009247,-0.001554847006701859,0.0025035191681466768
2005-05-26,2.104284991739168,0.023846742726351296,0.013244874721948073,0.007363526140511768,0.014888759341754642
2005-05-27,1.7413661677238776,-0.004428739649199999,-0.005432273770442816,0.006541598139617504,-0.0005189324825442296
2005-05-31,0.9501202885838806,-0.01992066141935199,-0.0038988116584960457,-0.010410513755913117,-0.020308652970566894
2005-06-01,0.8848941273332411,0.013490687654619077,0.007006580580064412,0.0003880370051556464,0.01693082408626592
2005-06-02,2.279712561737155,-0.006473077875101694,0.006957737251508775,-0.000775474478655269,0.006614679809819981
2005-06-03,1.4749892841342809,-0.04599668295701097,-0.030506706960484548,-0.014057476747179828,-0.020374032756587213
2005-06-06,1.951646896295907,-0.008403378720303235,0.0047546711212127285,-0.0023620824457786164,-0.010478641626330606
2005-06-07,1.4743882829855317,-0.03707124731767587,-0.004754671121212795,0.005503304934946978,0.0005338602834572329
2005-06-08,1.3011913150932528,0.010345180054040365,0.006334140177696662,-0.004321675094600788,-0.003203722024309878
2005-06-09,0.5951514609820568,0.019579865901452984,0.0,0.00432167509460093,0.0017365020070227574
2005-06-10,1.4211405864829814,-0.05010495843177955,-0.0023703301407790676,-0.00314122248916846,-0.0021374759846150186
2005-06-13,0.7717677520526458,0.0025099450496962232,-0.00316961850271159,-0.0047297575379360865,0.0037374897355168667
2005-06-14,1.6443339471742051,0.0027813483938991853,-0.009569198951821135,0.001973560652764808,-0.002133452049619773
2005-06-15,1.4681571245208194,0.030905824820789414,0.011155216425289348,-0.0039512427798060685,0.018652146145498923
2005-06-16,1.4302948314065795,0.02263538457542522,-0.012759425179642353,-0.008747443273090428,0.009782041367850441
2005-06-17,1.7115606763364806,0.008650577672144326,-0.009677533003506572,0.0,-0.008603009345696761
2005-06-20,2.238639533284515,-0.01844082233598309,0.0056568288995022045,0.002791921361289857,0.002092095347396973
2005-06-21,2.686009943859397,0.006625685060875651,0.011217501611274345,0.0015910902322419035,-0.0018306271477897392
2005-06-22,2.307934678996359,0.018060489378312443,0.00635474166098867,-0.0031859287495055147,0.010674523069809134
2005-06-23,2.781031485495551,0.008781393545189232,-0.00954664837268556,0.009528042556105301,-0.023848180795725177
2005-06-24,3.1528287492851934,-0.0294876717318701,-0.0007997152725378106,-0.01072512540013163,-0.018739612600154817
2005-06-27,3.2551786601314157,-0.017632852487704832,0.0031947436216893978,0.0003990397496977079,-0.0017578012726800936
2005-06-28,3.3362350625193495,0.005644473604244823,0.022862890381272625,0.000798043094328572,0.01903749762662583
2005-06-29,,-0.02551717530593175,0.05607494054976966,0.0007975168853645881,-0.007598395156772119
2005-06-30,1.4261599046640496,0.012025474150210647,-0.02764451738703488,-0.01001402397767792,-0.007117377840154415
2005-07-01,1.1798938035373967,-0.008457925526595484,0.006795160622872501,-0.005247186227940284,0.0063145174053620195
2005-07-05,3.153346299018755,0.03974835397710795,-0.0015060000671182614,0.01086769460594693,0.0016057812772667147
2005-07-06,3.208234558839429,-0.015657073174654583,0.0037603503398337015,-0.011272226034638903,0.013545677381752438
2005-07-07,3.6037277847966736,0.006398743107295956,-0.0022543502727155147,-0.0020262366972112083,0.020498091024230176
2005-07-08,3.380662727097652,0.01634130001919808,0.0201127528995336,0.017691978331521356,0.024509980582905034
2005-07-11,2.4335575762336985,-0.003929020323643921,0.011001074610157804,0.007939834677299033,-0.004296655236558872
2005-07-12,1.9346025031358494,0.0036680860462597275,0.0065427744382698496,0.012574158081376135,0.013584835048208427
2005-07-13,2.534437641981211,0.002872250254759641,0.011527923895990477,0.0019502488572831335,0.01746308760036098
2005-07-14,2.180117877236537,0.06070114802501126,0.0064263214097672995,0.012007935210296238,0.011838831360780153
2005-07-15,1.2696811809610185,0.019442046517914684,-0.0007122848828244937,-0.006954416870397787,-0.00048522379432781545
2005-07-18,1.3611926245127628,-0.0014450874417785988,-0.010021395609974143,-0.009350200892852227,-0.006943824188478772
2005-07-19,1.096155593353914,0.04015625850957962,0.002873346007460084,0.023595011600315872,0.022839842177203237
2005-07-20,1.171859299802775,0.01013579354784604,0.006435599448700795,0.0011458607250775478,0.010694891145769226
2005-07-21,0.6344283149376022,-0.007823178937331213,-0.022343299209363964,0.009500176137982238,-0.0023666286719060464
2005-07-22,0.8022038241236105,0.01626863221538545,0.005813788940243894,-0.02916507179427484,0.0004745049527773665
2005-07-25,1.430058192315949,-0.004327607971085657,-0.0007250193947041342,0.00038877393963288357,-0.0028466584532535785
2005-07-26,1.4198007939216035,-0.004117845306968449,0.0,-0.005855763548193815,-0.0009512266361666902
2005-07-27,1.5103314955159508,0.008217626648516706,0.0036196782770490923,0.007022576270494579,-0.002976050389685165
2005-07-28,1.243207641083448,-0.0043285052467933755,0.0007219671340550054,0.0011663115178034544,-0.0008352358109760821
2005-07-29,0.7138871823643856,-0.02660672933130992,-0.020423871200198857,-0.005451441153167168,-0.004065008930360825
2005-08-01,0.7729640463393689,0.002342326811257916,-0.0036909446971895247,0.012031662586816578,-0.00035945063522020964
2005-08-02,2.2423328428975253,0.010239487570482557,0.004427713951915101,0.033759995731351446,-0.001439638065887648
2005-08-03,2.1713583610174023,0.0006941341978026624,-0.014837187210674405,0.016278436567088033,0.00896253362122894
2005-08-04,1.5034021849643717,-0.011869856920959007,-0.005996652971706846,0.0025656837724316204,-0.01124558893816952
2005-08-05,1.6480361632721783,0.0065343868358554305,-0.0015049571430655728,0.01597726915475348,0.002883502527239933
2005-08-08,1.821819322531502,-0.007940478494439561,0.0007526713065590028,-0.022956219099101983,0.0024017029348068738
2005-08-09,2.478252219816179,0.02706357957954763,0.005253165906177933,0.008076690011543874,0.001678333098939359
2005-08-10,2.131493033870373,-0.01009161672316055,-0.000748636318966021,-0.014733478615989498,-0.01788358263144015
2005-08-11,2.495397743313769,0.014191098351253695,0.0014972516178966304,0.011803793714927546,0.007772432772313129
2005-08-12,2.4992809551241435,0.0466228855482159,-0.005249495368601867,-0.008099972229432425,-0.005701933950725089
2005-08-15,2.651919947838106,0.03369906018125841,-0.0007522858365065219,0.005915015091009093,0.0037649142440751688
2005-08-16,2.235278152868218,-0.03045032947642967,0.0007522858365065702,-0.014479250737900877,-0.014652511881527046
2005-08-17,1.9290955217549455,0.019272718694450963,-0.0045217739259178335,0.007822073100905162,0.0
2005-08-18,1.0750434547909076,-0.018192723016167273,-0.01139392526257179,-0.004835217326881893,-0.0018471225863327181
2005-08-19,1.4144734053759407,-0.010202650242353735,-0.0015288439877317575,-0.0037355071901240358,0.01964589927185881
2005-08-22,2.183831418144168,0.0008720920559840701,0.0015288439877316953,0.0070860761897484905,-0.0019353128600063673
2005-08-23,1.9748081258694805,-0.002838020292695539,0.0007638672820051505,-0.0014878813300853088,-0.006924613754094266
2005-08-24,1.9768303489320456,0.0006558839445913065,-0.011516393208626137,-0.002235621361493538,-0.008693021627411932
2005-08-25,2.555482718150598,0.006315623950789076,0.001543092475690067,0.00817248260929068,-0.0027088311488617667
2005-08-26,2.5253203767605292,-0.006971507895380449,-0.005411738935373043,-0.0022222712187202147,-0.008918034018712767
2005-08-29,1.6290294594223536,0.002184087716152014,0.013856904820953666,0.006651951339905242,0.011872817821266828
2005-08-30,2.013668173074621,0.015799304762482886,-0.003829847489519693,0.0011045889745268068,-0.009884199851284739
2005-08-31,1.8909575181405551,0.006848106177134074,-0.003074510922397306,0.007331064177558276,0.0009930608169608699
2005-09-01,1.657202707418483,-0.013526565138010212,0.02433586501141227,-0.006595686489582039,-0.013486995355250154
2005-09-02,2.4055273589364834,-0.0008655976977192746,0.0059926099216291205,-0.006639172613047442,-0.00100617374849613
2005-09-06,1.6065796316449275,0.054317741416684086,0.012616317295742164,-0.0007412986511891528,0.01944215876347066
2005-09-07,0.8729733058350819,-0.002461964411004075,-0.011123983123392411,-0.005570346589192087,-0.0004938168017804283
2005-09-08,0.3470272184022218,0.022344853610502067,-0.0029869885710328385,-0.008978927573754332,-0.0022250588952885163
2005-09-09,0.4711269257215297,0.030272427493253127,-0.006754452511667456,-0.0011284705925742454,0.00788969736728367
2005-09-12,0.3026811754491555,0.0017523924045359978,0.015689763849279732,0.0011284705925743296,0.000490751636892882
2005-09-13,-0.10434191336915516,-0.011347915799340495,0.011057405282628037,-0.004897875418756773,-0.008999369568126225
2005-09-14,0.09825012913942938,-0.024097469397461584,-0.014771170819201101,-0.006440044733116391,-0.0033490677655259654
2005-09-15,0.7392023008174522,0.0052269290947554534,-0.005221545801039089,-0.001521523888310415,-0.005857305362961518
2005-09-16,0.38984396109055675,0.026515585871793597,-0.009016234096374679,-0.007642539917358983,0.003991625688163296
2005-09-19,-0.4170551063821728,0.027541103294702798,0.0030144528912663796,-0.002688641992340902,-0.011266919594361996
2005-09-20,0.76256114382922,0.010394265513374037,0.008242746620021304,-0.006172779043259692,-0.009232800245567016
2005-09-21,0.19234314098003114,-0.02051362633831118,-0.008242746620021389,-0.013637862956061524,-0.014591539880992651
2005-09-22,0.16575733955246796,-0.004038119432674062,0.017158412066972776,-0.005902064015682853,0.008344860370164284
2005-09-23,0.138476181006504,0.02474009524845684,-0.08244982760879736,-0.00276642308949107,-0.002687888481492954
2005-09-26,-0.6405637072991343,0.011958093234925585,-0.004023843759227009,0.0,-0.007593250336945987
2005-09-27,-0.15842672866881136,-0.007457406898736305,-0.005661111755744212,0.002766423089491074,0.00746491938192354
2005-09-28,-0.47158484027923453,-0.045166186631145425,-0.01141948188487495,0.01293910098595504,0.01917626437248578
2005-09-29,-0.37557317372144944,0.02436772002641189,0.010607989819145566,0.010463089899307595,0.010759806290096959
2005-09-30,-0.17871000252042685,0.02397471796999692,0.006472603821473635,-0.008128301074644347,-0.0017442506753151334
2005-10-03,-0.06980008142791992,0.015363797810051556,-0.001613888004795187,-0.008979367326211305,0.002863490228567416
2005-10-04,0.281583683408793,-0.01275562409809585,-0.011373192931667143,-0.02060295611901435,-0.004235139660726001
2005-10-05,-0.39954598742650893,-0.018211554925081058,-0.005735522560966596,-0.012487734149250007,-0.0036269128508520125
2005-10-06,-0.8303072462076004,-0.020674174941157367,-0.011570487602969633,0.0024293152674434875,-0.001504387955579085
2005-10-07,-1.1746450014973262,-0.0077672890919737066,-0.004164719611854309,-0.005677796634000208,0.00998785481683786
2005-10-10,,-0.018294801937251692,0.0025009525782794906,-0.005300167942536084,0.009273878156112443
2005-10-11,-0.9614022461802747,0.02393176568448218,0.005811611386676119,-0.0020464030506573186,0.023595957635202152
2005-10-12,-0.43363066579208975,-0.04641810841393041,-0.006645034563839553,-0.004516519285132557,-0.012093431953869017
2005-10-13,0.02119985886007225,0.08724788979740222,0.006645034563839423,0.01186309027832601,0.0001219561828019933
2005-10-14,-0.24596120139933855,0.0048260524502589655,0.01886068694959937,0.0032484813665567282,0.001822545246047935
2005-10-17,-0.37840175593806913,-0.01042420369996832,0.005670671792902699,-0.0056904102217874555,0.002910090058326174
2005-10-18,-0.004498439286099942,-0.023285380855492203,-0.0008084072852157482,0.001628577562777738,0.01071881289298897
2005-10-19,-0.3598031071715038,0.05096791030701793,-0.014658298350608227,0.020942748470952764,0.008231685401064311
2005-10-20,-0.4594333354277588,0.021606752530908845,-0.004109645883218322,-0.012028617187887997,-0.011952320830720148
2005-10-21,-0.8433149998617193,-0.00858696078137674,0.009835687307901879,-0.00040303386647048663,0.0019220622973934978
2005-10-24,-0.9719482491050088,0.0200983787256996,0.04466427904033435,0.012830694628864636,0.0016783970201423835
2005-10-25,-1.0748864583256634,-0.01222455516795011,0.011632685673739044,-0.002792581299754328,-0.0013184775571325883
2005-10-26,-0.5936664665397426,0.0164420980886601,-0.024191707721375157,0.003191355959325626,-0.005654279490303763
2005-10-27,-1.3536257744533244,-0.028817153830012706,-0.016726861017535694,-0.01040919783498096,-0.007021626755394564
2005-10-28,-0.9288463049281372,-0.017110747557241537,0.020668797181486818,0.02699728235513045,-0.01087127042630748
2005-10-31,0.8793998160440986,0.05569958450758941,-0.002363239711280738,0.006636579632334288,0.005633283553065553
2005-11-01,0.46933401708613165,-0.0015647209924573363,0.003935447115485773,0.010065477815112248,-0.003548003391409965
2005-11-02,2.23233433680684,0.041725976817989716,-0.019833773601118727,0.019077784199084645,-0.006516783887334963
2005-11-03,2.0365468011384267,0.031201261612917922,-0.02269152574670569,-0.0007564725197654064,0.022083410373519054
2005-11-04,2.740566003773316,-0.011381745420628791,0.03305419074249208,0.008286582019700355,0.0015676630292091548
2005-11-07,2.1526190630229665,-0.015159805122950693,0.0,0.013043232329635206,0.007322118309964082
2005-11-08,1.488201497194986,-0.00549363375344917,0.0007925514295030298,0.001479155461958732,-0.003121707097683566
2005-11-09,1.5335562620386314,0.0034998785580438777,-0.008754534384069135,-0.003332485048422838,-0.0037354288478621475
2005-11-10,1.0116623071895923,0.01764367901332371,0.015073663391328119,0.00481006617077445,0.013786643056329012
2005-11-11,,0.0058667756335876635,0.008624217979437743,0.006989530517607241,0.0066454729776201345
2005-11-14,0.4708482823092656,-0.0014631138553234055,0.0007800886686124936,0.003293659813974484,-0.002249856419371274
2005-11-15,0.44735724901323004,0.013416846638723902,-0.011769504485286823,0.007665993083339751,0.013773865975158749
2005-11-16,0.09876166437785933,0.04197700025136908,-0.014308536155581413,0.008689165080025207,0.011739186696779851
2005-11-17,0.30302972589507515,-0.00664229747562847,0.009562053556055947,0.008256808144749123,0.0040364759897821316
2005-11-18,-0.4151292154836945,0.0006191746073014715,0.0007925514295030298,0.0035687270085186726,0.010077277015811128
2005-11-21,-0.4757699450134542,0.0061773719716154306,-0.014365632241905988,0.0032020160609531646,-0.005483963306686112
2005-11-22,0.33516736917233064,0.023730662980452264,-0.004027374292143592,-0.008918167573855771,0.007986834927235401
2005-11-23,0.8568316593477041,0.008830542447418745,0.019976607563293124,0.000358076861411263,0.009163674806609259
2005-11-25,,0.03268910673195856,-0.0023761524587464188,-0.005746850714737239,0.0
2005-11-28,0.4620557256921811,0.004603791567235239,-0.005566954605414614,-0.0003607350441238645,0.0034849858721162537
2005-11-29,-0.22952538981325005,-0.022648481427536532,0.015038063210747094,-0.002524825023445938,-0.00011248175020686502
2005-11-30,-1.2706237250041486,-0.004120389858829539,-0.01026457464929754,0.0,-0.0022473246371654456
2005-12-01,-1.035499510765535,0.05423779004915005,0.020424577214646373,0.007557401251031392,0.0034809896878797704
2005-12-02,0.25754551580874774,0.014283312847574364,-0.007806222327691126,0.004293710154243609,-0.006296907260801766
2005-12-05,0.5264473150218041,-0.011215710626740642,-0.019786871797556213,-0.005729020659689933,-0.0024845532019271547
2005-12-06,0.7267833218388908,0.030577890663982168,0.0007991721742973863,-0.005761336961784361,0.007996974247711074
2005-12-07,0.9145212414965225,-0.0013514778738472166,-0.0007991721742975107,0.002164071239645167,-0.0047224181349922
2005-12-08,0.43997223452018935,0.0017563395529830135,-0.005611097857836966,-0.002164071239645142,-0.013847181711326283
2005-12-09,0.8198791739383582,0.00336909533509035,0.0048113825852989945,0.0007218114576331179,-0.006075347665319385
2005-12-12,0.1293925679646858,0.007772883171152293,0.026836413581925445,-0.009426836237059808,-0.011681495923898583
2005-12-13,1.0217276639033426,0.0009343286298374359,-0.0007787795789636137,-0.011726351085914027,-0.026523400276998222
2005-12-14,1.0036870962742253,-0.04041639342839414,-0.0015600373596580547,-0.0014755478477430873,-0.0069524951747203115
2005-12-15,1.2754593212881125,0.0023576795377951245,0.0015600373596581596,-0.006294589229339147,0.004800122410109288
2005-12-16,1.0898305021395847,-0.014935098124874781,-0.010972285608484641,-0.0007436142105151091,-0.0019170872401873006
2005-12-19,0.171567823827807,0.0037899973703922505,-0.029589993728433215,-0.002605528062242467,-0.007344104725885668
2005-12-20,-0.17547291625376046,0.010174841190529778,-0.003252080480705123,0.0011169455747839171,-0.0033888129179269607
2005-12-21,0.2800748704796072,0.019092892204618746,-0.008176823775531791,-0.004851634730043569,0.007729759436396004
2005-12-22,0.7784082311246541,0.0070496715795384515,0.011428904256236877,-0.00525113740692357,0.0012015716715094783
2005-12-23,0.6750770988503919,-0.009092275165192086,0.0016219368074140547,0.0018788679095393713,0.0031198945949118466
2005-12-27,0.7011815807819388,0.011925089396497017,0.0008097884528554621,-0.006779263910908482,-0.005886907579912235
2005-12-28,0.6530222218460761,-0.008930891618513239,-0.005683805740974465,-0.0026493279521449557,0.000601682020731519
2005-12-29,1.4784464384710483,-0.029239038784393448,0.0008138411313996446,-0.004557366846544064,-0.007737059747471871
2005-12-30,1.022035458845313,0.006138974497345946,-0.006530530761060962,-0.00457886198452917,-0.002429549814469897
2006-01-03,1.0519937575943523,0.039012183008232705,0.03144164762746135,0.026044164928131035,-0.0017046511176350228
2006-01-04,2.5611387773487695,0.0029385213135920767,0.0015860174734682307,0.00483200128081691,-0.0013414102510119932
2006-01-05,2.5916232562298847,-0.007900798591565178,0.013381153837457308,0.0007413794865245703,0.006689038729280598
2006-01-06,2.603106919186793,0.025486175966028115,0.025473796794442755,-0.0029689236261094746,0.029264371311793463
2006-01-09,2.698953157243246,-0.0032826969337765013,-0.01846222717122987,-0.0018598971478084514,-0.014465286046563879
2006-01-10,2.1895946965600683,0.06132844266882928,-0.020392723460669938,0.005198897453021047,0.004052267013184703
2006-01-11,1.9776076547485792,0.03690653542957937,-0.0015860174734681576,0.010683749839728963,0.0011889813687345101
2006-01-12,2.0735137480145265,0.00463783584370533,-0.006369344736303479,-0.005511538714624697,-0.007154110642884782
2006-01-13,2.236429240010436,0.015305241014028872,-0.0007991721742975107,0.0018402200267305627,-0.004798090367858623
2006-01-17,2.140135219713735,-0.010334861755038477,-0.005611097857836966,-0.007382507830937957,-0.0020454199841812353
2006-01-18,2.8385941151288923,-0.026556644021420137,-0.008071325941242876,-0.005945766348701806,0.0095918827432867
2006-01-19,2.644697285899454,-0.04272311672675052,0.01448159597337721,0.007056806014473522,-0.008508921754197638
2006-01-20,2.7143629403880256,-0.03803732133733614,-0.01854177213009683,-0.022835105340649704,-0.021040235463510044
2006-01-23,3.2720449110904988,0.02055253679622401,0.0008134722862053597,-0.002274310212008976,0.0006143768513819905
2006-01-24,3.104548059886511,-0.021209669065850978,-0.008163080118331905,-0.0026597765281379505,-0.006902398195004849
2006-01-25,2.4672048248394,-0.024495343788640926,0.02509220778792586,0.004555428748849936,0.0007417628111614362
2006-01-26,1.7216352859090902,-0.025525502498644572,-0.005611097857836966,0.003780972620380127,-0.0023511922600235506
2006-01-27,1.8511568338403748,-0.00415578771529294,-0.0024144970417406307,0.04753128929441301,0.003709185680787683
2006-01-30,2.221233859592249,0.04040486916611117,0.015987577854143682,0.007527997248338125,0.007501057815754046
2006-01-31,1.674600838199199,0.006777543761516747,-0.0031771709459272085,0.005343003193218684,-0.004050174967919739
2006-02-01,1.3832490593923623,-0.001193107936157466,0.0007950725029381172,-0.003915082066944178,0.007840869697625338
2006-02-02,2.4132397718959204,-0.045017858048299095,-0.015218356661557433,-0.01292132154055294,-0.008702451567020868
2006-02-03,1.5355493207052477,-0.003473589505167359,-0.014634658566879793,-0.005071149764235472,-0.01563312298470155
2006-02-06,1.742777324889244,-0.06542046926338015,0.0032706943998353755,-0.013526199629211073,-0.005768886362888447
2006-02-07,1.5919488754000957,0.004448042953909229,0.009748384241993896,-0.008501367996099846,0.004267071196244265
2006-02-08,1.1712526674775996,0.01774057242888448,0.016038864083670067,-0.0011143413192410605,0.014334814868050978
2006-02-09,0.8781502753748207,-0.057731115111839294,0.009500821113300494,-0.009333344599093888,-0.004962794402986662
2006-02-10,0.7518948487938184,0.03569136311947012,0.0,0.0011242699417371134,0.011500950758207373
2006-02-13,0.8540642590167975,-0.039393543490603075,-0.01588570372342911,-0.011303318580932838,-0.011003589397187114
2006-02-14,0.6608097128614544,0.04428398938472774,-0.007231686183530607,0.009803942198732823,0.008047896657749503
2006-02-15,-0.18850547455417455,0.02309041991465866,0.0008061618854426512,0.011976031488922107,-0.0029633457414182463
2006-02-16,-0.6707287230970578,0.01931520839802716,0.0024144970417407756,-0.002607742679697841,0.0007414753999625214
2006-02-17,-0.4563122266688948,-0.003975774282799565,-0.003220658927183421,-0.004110996500431778,-0.00247508354282471
2006-02-21,0.26637162396002867,-0.017363885196352288,-0.004850667014059508,-0.006010816508685606,-0.0026055034706617126
2006-02-22,0.36437528018513854,0.03191113628854992,0.011281741757859539,0.006759929170242893,0.010504063936760859
2006-02-23,0.5436570306365318,0.006010944961407635,-0.006431074743800159,-0.0022483046135512593,-0.014237575046155613
2006-02-24,0.5372285516905836,-0.004049568410847464,0.004826865989447058,-0.0011260507300117034,-0.0012476388148095457
2006-02-27,1.4641890804583664,-0.006599010024210859,0.0,0.015648252240501846,0.006595013340603678
2006-02-28,-0.30595040074005053,-0.03585165780248658,-0.0032152882997704127,-0.006676272491177845,-0.004848493783616357
2006-03-01,-0.19886071265673166,0.008867382809538638,0.030918060466109606,0.009998625673821404,-0.004246009140794437
2006-03-02,0.1227044164333749,0.007352964172558562,-0.0007811668654596577,-0.006283903478980649,0.0005004727388664209
2006-03-03,0.5770816269664968,-0.027526558313710616,-0.0007810262837798965,-0.0014841723801147396,0.00025000230272516377
2006-03-06,0.6067010328078164,-0.03363669236240534,-0.0015655779867303349,-0.0007434727148803898,0.000499817180087256
2006-03-07,0.4195582468662565,0.012595982275417762,0.008577147609942938,0.005559228615550098,0.003618781934037082
2006-03-08,0.13417878068048134,-0.00985045675453684,-0.0015541637194916836,0.0069967010292711655,0.010530374736243435
2006-03-09,-0.3535669331921386,-0.026701384941576953,-0.0015563958158597631,-0.009216725818924444,-0.0014795700196933439
2006-03-10,-0.11345934922978301,-0.011642344818134313,0.004662218468356777,0.006276641943342057,0.0067652518699628334
2006-03-13,-0.32849124550739905,0.03864832336776539,0.0,-0.002210623268640057,0.004403526640918119
2006-03-14,0.2502136743195726,0.024662892830469532,0.004640212304633156,0.004416873269769278,0.011528219354954506
2006-03-15,0.7346889078830898,-0.01632419340809629,0.021374885344242464,0.004763124804057297,0.006015397966910015
2006-03-16,0.3461155697221447,-0.02941785629282571,0.01944762817398926,-0.0032959951724415553,-0.006135221013028197
2006-03-17,0.9586612641130421,0.005427704951654793,0.0073797213201613745,0.008399456383928488,0.005175171305045456
2006-03-20,0.4643491120025456,-0.010416564166919143,0.008784951602978056,0.01408191905722372,0.0033557916874407782
2006-03-21,-0.31964918626876326,-0.034661274685458314,-0.007315290852262858,-0.005392452989309009,0.002747767818592917
2006-03-22,-0.2639509252231153,-0.0022676184720847167,0.026803359299788446,-0.021498600037521114,0.007608222967374021
2006-03-23,0.24493931488886528,-0.024790040171438654,-0.013674279507281766,-0.011110840585451368,-0.014912962579910932
2006-03-24,0.8949885657595583,-0.00332965388920588,-0.0007250193947041342,0.005940910740640959,0.001921034875421555
2006-03-27,0.9595161079550003,-0.007533609874699629,0.0036196782770490923,0.0,-0.003364573991008532
2006-03-28,0.7113247863368473,-0.013534414859089175,-0.01822890798600683,-0.00408100183660609,-0.007854457995418772
2006-03-29,1.293886348593201,0.0598327929326949,0.009520460163418192,0.004451177482687995,0.008457039782523722
2006-03-30,1.298257996658311,0.006715794430080506,0.00436348560613514,0.007742302152790588,0.0008409573284820298
2006-03-31,0.9015709552395132,-0.00047797998573816884,-0.006552564716948193,-0.0007351778700965075,-0.008812700039186957
2006-04-03,0.9003658486854793,-0.0011170657909688221,0.007277848656352886,0.012780772302228703,0.007128638227226325
2006-04-04,1.7993261411315427,-0.02390678032235079,0.0036196782770490923,0.0028988368805173987,0.004684355859784115
2006-04-05,1.6910367052809827,0.09416560355872935,0.007916041969190712,0.0036116207708093056,0.00859061980791172
2006-04-06,1.89722460632781,0.05823230193990909,-0.010810700851535595,-0.006510457651326682,-0.004286174243198285
2006-04-07,1.9624341833566608,-0.02056389325631842,-0.0036295787848059924,-0.011311760557679074,-0.01599612952577175
2006-04-10,1.713330941706187,-0.016178279336313744,0.005801140983128021,0.0014669572551423296,-0.004618159467195095
2006-04-11,1.8442534221437472,-0.009951830491213356,0.0007230966840226806,-0.005880583301919601,-0.011515188635126503
2006-04-12,1.8952970476207454,-0.019005698402291573,-0.004344962216453725,0.002577325950525345,-0.005064434783031784
2006-04-13,1.42598802587923,-0.003604389780591966,-0.007283148353564701,-0.0047911115215702555,0.01511754916845654
2006-04-17,1.4377609413960335,-0.025290842719035346,0.0043762162523297,-0.008533044640148195,-0.004156249541154038
2006-04-18,1.3551682473811235,0.02152338599052253,0.018745829898168417,0.014059000410227838,0.02024924444287843
2006-04-19,1.4486624246066948,-0.008645506927428917,0.021901633566845866,-0.007004641512723293,-0.01755812272444954
2006-04-20,1.3811687217158808,0.029714320870587698,-0.011244464903226312,0.0,0.0019524501620106802
2006-04-21,1.3925604744805915,-0.008762762077528912,0.009145567977301943,0.004429715531950589,-0.004398500194830161
2006-04-24,1.9848401704849445,-0.019430073202108652,0.013908541110264544,-0.0014743253157070647,0.005495199939936108
2006-04-25,1.5980146516695286,0.006368065456096266,0.011671884750410016,0.0,0.006797046986142085
2006-04-26,0.8951493101301425,0.02948492049250435,0.004766905608174729,-0.0003689464710832543,0.008191649619921885
2006-04-27,0.24575219308609098,0.01759852590485336,0.014165472126172295,0.005519653615305808,0.006338762246866543
2006-04-28,0.024227011010642285,0.014741208520681861,-0.023036367071371373,-0.12076919156690463,-0.018529931409635218
2006-05-01,0.24602412020124617,-0.011287659449485017,-0.0006851718785290111,0.005780308018985481,-0.001337129557294017
2006-05-02,1.6872847374612345,0.028610286399718375,-0.010341890039543906,-0.011593994250558804,0.002308004124445515
2006-05-03,1.9044654187462373,-0.006724488971917127,-0.007652046871843022,-0.03561207075520431,0.0033918317570500118
2006-05-04,1.068263653371762,-0.00014073644369916826,-0.0020969256507793977,0.011585262941724572,-0.0032706293327625113
2006-05-05,-0.35690982372891544,0.010627952352365392,0.011134407842048662,0.015241834690727651,0.010259379593711516
2006-05-08,-0.17571950868659386,0.0,-0.015342171971346456,-0.0029459432977982157,-0.0010855948000659857
2006-05-09,-0.24954756981153298,-0.012034949573670092,-0.00846859389401754,-0.004646051069759636,0.004093655002994343
2006-05-10,-0.14163267262634055,-0.006072059998222669,0.009170949903632306,0.006331003488659435,-0.003973124824543685
2006-05-11,0.07738861055048493,-0.03531807874062471,-0.023446908416536166,-0.023410287886844402,-0.0053212723372002115
2006-05-12,0.0985381699082944,-0.006626004816390086,0.005019865458089127,-0.002155818866709382,-0.0008495156172091668
2006-05-15,-0.005686180086411571,0.0013288354202645142,-0.0007155089857969842,0.00302858230386207,0.006050257775958528
2006-05-16,-0.39738303130734176,-0.04233542882877974,0.015625151279461232,-0.006066127703463414,-0.008846058839937615
2006-05-17,-0.5072230577673124,0.00429966158940022,-0.024252298385834474,-0.012243357893113812,-0.010890943271514098
2006-05-18,-0.5153149007555903,-0.0323909709625382,-0.005792390802383412,0.004390022104139213,-0.007534347057297509
2006-05-19,-0.0820123334297077,0.02083201536952005,-0.005096526957871962,-0.011897564331283724,-0.0047226205619679594
2006-05-22,0.09384783596456704,-0.017671916841875523,-0.01100941329628364,0.01408513092826944,-0.0032437148545012536
2006-05-23,0.34606462787450665,-0.00363526587356846,-0.0059214597715074695,-0.0039414788786609,-0.002377222125796934
2006-05-24,0.4539239765926289,0.0030040571350549534,0.02275286147753794,0.03067870277458392,-0.0006265448088396355
2006-05-25,0.6382280283028413,0.015509206487491795,0.020826659127297364,0.010161060340644248,0.0045023665839100694
2006-05-26,0.9292922692494787,-0.01219915437569005,-0.0014221104874307003,-0.0008425543526411378,0.007582589258229651
2006-05-30,0.8249254900523919,-0.03735289452360019,-0.0021378644798940184,-0.024323832988473695,-0.0073336445549006205
2006-05-31,1.0100895508702878,-0.023970397965123316,0.014164316240090794,-0.021835203530251566,-0.003248020452088169
2006-06-01,0.5997207376331586,0.0393689186106959,0.0,0.007477639924932319,0.009838628975309684
2006-06-02,1.2173839546337653,-0.008237374602552196,-0.004934933939510796,-0.002632818678577562,-0.014605996362120595
2006-06-05,1.8073072028772796,-0.027290765104498578,-0.02070708421537034,-0.011488636586759974,-0.005801648198673522
2006-06-06,1.6807158135844178,-0.004677613956512508,-0.0028900413561265778,-0.01658213725610457,0.008814474142584837
2006-06-07,1.8460591541748776,-0.019614954032327925,-0.02046865471206006,-0.004074651026610059,-0.007676412750229895
2006-06-08,1.1669933654804479,0.03687971115222082,-0.0007389463983382184,0.003170771237058705,-0.02715026503729649
2006-06-09,1.4163020243616227,-0.02533454268830659,-0.004444201256195252,-0.008630777302732534,0.0077589241688150665
2006-06-12,1.9564006418973419,-0.03854598917823864,-0.016467890027580985,-0.009626002879732518,-0.007888639808537167
2006-06-13,1.5702988661661847,0.0230649329441264,-0.007575580798685259,-0.009255270719005067,-0.0011690695565000602
2006-06-14,1.7085583018629995,-0.01241997351336601,0.0030369768145197293,0.017054730493803582,0.010087775577426548
2006-06-15,1.403332339267342,0.030261152699712076,0.03793736707953767,0.008646302787916373,0.01087873548393019
2006-06-16,0.9592076393799933,-0.031129308018351638,0.03514121614608985,0.0013586477417941538,-0.007795078827899136
2006-06-19,0.8032792856334275,-0.006274055574798082,0.0070228087844662855,0.020156972760070686,-0.0035985571326814392
2006-06-20,0.8020686002780446,0.0047093494355195005,-0.002803376490996489,0.000443405210476479,0.004111513052351356
2006-06-21,0.7359839605533267,0.006763538531122921,0.01945892275560919,0.022788681886330237,0.0039671775191064025
2006-06-22,1.0527831546791255,0.02929313398716805,-0.01386042581763841,-0.008703550958060883,-0.014277589846301003
2006-06-23,1.2736812524501393,-0.012668125908727316,0.03900595524782307,-0.016747121975204574,-0.0011665897694404157
2006-06-26,0.8413459759276021,0.002716100708012948,-0.01555689895253878,0.014121455265337497,0.000648509329773332
2006-06-27,0.9984740231444895,-0.02680127496106568,-0.011655466101582421,0.0017511903768139925,-0.006762985748680235
2006-06-28,1.3584415716281233,-0.02485781224295248,0.005502151921490133,0.01303799402900902,-0.000914078800778581
2006-06-29,1.172304919489699,0.05131967389964059,0.010913818362572951,0.01329634135109415,0.013363831078327709
2006-06-30,0.33408476218261196,-0.029251636012826827,-0.017106225074309925,-0.007269969218912096,-0.009973867827699531
2006-07-03,,0.011803970183961903,0.02184393088406181,0.0170218846575591,0.015500042978475171
2006-07-05,0.4609827801366892,-0.016529666157176055,-0.016337660456047738,-0.014878338323642683,-0.003209063938424332
2006-07-06,0.5856078453322976,-0.021814868440640064,-0.004816015637767132,0.005551927809587684,0.004106045518399285
2006-07-07,0.2616902605857007,-0.006656917623923837,0.019126280441154057,-0.007695474143504285,-0.02161746100865515
2006-07-10,0.18755955520449374,-0.007246220322877039,-0.012938956641134949,0.008547334067784742,0.003265952956672681
2006-07-11,0.09331206758311979,0.011748766936932999,-0.0034327114563368955,-0.01716741068929074,-0.002611577468184782
2006-07-12,0.04514064695597812,-0.049544983940924284,-0.022254359105104204,-0.02011500357177133,-0.013031466643826164
2006-07-13,0.07368712892664073,-0.013497420349477741,-0.008474236289741768,-0.016926291501961534,-0.016564626123317418
2006-07-14,0.5596159749325516,-0.030705320767616832,0.013385272410487592,0.001346201482836427,-0.009065568454763268
2006-07-17,0.4688518080898922,0.03299949218603433,0.009055617705566048,0.008488118533802543,0.0017653534941975604
2006-07-18,0.4485865000856911,0.010069750961433727,0.020591311680328222,0.011499107768023797,0.007569643051191724
2006-07-19,0.09792718947247137,0.022430781171977776,0.02349904217323872,0.02861056818097476,0.02408178477545643
2006-07-20,-0.32670809272241774,0.11180911360596507,0.0033121850562608745,-0.02378493333624224,-0.007786586742765158
2006-07-21,0.3390720235039072,0.003629529327534304,0.0,0.04367167055210308,-0.008247617283396621
2006-07-24,0.9920311752812694,0.011462346923358447,-0.009302562675505643,0.005431420469705471,0.014982114845842696
2006-07-25,0.9716549511495984,0.008269945637883126,-0.0033431924278215903,0.009124690043932824,-0.0013173566833877502
2006-07-26,0.3475208005218229,0.030844346329957653,0.006009818182061278,0.006174018924960633,-0.00079034454959301
2006-07-27,0.388005156144863,-0.007385356615593739,-0.010036684950625286,-0.020730129438598872,0.0042107738651986845
2006-07-28,0.4484776879629127,0.03395887338819965,0.01336043681563025,0.015794170011512704,0.010580714833252472
2006-07-31,-0.19269941548975833,0.03549645601816833,-0.006658186735362492,-0.007865733299863812,0.0058303291836091795
2006-08-01,-0.06796724466320499,-0.011543656517727843,-0.016161790003181544,-0.0029140956791132763,-0.01654176986670609
2006-08-02,0.767399469111429,0.014482281987099157,0.005416391913902124,0.012839487185947828,0.002360795117085485
2006-08-03,0.9477562844819565,0.020762381211778258,-0.0027045694592149104,-0.0037106699474819104,0.000131197925524656
2006-08-04,1.1902819306465653,-0.018710516111977903,-0.01020760067123539,0.0032988529496301815,-0.005517831297429209
2006-08-07,0.5816715348970259,-0.01608765556699875,0.0,-0.0028859007069933825,-0.005151169958491096
2006-08-08,1.3660435745761612,-0.036825108540395696,0.012237017544420652,0.004942731529933793,0.0014613377177899874
2006-08-09,0.8424469182938403,-0.018541015085140018,0.010083834070463442,0.004100120475998526,0.000796364025003673
2006-08-10,0.43344288075452614,0.007520076200834228,0.011968433251947108,0.0008175199614235691,0.0046318638853836205
2006-08-11,-0.027689085040093764,-0.00657647550041377,-0.009296624213686946,-0.001226977315597514,-0.003438849561505
2006-08-14,0.2820185715723993,0.004544894753706568,0.019815945640831986,0.004084935813608573,0.01577346135531853
2006-08-15,0.01104922519446111,0.03850492573100912,0.02773421087681859,0.007337941377812674,0.005202851094049287
2006-08-16,0.14149337218616675,0.022763626822814197,-0.011515488603168976,0.0032445553874141464,0.025742473529829092
2006-08-17,0.02050209103202187,-0.0057528280018399845,0.017224985822953523,0.0,0.003534062220970843
2006-08-18,-0.3989411300843652,0.004722943685457507,-0.00634524861823226,0.04318302416294853,0.00665524937236545
2006-08-21,-0.04061776702814246,-0.020079420996593697,-0.004465683175752031,0.012714599452909708,-0.007789666080679114
2006-08-22,0.20919368996708235,0.015800025399108478,-0.010282854652142414,-0.019328041809173083,-0.004171230392590879
2006-08-23,0.20415764471882644,-0.004594856428288297,-0.01038992649295462,0.001949892425301442,-0.003552801713673441
2006-08-24,0.025966542695753048,0.0074003745252609835,0.003908893561292946,0.002723160890052048,0.008984945083900846
2006-08-25,0.35300270657281985,0.013767435663594835,0.0019486929069792078,0.004264086086173441,0.006278412387280205
2006-08-28,0.38484676927445194,-0.02608276575950202,0.008401140647855647,0.003861183674891808,0.005493347579660111
2006-08-29,-0.13216851876427577,-0.0074928397829371,-0.001288195824865938,-0.004247513289726792,0.013356610622743457
2006-08-30,-0.3412754046847787,0.007193861480183994,0.01534555199649362,-0.0015496567580290553,-0.0022135366507374838
2006-08-31,0.17600580950694636,0.013203744476884235,-0.006365367392221636,-0.0038837820147212512,-0.0030829909793773915
2006-09-01,0.2839342607848733,0.007781364258389756,-0.01026934459979429,0.005433438772750274,0.005419414006237837
2006-09-05,0.056512701680396904,0.0443372376431661,0.02169800817488525,-0.008941138819708913,-0.006902614263552316
2006-09-06,-0.25682417749671677,-0.020493801626347882,-0.013986091387485704,0.0,-0.0070752847793184035
2006-09-07,-0.6532933911580843,0.03879196858452134,0.02466102299835713,-0.007053597858955898,-0.011021720903243493
2006-09-08,-0.34891207263884494,-0.0038530962284051757,-0.006265508962046815,0.006662904092355189,0.01574438038839028
2006-09-11,-0.434817614368565,-0.00027602549605158344,0.02360357294194169,0.012036891748070473,0.0033417003998891166
2006-09-12,-0.2844411799624356,0.0017917635824838925,0.000613933221891382,0.0007709480174401399,0.01654329256220698
2006-09-13,-0.8228698751337578,0.02138581732764771,0.005506085190454717,0.001926708929337783,-0.0008511487504887906
2006-09-14,-0.5914793628948525,-0.0004042066967290997,0.004868927090567283,0.013382359871576294,0.0031578672146529885
2006-09-15,-0.470991443322,-0.0009442147516306228,-0.0085363534925235,0.019556849330288676,0.005682649097653966
2006-09-18,-0.27991592512089697,-0.002837897530638617,-0.004911066191615833,-0.002237360006541213,-0.008475623801388195
2006-09-19,-0.31912230536314257,-0.0016255720494333977,-0.007411598630329021,0.00260956479390236,-0.00450870715056439
2006-09-20,-0.7688753933818381,0.019996338558005835,0.10579387099030185,0.011843589882337156,0.01875559528492439
2006-09-21,-1.2345435416050807,-0.008138097586424349,0.008330701724238387,-0.010355750438473942,-0.02193645974256439
2006-09-22,-0.6555481023135007,-0.022351066614039718,-0.030321748382033532,-0.008962156861145822,-0.004913796366983002
2006-09-25,-1.039107518007435,0.036978976595769784,0.024219825162015186,0.010819655318369084,0.009681035569547008
2006-09-26,-0.4309287071661675,0.024258006377404467,0.012167763116568291,0.009233589750249451,0.006078959479520538
2006-09-27,-0.5968559454403324,-0.015582816677206958,-0.014396541620788435,0.008784411547994095,-0.00498224188461456
2006-09-28,0.32326406157097043,0.00782170934310095,0.0033410406632826493,-0.0014590343893365887,-0.0012186292861349353
2006-09-29,-1.2522575648338932,-0.0003897651931310505,-0.013994416537415007,-0.001826170652460216,-0.0006103244906315065
2006-10-02,-1.202679232586258,-0.02792589056680923,-0.004519097205067973,0.0003661963280415704,-0.000854138563063636
2006-10-03,-1.432911478426318,-0.010474278819508558,0.013498025849611711,0.00036506934339424293,-0.0026913097278133246
2006-10-04,-1.9216599639653187,0.017396849481658566,0.01497122672840148,0.020611720608116026,0.017603039168694656
2006-10-05,-1.0036070896346705,-0.007323532294387525,0.004940616769580791,-0.0007161472829371537,-0.0021683834937189783
2006-10-06,-1.1278320542397675,-0.008185161184684509,-0.003840854647605245,-0.0017921276586212972,0.002649965404111643
2006-10-09,,0.005509141084228113,0.01959807107846356,-0.0053965185823484614,0.010290274770711027
2006-10-10,-1.5657232632618343,-0.011048477300699829,0.010190612384731011,-0.0010830427779529922,0.002259539230376068
2006-10-11,-2.143790597825683,-0.0078895077890953,-0.008574661814472676,-0.0054318919931247486,0.0
2006-10-12,-2.382894004363882,0.027343911143824944,0.021826663884026216,0.024391538726536783,0.006039410961305736
2006-10-13,-1.8785811441589666,-0.003193617942974296,0.004203890509581703,0.005301157314088249,0.016161354926606895
2006-10-16,-1.5690418677574014,0.005052513914596582,-0.004203890509581688,0.002815714002786908,0.007292404423501381
2006-10-17,-1.378161413894111,-0.014831273956444221,-0.01913967509749631,-0.00035149514538565036,0.0027640693929944396
2006-10-18,-1.496738496537565,0.003225591381527412,0.005887673027942648,0.002808793732605463,0.032474176805427156
2006-10-19,-2.067653662718359,0.058119235613900824,0.006913320500183396,-0.008096773294509333,0.00044580739770781665
2006-10-20,-1.8787794422538524,0.012080683363952658,0.005812559562222103,0.0049362652328866,0.006875500245162978
2006-10-23,-2.343863687988076,0.018710364711145098,0.008916178845967404,0.0007032094744027229,0.011866143959427672
2006-10-24,-1.0429374050633784,-0.005045569821028625,-0.01367013319206777,-0.0059936307406464615,-0.0007654150744970222
2006-10-25,-0.7050530221218972,0.007742561473559391,-0.014395954772907244,0.0010605560989157719,0.0037091513610102277
2006-10-26,0.08359950387155413,0.0062246877635762435,0.005356048203114252,0.0014122634993263743,-0.0031626789949898274
2006-10-27,-0.30813494796043944,-0.02189482029420326,-0.03368018020662354,-0.00035311867287498287,-0.008557171774457313
2006-10-30,0.1375224234382671,0.000123901003949822,0.022938723162782518,0.0066817378285173494,0.008120033983651952
2006-10-31,-1.4961278899457882,0.008173276935903862,-0.002703164386693568,0.00628948209404958,0.009030297840730294
2006-11-01,-1.144852846849969,-0.023965015509296642,0.0,0.0034772126081257914,-0.0057570185797074964
2006-11-02,-0.9446658564785586,-0.002276718048686319,-0.010887509887611708,-0.0013893211053404347,-0.0013077027224252984
2006-11-03,-1.4676418810297323,-0.008774348956221797,-0.02718600131379497,-0.0013916323769463887,-0.0029496938321642925
2006-11-06,-1.132815472940159,0.01797548921133183,0.017837952425317743,0.0038216319574685604,0.012934759801084383
2006-11-07,-0.5651916199231015,0.009985494276318374,0.0055092354116899325,0.003807458168256957,0.0016179366248164958
2006-11-08,-0.9939980923071128,0.023810845379392886,0.008752651355374412,0.001035272831100318,0.0015130647603170918
2006-11-09,-0.19445815268140165,0.010737069571181852,0.009756603668133591,0.009615390049178265,-0.0018370825582219915
2006-11-10,0.02833192366089926,-0.002644157918608709,0.012861960833861284,-0.0006840147639259307,-0.007166682786092954
2006-11-13,-0.17299186900471103,0.014689972816354138,0.02107506634717947,0.0037553784524166456,0.0033721409485043406
2006-11-14,-0.5663493071090059,0.007676459217678347,-0.0005212221822649043,-0.0006840475520909501,0.013163747847362328
2006-11-15,-0.5897344072052664,-0.01123926804320293,-0.0026114501944492093,-0.003770416060751328,-0.0019311634861874103
2006-11-16,-0.4273465750396786,0.01839033869419595,-0.0010465554679715311,0.011947437774766801,0.003859237402512262
2006-11-17,-1.2289363062787664,0.0027992110333018645,0.01867237751330466,-0.002377892864504323,0.0036304224611707248
2006-11-20,-1.3654714956575815,0.007196210532271001,0.0010272050438044405,0.016529439379879118,-0.005987312833627296
2006-11-21,0.18256507381526,0.024334308993107973,0.0,0.0010028470082446555,-0.0018250999076507143
2006-11-22,0.5642368446808693,0.019115925423277832,0.00919840342174218,0.0,0.0047165823604318514
2006-11-24,,0.014510629903295831,-0.0030571718914955514,-0.005361723651159182,-0.0018195087632532684
2006-11-27,,-0.02307320899926448,-0.035309874349941255,-0.009453235133706994,-0.020563485886366414
2006-11-28,0.26669496627321776,0.025035662010307623,-0.0010578152143557963,-0.0030579625705787275,-0.0010944194319611109
2006-11-29,0.547012386862882,-0.0001085289577535293,0.013140805673872432,0.006106327728440016,0.0018592275671254883
2006-11-30,1.2260419552134059,-0.0015265520251700904,-0.005235089237766748,-0.007126992167195953,0.0043616852475103305
2006-12-01,1.4172016624039,-0.0037156636643007664,-0.01267869567909243,-0.00820824550418527,-0.007316045292656028
2006-12-04,1.6983231776843337,-0.002192881281637819,0.02467940700992161,0.007185707163930739,0.02446576166802019
2006-12-05,1.3179099640571201,0.0016448498279110304,-0.022024656817773602,-0.006842193427954291,0.010319407993157888
2006-12-06,1.2607017297038314,-0.015903422982992275,-0.053360487157503,-0.004817628133994734,-0.0038178260413895327
2006-12-07,1.263306097495763,-0.03155134664295947,-0.021482083434804372,-0.004840668440398127,0.0011681291191334576
2006-12-08,1.5255561077721695,0.0139193967108633,0.016997979308979266,0.018884327748678886,-0.003934125475204026
2006-12-11,1.1120666739325544,0.0055369138444008445,0.015054367049982552,0.004750419823339134,-0.0023463761871304
2006-12-12,0.6799204113186379,-0.02984971347865696,-0.004436984371016327,-0.0037307750471954402,0.005112372543201045
2006-12-13,0.7079941104616818,0.0332240715920695,0.0016662103681694459,0.004069130593896912,0.0068825608951714355
2006-12-14,0.7385479255654245,-0.005631082039712422,0.0,0.017444246960785167,0.006206546962560033
2006-12-15,1.1858834150271749,-0.009417319217470587,-0.01904822060694185,0.003983145573793732,-0.0006294413113861556
2006-12-18,1.7670841661485808,-0.02598410707116482,0.012924915947121933,-0.00998672852474041,0.001467383537137355
2006-12-19,1.3834471659152463,0.009780123824604985,-0.04628051854723124,0.0033400034125486535,0.005851253140713704
2006-12-20,1.6686990001572624,-0.018121978526055686,0.0,0.0033288849152700996,0.0
2006-12-21,1.8162279708400453,-0.022188632358237644,0.0,-0.0036627269935459715,-0.0009387056597049917
2006-12-22,1.5520809542409957,-0.008479682472930494,0.0005843691739033986,-0.011405395562182844,-0.006905233873598634
2006-12-26,1.5132044573221421,-0.008430154255085483,0.00116855629049563,0.011739237640458798,0.004295944189914112
2006-12-27,1.0165488383348245,0.00012340151453637998,-0.001752925464399132,0.0009994145339148777,0.0159698699116661
2006-12-28,0.5921277072406488,-0.008005864998128635,0.005830406576220799,-0.001333256612190743,-0.002368862360337634
2006-12-29,1.4341059236171172,0.047923985038597294,-0.0034942752506154496,-0.004010649977672145,0.0018545149704014574
2007-01-03,1.3960699736627633,-0.012333878086318754,0.02135740998002896,0.0,0.001234384724329042
2007-01-04,0.7694687126109491,0.02195320814860916,0.009662061294475019,-0.0016759692215659637,0.010635278585698607
2007-01-05,-0.27116495655866035,-0.007146975185383969,-0.0022651058390664217,-0.005718776362944687,-0.009094399373911084
2007-01-08,0.44542332871182516,0.004926447355792723,0.012394392501908966,0.009736411681015005,0.015077825448479283
2007-01-09,0.16555268962568376,0.07979933906890675,-0.0022419151199426905,0.0010015979914664763,0.011760574530143493
2007-01-10,-0.3328416332169518,0.04674610271308768,-0.0028102409202648434,-0.010063786461710907,-0.011861923949918989
2007-01-11,-1.3544451931078196,-0.012448297983343008,-0.02161610558279414,0.03446330372507954,-0.00242955344091402
2007-01-12,-2.1472984990449135,-0.01239374912256116,0.006305623210986071,0.01647573988869899,0.006970093969986102
2007-01-16,-1.5236312805835308,0.025872211867842124,-0.011494748387656177,-0.0016030691196243165,0.01478840189742561
2007-01-17,-2.208210220495081,-0.022390748638940566,0.012636934554118717,-0.0019275515643512177,-0.0079663889912408
2007-01-18,-1.5127361856113404,-0.06392842262311255,-0.023095268216489787,-0.0032205160951911636,-0.005715380342132328
2007-01-19,-2.0265250528573673,-0.006419559154663455,0.008723134213646816,0.0035419022291140645,-0.03353734417568566
2007-01-22,-1.5192496559364987,-0.019511360584920086,-0.015757114649124587,-0.012615024722992352,0.009726960542221285
2007-01-23,-1.9643860033315117,-0.012638443952658599,0.0070339804354776206,0.0006508802514537817,-0.0003093041537683484
2007-01-24,-0.22322458395660005,0.011601769067434686,0.0011669625246960272,0.011321268881438527,0.0032909326634680326
2007-01-25,-0.012707165376971558,-0.005204173435492485,-0.00937865247029917,-0.020800083321398297,0.0011284345046352435
2007-01-26,-0.5040082598325417,-0.01013838658353923,0.009962288791846678,0.0049136424504668775,-0.0006154070327574244
2007-01-29,0.10436633444864185,0.006537530643756026,0.006972535367403192,-0.0022896267378536618,0.011123164353240155
2007-01-30,-0.2595158603032422,-0.0045484030431633855,-0.006389449462639762,-0.0016395137586827674,0.008387752892365173
2007-01-31,0.3414571639566887,0.0021018696664274537,0.0,0.012390546932678234,-0.0022164997083675706
2007-02-01,0.8378531007303459,-0.011615011253209939,-0.006431382551274055,-0.009768844038849521,-0.0015134504561534177
2007-02-02,0.49886568574468115,0.00011804025374314602,0.02146901336725419,-0.012181315458106726,0.0017150858052351428
2007-02-05,1.692208803910346,-0.009603751775527166,-0.015037630815980136,-0.01939856227866006,0.012127561220098615
2007-02-06,1.3868525637578282,0.0024986403722702076,-0.008192046749047452,-0.003383031671489055,-0.005293817749849854
2007-02-07,1.1514975287905238,0.023489085787322662,-0.00648417290601471,-0.004755997200399797,-0.00010075526853639564
2007-02-08,0.7144617163505722,0.0003480076596807506,-0.011897913564002818,-0.0037520410741189716,0.0008037607345334401
2007-02-09,1.523833363975283,-0.034349552059552035,-0.0005983617921846932,-0.009615367924793939,-0.010799134919260888
2007-02-12,1.2071497634826704,0.019150357553288772,-0.00299877837606476,-0.0013808549699066027,0.00030422442651343207
2007-02-13,0.5411925949385052,-0.002122846097491342,-0.0018033617617901417,0.005876979180298008,-0.002946244769714092
2007-02-14,0.8067815468130111,0.007058667312998461,0.00898482066768324,0.013354110008939863,0.009216135778481956
2007-02-15,0.41719185174802115,-0.0010556336687468258,0.008313594826359044,0.002038269628867624,-0.002826256973510121
2007-02-16,0.2927232156035869,-0.0044699054205082685,-0.012496275356187553,-0.024742962127187643,0.0007069598301075836
2007-02-20,0.9185428441751147,0.01253491608183266,0.01662712031463957,0.0031264296886931876,0.00362998599210246
2007-02-21,0.6142393866938944,0.037697000526277634,0.012872927720914534,0.017875958324879735,-0.0026203464876438398
2007-02-22,1.0699414464663053,0.003469483796683855,0.004061896438335285,0.0013617447284838895,-0.005971878839826504
2007-02-23,1.089776414008038,-0.004928341692243428,-0.026402269163022747,-0.01681272340874571,-0.00784805993465441
2007-02-26,0.9746308510017844,-0.0063065336387629865,0.0,0.005865280568145487,-0.008426035788637714
2007-02-27,1.1605878602143918,-0.053132715712446425,-0.03201725985468106,-0.042155685185504846,-0.030913185138352846
2007-02-28,1.7153109134210294,0.008069570518497575,0.008557225947034465,0.010706596108157967,-0.010915022057875996
2007-03-01,2.1166828052820583,0.028545370047637138,0.020483039126608274,-0.0028441203910904976,-0.007235210036401118
2007-03-02,2.2131487412436512,-0.019134607020113704,-0.003584318737643647,-0.011817163536167206,-0.014959288691986466
2007-03-05,2.3254206985768615,0.010597943931304555,-0.02055668943642942,-0.007593761144878948,0.009961589217493252
2007-03-06,1.6938314603688998,0.02143244439138198,0.030678637901933706,0.010111607650533243,0.02144335731304146
2007-03-07,1.6883187964688862,-0.005343800728212345,-0.02337501204961833,-0.007936615668010842,0.0014912200379732792
2007-03-08,1.964793567305638,0.0031871342970972195,0.012055477987872255,-0.0105590485262432,-0.010056364436955432
2007-03-09,1.7109123038399598,-0.00034117105279586894,-0.003601530628840145,-0.001098497942108395,0.0030063698184094154
2007-03-12,0.8889993350008408,0.021368095911907237,0.026114533011133634,0.005481642694254841,0.008858062584498321
2007-03-13,0.34795033414973914,-0.016491617760214454,-0.024912556954301376,-0.026589340219300112,-0.014987806863127291
2007-03-14,0.20863977194576172,0.017937498472676287,0.013719088633753674,0.025130655435414533,0.011262058458685551
2007-03-15,0.28557620603276535,-0.004788866883558729,-0.00952372898591435,-0.0043893592303476435,-0.003311702521383658
2007-03-16,-0.35821689011000946,0.00022298262828346365,-0.0011965812717747279,0.001831060604844759,-0.002142440324627107
2007-03-19,-0.66732368338222,0.01704328520262309,0.028337018624383415,0.01812950285149618,0.007904339446871439
2007-03-20,-0.9158082496985028,0.003833537200623162,0.021308067814430665,0.0003596462938350614,0.005411239377377413
2007-03-21,-0.7689016772234155,0.025790022787784847,0.034717906694931265,0.024131372150214266,0.009059632466296274
2007-03-22,0.2539670149719502,0.0009585471727795578,0.017458077009281425,-0.008804197743107322,-0.0017847325755797083
2007-03-23,1.2917246448514672,-0.004693787845694289,-0.013612938276263236,-0.008882882292754787,-0.0016819103649845252
2007-03-26,1.420855876406683,0.024609002037856705,0.0081899539592204,0.007112855740830985,-0.0003155909435538984
2007-03-27,1.6551574260183666,-0.004076930597321175,0.0054229843170428,-0.017876984849849557,-0.00284667639947317
2007-03-28,1.5828855056184,-0.023530803327926484,-0.017458077009281318,-0.0028901633040603805,-0.0049732187175066
2007-03-29,1.9229721977880587,0.00545504508201306,-0.0005507979303352011,0.0039715328599124015,0.0032827445844302037
2007-03-30,2.3733543876152345,-0.009000643011588077,-0.001653156405855429,0.004315662458424822,-0.0032827445844301677
2007-04-02,2.1718047624958734,0.007933307401542892,0.000550914427213879,-0.004675502574226723,0.010027639636505199
2007-04-03,2.055159215840524,0.009035698091087644,0.012055211201099375,0.0046755025742267,0.009304605755075778
2007-04-04,1.191133375487218,-0.0024368788887825644,0.010834882725957434,0.022352766351726686,0.0011439331221222747
2007-04-05,0.8663874101214697,0.004339787375723635,0.005909294182603329,0.0017528416956415242,0.003216851367448133
2007-04-09,0.7383284805391015,-0.010938606578028592,-0.00537107544843042,0.0007004662374777063,0.0010353108117959714
2007-04-10,-0.7886508858822483,0.006386231634818302,0.01496574677535179,-0.005967950591409432,-0.0016569969070821865
2007-04-11,-0.6188757958603011,-0.017769278107193646,-0.01388888535548503,-0.010263715147683287,-0.013569007870792404
2007-04-12,-0.63615173919381,-0.004330056743378501,0.0058995290557745115,0.015181066013783823,0.005344963393856129
2007-04-13,0.36324024894328377,-0.021378476035403205,-0.0037508906706668777,0.0024500619576201046,-0.007764843402447702
2007-04-16,0.11339566004242368,0.013101008093676014,0.014388926262442935,0.004184982950545074,0.013082156185953561
2007-04-17,0.2292042320590063,-0.011882991299157916,-0.0005293275181953265,0.004168570932136875,0.009725479469421053
2007-04-18,-0.059709025432688134,0.0005532580633428036,-0.008505965952932562,-0.008703613363343196,-0.024177566190389712
2007-04-19,0.11317788346604589,-0.0014385964067790945,0.001601073798754639,0.00314218136989002,-0.005394769884100537
2007-04-20,-0.25206244166665365,0.0077246183036684965,0.012711888533027108,0.011436381170281762,0.0030710391597281567
2007-04-23,0.35281508986019067,0.027538590183405258,-0.0031632196392157017,-0.008304511095205264,0.006638844989411254
2007-04-24,1.2612026941459231,-0.002892017158966588,-0.0063562334153553805,0.00034768294703797943,0.03387028118344403
2007-04-25,0.9527088890328357,0.022377440621394958,0.004241784193917241,0.006922900367070869,0.029709483571461245
2007-04-26,1.2998373471476607,0.035948509384203096,0.002642316149861493,0.0037869357472131815,-0.005534526716471604
2007-04-27,1.1283656756349003,0.010867168187238856,0.007884559327079611,0.0344513530992285,0.0026723243988681423
2007-04-30,1.4934069037672342,-0.0012016033349437358,-0.015832098752930887,-0.005994177839006741,0.01022695295003
2007-05-01,1.117420667143691,-0.003311993567565588,-0.011232341371560933,0.01524743166155158,0.009348571030158376
2007-05-02,0.48751288931002457,0.009206221885336232,0.014419335596712005,0.006884114089889281,-0.009250808099707427
2007-05-03,0.23979604158817464,9.97983249623307e-05,0.008447453314162426,0.011692102629415821,0.005657973452532065
2007-05-04,-0.36034960431941687,0.004075437224491754,0.0005253948868657619,-0.01332714903361565,0.0015553141478569362
2007-05-07,-0.8426316838469119,0.030383717559776795,0.00105109728591603,0.004896086214777936,0.0019409435726854736
2007-05-08,-0.9068219889192387,0.010910361865743668,-0.005263400286244247,0.0013018303170708753,0.005144359148095953
2007-05-09,-0.46212119676549007,0.017175013134500584,-0.006352549442698596,0.0009753055994201688,0.010497117024423042
2007-05-10,-0.7377972665244823,0.004294374343681257,-0.018221388517551743,-0.006518635596615837,0.0028704391019377944
2007-05-11,-0.14607520014375164,0.012958305215686758,0.026156248638294147,0.0100860865038767,0.012342036543681694
2007-05-14,-0.05674816773609816,0.005685909747370878,-0.002110177606466992,0.0025864759950857707,-0.0038762670469356963
2007-05-15,0.2144631561659867,-0.01696859264593233,-0.005293541515741854,0.0009714278016295686,-0.007033843903921522
2007-05-16,0.5027449026212014,-0.001675622317125327,0.007929841129357091,0.005486599413181554,0.009871556700090626
2007-05-17,0.564400063616286,0.01937520981286897,0.0031549676010524767,-0.0029008740778565605,-0.00530359909103992
2007-05-18,1.6229948547464894,0.0052860906610686376,0.010443726120379773,-0.004853918060696414,0.025130449399089837
2007-05-21,1.464290123324735,0.017658096355563355,0.0036302999930157218,0.007111140227283391,-0.008836160869660927
2007-05-22,1.8055763372943596,0.01383442589111113,0.0025842644178805884,-0.01166258005724296,-0.003181463074569775
2007-05-23,1.4040883708809049,-0.005740891152409937,-0.010900870578075548,-0.0035904757801185194,-0.010551681198575713
2007-05-24,1.663312381092877,-0.01968073361395349,-0.021631018788942264,-0.013498082768955746,-0.015559473725469793
2007-05-25,1.3613668796726022,0.026126278408904094,0.025797499378378493,0.010222187345907786,0.011763695579763318
2007-05-29,1.4959058923359119,0.006404404970842321,0.0036322463838533475,0.010119449703141428,0.006916051685776894
2007-05-30,0.5943824328319217,0.037925088648732314,0.0056797468107204424,0.010339907582990249,0.009584880943577236
2007-05-31,0.5615592985271716,0.020170311281875426,-0.002061637535123705,-0.013592986082965082,-0.0030910826867382043
2007-06-01,0.48892446409545454,-0.02329066912853412,0.01434488881760007,-0.0032635196712609326,-0.0005626985182131967
2007-06-04,0.780740345843246,0.02444526862825681,0.0005082344812877167,0.004240905170779257,-0.0029143690377179516
2007-06-05,1.0326266905688724,0.01098390709161117,-0.009706637903029919,-0.004567861279636613,-0.0036782498929499538
2007-06-06,0.8671557650098346,0.00787619515565877,-0.006695492121612056,-0.009528618796635911,-0.03294365528495538
2007-06-07,1.1397625518028307,0.0034714805134275317,-0.03256625938356626,-0.02236752806238198,-0.005974439481358269
2007-06-08,1.7517316457154655,0.00338020735725994,0.017465451348159945,0.014412780657884209,0.012398246308410367
2007-06-11,1.281116901671433,-0.035152176959197035,0.00783885928960592,-0.00099882985511924,0.0014543482997304393
2007-06-12,1.5066599941673835,0.0015801069819856475,-0.019448109460941734,-0.0056793188085215674,-0.008562075083038235
2007-06-13,1.2926961419046612,-0.02421514383132478,0.02412287036581119,0.017928950994481385,0.007592910704514672
2007-06-14,1.5794501827983911,0.010581915972418168,0.017463043826441153,0.004268667274931921,0.007054081315796033
2007-06-15,1.8832202038201935,0.014629508717915345,0.011139235287337762,-0.0009838818280003686,0.011869609751714773
2007-06-18,1.9492417753612696,0.0373833668757928,-0.0035311147888457844,0.0006561757293859069,0.002281355086878574
2007-06-19,2.311102487072053,-0.011497271796249221,0.004537520258098848,-0.0016404965939726187,0.011046722202831429
2007-06-20,2.267161703133329,-0.017210292868830503,-0.017762506579895625,-0.01488335152663328,-0.004706117977785904
2007-06-21,1.8308843047270595,0.019149217810154405,0.007651238236644409,0.006973085702597871,0.0056443316061425206
2007-06-22,1.809948192729189,-0.007290467284623858,-0.014845707920015811,-0.024452710651797136,-0.020470776947136032
2007-06-25,2.03236815262097,-0.005380661009557274,0.00463097164277805,0.0,0.006299620282291734
2007-06-26,2.044745154919169,-0.02223312578258546,-0.016563321644744205,0.001017136719960656,0.0021862208336560812
2007-06-27,1.7387940630345518,0.018548215370192377,0.02728577626130353,0.011786303558688776,0.0009486303285991965
2007-06-28,1.9883534328743417,-0.010971477101363569,0.0080932894336847,-0.0013399372323626355,0.004919836831608265
2007-06-29,0.46692631881854396,0.012201746744326407,-0.007077711348106316,-0.012141743385459767,-0.006628201223607519
2007-07-02,1.0866518590942493,-0.006412614951528032,0.010598171464928528,0.009120100356180647,-0.002283160854894801
2007-07-03,1.1414653401213184,0.047588641367629934,0.007501579966439126,0.009371019690520064,0.014840368631329766
2007-07-05,1.0687423006009007,0.04294225416027832,0.020711353040162528,-0.000999918221291736,0.01369790867882292
2007-07-06,1.06345011473106,-0.0033954555413070954,-0.004402607077439549,-0.0006671081996423703,0.009029470230618732
2007-07-09,1.4588019649652897,-0.015002265275944917,-0.01183474502746336,-0.0033424130079444153,-0.0005504232211883577
2007-07-10,1.0612624775381732,0.015380489075545595,-0.022066441199004708,-0.018243571283115434,-0.0031258367528935304
2007-07-11,1.389102388344945,0.00030204293162167936,0.01309869334666251,0.00544013100446596,0.004317420940231475
2007-07-12,1.2797249839692733,0.012609348440689346,0.02569292794391248,0.01947650549353477,0.0016492039327230484
2007-07-13,1.2204229921940937,0.02693382419885728,-0.004890435064106998,-0.008348470472259128,-0.006242305265089233
2007-07-16,1.5597269272164327,0.0026826650049401714,-0.00985190120305981,0.007018078010857886,0.009713668191553872
2007-07-17,1.8218667522022314,0.00584770994048593,0.00887110268381649,0.024667772367326007,0.010071424115014762
2007-07-18,1.5965834726081622,-0.005703541690121504,0.0014711315228564162,0.00453807433352357,0.002794425148480046
2007-07-19,1.878753428077281,0.013520037324480946,0.009266387277081975,0.018901901843830834,0.042131861945007454
2007-07-20,1.8067988707902842,0.02643306216222217,0.0004849905999894365,-0.011169940079086697,-0.009104123551681003
2007-07-23,1.704038839987977,-0.0003474480584871647,0.008214834650080192,0.0009626502403230487,0.013582431759965732
2007-07-24,1.581041768108683,-0.06326824185703767,-0.006760108683873831,-0.012582865732873441,-0.0018067999705941593
2007-07-25,1.2490161308853251,0.01741747125807067,-0.0029113377915875975,-0.002926604004522125,0.01647746309359056
2007-07-26,2.13646121109742,0.0617293758560221,-0.028087991663550773,-0.02405817740989411,-0.013382915416173322
2007-07-27,2.1713938478443247,-0.014835626440094231,-0.01968210576820277,-0.01987555961745439,-0.007839853627598889
2007-07-30,2.774751809629619,-0.01696647685802836,-0.0020412743924909053,0.0003403753103069172,-0.009559409796700632
2007-07-31,0.7241878706605103,-0.0708225642313792,-0.023773284416424983,-0.014043661525528038,-0.034377320464371655
2007-08-01,1.142672113981083,0.024293356029570123,0.03444151145152771,0.010636152788440528,0.012483729111985566
2007-08-02,0.5261334964581255,0.01097587742750766,0.015045718476906568,0.00748090517343507,0.010565635592872153
2007-08-03,0.7254788160239054,-0.034585817163684654,-0.021635799417554388,-0.019152521084732137,-0.011905221224547633
2007-08-06,0.3170928937554714,0.025459867904620258,0.021138132884398513,0.01982979506201256,0.01771670384619477
2007-08-07,-0.9412995610450147,-0.0016281287798891365,-0.02012180002890287,0.00033837401049569655,-0.0031659413504539985
2007-08-08,-0.6756099093833781,-0.007582584238011926,0.026079892615930703,0.01511311567679361,-0.0013261365721026815
2007-08-09,-0.671400747958184,-0.05854236533373316,-0.005460426053871951,-0.023609668838004687,-0.02011685631160201
2007-08-10,-0.6452811518324783,-0.011058183571857809,-0.004990489584527922,-0.020341927543367843,0.01710218595511255
2007-08-13,-0.7223347808458683,0.0220745750000196,-0.013598369385008477,-0.002789986055353424,0.0006213535403781971
2007-08-14,-1.2044756144487727,-0.029864804844175474,-0.01894083599137229,-0.009155256180648127,-0.0058728387973560146
2007-08-15,-1.2993749318129169,-0.03386568785151458,-0.008824862590811642,-0.006031901835388455,-0.007344819560828495
2007-08-16,-1.2801518645796972,-0.024056998762890053,-0.0020875875655324027,-0.010373685340626607,-0.013942058939837213
2007-08-17,-1.3660889462010477,0.041911737520170564,0.010912450156343918,0.015697597157342296,0.010970253320072032
2007-08-20,-0.515797739297265,0.0013095601673697372,-0.012480204398808325,0.00035391536554693506,-0.01526430607846783
2007-08-21,-0.4396984880657321,0.04284243817783449,0.00833721059145987,-0.0067458091807736245,-0.001649457711358535
2007-08-22,-0.893841674726243,0.03799326527752807,0.002591770444411314,0.005329585563164272,0.008765391250173763
2007-08-23,-1.1164151431697171,-0.010926466893632554,0.0025842644178805884,0.002831202242710115,0.013095611638941325
2007-08-24,-0.8621847699869675,0.031763266544562845,0.029001789925169535,0.017860426677203074,0.015933617454979922
2007-08-27,-0.4991530811858779,-0.022800894408441776,-0.004019739707265086,-0.011169543877236655,0.0017643176411972486
2007-08-28,0.12997630275161032,-0.04192472486723244,-0.025498964695390428,-0.01985171525251933,-0.012775116044027543
2007-08-29,0.2956092707669562,0.05566695718622269,0.03900247749984494,0.023356186690438697,0.022687364380119802
2007-08-30,1.0469745438736087,0.016055186398984754,0.003966227874276888,-0.004909065243535024,0.006958195309065922
2007-08-31,0.5444936193435163,0.01623499854402402,0.0034577991096842887,0.009793216096056335,0.011376657862206629
2007-09-04,0.5386265479305034,0.04019703586912913,0.021463894058011367,0.0027809215867960033,0.012772427700584576
2007-09-05,0.6282845895624257,-0.05269594491910325,0.0004822986020189106,-0.01152088394956684,-0.002626019087792565
2007-09-06,1.1488804114291624,-0.012878304443222464,-0.009207430777080387,0.0149858480712991,-0.002208637990200179
2007-09-07,1.2978667959459378,-0.024291116726670794,-0.01867411575383627,-0.01639112433313741,-0.017755400688438065
2007-09-10,1.3894972545866877,0.03680397831333573,0.0004962880945787868,0.0014052762618382243,0.0021614324655259715
2007-09-11,1.2566359772533695,-0.00896446178172116,0.014275563513652268,0.01567777318299647,0.013296044491664301
2007-09-12,1.025475191152543,0.009987761174533276,0.003902264145605148,0.0,-0.011570382038959095
2007-09-13,1.5201686221130473,0.0025545473388413203,-0.004390928717054659,0.007918504137254605,-0.0004314834915079502
2007-09-14,1.6729230242341588,0.011666097785117065,-0.018757187972041157,-0.004123758214347578,-0.007096961624512257
2007-09-17,1.3076129726954695,-0.0028857216549528146,-0.002493899271892882,-0.010732556743132697,-0.0053124237947798384
2007-09-18,1.7475276083634963,0.017971987636965784,0.03484944673806915,0.006937810820225808,0.018256927488716615
2007-09-19,1.6350557277804858,-0.0010646759342612588,0.005292755241707575,-0.009028285018781132,0.00034301378768881844
2007-09-20,1.4537673348012972,-0.0032735000862686996,0.009551245931522281,-0.00875842679976032,0.0016270533920249271
2007-09-21,1.5426756469049365,0.02699996044177184,0.0437075781437478,0.008060598616583254,-0.0006844030209811542
2007-09-24,1.0854695993318997,0.028248090335874217,-0.008681741185308978,0.014897304817506427,-0.00454910710331832
2007-09-25,0.7497151192106664,0.032511562321956365,0.006860605117325035,0.016371424202898804,0.0022341973336131985
2007-09-26,0.4022210225114052,-0.0026802359073674186,-0.007778919035858315,-0.002031625889095263,0.006757673904057445
2007-09-27,0.7737103127655864,0.01126048133468171,-0.006451474584335001,-0.00033939990532836853,0.0034887872543558703
2007-09-28,1.018678363476123,-0.006688728672407899,0.000923921932550291,-0.0010176173825800449,0.0007645699138878853
2007-10-01,0.3614056685918048,0.018527592900484256,0.014672525228675359,0.010467815226015791,0.010387493260787873
2007-10-02,-1.4571939529662021,0.01340617095562155,-0.005477095713695761,-0.0023541901955420417,-0.0056449965659924545
2007-10-03,-1.2491835675328655,-0.0033500123317087007,-0.012897586525722161,-0.00845303073153352,-0.01669848953455585
2007-10-04,-1.159204590931019,-0.010695188250157693,0.008770567460110386,0.008789850708322684,-0.006117892548084964
2007-10-05,-0.7225754569796878,0.03280167210998592,0.019117192212987872,0.004365761686352578,0.005258523981110049
2007-10-08,,0.03923279528943418,0.014768782456806724,0.0,0.012560673234878998
2007-10-09,-0.617507142481515,-0.00029820655498338447,0.003104613897015799,0.008675112740368585,0.004490154554887298
2007-10-10,-0.24854790745331923,-0.0063945087324174844,0.014945567250778913,0.004310206502976886,0.00270119580811154
2007-10-11,-0.14088678678460304,-0.027720370461174065,-0.02027366329486263,-0.01064198163328965,-0.004816283835143554
2007-10-12,0.3287106514256679,0.030474780784648083,-0.0008909074533517067,0.008655162020150214,-0.0020349999855543296
2007-10-15,0.37484489066161514,-0.0016157142678513798,-0.016626046596912837,-0.004318529419547066,0.0018653888108636123
2007-10-16,0.8980863598264976,0.015450485724891772,-0.01460533337052359,0.009278240740325357,0.01321406344328799
2007-10-17,1.511154626574478,0.01852068509949541,-0.012026574702187633,0.02475682805360667,-0.0324613073417141
2007-10-18,1.6432993942228278,0.0043324719548314015,-0.002796024792864909,0.0025705773536483746,-0.008500359080082946
2007-10-19,2.337395270977978,-0.01791173404325684,-0.03224550884056727,-0.03228711672803341,-0.02219567868372709
2007-10-22,2.1967237785528586,0.022855981439440266,0.02145485390789785,0.01120657053364142,0.00966120179158263
2007-10-23,2.1223507313431575,0.06548415251566791,0.01172398007238922,0.012701700104589275,0.011488815732453592
2007-10-24,1.2216784709994002,-0.0012360719286541558,-0.012667523156042547,0.011263051377968597,-0.01519973237272756
2007-10-25,1.9031498040669066,-0.01708707895061202,-0.008534936475610964,0.02340360621973432,-0.0012408384625150538
2007-10-26,2.696250339777106,0.010449649778079986,0.016529236316791762,0.09078181354095152,0.008122067175599634
2007-10-29,2.726806047085743,0.0021094902282653804,0.019481434770672604,-0.013218650952959043,0.009364164819333725
2007-10-30,3.0139482869892125,0.01026666574147423,-0.006451474584335001,0.028516512964209196,-0.005940777439286817
2007-10-31,1.1362504910362285,0.01565222022216098,0.024658546515705707,0.03426653996129448,0.017373222524013517
2007-11-01,1.909787204309831,-0.013302623148201506,-0.01866621413378766,0.006769315312116994,-0.02150049876449819
2007-11-02,-0.04568123777768651,0.0022919470170713035,0.012330854354706315,0.0,0.008236822038672226
2007-11-05,0.7277580691933647,-0.00903630675602604,0.001814684117756059,-0.008944684577616309,-0.010439318781711058
2007-11-06,0.11068089115481217,0.029686907402818864,0.0338559081108429,-0.008749994062960701,-0.002029657001819092
2007-11-07,0.6346171718644683,-0.02904296205955599,-0.03249746045867544,-0.02474812876404947,-0.015099980250090954
2007-11-08,0.7167474332212118,-0.05988956089273858,-0.0824971490525944,-0.022203882779218777,-0.0457742987738162
2007-11-09,0.6707221520115717,-0.059283513254746914,-0.049871916226590186,-0.029504214283684247,-0.05680937491938993
2007-11-12,,-0.07279207905048604,0.004123837435793012,-0.010430600830179474,0.011899406738332919
2007-11-13,0.920333729800308,0.10017026296564838,0.05406813829659324,0.035143052736323024,0.036962172236231536
2007-11-14,0.2363339613639538,-0.02291292477232001,-0.016708733189206976,-0.015499645493295801,-0.01753665144412217
2007-11-15,0.6242043539299287,-0.01095646165403301,0.011822725874285433,-0.005023111433409983,0.0015454745076323273
2007-11-16,1.3763340072989565,0.012640657329108169,0.018438053841669667,0.009727692134543726,0.011421334623503407
2007-11-19,1.5793797614687226,-0.014773014571463287,-0.013065516818094087,-0.0038208088374744958,-0.02483124569303758
2007-11-20,2.1475536373072406,0.02944917221970309,0.00776290341847436,0.01809192590276285,0.011671128249518386
2007-11-21,2.92611746094761,-0.0023121434707287945,-0.023472703485392637,-0.01017300906641525,-0.011671128249518433
2007-11-23,3.105906785920398,0.018118442525890593,0.004935587606067296,-0.003511813818816387,0.01774431719633657
2007-11-26,2.8500679783630796,0.0058123258747515075,-0.03049434145670953,-0.033992527443012524,-0.020192804104895937
2007-11-27,2.6441159234017646,0.013070060121648186,0.009598392780009304,0.0027262449117876376,0.018076073936343133
2007-11-28,1.467168819390887,0.03047909809293368,0.030695810776096306,0.01917356451070682,0.03352603009149525
2007-11-29,0.3396713840058463,0.022332354084914463,-0.0014640703282491863,-0.003269181958366706,0.0012101724474754434
2007-11-30,0.9055288328715894,-0.011296219706625558,-0.01475684220815694,0.00029763315843535826,-0.021817784524493875
2007-12-03,0.20715221935569872,-0.018611295036689793,0.0029691970814696455,-0.02044595061252222,0.006160465281345468
2007-12-04,-1.2572383144357875,0.005297611407388497,-0.010429971519161155,-0.004566694780408183,0.007531236829542764
2007-12-05,-1.4061635084761834,0.031153857993363537,0.05771266819449286,0.041249174570617636,0.014246258659861863
2007-12-06,-1.3480135382122904,0.023706407338374997,0.009381007621173311,0.011644795588889105,0.01413811483340637
2007-12-07,-0.7263364492137516,0.022642205149460408,-0.013157986540463086,-0.0005792897132678251,-0.007686696244671546
2007-12-10,-1.1803616733981026,-0.0004635445810466026,0.023376934582831844,0.006638582019816236,0.004857041382002906
2007-12-11,-1.2017887295273526,-0.029629472099801466,-0.02669383330949504,-0.019169689456985474,-0.022184388951536387
2007-12-12,-0.313278238311529,0.012230187950610249,0.014138236099902295,0.010792307385777933,0.013738524878535241
2007-12-13,0.713426039305606,0.0050692401242775804,0.011167808690724023,0.021524537588585146,-0.002677084474117959
2007-12-14,0.3598574974687087,-0.0075353000604264165,-0.019155273615882103,0.002552151800458575,-0.02252980339587094
2007-12-17,0.11030812179196342,-0.031967291347041446,-0.012338690840106421,-0.026400398281054963,-0.011792878635219559
2007-12-18,0.21654995687354506,-0.007730074305405757,0.014694734871127319,0.010126147817884191,0.01688471275278191
2007-12-19,0.043330475842526556,0.0007645503805241628,-0.0233287178738678,0.0014383898788030319,0.007777765080166816
2007-12-20,0.19957620604397727,0.02208959016087362,0.06254970929325974,0.020765497183229533,0.01574229457283462
2007-12-21,-0.2855006148535919,0.035162962162952616,0.02722754618473242,0.015088489911609163,0.020101881010466286
2007-12-24,0.10894033647451146,0.024905080711148844,0.002199349577141129,0.014317519222198814,0.005387957400836958
2007-12-26,0.38758456644515715,0.0007544131704022938,0.010489228175056233,0.0008194821204840137,-0.0008059401750733642
2007-12-27,0.5926340004006696,-0.001911928251813022,0.0017375923368377613,-0.01763570795755802,-0.017725231740133685
2007-12-28,0.8056944843646399,0.006325185390407897,-0.003042640104774048,0.0041609751433027515,0.004460965454700113
2007-12-31,0.3396586386897019,-0.008795574798416217,-0.017124473726812514,-0.014500965675724188,-0.018242086586962532
2008-01-02,0.39305112980863693,-0.016492731985259124,-0.003993541754456624,-0.010731581163632794,-0.032052528799857344
2008-01-03,1.5973476548763021,0.00046188257896096147,0.02719489768470458,0.004249773444000463,0.00200368202707994
2008-01-04,1.4260004735947847,-0.07940579296339613,-0.04786109014235225,-0.028388659543620135,-0.036600711092620766
2008-01-07,1.0370579331201841,-0.013475672772354957,0.00993739458183015,0.006667370202636045,-0.010736877112021244
2008-01-08,0.17383584581796907,-0.03663476822615651,-0.050702111287520134,-0.03409096111199665,-0.02489508744080917
2008-01-09,0.08323281057492589,0.04649366237552084,0.02151608664108269,0.02916732670722622,0.00735070622521651
2008-01-10,0.02933252705526261,-0.007722206465883337,0.0032338157741778734,-0.0031992141783606784,0.016244401685509703
2008-01-11,-0.597100570366051,-0.03039757108097083,-0.027117099014886566,-0.012309736696462794,-0.022775639641212084
2008-01-14,-0.828450409259613,0.03465783331311155,0.04449304446043116,0.01405585469598115,0.05245485344398747
2008-01-15,-0.36793916822114997,-0.056020363613277606,-0.03458920352277837,-0.011405475452511615,-0.010744733370338147
2008-01-16,-0.5312895268238791,-0.05721428900367233,0.028222260510906826,-0.02290703202920332,-0.0019657459358155814
2008-01-17,-0.5420294854307087,0.007799727842321114,-0.023540848534404697,-0.0036180896385688524,-0.005228803358566599
2008-01-18,-0.5969985900693381,0.002916774885748696,0.007909092392549173,-0.003024985290851926,0.022495293943604503
2008-01-22,-0.3976487936766651,-0.03609197490342662,-0.06509519381762945,-0.03232545561385303,-0.021309200729644286
2008-01-23,-1.9122798202872713,-0.11256852805027451,0.019104434828047783,-0.0009389357492096872,0.04708604674916253
2008-01-24,-2.202819374856858,-0.02526807604644356,0.0,0.04050909003550573,0.007605414935521035
2008-01-25,-2.076075314119753,-0.042097780040683055,-0.01614110203726139,-0.009367062089566277,-0.022609135520215
2008-01-28,-1.3534151227381659,0.0,-0.0009866045979193155,-0.006701185098914723,0.004391463253893966
2008-01-29,-1.1097611270456518,0.01169960637811603,-0.009422750208226765,-0.0036745060349598247,0.010612257330799811
2008-01-30,-1.0598397947611857,0.004853563637725246,0.009915996414165002,-0.012345659162276083,-0.004249998342152008
2008-01-31,-0.28183993807518165,0.023773835401325997,0.013719228861368197,0.012345659162276168,0.013724098564110847
2008-02-01,-0.16920668205938966,-0.011966049551570159,0.006305686559821746,-0.06822609084911516,0.01822553734205282
2008-02-04,-7.604516080258738,-0.015825476313472135,-0.02348406707569168,-0.008575263401088823,-0.010598837261500576
2008-02-05,-6.578783228479793,-0.017547826513089494,-0.04765246304867542,-0.037804172492313284,-0.027331944167888547
2008-02-06,-6.455881422917001,-0.05857785579221077,0.021572570432744537,-0.019100949270292822,-0.00989414591061745
2008-02-07,-7.033897778430416,-0.0062493006041430006,-0.02469214722149988,-0.014124608301844054,-0.01213993883479038
2008-02-08,-6.330083238759576,0.03437464583187813,-0.0005216801648299395,0.015526008376844978,0.009046005988404722
2008-02-11,-4.9354575802250755,0.031148048022274007,0.012943563000730228,-0.012330589009230088,0.017946094855129248
2008-02-12,-4.076910614216613,-0.03610092951455566,-0.001544470035054169,0.004597905209427653,0.013133637301849256
2008-02-13,-3.8053429704212545,0.03571466160751729,0.012798401565157979,0.02164128546026821,0.017585858542195302
2008-02-14,-3.144331584570876,-0.015105601179128786,-0.029421769106372328,-0.016011720205898708,-0.021347558437033492
2008-02-15,-2.2418881263666393,-0.02245349825281256,0.0,-0.002811338251381437,0.0002827351362867471
2008-02-19,-1.9777969309110117,-0.01985419196526092,-0.0036738680860964393,-0.004957058708463262,-0.010987165200393889
2008-02-20,-1.3686301508026857,0.013333497628897118,0.021327209132210218,0.001773402372163756,0.026781083753485067
2008-02-21,-1.3300626448298252,-0.0185854201332094,-0.02818576091372942,-0.004261745290229477,-0.008567283365282136
2008-02-22,-1.9921668459185478,-0.017261496188869706,0.0005293275181952534,-0.015058716951724251,0.010604562704201187
2008-02-25,-1.5921279517225833,0.0023412499077522376,0.0036974680759712655,0.00576334715015967,0.01842833501116272
2008-02-26,-1.3194422992510528,-0.004939762738318176,0.012571549090666942,0.019210960577599807,0.038319063681423224
2008-02-27,-0.8051330508681331,0.03147621871641449,-0.001041650241679711,-0.00423766704611466,0.01802166949217631
2008-02-28,0.4130012419838891,0.054982726165968734,0.01139909296567625,-0.011746061541446882,-0.010530947070615675
2008-02-29,,-0.03836836348502512,-0.03193168316662427,-0.02648420438587922,-0.012047682828620624
2008-03-03,1.2499694533376808,-0.02666793716482833,0.007947539425851111,-0.007750219919485377,0.0032445212191328805
2008-03-04,-0.9388065284138363,0.02346327577348958,-0.027281558620136676,0.021986744835727524,0.01287313899930759
2008-03-05,-1.3181348155444317,-0.0010432950446526306,0.019334019194285363,0.019027701940087145,-0.002769096560101053
2008-03-06,-0.3687884713756685,-0.029013746855636874,0.022614931698468285,-0.019752784055093488,-0.025186490155968307
2008-03-07,-0.08296217393105076,0.010856135282680805,-0.012032039561824743,0.010823131608924884,0.012540404301867597
2008-03-10,-0.38269649301952013,-0.021163114540122575,0.014628758906281023,0.0064367847497792665,0.0006141600392074666
2008-03-11,0.9562535205900677,0.06203354725007534,0.011859323860210281,0.042916788171718324,0.021519340178335525
2008-03-12,1.654008252844682,-0.010418417016309169,0.008675442684142902,-0.022449860802656173,0.004966765445113256
2008-03-13,1.9533045039927976,0.015041470023676952,0.008097746231226695,-0.00034916641407346316,-0.009957571084679581
2008-03-14,1.8397007517404462,-0.010449999676312287,-0.016260617139946018,-0.023331355108811604,-0.0058841953223488
2008-03-17,1.426052855700933,0.0009469667609090363,-0.012371895635634044,0.012087429075053986,0.002772999103474198
2008-03-18,1.7168966196947626,0.04693588459599228,0.037663915128728055,0.03881271736302456,0.024449585550482437
2008-03-19,2.5838068824086444,-0.024001977759407735,-0.023245645191038052,-0.02756879132926709,-0.012491438304349883
2008-03-20,1.9357134515498362,0.027384760989386286,0.026238296635566073,0.019377444379038905,0.01181604035059519
2008-03-24,0.3739912393397491,0.04590254750890106,0.03378493918268554,-0.0003424928145569873,0.006150049657405603
2008-03-25,-0.09079396831658898,0.010338430475585985,0.014814820451740401,-0.001029096250964966,-0.009197152518855457
2008-03-26,0.22575920193963173,0.028528760827900315,-0.006662322496055775,-0.02010472272024127,-0.009025605574288031
2008-03-27,1.0843989173989936,-0.03372061828363426,-0.07484399808302693,-0.018018893548264317,-0.01196098391688563
2008-03-28,1.2424704193191034,0.019488191789872406,-0.0030924264281523613,-0.0050032165774022905,-0.008257768214994755
2008-03-31,0.30270039591847253,0.0034201688115301243,0.009760690737243203,0.016699790390903246,0.004963015873770784
2008-04-01,-1.1857550346662544,0.04116199517185269,0.04253862342926706,0.038705403843496834,0.011656258955560625
2008-04-02,-4.5520505799656075,-0.013736512731855216,0.003912274073826444,-0.011592422979719342,-0.014526421193446774
2008-04-03,-3.49867866688639,0.02755084511230592,0.009229558795192265,-0.00550173658131645,0.010483813305761048
2008-04-04,-3.482217875208135,0.009649715246865578,-0.016086145286424658,0.00550173658131647,-0.0022434265619338816
2008-04-07,-2.7011451223382212,0.018189928248912125,-0.005913810118310544,0.0,0.0047401397589495785
2008-04-08,-2.0721354887279517,-0.019759383567380398,-0.015442536397058997,-0.014159612562673726,-0.0003443634896465953
2008-04-09,-1.6166320247182766,-0.00920171906116824,0.014947601981798977,0.0048571115574323085,0.00429134872095501
2008-04-10,-1.4313939717292474,0.02032773429047359,0.011311165956681322,0.007586680528780806,0.017066840945968817
2008-04-11,-1.6310611631729846,-0.04913301557152646,-0.03028248959708198,-0.02892725428602067,-0.023682855033346027
2008-04-14,-1.2794604576660684,0.004340528766177374,0.0010071166427711932,-0.007809650027167428,0.010974347123459648
2008-04-15,-0.8144051227072187,0.004051816705673989,0.015984277847788664,0.006748338023611005,-0.0009385633819378134
2008-04-16,-0.3944633400726463,0.03522630000083915,0.028817598489801678,0.024476987757034194,0.027774973054283943
2008-04-17,-0.5302926551605689,0.005126766522133841,0.020491188795790975,0.009282851144810825,0.021433484375514726
2008-04-18,-0.5141649677390459,0.04152336035211696,0.027909125974727965,0.026343647038165163,0.010667992177159052
2008-04-21,0.1193437128001365,0.043262593213456886,-0.0018360766489449929,0.013903294019830042,-0.0004024872528520814
2008-04-22,0.4269780540946386,-0.04849278786915903,0.000918625163655807,-0.005603870862133234,-0.005483018821472362
2008-04-23,0.6388850158116608,0.01665210484094207,0.005950746396455748,0.038902761458402456,-0.00056617341007233
2008-04-24,0.48383198299847324,0.03646851897341659,0.004553722902099583,0.01106695452820417,0.004762061119416233
2008-04-25,-0.0008095247402074568,0.004665362264987425,-0.019266725677238923,-0.06395124359018624,-0.00897837381217865
2008-04-28,0.5359479210250864,0.014680040117888444,-0.003712576384505346,-0.02856353382800781,-0.011357845529373833
2008-04-29,0.6987363496465949,0.016182849077435984,0.011556207599533047,-0.012147322484045651,0.009487441163110582
2008-04-30,0.5309754582565653,-0.0063040146843993524,-0.04271987434570561,-0.004198278074308099,-0.0176553987699472
2008-05-01,0.39382860734839487,0.03418888308098569,0.045472671626769344,0.03038917250888368,0.023822715263222428
2008-05-02,-1.6591949319850383,0.005208600244706014,-0.014309004880596873,-0.005456791263524353,-0.003484505951918389
2008-05-05,-1.2694720190885587,0.02072991100347542,0.0018582897739376273,-0.00548746354256984,-0.00938013955566548
2008-05-06,-0.6698747959324737,0.010393930784493154,-0.002323095027399992,0.021096392157130328,0.006453069120568703
2008-05-07,-0.02071335690304743,-0.02204599838392672,-0.02400661201288491,-0.016635741974222348,0.014769597769590859
2008-05-08,0.46719665535448013,0.0134369411575905,0.005226565915270777,0.002051755013388227,0.0062633404253463094
2008-05-09,0.5621074419791663,-0.00873799726988383,-0.004750469934437711,0.004091557920941279,-0.006908310751565485
2008-05-12,0.9991876867478078,0.02535062245960118,0.023995321285514227,0.02020949436170991,0.00946717013094871
2008-05-13,0.35998220893279476,0.0095212403233117,0.0074116422210767675,-0.0033522878862943194,0.010642134687503017
2008-05-14,0.5287564147730746,-0.019670668702692767,0.005063190542112392,0.005024182734884629,0.007398884132624919
2008-05-15,0.1640093090300212,0.01845849969453881,0.004123347265363813,0.01722484458651572,0.007344204694280138
2008-05-16,0.06578948217075424,-0.011182947971638676,-0.008725932364742658,-0.015222129697191531,-0.004994047051589485
2008-05-19,0.32384369458033047,-0.02165888658788152,0.03400957926104582,-0.01783051142731814,-0.010459898683835813
2008-05-20,0.6522217575255645,0.012449066660318852,-0.012110369936954076,-0.024048287654168488,-0.010411005924527015
2008-05-21,1.0125707189823692,-0.042358568997202806,-0.006792154926157489,-0.017891773493318802,-0.01254001079097709
2008-05-22,1.5998789298474243,-0.006418198399428472,0.013537949168335844,0.007757489365923316,0.008698401494733507
2008-05-23,1.058312256154782,0.02300345705360351,-0.014901846324287914,-0.014862692333733298,-0.0040178150484012414
2008-05-27,1.4758028460965846,0.028619911911723358,0.030467925600498522,0.013808046468247867,0.024810779858836392
2008-05-28,0.8897118407764331,0.0031067781412954976,0.00572115604468275,-0.009183488476618767,0.017285860622667525
2008-05-29,1.2413526268951813,-0.001712917246448587,0.0,0.004602520450970247,0.0013109454312632174
2008-05-30,0.641186035743219,0.010973983476601319,0.002191216356956414,0.0003526311258840709,-0.0021607585581569317
2008-06-02,0.8144151440015197,-0.014138991191847375,-0.007029792404980716,-0.01853215623672902,-0.016122221944425263
2008-06-03,1.2535368264898472,-0.003930784105715016,0.010089933555722685,-0.017783014092317903,0.0037617519624881654
2008-06-04,0.9356010472950589,-0.0009711377043908904,0.0,0.008386726535661877,-0.0022708648992010453
2008-06-05,0.618998024377532,0.02263693527735358,0.011716645922627146,0.027222494889528884,0.007186568439823398
2008-06-06,1.7787672389689697,-0.020210256422316053,-0.031553789859038985,-0.02903999928145037,-0.027861191301247718
2008-06-09,3.556704125727349,-0.021947529236907987,0.003998864261543606,0.0079712015959733,0.007336030325012739
2008-06-10,2.0532765067968963,0.02194752923690798,-0.0022200675650268353,0.0064750806378298855,0.000635519421216879
2008-06-11,1.5419235089439645,-0.02636236387780822,-0.019295750746781266,-0.02799685472688867,-0.021590571752344044
2008-06-12,2.5492651808297713,-0.04265344235138741,-0.009560718300517317,0.04046785176552431,0.004856010858665903
2008-06-13,2.477329604054474,-0.005150171858995762,0.03461787278460144,0.028967187910979648,0.01840082297959327
2008-06-16,2.001930828116022,0.02560197489406637,0.013605825628585866,-0.004827275292115599,0.004429535079149119
2008-06-17,1.8306292341514259,0.025624605868496332,-0.01803451217200871,-0.004503846018943166,-0.012787940064944029
2008-06-18,1.9021170511525813,-0.014881716128078048,-0.004002421343748534,-0.011876026337983445,-0.0075420879231021505
2008-06-19,1.560257808079271,0.01195619888142667,0.011519390446953597,0.016379872356926516,0.006902299887149493
2008-06-20,,-0.03161643097381182,-0.02678698939169904,-0.024493542810188035,-0.018405360922921287
2008-06-23,,-0.012111802471583229,-0.0009053178988076776,-0.009253725594046623,0.005848966525415999
2008-06-24,,0.0005199719843617396,0.006769936451809673,-0.008616982030518125,0.0
2008-06-25,,0.02361463524246642,0.01429275210663881,0.022112306157180343,0.009030689061467506
2008-06-26,,-0.05284024762188239,-0.051410292017671735,-0.021391946934956295,-0.028083309872085693
2008-06-27,,0.010817135678631414,-0.006087291072712368,-0.004333127126954562,-0.00895603524342869
2008-06-30,,-0.01570256484784858,-0.01371530257893383,-0.004352659667169916,-0.012742362114563153
2008-07-01,0.3287955344572977,0.042330748813640455,0.014654310872090504,-0.02353924928413923,0.006223627726990269
2008-07-02,0.5596584320529913,-0.03792066657140252,-0.02326260464242325,-0.03754003079307341,-0.0014261412288349427
2008-07-03,1.0696169524158343,0.011469277424634565,-0.004332559355338467,0.0038570013561406062,0.003687387079861252
2008-07-07,1.6465556065628113,0.029195503670403897,0.017217597833284703,0.0019220193732581432,0.016262936819269286
2008-07-08,1.307953071229373,0.024753575285024976,0.022968070533528295,-0.006939069061881608,0.01939926577352975
2008-07-09,0.5074386130984668,-0.029962457477939585,-0.022020047821782133,-0.024276582452754915,-0.02849397368057748
2008-07-10,0.4282951202997699,0.013566069084769827,0.008490535159574084,0.008682241080747142,0.022827413560709938
2008-07-11,1.2017696928186028,-0.023196207539608136,-0.015621735677218782,-0.007889690447441054,-0.008642045108588924
2008-07-14,1.321777772202918,0.00750452052730319,-0.024632779521521368,-0.00396883861225417,-0.004760971639867878
2008-07-15,1.4313262099664212,-0.024686905406717884,-0.009828046009717468,0.03899181817603986,0.013565156904946724
2008-07-16,0.39758765079024383,0.018514378698904328,0.009338789952317324,0.04157120833905037,0.021996687294509452
2008-07-17,-0.05755493855350996,-0.005803403862193956,0.020339645587829525,0.009492634520193697,0.004594905046963175
2008-07-18,-1.3797102969450739,-0.0395350489387085,0.015223759564987902,-0.06221547970769233,0.02628710574373004
2008-07-21,-1.1656816231463334,0.006878790517126321,-0.0042581917679973425,-0.008544101102818833,-0.00951401654694244
2008-07-22,-0.7525146183758016,-0.02601337948729341,0.02343115296240587,0.0062207577261247935,0.010361044004430744
2008-07-23,-1.1482016617319954,0.025832991320785103,-0.004177381637967828,0.02412581854524249,-0.003699244440830006
2008-07-24,-1.6088266038001726,-0.044459749416281724,-0.025914183167544697,-0.038177262175097176,0.0036992444408300838
2008-07-25,-0.7731365632094688,0.01924388217249732,0.0,0.027908785247948847,-0.011372063573060153
2008-07-28,-1.3898283923883006,-0.048790164169432056,-0.011039484592197064,-0.025553123800617337,-0.017898660210227145
2008-07-29,-0.7003482263420661,0.017208074055116047,0.033692286219623786,0.02363965001431681,0.01110663849930508
2008-07-30,-1.0414474905310112,0.017668750959242602,-0.00561482361984317,0.004585513318590352,0.009356773626814127
2008-07-31,-0.4868545276876909,-0.005833786282037828,0.010270531167710793,-0.01963445879740198,-0.006853332409147086
2008-08-01,-0.8832286414581858,-0.014511607594044663,-0.0013943260077495469,-0.010946365982836805,-0.010525559705683031
2008-08-04,-0.5329925284864694,-0.022138049747360396,-0.011695992441766459,-0.006308853819291733,0.0072387045177334285
2008-08-05,-0.9176492708893484,0.04722553340374503,0.04418602089990268,0.036127053733325136,0.010216508978388949
2008-08-06,-1.0807397395262697,0.02185846685657686,0.02884610699725539,0.0304366334233836,0.00613588471535271
2008-08-07,-1.1299865318800189,-0.0037828652524983203,-0.004823829422501277,0.013600186191443904,-0.0008521320498897245
2008-08-08,-0.3203325512106471,0.03590680402738894,0.03328608793945235,0.026658783825082497,-0.001861233423064385
2008-08-11,-1.2617789372689803,0.023375089063690548,-0.018885100374910806,-0.008209814663298606,-0.0173061696715288
2008-08-12,-1.1903769879323183,0.018100159348978573,-0.007828619973422869,0.007854518464360935,-0.01096015149800052
2008-08-13,-0.72052900749747,0.014437110889483422,0.00479105221004087,-0.007496231059101167,0.004621240616353547
2008-08-14,-0.36513880890892964,0.00011139807527368456,0.007792797981954874,0.0,0.009020927142737176
2008-08-15,-0.1120739849123949,-0.02016617197343942,-0.005621778692362053,-0.0035893313655545986,-0.004579531016225636
2008-08-18,-0.09924416260581403,-0.0019932283673342356,-0.012655982327437669,-0.004324330546420706,-0.014106631627286228
2008-08-19,-0.12799956024097087,-0.010661824112648403,-0.0092652260330031,-0.009471979571289554,-0.01642760151142637
2008-08-20,0.02794514007705834,0.013223830274146225,0.004422598996551357,-0.0010984708273584721,-0.0004082287783903826
2008-08-21,0.3838409032040645,-0.00885385195026067,-0.01601421355727495,-0.004038956088982755,0.003910704783829318
2008-08-22,1.2180902046767992,0.014242203101704666,0.01777806616684599,0.023992413966897965,0.015650582204960666
2008-08-25,-0.18266851248867866,-0.02427557511064944,-0.02182195991118839,-0.0064867749345528,-0.016708703489268405
2008-08-26,0.2209781801221962,0.00629711599055318,-0.0027056935895004544,-0.01419986148222391,-0.0029340846016837974
2008-08-27,0.353432102245375,0.005914059117438462,0.008541565950595121,0.01057806656252753,0.007158000202497342
2008-08-28,0.9226369248392803,-0.005338496256387165,0.013339299728837344,0.01369381417211482,0.009678959499863094
2008-08-29,-2.0032369673903356,-0.02453019936765529,-0.031862367316074745,-0.02353870219578085,-0.02314251794667454
2008-09-02,-1.8258459041486708,-0.019897876146633606,-0.017479738204593403,-0.006986800740273143,-0.02765199811367991
2008-09-03,-2.283980408354552,0.00462227002822752,-0.016846508343526724,-0.007407855075667723,-0.0005916900853433378
2008-09-04,-2.4548494803019754,-0.03498435239107123,-0.06130342027681024,-0.020657678277595806,-0.02862956569156737
2008-09-05,-2.5344364155173498,-0.006471480934416103,0.006999916969037867,-0.026924576745263083,-0.005843118092200177
2008-09-08,-2.7100572619351166,-0.014209318590050205,-0.0411956182890122,0.018157722146424877,0.025560037042919644
2008-09-09,-2.530513453138949,-0.04031585637659723,-0.004683742739181674,-0.0007658302899908297,-0.019369386457646576
2008-09-10,-2.8996830245426763,-0.0004619679559595044,-0.0005217447500556264,0.012942514703602127,0.025743710317931993
2008-09-11,-2.6453481578426303,0.006836777387628808,0.009867829523132038,0.033472812438943664,0.00977920867278848
2008-09-12,-2.7191567595046777,-0.024604431244181317,0.013347003873178347,0.010189402666489508,-0.0019312639341853763
2008-09-15,-2.980066084260451,-0.059332880943021866,-0.031074732509309366,-0.029392548690573464,-0.032288716753320124
2008-09-16,-3.7417526969337227,-0.0034258677630017026,-0.0026338394919344314,-0.0314355766237133,0.0074384731603275335
2008-09-17,-4.730176564003553,-0.09008322538663278,-0.04641881207898466,-0.05618596065086009,-0.04026546052739882
2008-09-18,-3.2460443785092687,0.04780966413920242,0.03528153189497566,0.027696301302537554,0.032219127375470856
2008-09-19,-2.5785374670188586,0.04961009442613515,0.06803212456719177,-0.003967114927363939,0.03188784450170244
2008-09-22,-0.9973407637010723,-0.07254225142795957,-0.016072474832811913,0.009493644976511298,-0.02246392396888355
2008-09-23,2.698664351583774,-0.03265302187127945,-0.0030428546841340613,0.0015735484231371444,-0.007340955256480633
2008-09-24,-0.6713524490614566,0.014636113065262243,0.01311876685422281,0.010946563625595814,0.009489581664603647
2008-09-25,-0.6271955530103039,0.024709440478139128,0.02573084110122803,0.03401805517009458,0.03086080328825787
2008-09-26,-0.2498764623924155,-0.028368339716598887,0.0073016328999321615,0.029256181495379483,-0.005761691895168788
2008-09-29,-0.7953370207493464,-0.1974697083007883,-0.0940020829403773,-0.09126738129006028,-0.04242093284276556
2008-09-30,-5.168157687938578,0.07677823057179634,0.07885331490446952,0.06501275000164622,0.021606444108106596
2008-10-01,-3.7070957797972444,-0.04076358504936973,-0.022405328284798746,-0.007898379010009676,-0.060171076776643184
2008-10-02,-6.132050128096715,-0.08627822448506668,-0.01880623797244219,-0.008724325120017497,-0.05017978483595647
2008-10-03,-7.762389181609288,-0.03073726492549229,-0.0005133611787936795,0.002663064697390918,-0.012489808245032522
2008-10-06,-8.151995159079707,0.010962225516660219,-0.06248653680674333,-0.0550594306594098,-0.027639918905074414
2008-10-07,-8.671428891349903,-0.09596215442184192,-0.08671385290462764,-0.0698248058178317,-0.05065527420839834
2008-10-08,-6.372578817419118,0.007041214771066124,0.005941549981593932,-0.009516286986510424,-0.05479363864462144
2008-10-09,-7.282423998756028,-0.011762754230977867,-0.040501198545559336,-0.031341521721828414,-0.017266052903645294
2008-10-10,-8.289965890824636,0.08693590924684455,0.028582153404273537,-0.036534020177157865,-0.014144541514775094
2008-10-13,,0.13019389254623467,0.12283319778617384,0.17062579526900584,0.04957667849209853
2008-10-14,-10.074321770002594,-0.05768084721623592,-0.06404387894429915,-0.056466865691171854,0.014961791337255522
2008-10-15,-10.192503054926208,-0.06070297880112569,-0.10354071967943736,-0.061610735711117116,-0.05840346117788842
2008-10-16,-10.762757988362228,0.03943692120359163,0.06316596603789247,0.06533809899562626,0.035930570342952876
2008-10-17,-11.452872148677633,-0.04506793254189133,0.0017646179454690553,-0.010806144714425979,-0.008118581586146947
2008-10-20,-10.459934616788374,0.010620723976632251,0.06483174694120804,0.03247989869907038,0.018877810845899755
2008-10-21,-9.227880414328492,-0.07321696670122209,-0.026221611245132337,-0.05658809014382315,-0.040254820314175856
2008-10-22,-10.011326227981561,0.05714014233345756,-0.029835622649088636,-0.08157762568360943,-0.06101816129555635
2008-10-23,-9.524375753083461,0.013941609331892826,-0.01289605333850829,0.03603584273699847,0.008931069879487077
2008-10-24,-7.533203984150592,-0.019012807557032167,-0.045256620457794106,-0.016260710999586786,-0.027401989364063174
2008-10-27,-8.867969687251401,-0.04553217292696001,-0.02690166712004421,-0.03616514936811599,-0.029804999401296932
2008-10-28,-9.17264664994706,0.08150286268777539,0.11092517431869647,0.0867757319961241,0.09135336421218745
2008-10-29,-9.008213305798373,0.04539638826151533,-0.018906461405631368,-0.004338756576933847,0.010485818224952221
2008-10-30,-7.2915388522324855,0.06022459757622578,0.0578651676970925,-0.016217848038671302,0.027840374930650388
2008-10-31,-3.974405244420897,-0.031562638161260904,-0.0016385746573825486,-0.013345195472894245,0.024829588227511034
2008-11-03,-3.3329887443323787,-0.005873092054982349,0.00218410457508412,0.012903532227104393,-0.0031243753970903038
2008-11-04,-7.541498463822691,0.03698540619523255,0.030622661032713844,0.039441403015991,0.007738492248521957
2008-11-05,-6.128555281348144,-0.07180286919864737,-0.05884007635107323,-0.06360398913462262,-0.03774821574819873
2008-11-06,-7.187022828351361,-0.04150779638310519,-0.05597064600018267,-0.05588030644907712,-0.04915387804231841
2008-11-07,-8.65372098814964,-0.008716128968003467,0.03956302143724319,0.02926111504412915,0.013067393247990363
2008-11-10,-8.180749255398643,-0.02431601275817655,0.0017097586382113432,-0.009346074392366866,-0.028213955279646378
2008-11-11,,-0.011644532931513362,-0.01549541637170661,-0.004705780479471782,-0.013564795992772792
2008-11-12,-7.466950986165559,-0.0503107929257438,-0.04858797234680863,-0.04337996725877602,-0.03693099608182675
2008-11-13,-8.079055698470002,0.06777908261050038,0.07315332756638444,0.04573599845375345,0.054542172616404205
2008-11-14,-6.3301054341177085,-0.06644832146136415,-0.047380051154421295,-0.057629764378526745,-0.04717068180594153
2008-11-17,-7.511498701968472,-0.02354638403056226,-0.029422710850259257,-0.03758629699603127,-0.0361234730710312
2008-11-18,-7.96246262840944,0.0198828753855989,0.03649852174139943,0.022159505248254795,0.03300632648691961
2008-11-19,-7.292439605413592,-0.04109554432740552,-0.0618007789867836,-0.07019495510447156,-0.05268772498258716
2008-11-20,-6.799626320049185,-0.06958076091475367,-0.03822113287620688,-0.04244053692153919,-0.057289953581877454
2008-11-21,-7.966702778134533,0.02563458603260599,0.06169362966744246,0.11568938205772454,0.04283850494086515
2008-11-24,-8.072708616138707,0.1182942456829389,0.015748392486298488,0.0500478494990333,0.06476353702383687
2008-11-25,-5.274710359963834,-0.023402400297340167,-0.04047150074638587,-0.03441833211206894,0.009468338108579085
2008-11-26,-6.252026969903935,0.04521745254000581,0.009962412722781751,0.02470419291228677,0.012568021165807158
2008-11-28,-5.606243204171204,-0.02483202916466069,-0.003102465725065588,-0.013264653383125078,-0.0008575115177690407
2008-12-01,-5.034635408735801,-0.04119552310439928,-0.03929542511362595,-0.0829730682983401,-0.059323538890371
2008-12-02,-7.044724331234148,0.03903513776216062,0.020474447301665356,0.02860419252171253,0.03751869780638997
2008-12-03,-7.906743792524278,0.03642171687745401,0.021304315652307854,0.036908276467289315,0.010341852265658126
2008-12-04,-7.780413431051352,-0.04795129465952511,-0.04371926834982936,-0.038999886076547204,-0.04086305872643396
2008-12-05,-9.122507450039627,0.02793999087510744,0.05542942246173782,0.03899988607654716,0.03987162980916325
2008-12-08,-9.866754036087801,0.05907168380400644,0.04317225997476509,0.05578704265180886,0.05162792601983578
2008-12-09,-7.881120698709188,0.0034034428274745884,-0.005886019256640329,-0.01970707533958083,-0.02590466527442739
2008-12-10,-8.184534805925507,-0.01866181620291295,0.02621753162461963,0.000484945236064251,0.0020542808137490633
2008-12-11,-7.6228943385188765,-0.033231309014705356,-0.05496184605717848,-0.05792945780087614,-0.027902083832019347
2008-12-12,-4.164362968661124,0.033842179982855936,0.022823373396754602,-0.004637593219840991,0.019905046238090484
2008-12-15,-3.677803425574522,-0.036477263898223596,-0.023431191021425817,-0.01666753933526908,0.006910058869658194
2008-12-16,-4.530522461899416,0.0071513488464267656,0.04864533905645574,0.05467523920926055,0.042921873687693006
2008-12-17,-4.472164627911427,-0.06796044092487402,-0.031170068524230782,-0.02263121336055733,-0.006502688063152183
2008-12-18,-5.835375355705665,0.003023443740861481,-0.007795691362451095,-0.01848059224299486,-0.0216682102238671
2008-12-19,-7.910697341530505,0.006353543585604341,0.06806914064627854,-0.009370003286863129,-0.0057308335086469
2008-12-22,-8.665493071630442,-0.0484901846992766,-0.014731246756753875,0.0031330085842203267,-0.018488496771522606
2008-12-23,-1.846295247268304,0.007436494321223523,-0.012636934554118844,0.005200102516804192,-0.017098658857177717
2008-12-24,-2.0423024355045185,-0.015634053197169328,0.0011559382168105975,-0.005721828951885902,-0.000993090862368905
2008-12-26,-4.682606259967649,0.00901364013157818,0.006330750183436403,-0.0020886719411045617,0.010009333653061201
2008-12-29,-2.9843381447876354,0.009280042977830793,-0.012121478184397391,-0.008926299501200868,-0.0009839964352785443
2008-12-30,-1.2190351986950043,-0.0037018739102944362,0.034810756913931304,0.019843985756953078,0.027914398480047228
2008-12-31,-2.271078850978232,-0.010953380806264216,-0.005624087202432995,0.005157530851897245,0.00727437535170512
2009-01-02,0.7866118707437213,0.06134805583209992,0.037636392497026536,0.04476478396325559,0.03743304791793128
2009-01-05,-0.6273570749201894,0.04133746521057813,-0.017534735257209697,0.009302483478606838,-0.006315805879354589
2009-01-06,0.6879547274507009,-0.016631266678880208,0.016447404736205685,0.01162854610826031,0.02738056062590466
2009-01-07,-0.129201410429719,-0.021845381742600003,-0.04107139411535768,-0.06210119642615402,-0.016269502046834684
2009-01-08,-3.1603890757139737,0.018399386564391544,-0.0017008969990872688,0.030786840396732913,-0.00697286399844796
2009-01-09,-3.879112262467502,-0.02313551042582692,-0.01486608240113519,-0.030274607256808195,-0.028859651463045265
2009-01-12,-4.378477256307001,-0.021424086644052986,-0.018018599850428172,-0.002564669474442819,0.01185440456397601
2009-01-13,-5.656314617413038,-0.010773057883546303,0.005264660324963069,0.017816868647070973,-0.004326661248898746
2009-01-14,-5.456711584560991,-0.02750985215694361,-0.04657555440993799,-0.037527447605925045,-0.025516107749472893
2009-01-15,-5.207802206004732,-0.023117845019864296,0.010337743038401256,0.007826666562088117,0.011117246085889688
2009-01-16,-5.702186510544364,-0.012672701806548841,0.0227283139427856,0.024135015839052875,0.009465601167330065
2009-01-20,-4.513566768921826,-0.05146574196895043,-0.049086081508676306,-0.06443738600813388,-0.03523452062323514
2009-01-21,-2.5762412361186753,0.057520385765667884,0.047902597523012756,0.04755265453173377,0.1089889368754605
2009-01-22,0.8914023843171415,0.06462904596457153,-0.014311569746588657,-0.12457854023846479,-0.014876965986806955
2009-01-23,1.0758572018123445,0.0,0.007777538652159874,0.005246308307486966,-0.0064605318017935225
2009-01-26,1.7652488441843008,0.014382130450562695,0.010669757634370449,0.02469265351566495,0.023304579715136654
2009-01-27,0.47037863618790854,0.012086722708706943,0.01869204514269647,0.0017003017428806055,0.0006553039708864161
2009-01-28,-1.4971758299138695,0.037531928896774674,0.03189340273821604,0.021289454930808645,0.033893553854110706
2009-01-29,-0.7061812673307563,-0.0128203535095783,-0.014112307477636454,-0.025261307323264367,-0.02466335448637115
2009-01-30,-3.102794943228001,-0.0313463919467524,-0.04416746051619058,-0.02825181533036742,-0.009340090345214852
2009-02-02,-2.9232939898921684,0.015194882184504285,0.004150439573511082,0.041804138062104305,-0.007886385852357772
2009-02-03,-3.197473343163732,0.015935933147715884,0.008836475088913394,0.03688769426968906,0.027656987309518818
2009-02-04,-2.439624262291281,0.006112130597217462,0.00934053666201844,0.0070025722737363455,-0.00697771201949383
2009-02-05,-2.531796070332276,0.03063239048163634,0.02354414558954511,0.021768729399859577,-0.004534626204890553
2009-02-06,-1.8344848932353321,0.03323791821898212,0.019669197427613475,0.0320440258487032,0.044995758163546375
2009-02-09,-2.767283054566855,0.027593964522696437,0.004441511995069545,-0.011252768214174402,0.007047873570618779
2009-02-10,-2.88038353391312,-0.04672900885285364,-0.026383673894286624,-0.033475798827783766,-0.03735508834150226
2009-02-11,-3.9232797462958855,-0.010377703148256322,0.012437041379313417,0.021573913590830947,0.020061244943508645
2009-02-12,-4.7083491147133145,0.024989758298172807,-0.014144785180434832,0.0025994730239092437,-0.0009460872584582954
2009-02-13,-5.657268688209736,-0.0011087506211199438,0.009639602086669417,-0.008865985956359772,-0.01302219812851495
2009-02-17,-2.7304165948961248,-0.04781730424993666,-0.043836170615018,-0.046972343176449244,-0.03436461710001948
2009-02-18,-4.107255206937045,-0.0016941593850527661,0.01637486261360966,0.0016575469895915328,0.009221407393455954
2009-02-19,-4.26744471840829,-0.04032774739703656,-0.024069182726524224,-0.011657160541672443,-0.028598237955588003
2009-02-20,-0.8483453989780751,0.006159050360033995,-0.01617306481410141,0.005012305757864437,-0.001575472764147981
2009-02-23,-1.0801302151820276,-0.047721331670200345,-0.04318982793292138,-0.044880850272565144,-0.05106209167869145
2009-02-24,-1.1945980395708793,0.037250414213190794,0.035917040015066556,-0.0023271202811687344,0.0237753190640977
2009-02-25,-0.16728768923127224,0.010032166202580708,-0.012239930908104173,-0.012306357741264849,-0.005803702820241858
2009-02-26,1.3288528473587427,-0.021847034973242047,-0.028734079964840273,-0.032357574996799365,0.035115707833473626
2009-02-27,3.2395232865251473,0.0013446278849328166,-0.015325566681728159,-0.01657983787816693,0.033815313358902754
2009-03-02,3.02018668341779,-0.015458804656042036,-0.022122258288418344,-0.02254297625820531,-0.03291640048659174
2009-03-03,0.5557632279824722,0.0048776867114874,-0.012579177308781577,0.005683278058821064,-0.014478533243130774
2009-03-04,1.3984394699179687,0.03119342745046082,-0.0033365801338673955,0.015000257439360194,0.019406888113289028
2009-03-05,3.2287447169713603,-0.025888739062646948,-0.029163983175986626,-0.05417064743634909,-0.02271665095004652
2009-03-06,2.224141652979439,-0.04066251396591284,-0.00413836694073668,0.000654908643695738,-0.01927453618357692
2009-03-09,3.1877839165967536,-0.026009552151494687,-0.043792286494176845,-0.00854435466845344,-0.02752875271737897
2009-03-10,4.25193714437908,0.06430539952486311,0.08574723767192471,0.08414712314447727,0.04417059716761945
2009-03-11,3.5808265070343044,0.044682555095719716,0.016431220028836388,0.037515429838710944,0.015580304930251573
2009-03-12,1.4124670238904922,0.03883444806112679,0.018728629930572012,-0.005861729039050678,0.019886680602369054
2009-03-13,3.396003930070009,-0.004368679502523942,-0.00448874589150156,-0.0213910372021559,-0.00044295895250074003
2009-03-16,2.243991368096064,-0.005330582234143603,-0.04334215887473333,-0.0243175843042613,0.00947302807096642
2009-03-17,2.4415006695478096,0.043476427772948766,0.033006238365158834,0.03922110788048335,0.018356614131712905
2009-03-18,3.4264726126032414,0.018491474903414542,0.02753919148696361,0.0035436367778934243,-0.010386150884863027
2009-03-19,2.9855170246691016,0.0009842425550232073,0.0928376732928571,0.01055739969787191,0.0076921609622556415
2009-03-20,4.232716755163355,-0.0002948888309297931,-0.015665759719699152,-0.0046779051204788235,-0.0016202849789648806
2009-03-23,3.3088731167671637,0.05803271516283783,0.06508641234183665,0.07180223967376631,0.06486960202149075
2009-03-24,3.6222890553309166,-0.010833232663387779,-0.01880589379460543,-0.022063587870925397,-0.004162307862139204
2009-03-25,3.7260412541004158,-9.378275672531458e-05,0.010000521083213833,-0.0027924666638409856,-0.0035664660810876647
2009-03-26,2.951063942608062,0.031246838706678454,0.032093773012172824,0.05176826921664778,0.008437111886466404
2009-03-27,3.4344309203920886,-0.027872163093160058,-0.0365261067061744,-0.03788362673380053,-0.04800556427972894
2009-03-30,2.4764570626316784,-0.022334420471998805,-0.019624606840044533,-0.036510441699594325,0.00392243911035395
2009-03-31,-4.2565310854912255,0.006011203486620008,0.022950498113499272,0.04966165165919022,0.02476450545530771
2009-04-01,-3.437245893076563,0.0333973820041167,0.027832538235211427,0.049904261417634155,0.007403815231559935
2009-04-02,-3.4982736774930623,0.03631804780282314,0.012834130855055708,-0.0010365208771895618,0.03235710318536985
2009-04-03,-1.2768736746141176,0.02868610149522187,0.024667270688734387,-0.02839304543062624,0.013790607658426882
2009-04-06,-1.489714416827376,0.020986654785728188,-0.006779338804672588,0.0005333205079350745,-0.006477853456809267
2009-04-07,-1.6755783302968448,-0.02955866574687816,-0.030281666662499047,0.0,-0.028058111355203374
2009-04-08,-2.7062392655072793,0.011412822715351326,0.001616504460590529,0.022662640772671636,0.024407996321550503
2009-04-09,-2.40614130795911,0.027556803582061796,0.028665162201908546,0.024705073754645982,0.005027766986638306
2009-04-13,-0.905187105817076,0.0054217643757375296,-0.002620590296100976,-0.004075326598414804,-0.01735740889375618
2009-04-14,-2.120906519340476,-0.016015077535030807,-0.010018149430927572,-0.012327058614909363,-0.006826766775110811
2009-04-15,-2.321491702587674,-0.0056792487164286105,-0.014949579776987272,-0.027240928157542192,-0.004239755624112999
2009-04-16,-2.4614976799086548,0.031873604396917644,0.03124369791499216,0.04820855467403052,0.025765354534810197
2009-04-17,-1.7866331710820131,0.016090335073295818,-0.006275968707077298,-0.028750169909095524,-0.001578578345711843
2009-04-20,-1.4804648628602564,-0.023943080748182057,-0.012671924176101617,-0.031210793344405314,-0.008329466405585155
2009-04-21,-3.654237608814918,0.010401718177824405,0.03703178927965598,0.019159922625092127,0.018546345068174225
2009-04-22,-3.011600938702392,-0.0020547033498542026,-0.009259086038935119,-0.010066265475605702,0.002343562667179777
2009-04-23,-1.6645540629870703,0.031511625155161455,0.016910290281961938,0.007426886478287569,-0.011080701428695687
2009-04-24,-0.8089739718375537,-0.012033619962263886,0.005573687645186678,0.10000798396890842,-0.013299971669853465
2009-04-27,0.17865495566917133,0.006675948860447205,-0.0010107262111216048,-0.024692673342904724,-0.001300022021094393
2009-04-28,-0.25069877361864235,-0.006675948860447121,-0.0015190997384449542,-0.023308866385250815,0.01971396245378807
2009-04-29,0.06255801226208349,0.00995843023801984,-0.007117360263015674,0.01592921373341887,0.02039143076017544
2009-04-30,0.6321248407835509,0.005498094193344641,-0.013354014014513386,0.000493438947811887,-0.008009527056034726
2009-05-01,0.7683187907869107,0.011143519777525309,0.0,-0.000987958345733335,0.013473065951895513
2009-05-04,1.9118864770964827,0.0372571103426104,-0.019316264862194444,-0.0024736260652297513,0.014991229837976296
2009-05-05,2.0974663266848235,0.0048341331442362315,0.0021057994335285713,-0.02001051413477284,-0.003206998530251474
2009-05-06,1.9162964873828336,-0.0015839372456370343,0.002626908663993435,0.0,-0.006478891146954985
2009-05-07,2.522664116001848,-0.026304902715481224,-0.034154783320639884,-0.024035565831736945,-0.01959387672850481
2009-05-08,2.6065639060733203,0.0010068025552182253,-0.0054435598240837515,0.005162272301083797,-0.010780657822133076
2009-05-11,3.387442517828917,0.0029366472465346305,0.013015527929820775,-0.005162272301083715,0.013797434905275945
2009-05-12,3.2970294582685726,-0.04055808754401779,-0.009745746197373558,0.029076268251901596,0.010055754011398821
2009-05-13,2.988829213752647,-0.04043043763403674,-0.017010049908831825,-0.007063538865472117,-0.016294501054723312
2009-05-14,2.5461346722522675,0.028545438587804055,0.02135276123478359,0.015574204662667098,-0.01190357893878424
2009-05-15,2.747423237993882,-0.004320540832836355,-0.0021689332343150566,0.007944352102822447,0.003161836251113804
2009-05-18,1.7116523278191607,0.033969981955523025,0.02678249828390971,0.018618529384978474,0.03117527938728425
2009-05-19,2.829402115995065,0.0062969037055570715,0.0026395769392081885,-0.00784663767969125,0.008853235676550757
2009-05-20,3.1830673923152215,-0.012474686962108067,-0.00158302378656427,0.003440514168870093,-0.013934359014766792
2009-05-21,3.662601405617644,-0.013517216518187351,-0.019728840021721206,-0.02786260844685092,-0.011891565424121392
2009-05-22,3.2721354445756288,-0.013621360266267238,0.004299081734054615,-0.0035377648882882603,-0.009085633854686992
2009-05-26,3.0642442257219806,0.06540522401176009,0.022270057404827882,0.029435833107221625,0.030256457489898757
2009-05-27,3.2528969802660748,0.017209183046940336,-0.0042039474863158005,-0.010378503949182048,-0.0201014629865939
2009-05-28,3.6103155090742804,0.015067941130021623,0.011518206050290334,0.015772711429953824,0.016954295233900567
2009-05-29,1.0345385488285928,0.005463269216421416,0.01958873294342991,0.021286885538753797,0.015073743245997556
2009-06-01,1.4704268006669698,0.025732580824012277,0.016704841068256468,0.02412035123788177,0.019473916909831746
2009-06-02,1.893772627567031,0.0010035797927273164,0.021356445738763934,0.0,-0.01431229335107669
2009-06-03,1.8311912458815707,0.010412583613006414,-0.0004915643350472402,0.01530316610637514,-0.0031877392502814603
2009-06-04,1.4434957894216995,0.019600805283959907,0.013187222386638362,0.004590971156541229,-0.0015034948490053367
2009-06-05,2.131818168615273,0.0064495493511173806,0.004840124171404513,0.014101325150466023,0.00852172844094266
2009-06-08,1.2241587892869537,-0.005684649455056301,0.007696487497440372,-0.004073856217604585,0.0023286618802121372
2009-06-09,1.309362212229016,-0.007886262895770945,0.005733226013445302,0.0013597578494619355,0.006029106989187737
2009-06-10,1.9942341363711216,-0.01745829726592041,-0.011981712859726542,0.021063279565215913,0.0019397042623373495
2009-06-11,2.315747337865606,-0.0021409028708348496,0.009597491333340464,0.012340123995323434,0.009643972872535373
2009-06-12,2.2906993660436843,-0.021523537899815787,-0.004307975832130497,0.021664729236848975,-0.010936581739044398
2009-06-15,2.5075363599377445,-0.006445650837163286,-0.030681967382409893,0.0038502195800016008,-0.005467469469803839
2009-06-16,2.2499896465036904,0.0019088442885216515,-0.026561487702593773,0.0012803769424652453,-0.0027917437968814555
2009-06-17,2.2554766990301696,-0.005662891963013067,0.012617010594708718,0.009760131865808895,-0.002986078265139723
2009-06-18,2.431965536870648,0.0022098317949951493,0.015427423440744261,-0.007630173891337625,-0.006281301174345742
2009-06-19,2.5702505430717815,0.026149433727132885,0.020044429145147532,0.02396521471101507,-0.004146706244528342
2009-06-22,1.9494152428053766,-0.015243435597033976,-0.033968398089172666,-0.033371598479394374,-0.013022200569525862
2009-06-23,0.33074270249363935,-0.024763600390392545,-0.005019988727347437,0.0025741546810152437,-0.0007657016263315622
2009-06-24,1.2221005350880967,0.016357280418635687,0.06761628447430401,0.005554136825259288,-0.0027807722456841635
2009-06-25,0.5240515846398341,0.026370219125253225,0.01725425532535085,0.013542523697373087,0.018172778573110022
2009-06-26,0.9208058799219203,0.018278914881156502,-0.018195852631803483,-0.018668407603293635,-0.0035898546485492056
2009-06-29,0.25640825327796146,-0.003305517450220258,0.012167132792880392,0.021606436458922757,0.0014189772663740804
2009-06-30,0.11548127190878399,0.003235510333174111,-0.0037278612694481472,-0.0037790847111769357,-0.013412595087464601
2009-07-01,0.16079641429221148,0.0028039410215058382,0.014828781685755736,0.011294462249731121,0.004014057111100401
2009-07-02,-0.8923539547942914,-0.019869918214168912,-0.032728330497166176,-0.02826585796808999,-0.030113248513151107
2009-07-06,-1.6999354728827467,-0.010120856585288236,-0.01774183892386334,-0.007300649522258671,-0.0007869189804293066
2009-07-07,-2.5633475338476965,-0.023430873458517607,-0.02399157566634257,-0.029304752403724366,-0.014467059167340023
2009-07-08,-2.910631646924029,0.013352115172787563,0.019141481869125204,0.0013311520793847448,0.004878616487867311
2009-07-09,-3.4566495832121067,-0.006287024102077959,-0.012228215319299829,-0.00533365777627984,0.013809776253060832
2009-07-10,-3.095249782125721,0.015716626655410154,0.008332067390198126,-0.002230453276326142,-0.01232094460515298
2009-07-13,-3.1405437937673444,0.027203578581263207,0.013605340756615868,0.036829999378042225,0.027294806736232753
2009-07-14,-2.986083984123005,-0.0004920647386034373,-0.004353251849209662,-0.005179314415587151,-0.00357760682461671
2009-07-15,-3.1373224590429096,0.031889291958580396,0.041771804283587295,0.042775955609128696,0.03773012234496427
2009-07-16,-2.0773447577554465,0.004347871751594184,0.006025512085048276,0.013180495998761256,0.03139887232316003
2009-07-17,-2.112107825883624,0.028270595340353515,0.004610048200363285,-0.006156802694097271,0.042295835466974054
2009-07-20,-1.3875604374283697,0.00761541816591802,-0.010635560285411563,0.00983173660708145,0.008798327305078669
2009-07-21,-1.4202707211952146,-0.009198324955564626,0.019337564883280603,0.0121559300067254,0.005139398551816108
2009-07-22,-1.0002276833196881,0.033937282605077716,-0.008242111569848836,-0.0012088606091859705,-0.012639274236444231
2009-07-23,-0.8443221112644906,0.006866712799488453,0.020479181041474722,0.030184824870141836,0.012810642063977041
2009-07-24,0.1133096838704013,0.013656195150672899,0.005838348486641671,-0.08615754168763928,0.004942535558587623
2009-07-27,0.5963045475916692,0.0006871369512109626,-0.015797838374744487,-0.01460573810091616,-8.519753662562445e-05
2009-07-28,0.6078202754429374,-0.0006246142394171835,0.011759414012014654,0.015457603813282527,-0.002980089796561468
2009-07-29,0.31957149824697356,0.00018744514758341603,-0.010395742984458394,0.013962786508189473,-0.00017050239166220563
2009-07-30,-0.8574932479636135,0.017099783020128892,0.005888925944241274,0.00041997751273898775,0.00510349042569411
2009-07-31,1.1812783337895179,0.003678711611109325,-0.00045146603317604414,-0.012254177414195273,0.0005939856484226773
2009-08-03,1.9452756643286095,0.018435051854928296,0.007652377264761851,0.013094146967264467,0.01673414162260554
2009-08-04,2.4955869443645717,-0.005301570055848295,-0.01855658801813215,-0.0025212657321721415,-0.002672147092030341
2009-08-05,1.9808774694900257,-0.0026613624084615784,-0.020771569577343607,0.0016812961791029177,-0.009493383694098053
2009-08-06,1.8409719410224745,-0.007294424008506826,-0.010785742389451246,-0.014808606167715451,-0.004589827121629509
2009-08-07,2.0387665921510996,0.009713865622426847,0.010319198453436072,0.004253250492039466,0.016476462744580162
2009-08-10,1.3774476688344852,-0.004784310158794793,-0.008435001871610276,-0.005959651000084067,-0.005293275849171342
2009-08-11,1.4012640668780807,-0.011540391369295676,0.0014105966340564563,-0.012460071837341907,-0.007696721565124447
2009-08-12,1.3104884436939321,0.015116049684355915,0.02780545866369177,0.01714587717219371,0.012654487163865052
2009-08-13,1.4476465941559724,0.018637964373897854,0.005014577487298884,0.0038173370160063374,0.0024281033835226655
2009-08-14,1.377571814447492,-0.009785301743631004,-0.0013650211745405306,0.002959143772902302,-0.008482213868128127
2009-08-17,0.3807705284914935,-0.04406765457241811,-0.02583166063888994,-0.018747623012577274,-0.014526727124583742
2009-08-18,0.19628389869406088,0.027258697316595283,0.008376236337497968,0.01970083137354501,0.006567445341061501
2009-08-19,1.239707589154034,0.003651716439234077,0.00922516713344994,0.002964155325598538,0.007959281783522116
2009-08-20,2.443793275802695,0.01045520011484574,0.007319170480856796,0.0008453834711251799,0.003200032385733173
2009-08-21,2.605549946670611,0.017225909048112668,0.007718500506230274,0.03078429719198699,0.007954858674270673
2009-08-24,2.780171059265206,-0.0009457114173821622,0.009453170250572787,0.009378873343642636,-0.004849107771893039
2009-08-25,2.833056887040785,0.002009391575955848,-0.004040452024326868,0.0,-0.00411488787215911
2009-08-26,1.8701220309954167,-0.011817029598078042,-0.001350058568076656,-0.0036598171433218966,0.005371003534711436
2009-08-27,1.640325867348976,0.012111679384402812,-0.0018040325618409166,0.005686534501782077,-0.0003346445295439622
2009-08-28,1.9857267773693745,0.003534475145336244,0.0,-0.00040514019562574576,-0.010183127221095491
2009-08-31,1.317170714834014,-0.010878973925857963,-0.012715597228231753,-0.0012165108084832006,-0.0014392951737084657
2009-09-01,0.6450769274391225,-0.017451165550648094,0.002738469625673106,-0.026723114535476836,-0.01158743574616503
2009-09-02,0.03553969237902188,-0.0007264578252905357,-0.007778539467434735,-0.005850287415568556,-0.005155046148843283
2009-09-03,-0.12454538234593632,0.00826012033682588,-0.009693157009824623,0.010423127367161356,0.002065123588163234
2009-09-04,-0.27739032898525684,0.022324685632996014,0.018837743438796323,0.020932805001413635,0.00966726523348586
2009-09-08,-0.4588327803413162,0.015266549598202823,-0.00410451658720989,0.008090542046282099,-0.0025574844736458795
2009-09-09,0.5967749115600864,-0.010404984629479613,0.028830922926692076,-0.0016132544083293401,-0.0034202259568327288
2009-09-10,0.7363297703961643,0.008263124448414157,0.01060088041125468,0.008839113427174966,0.007763514186047575
2009-09-11,0.8801220519532715,-0.0023206642829974454,0.0043838966849174075,-0.005615617311968837,0.0032242893177903084
2009-09-14,0.14181066347168036,0.009020304230951525,-0.00614318738520641,0.005615617311968876,0.007006433403346833
2009-09-15,0.10077506532093504,0.008255129602713239,-0.002643698231898433,0.00796805684429595,0.003946009116019126
2009-09-16,0.8431466700338662,0.03759212700810932,-0.023667543565168047,0.0,0.020483650052880647
2009-09-17,0.7301111575593768,0.014628364219779309,-0.02795168832965264,0.003960549031392103,0.0004926010930580558
2009-09-18,0.9594847401528586,0.0025439117555066306,0.004636249013684458,-0.0015819096672607983,0.0018857127956748386
2009-09-21,0.9128328906695671,-0.005419552785442714,-0.002315437658633983,0.0015819096672607092,-0.0044327379898418525
2009-09-22,0.5197175550167972,0.002496314641364358,-0.007445188662075979,0.018407048508453577,0.00032898697548929657
2009-09-23,-0.4472499733432696,0.00551367794489127,-0.013164534400779462,-0.0023314098217263003,-0.006517121355603252
2009-09-24,-1.3058315920029748,-0.00909769662878002,0.0018914367382589308,0.00890585248443099,0.0009925243995205478
2009-09-25,-2.0787200843855365,-0.00791979880439367,-0.014752071325923405,-0.015148810450635795,0.0011573812204150888
2009-09-28,-2.0241917237038747,0.020515633418702436,0.014752071325923415,0.010899557289266205,-0.014558651002238035
2009-09-29,-1.444636205358312,-0.004145376885783252,-0.002364713979216781,-0.0031020556433552925,-0.004367231592126531
2009-09-30,-2.2508615309743396,-0.00016120917225736052,-0.013345937849843616,-0.001165530975513209,0.006710769293328631
2009-10-01,-0.8050515449173574,-0.024523257716884225,-0.023302188788595114,-0.033204725011885455,-0.014399441616145451
2009-10-02,0.1397976610215973,0.022092261588123465,-0.0009831899518873346,0.0032103535813345374,0.009454617528670441
2009-10-05,-0.10759075936557613,0.00603865884692884,0.0024557544851864207,-0.012902883673065411,0.006114713329022669
2009-10-06,-0.10291705530435923,0.02122261728475151,0.007329655982185606,0.0188941198019249,0.013272261661557986
2009-10-07,-0.04600441543573759,0.0012622114501509613,0.001458623227365246,-0.0003977469809359056,0.011715503348037469
2009-10-08,-0.49845179986260796,-0.0051642159458491176,0.011119699336072503,0.02245500583711652,-0.003998466005041047
2009-10-09,-0.045098199176997866,0.006320054285462268,-0.0004819374414820164,-0.004686094224886643,0.029330771044804332
2009-10-12,,0.0017836416333785953,-0.0009643420798212487,0.006631970670397734,0.008775545097972038
2009-10-13,0.3171105437006244,-0.004148711192971471,0.009127681694221982,0.0034932237827763985,-0.00015750461188962354
2009-10-14,0.8597202439864793,0.006661061548287194,0.013302315934557553,0.005794397542382742,0.010416222705380474
2009-10-15,1.0820541138554416,-0.003823765588834704,0.006115995792776857,0.028481223481075874,-0.002886601894658203
2009-10-16,1.8711811542383678,-0.013258747205152877,0.022722933072950573,-0.007893026823693725,-0.0508081873384795
2009-10-19,1.891195551273836,0.009578967827284136,0.02758499132558257,-0.005297103272681241,0.011606212210753135
2009-10-20,1.8591820436676512,0.04581059790278962,-0.010311859277955538,0.000379714944899826,-0.0019523608947229884
2009-10-21,1.5579996388442146,0.030522033809529343,-0.007236594323747221,0.007931490966385213,-0.01600416212682629
2009-10-22,2.0837947720699983,0.0013653642806494897,0.007236594323747263,0.0003762822151293384,0.01494530317704436
2009-10-23,2.164023897437745,-0.0061591470328831105,-0.006329678119955378,0.052383359742202096,-0.019173769872603608
2009-10-26,1.836536946668506,-0.007184673765815299,-0.002724412580015727,0.0232816301594427,-0.0020789004797425853
2009-10-27,1.4077039073231559,-0.025560942260271814,-0.005471521130890692,-0.003143017875907353,0.0044855610414465735
2009-10-28,1.647320697871204,-0.025503820559425218,-0.026409220036313553,-0.020138612283535324,0.007020763803576912
2009-10-29,1.3173531702270838,0.020322520931628483,0.00701791788352091,0.007112395290795691,0.011212380384149526
2009-10-30,1.0772299977846487,-0.04080100031709993,-0.016451551682322693,-0.017516075412099822,-0.018564749181730143
2009-11-02,0.2585180490799742,0.004287951896961074,-0.00047473248586202906,0.00539446451626049,-0.00041469019527853656
2009-11-03,0.767132991567979,-0.002962468020847274,-0.009527676817896175,-0.01263280743881471,0.0049646190445591645
2009-11-04,1.003788659227516,0.010854777746172484,0.0004781352497189294,0.019068683222030463,0.0010717575706732745
2009-11-05,1.2088563387718878,0.016734467030821713,0.019896674599438793,0.014505926115087928,0.014813481088974345
2009-11-06,0.8418821361186779,0.001596290645602709,0.004679435334427079,0.001754127057023171,0.00764038922903692
2009-11-09,0.11882340942469294,0.03598193555860177,0.018959885560778846,0.016345902419465434,0.020122301860114666
2009-11-10,0.7186830274700639,0.007516656733906621,-0.0013750062145269,0.0006895386712737425,0.0071957936372896445
2009-11-11,,0.0013289539781764015,0.004576528684052589,0.00378425242025235,0.0022041551526533762
2009-11-12,0.7602374552400916,-0.006218265695471711,0.006372134253538099,0.008208181358562244,-0.0073387504941549294
2009-11-13,0.14126676751749756,0.012105201777970958,0.013520367812432654,0.009154358281065767,0.006079607062400704
2009-11-16,-0.14412979694919664,0.010606267120027345,0.021696200186326862,-0.0030422671108613565,0.009246852845482538
2009-11-17,0.3003160894488817,0.0017889404502543856,-0.0013148432268381915,0.01986284204360375,0.003270087557128876
2009-11-18,0.4112184572737953,-0.005036717882235798,0.0,0.003659530619614514,-0.0037384615802045686
2009-11-19,0.6697480184011989,-0.02681798979919941,-0.018146640061817477,-0.011020306317815828,-0.004771286324974323
2009-11-20,-0.21864983439886565,-0.0029466999816538985,-0.002234716897671193,-0.005386773410058642,-0.004557695399650276
2009-11-23,-0.5539783781570315,0.029376214992019253,0.011570466292615256,0.010745369882327717,0.00971923559678664
2009-11-24,-0.4369646427722922,-0.007018710319689762,-0.020563272489716504,-0.0010023806199118445,-0.0021083699932957604
2009-11-25,-0.8392491063214444,-0.001223929527408312,0.020563272489716435,-0.004020030737715927,-0.005093881714446907
2009-11-27,-0.44608177341507854,-0.01778791895702035,-0.02282443697767358,-0.01931945546893427,-0.01249095211583425
2009-11-30,-0.07501325214395871,-0.003395773751045615,-0.0004530198720640653,0.00648129117522915,0.005157298660026797
2009-12-01,0.24821659151403191,-0.014815699441467043,0.016173247890992722,0.020195706092991962,0.012505161440209056
2009-12-02,0.3981672165953325,-0.0037639465492271553,0.00975560549198644,-0.007693726913928344,-0.005721702056494019
2009-12-03,-0.31778798180867956,0.0012732217108857608,-0.0008825967020998087,0.001677905850207306,0.002669429980451337
2009-12-04,-0.30079957895349374,-0.016213543244434792,0.008356934062569783,0.005016036099140975,-0.0023546651387079142
2009-12-07,-0.457761370669219,-0.02286467645831372,-0.015448967852315488,-0.006357756834706717,-0.0016518803668529225
2009-12-08,-0.9241017145373218,0.004857045710252839,-0.025683318441578666,-0.007412943658158251,-0.0018909890504395356
2009-12-09,-1.2185243226206537,0.04091691048203391,0.001824343927463592,0.004723830578020702,0.012461274284180483
2009-12-10,-1.428947716310948,-0.006950170085485997,0.028740046986032504,0.005370842572586624,0.007372320825922558
2009-12-11,-1.6629071881131317,-0.00900061918847633,0.00837587747009408,-0.000669651103330081,0.0026255264545946644
2009-12-14,-1.8340266822275026,0.011796481490717358,0.02299937387818652,0.008672042814055411,0.001925792879716229
2009-12-15,-1.7016057486246077,-0.01436769627165026,-0.006456221166476571,-0.0029933974271202347,-0.011144961394325395
2009-12-16,-0.9079813252318601,0.004418995662869148,-0.0017282270112486252,0.0026615521433393744,0.0017105254106128363
2009-12-17,-0.2378176214133041,-0.016387463532578646,-0.010434850608209858,-0.016750625989711932,-0.010229693675960414
2009-12-18,-0.038679933807317435,0.01843627616720696,0.06185748929472472,0.025351627369161855,0.003994916958678356
2009-12-21,0.1718847748446074,0.014225746825305691,0.003690960633126151,0.005255987181774226,0.0057683315844891375
2009-12-22,-0.05860530435061065,0.010687571545867103,0.0012272665366861168,0.009781567550966822,0.009900881116505314
2009-12-23,-0.6402070365359206,0.008647058619493282,0.010978046430231106,0.0032393754268274103,0.0005383549371856625
2009-12-24,0.08950523958772283,0.033763132062571685,0.008856703411179138,0.002584181139478158,0.004374651890546715
2009-12-28,0.34725044587563286,0.012219155286065564,0.0008012961019937477,0.0054687256805546905,0.013238466113794383
2009-12-29,0.2957406309025668,-0.011931922397342483,0.0016007638841821548,0.007033596410774152,-0.0034826797132949524
2009-12-30,0.5709315011283336,0.01207388022331078,-0.0032038073909380193,-0.013793619313474323,0.0054459923625443845
2009-12-31,0.9983554139239125,-0.0043090229231570075,-0.01617512714975274,-0.015625362238220065,-0.012677031462518733
2010-01-04,1.5394325734777232,0.01544485560443612,0.012961022377353292,0.015302297932818959,0.011771529272049781
2010-01-05,2.395770524966064,0.001727451821530296,-0.001208281845134701,0.000323064305401119,-0.012153517363152806
2010-01-06,2.630110236129395,-0.016034132539254824,-0.014610615819114138,-0.0061558906571174314,-0.00651741109996913
2010-01-07,2.55075673017943,-0.0018508544691170793,-0.0032761615847391352,-0.01045408477715738,-0.0034674700917961686
2010-01-08,2.4043021666329403,0.0066266963637982325,0.012230193550552966,0.0068727726096326205,0.009984881191765174
2010-01-11,2.438332793537256,-0.008860728853597295,0.0004049182945286096,-0.0128015753125261,-0.010525432063561673
2010-01-12,2.3377854874097785,-0.011440250684799256,-0.005279488304625098,-0.006629001688112698,0.007923196655369318
2010-01-13,1.8222788978239302,0.014007207452299945,0.009725397660798916,0.009268515814041178,-0.002147485541665498
2010-01-14,1.120952501003845,-0.00580854348753267,0.023558439482610646,0.019899264011239797,0.015845427854229818
2010-01-15,1.0297972991238282,-0.01685340528349977,-0.003953760700763412,-0.003235017077631421,-0.004013585541453525
2010-01-19,0.7420059144748992,0.04328776221802972,0.003559181283155851,0.0077467452614866355,0.01775002428023391
2010-01-20,0.905897088059896,-0.015512260628280882,-0.010716533739256748,-0.016534582958078498,-0.029428391064964313
2010-01-21,0.7697437934358304,-0.017436964738717635,-0.009220522803391647,-0.019142694802234416,-0.009642515712473666
2010-01-22,0.3747757687548167,-0.05087105226233187,-0.02776859978693256,-0.03561480147684272,-0.02750703232825401
2010-01-25,-0.2032344305310858,0.026547138458378774,-0.004981254081759354,0.012353992734178329,0.004927847015013717
2010-01-26,0.010039773817441366,0.014034106801688723,-0.006261465514586621,0.006120926046383264,-0.0029377523257574437
2010-01-27,-0.04328074965214464,0.009376238494273884,-0.0008376925217415419,0.005745738651653065,0.004601561507445086
2010-01-28,-0.10356487186777902,-0.04220003015425685,-0.016480650802632887,-0.01733879757013804,-0.020633874258966834
2010-01-29,-0.26238143823735677,-0.036953294391341436,-0.017623252410182096,-0.03418499523133067,-0.01105073669776546
2010-02-01,-0.3516787778649138,0.013806136367505056,0.006914318240813961,0.008128696696294634,0.01845733481973676
2010-02-02,-0.01962216835780639,0.005786181522325471,0.022989362175106953,0.0017582965421063376,0.006874555477462839
2010-02-03,0.8995585506518925,0.017059762313484262,-0.0004207236930196783,0.005955618003001591,0.001034988956809272
2010-02-04,0.9409160984362124,-0.03670408298427266,-0.027317253124434795,-0.027980916924154303,-0.02139566620429719
2010-02-05,0.11616414930094354,0.017599929194838305,0.018860340166726646,0.006444537841684616,0.004218730571206097
2010-02-08,-0.4516760337280887,-0.006879308920798716,-0.018427555864235206,-0.01076476423387964,-0.008903057065598062
2010-02-09,-0.30447300152886775,0.010606987769772794,0.01672755695154632,0.010407430336234568,0.01085295133563796
2010-02-10,0.1872299157816366,-0.005468769131435703,-0.0171603412540376,-0.0007145931433331871,-0.003252053132250832
2010-02-11,0.4275271106112661,0.018030489920261978,0.010331705042316057,0.004633884805733007,0.0074634302391489
2010-02-12,0.23984076552167188,0.008570540361492,0.002566155341110452,-0.006779631790179159,0.0021802022841274447
2010-02-16,0.051711880657630355,0.014958996783140045,0.0169423830943406,0.019591239668780566,0.009870385854266245
2010-02-17,0.7298044024555931,-0.004187770820465936,0.015420109628855936,0.008430107909031141,0.00874551776754264
2010-02-18,0.7720013167291769,0.00187423792436563,0.013963212019855235,0.01320367929074357,0.011646921488567493
2010-02-19,1.3461103243315686,-0.006228495163225442,-0.008189959157641905,-0.0069276989371809695,-0.00486281488025787
2010-02-22,1.387777290631056,-0.006217619533081675,0.019947688469004524,-0.0013914597268942263,-0.002676636432139747
2010-02-23,1.8079993147110183,-0.016906843179800055,-0.013390227808853274,-0.014020153293579566,-0.003079075155549004
2010-02-24,1.6483557561958837,0.01810385091494663,0.011776442517638293,0.010533722623892188,0.008896059916072539
2010-02-25,2.133799249358143,0.006655444323030091,0.0040291122357586995,-0.0010487410474320916,-0.004084147992607957
2010-02-26,0.37563326984012146,0.012887346440643007,-0.008885091126936178,0.002445057077506392,0.000708263165534557
2010-03-01,0.6431143352025366,0.02113165923753914,0.0036443132835300416,0.012133593129020171,0.011027102737926961
2010-03-02,0.37091734406568394,-0.0006701831581529116,-0.006488323166490539,-0.01948542784113093,-0.008984663896646346
2010-03-03,0.4226287615680375,0.002295664205285137,-0.0032594828584196125,0.0,-0.004246985806706597
2010-03-04,0.6701753790497667,0.006570961684909554,0.010555906377930423,0.0059555186820366285,-0.0012621157993441016
2010-03-05,0.683199057061114,0.03836060044101303,0.007644701142691705,-0.0013980899569809625,0.004174314752445035
2010-03-08,1.0763868879812295,0.0005933275338316375,-0.010070771243178577,0.001398089956980943,-0.0066235703530694735
2010-03-09,1.2940958074923747,0.01782465248248204,0.007260623931156071,0.0059201717590219435,-0.006826221936057708
2010-03-10,1.1365771052980342,0.008127369481302466,-0.00040187634028320365,0.005885417574740578,0.0005574340983550831
2010-03-11,1.5123505041939627,0.0029311756189416708,0.010798253171037176,0.0072228770139275466,0.01563862555961287
2010-03-12,1.487982176919245,0.004866186565048299,-0.003586699154083892,0.0030792458025029703,0.002661252849072985
2010-03-15,1.2609574773754513,-0.012254595688914191,0.009139915502181045,0.0006831362991814939,-0.0008603700318471259
2010-03-16,0.9852210761418723,0.0027213635457896085,-0.0027729421842293952,0.002727974865634903,0.006550123792252521
2010-03-17,1.4550156457666252,-0.0014712631964704933,0.01026070151484326,0.008813299295270633,-0.007097808693773691
2010-03-18,1.8228966555471178,0.0023618747734679606,-0.003539865136211189,-0.0006752947111605162,0.004840735670737592
2010-03-19,1.6272720070153366,-0.010740694651499738,-0.007514411971051102,-0.0006752336452382908,-0.005232013401133813
2010-03-22,1.1927045335463178,0.011185738607466963,0.014581469589010911,0.0003378031207263699,0.0021118918517406752
2010-03-23,1.4025031717721022,0.015934610038981924,0.01668366539988245,0.00941450306129069,0.01080270441995728
2010-03-24,0.5486447077034784,0.004413441537875443,-0.008889020990644831,-0.007726594596370925,-0.006514457765565807
2010-03-25,0.30098101436951824,-0.011929913398339822,0.010810898225087804,0.01206816471192274,0.005509098650044708
2010-03-26,0.15888735940104526,0.018578064088773088,-0.013532562728919175,-0.011731217133681957,0.00015417885589258295
2010-03-29,-0.01652451487995668,0.006432146227590629,-0.004681950238156956,-0.002362659163886995,-0.005196735513944761
2010-03-30,0.5047882283076538,0.014779229758643963,-0.0011735480135162493,0.006064094239133749,0.001398973021550007
2010-03-31,0.6891971171335922,-0.0036105444434433387,0.0066340976149890174,-0.0162548400436407,-0.004046102427055122
2010-04-01,1.0768948639571605,0.004119111877636413,-0.009771243401768003,-0.004448356858261426,0.0
2010-04-05,2.1012622061240323,0.01062273935879913,0.004701663648679019,0.0037652205590799847,0.00853991639133463
2010-04-06,2.265276246203991,0.0043928302911435116,0.00972609291487513,0.0017069230146836624,-0.0032519955926844746
2010-04-07,2.416792683553023,0.004415592374118759,0.003092370008352829,0.001022739648145698,-0.0034964842641469107
2010-04-08,2.1442052465469317,-0.0027050064651710235,-0.00309237000835274,0.01923472352432594,-0.006794441027074042
2010-04-09,2.013072067423758,0.00763877149860102,0.011547840079255918,0.013939425943287561,0.008971672835351422
2010-04-12,1.7746013019045923,0.002065277076192847,0.004590539123413513,-0.0006594026058268519,-0.0031112239441563657
2010-04-13,1.5108021398376361,0.0005781737252653083,0.0057085174439367265,0.0042784489141009475,0.0052060201719802265
2010-04-14,1.2838977504318652,0.013357503323013437,0.001137839432483551,0.012077974754889665,0.01705890424987832
2010-04-15,1.7247010180204723,0.013060812323497938,-0.0068463568764204185,0.001621313102281871,-0.0027470344930412395
2010-04-16,1.5878771806878822,-0.006125532187140847,-0.009587854951514093,-0.006500169106189156,-0.001988345863549914
2010-04-19,1.2290328619319728,-0.0013344980036140517,0.009206053415762167,0.011991771411179502,0.01217413612438437
2010-04-20,0.7475131768880952,-0.01008775711356461,-0.001528756362676729,0.010256334919202404,-0.019395588829426325
2010-04-21,1.2743381532582478,0.05809328331081858,0.0053392340402519415,-0.0009569937258316206,-0.005412194841832498
2010-04-22,1.242448110688148,0.027585041648991098,-0.001903288104079909,0.0019133976422090223,0.001084633238656957
2010-04-23,1.2136391210523951,0.01622917201622799,0.00910504153739949,-0.013793508417319689,0.0066380291455507764
2010-04-26,1.300175943242258,-0.004922912997556319,-0.00037812245831813653,0.004833676816179924,0.005676654084075832
2010-04-27,0.8892238977169505,-0.028071024507183573,-0.018685342659612147,-0.008392752460067418,-0.014717737541884431
2010-04-28,0.6935640443267113,-0.001680433245157024,-0.004628954066520852,0.0019428090633367566,0.009886625339681153
2010-04-29,0.898710237760227,0.026555145303057526,0.0042442843608803595,0.0029076485389322717,0.0027634774865963785
2010-04-30,1.2126332105272315,-0.028506689032052304,-0.003857703433843629,-0.014949909869395393,-0.011254277328942651
2010-05-03,1.433823739705695,0.019946039752241164,0.005396864917247948,0.010423295518577414,0.004640133135025111
2010-05-04,1.5042848106438609,-0.029219516246687574,-0.04080584374022485,-0.023939274527736747,-0.011485240102456542
2010-05-05,0.8011639912161627,-0.010453340151590598,-0.001202509873599349,-0.009336702708222558,-0.005164755612654116
2010-05-06,0.07046648384260956,-0.03879117491910919,-0.04217617535035228,-0.02957877268817335,-0.023053961363586877
2010-05-07,-0.3616368703056648,-0.04310919183786833,-0.02113332434279003,-0.02692960283130668,-0.014795577129484469
2010-05-10,-1.5335839894538768,0.07405664887332897,0.04101035671558617,0.025548321364739387,0.03358218208202322
2010-05-11,-1.2885073443213981,0.009912036386310346,-0.008234069922168113,-0.0020756387157049856,0.004898458165177435
2010-05-12,-1.3613982029403804,0.021481452407613382,0.016807049588490934,0.01920519735694045,0.044619182649695416
2010-05-13,-1.7402400041091026,-0.01433441110393617,-0.014742828514562873,-0.006816461447076968,-0.009085316397233296
2010-05-14,-2.01381078985501,-0.017728402840580578,-0.01915888296194593,-0.010658605632040427,-0.0022083225602653757
2010-05-17,-2.8144686759109394,0.00157457565557988,-0.0016834198752299703,0.0003455084378816893,-0.005733569814423725
2010-05-18,-2.797335747787098,-0.00734325592391472,-0.013144123595918227,-0.007315769675179189,-0.003763385981713294
2010-05-19,-2.8889278068178554,-0.016057982380848136,-0.010295902582538388,-0.012667403075662585,-0.008422989714185024
2010-05-20,-1.988228746627064,-0.04353672708944284,-0.03689479199068892,-0.04083652143758756,-0.04005926803918298
2010-05-21,-2.4242518629714818,0.01899714561234005,-0.00853802939991114,-0.010009521977563912,0.013000628431526022
2010-05-24,-1.57199396182342,0.018157335991724748,0.005400504883038675,-0.021465263481115406,-0.007763844776626347
2010-05-25,-1.4510967205188516,-0.006260638700878609,-0.0035966304444847758,-0.007642864603221481,0.0005622861084602397
2010-05-26,-1.5710456577071594,-0.004536833134854655,-0.013149326826008752,-0.04150966534503799,-0.010414134261841061
2010-05-27,-0.5187786075601886,0.03715284415461761,0.03012156094486357,0.03882109564268798,0.025320164822210278
2010-05-28,1.6496465796251831,0.013837158251432745,-0.0004429198908193307,-0.007722444462594191,-0.008980660811027517
2010-06-01,1.501987784886516,0.015259829029064042,-0.016529314228035517,0.003482722242440771,-0.007371903579028544
2010-06-02,0.9688504079003792,0.011891083633002253,0.01962595632900694,0.02177759307699392,0.024390448768424014
2010-06-03,0.9748760039246273,-0.003149326009797648,0.008795222394615066,0.0150035645587387,0.004307434136622466
2010-06-04,1.626224000524343,-0.027589652864188484,-0.03157929270292778,-0.0406513799291827,-0.02116626944234663
2010-06-07,0.4457145649592851,-0.019807111732561517,-0.01962204401486835,-0.01957772505577869,-0.009221642310761552
2010-06-08,0.15863581166529972,-0.006436328460582914,0.002760972118962342,-0.0071424378652664685,-0.0033086915564330744
2010-06-09,0.3721665606872829,-0.02489354985678675,-0.010161638984219467,-0.012826138768658792,0.0014535528998419643
2010-06-10,1.2165737734579867,0.029614535422606975,0.030180824859431566,0.008435407995599744,0.03005280642388225
2010-06-11,1.595219952500243,0.011904344908149244,0.021831658314554712,0.026057602109902156,0.0060125862320405035
2010-06-14,0.8303391311283896,0.0030330078419511155,0.0,-0.006254811446056168,0.0003889893117057431
2010-06-15,0.9670155558279684,0.02105276841199707,0.022228062175490063,0.041480336681494624,0.009989047591496044
2010-06-16,1.3603228854660325,0.028695979532132213,-0.0008621425645962302,-0.009829424042269396,0.004305038483094639
2010-06-17,1.767327361148212,0.01713971634400442,-0.004756763594120944,0.0018977258831948546,0.004821662325089692
2010-06-18,1.4391405009503186,0.008059412377642065,0.005618906158717166,0.002651087884350107,-0.00635759152247055
2010-06-21,1.5548383620280803,-0.014332470781745476,-0.004752963176882202,-0.018706828647752315,0.0038348230620563507
2010-06-22,1.7375856816018136,0.013529050673854412,-0.008698962563973275,-0.006960442732251528,-0.010386413772518819
2010-06-23,0.800561923164612,-0.010572286687308025,-0.009216804018070242,-0.018011713105392426,0.006244420989400574
2010-06-24,0.7696763090162014,-0.007296562649918915,-0.02049069983220474,-0.012323532585219931,-0.014866314120474467
2010-06-25,0.3971563111585894,-0.008586946415611316,0.019608572049403222,-0.018979057890602467,-0.008382056386016246
2010-06-28,0.9845852436231859,0.005981051233556205,-0.009310792350214045,-0.009009024959832211,0.01452570639447476
2010-06-29,0.7786832941324373,-0.04626410890667856,-0.03167632525954216,-0.04200525880628448,-0.030623753887338165
2010-06-30,-0.800439073421065,-0.01827951011267681,-0.013423654856541034,-0.012953502683178976,-0.012954242590003
2010-07-01,-0.5119321340735365,-0.012199694788650814,0.004185069075938019,0.006497944707107349,-0.00739706611692616
2010-07-02,-0.5227220668840015,-0.0062168469577537485,0.012909600635619847,0.0047384085537262284,-0.005809394047628383
2010-07-06,-0.9248671041298413,0.006820471601287893,0.022198037825324316,0.02336046150444379,0.013044196569016358
2010-07-07,-1.1126630114738862,0.03958698825190848,0.033915959294260126,0.019950586831158305,0.02827001301122191
2010-07-08,-0.46104775003706944,-0.002244825118107997,0.0056146699446749495,0.004516511104639518,0.007608656913475638
2010-07-09,0.23946915976081323,0.005910965676871176,0.006439697882708751,-0.005751607061066255,-7.806445387986788e-05
2010-07-12,0.2909018178278842,-0.009015145723172937,0.002568995488451664,0.022811385208955603,0.00553332681391921
2010-07-13,0.12199192048003549,-0.02156882793424052,0.014016151812069002,0.012009709127862126,0.013969143908659812
2010-07-14,0.8780965116672179,0.003686755175366096,0.009653689491240633,0.012260370268235753,0.001837344297516575
2010-07-15,0.9686611961765583,-0.005077606667213972,-0.004605676386714094,0.0027478702812590333,0.0
2010-07-16,0.3844881636626102,-0.006183537128549209,-0.023780112369369978,-0.024604482304498108,-0.020792731087114207
2010-07-19,0.38320983025362876,-0.017437570143363133,0.013657771129020693,0.01356790725790737,0.01365329521644411
2010-07-20,0.5679990099778109,0.025369566660446756,0.01389224318599965,0.009859798094618712,-0.025280581421279275
2010-07-21,0.5855937168488037,0.009285654533205786,-0.015164431185383322,-0.014229397983637168,-0.01016602998782546
2010-07-22,0.20877489152227596,0.0186268732827663,0.03133769681186476,0.028259255916421602,0.017409441929554757
2010-07-23,0.8126812480587984,0.003545813591547871,0.007784825542594136,-0.0011617397972048106,0.007113404547601262
2010-07-26,0.7333155795143642,-0.0025426917211323515,0.005698237115043185,0.011173528053009267,0.00023427591025872665
2010-07-27,0.5103797196726929,0.018344204868443254,-0.0028451080534431968,0.0022961649374589276,0.001711625247377996
2010-07-28,0.1256373169647108,-0.011885559307174748,-0.011873220500698658,-0.008060141937635122,-0.0015559412284181162
2010-07-29,-0.15574593216343444,-0.010981626900509666,-0.02417771838319552,0.003078014290346165,-0.003197518061001148
2010-07-30,0.1275858619611647,-0.0033374120934956835,-0.0025348655014909988,-0.008487565343179317,0.002963603694802695
2010-08-02,0.18462326700296885,0.017723999269282264,0.02712450874921024,0.01994707131558581,0.018213104551345966
2010-08-03,1.0409249633595992,0.0003060597357364541,-0.0032991809051671705,-0.006477378325117707,-0.002987086215648133
2010-08-04,1.1283969363567687,0.00400019809109177,0.011499437898427983,-0.01657378662692235,0.0068799424643169425
2010-08-05,1.0644228911931892,-0.004879215959665723,-0.008200256993260898,-0.014090459586430109,0.0042569223568293445
2010-08-06,1.0504846585133099,-0.0061711808415890025,0.0036981526035828834,0.007070096929073573,-0.007959658316872552
2010-08-09,0.6391542179879586,0.00636216279370558,-0.004933948143290257,0.0023458327509281256,0.014191173634597373
2010-08-10,1.0025857355949288,-0.008980015984192971,0.0012357955397073136,-0.021311044577952087,-0.0012128523521357485
2010-08-11,0.6873682690039795,-0.03618933780025852,-0.026279039766473535,-0.008412365308652315,-0.015363345029099758
2010-08-12,0.10357967443404859,0.006374675235470233,-0.030903359191958548,-0.014994839280281684,-0.011854397259733388
2010-08-13,-0.745840888190221,-0.010740737781216701,-0.012281111233442237,-0.003681558298054297,-0.0033571982242675386
2010-08-16,-0.6106465522553238,-0.005878758396170393,0.0026446616832964107,0.004089416284510431,-0.0007824423973447291
2010-08-17,-0.7347446214089826,0.017334233274121157,0.014419970813277712,0.013855623561330395,0.005308230032456759
2010-08-18,-0.5590722700759077,0.004356283172452075,0.0017335526830194944,0.004441735798643671,0.007291523852153332
2010-08-19,-0.47005205124218485,-0.012685488167517781,-0.0039052691409446004,-0.015428392554607916,-0.00379446397302109
2010-08-20,-0.7816457278234588,-0.0009609229987320966,0.0008688819995011665,-0.008630043558270458,-0.010920969234546494
2010-08-23,-0.6461990748973702,-0.015501754881980988,-0.007849637528825478,0.0020611463124576616,-0.008111303219570626
2010-08-24,-0.8045551523775679,-0.024170616973592414,-0.01900580249225319,-0.009933339317807741,-0.01249122156338065
2010-08-25,-1.4254436153380223,0.012261366371129017,0.00044586719024550014,0.0024926791936743927,0.00295813948355689
2010-08-26,-0.8868291410500657,-0.010803650948340545,-0.007611811717382935,-0.01168617480858559,-0.02007733333469342
2010-08-27,-0.6487377358693298,0.005561329412270875,0.011617906702703105,0.004606890468705213,0.015757217207484138
2010-08-30,0.12464906033898016,0.003635357347733994,-0.02200845238241705,-0.012192424200049342,-0.010720077058334759
2010-08-31,-0.07151792844029614,0.0024712043414529088,-0.008207904723736717,-0.007216997373473425,-0.002190683729530432
2010-09-01,-1.1793051029708923,0.029307148710161355,0.035091559291681444,0.018155321283576477,0.02121389789235214
2010-09-02,-0.48912295983374954,0.007323312297349883,-0.00620889020070643,0.001671608554994853,-0.005820715391596517
2010-09-03,-0.18761201966619856,0.025836274162851107,0.019383945751964036,0.014514343391768422,0.02010971185158252
2010-09-07,-0.24600419898749265,-0.00371712838507137,0.05681913672274471,-0.013679005801101716,-0.012858799013544772
2010-09-08,-0.35391745895972826,0.019626781855911806,-0.004958707271199132,-0.0012528458557151266,0.0010316131541934419
2010-09-09,-0.10946278598049625,0.0005709665633946958,0.007840020497745757,0.0033378263922401283,0.002218589284764806
2010-09-10,0.1425510112002285,0.001291239595883471,0.029163686717498995,-0.006686195546229691,0.01281744759326201
2010-09-13,0.8844913945242742,0.013686869649267663,0.0023922604112965426,0.051481925457839785,0.01257758560200129
2010-09-14,0.8806948815058858,0.0038122734332329653,0.010695003959414124,-0.003191371932014092,-0.005881332941162985
2010-09-15,0.4195800375853097,0.008025550556599766,0.014084890724726549,0.0035891633398344625,0.00449133677597198
2010-09-16,0.2718317844572365,0.023227654825125826,-0.01487285294536659,0.008325253773434533,0.001852828020897557
2010-09-17,-0.2388019077320046,-0.004348596343252263,0.08028502967713418,-0.004352612296980233,0.004001800751577616
2010-09-20,-0.4822886815883587,0.02814375679222205,0.0003639656463856498,0.008292780044468772,0.012215416873228298
2010-09-21,0.15073882168241776,0.0019052827140377908,-0.024674215191256264,-0.011071890731522753,0.001440335784936857
2010-09-22,-0.9357559536241105,0.013927051130773955,0.014069061401778122,-0.02170448564860015,0.00446066422828764
2010-09-23,-0.7636812458137392,0.0040581409075291395,-0.0029456089266125364,-0.007341239777778025,-0.006811977182197018
2010-09-24,-0.5643406483829132,0.011699420785580348,-0.005917200366089102,0.014225075074275043,0.01836106006790788
2010-09-27,-0.07274158186454766,-0.003976378067535067,-0.00037094618738301057,-0.0020204341644484616,0.004018666162108905
2010-09-28,-0.005491311007180019,-0.014878750281409782,0.008866082993953419,-0.002023296047532445,0.001780754835518523
2010-09-29,-0.31231264863110725,0.0017767716338247521,-0.0007359252241511353,-0.007320343072817832,0.004364132775592196
2010-09-30,0.10282466552775787,-0.012676986144931589,-0.011847560477967442,-0.0004077568340421637,-0.009939979299538507
2010-10-01,1.1618437275873335,-0.004344204221881947,0.014420845802927493,-0.004502033194994209,0.01112067322936605
2010-10-04,2.1392249542274264,-0.013828998058680455,-0.01072349340697641,-0.01946653871885808,-0.0028794726191598463
2010-10-05,2.0570998670089984,0.03629880931399329,0.014760444574608423,0.018235081902445924,0.017661968464032896
2010-10-06,2.14319743241541,0.0008645936246217127,0.010204275740531801,0.0032802450559724283,0.0013066479940704314
2010-10-07,2.1790683353775533,0.00010387726013297619,0.003980664365231553,0.004084614700039803,0.0063637497667103585
2010-10-08,1.8941836294249583,0.016629817301877643,0.011133127835495821,0.001629432566382134,0.0009367912062313046
2010-10-11,,0.004376951276090717,-0.005371659079050534,0.0008136189668528739,0.005816534510851974
2010-10-12,1.8609953132493315,0.0107089976549483,0.003584112730031913,0.009713158523929606,0.0013602171192953205
2010-10-13,1.657443990270263,0.0053451801252337805,0.022989541307560868,0.020331758572188736,0.003710940542796965
2010-10-14,1.7224566547189837,0.007203911763368805,-0.009485359487968628,-0.0043506887289582845,0.008017865838083997
2010-10-15,1.5616061068178477,0.040294706119628966,0.019920461166173492,0.012211871739057443,-0.0031139086986620673
2010-10-18,0.9401020680005253,0.010303975963799724,0.011354144578237729,0.010903640718221757,0.012469314806288516
2010-10-19,1.3682275863166358,-0.027125989039468463,-0.0034273788000075086,-0.028281154867116826,-0.03418404283856277
2010-10-20,0.36085017790094365,0.0033550271228306406,-0.016963744944523233,0.008331655635115042,0.007506574355147076
2010-10-21,1.0688584813979813,-0.0032578600573663578,0.006264805796981943,0.004336369565748915,0.005449802784837487
2010-10-22,0.7908152246769011,-0.006645229579831341,0.005881342792068251,-0.0015748044933250114,-0.0011451952095365404
2010-10-25,1.1135489819707562,0.0044457495573189,-0.005187742703837343,-0.0075145523368542804,0.0012166768830816094
2010-10-26,1.4546141490446753,-0.0025605375881287253,-0.007308021835821364,0.027796364414864515,0.005917697735218146
2010-10-27,1.3602108978914276,-0.0007147655877932489,0.0024421110705258905,0.005774292242292215,0.005388376026463944
2010-10-28,1.4197272089556456,-0.008449539703835045,0.02273599810618168,0.00879098567826638,-0.003754309599173754
2010-10-29,0.19648024552616095,-0.014054476910323516,0.0006810889825390315,0.014730935632594816,0.018981326250019793
2010-11-01,-0.11657536496761625,0.010576168531561384,-0.008545837264114849,0.010443964328665654,-0.0019519742705047104
2010-11-02,0.27050461561051714,0.01688539624486458,0.013638310577149561,0.016194693827004083,0.0036214490685874345
2010-11-03,0.47534509177422996,0.011058963972988532,-0.011238066480500741,-0.013231003345834928,0.002291742657472745
2010-11-04,0.766525782175971,0.017335871107151787,0.009204284416027057,0.004061460545073133,0.018009974395597532
2010-11-05,0.9759951999493301,-0.0035883839167356667,-0.007493437184592576,-0.010742488103745578,0.0008851237066571134
2010-11-08,1.0872031433519418,0.0046870399694623754,-0.0072052949086125265,-0.0014912462106846899,0.0012977509185996205
2010-11-09,1.0686732555534557,-0.0080034735381839,-0.010384450628355652,0.005208583288187759,-0.0021868358273571284
2010-11-10,1.0253969662252085,0.00615010541853617,-0.0017413157257801064,-0.0003710562133654045,0.0028013636720968195
2010-11-11,,-0.00434809220503852,-0.004191090600919875,-0.009698190806515976,-0.007671628179015727
2010-11-12,1.3530314993231656,-0.027600382107596154,-0.008789191198925864,-0.015486074652468016,-0.01168917138826019
2010-11-15,1.0225539113573692,-0.003219286869027075,0.002821048110364073,-0.002668747773087726,-0.000695919117300453
2010-11-16,1.1905908473827953,-0.017909332076303908,-0.029298450991557912,-0.008871949407298726,-0.00979425800265266
2010-11-17,0.7705740596149924,-0.003620552709433928,0.01189383676383487,-0.009342170127791458,-0.002040867910096812
2010-11-18,-0.07481706107781194,0.02604723198696049,0.014230165974075264,0.010504010816971112,0.016835540254198745
2010-11-19,0.08430518019834558,-0.005526899100461963,-0.005667420149711025,-0.005821674141456785,0.0047680252056885005
2010-11-22,0.050066843522813445,0.021384411426670146,-0.0035586866658431876,0.0015558869379991075,0.0023415761381386565
2010-11-23,0.04265915356754,-0.014885303814213342,-0.031139035827671094,-0.02399347923401181,-0.015317592515985265
2010-11-24,-0.07598996329746723,0.019469931312899525,0.020025607785503954,0.009903166421683854,0.01820173307373381
2010-11-26,0.602650700873268,0.0006353334849409716,-0.009052936538890303,-0.004741437225767031,-0.013185389778005194
2010-11-29,0.5370345859152481,0.005919410064319022,-0.009870083244614396,0.0023735783736438493,-0.007043702782191154
2010-11-30,0.9592271960523064,-0.018216648574558267,-0.006265241985184105,-0.0019773254198671222,-0.010057914303153516
2010-12-01,0.36702265766818176,0.016731594821596477,0.0219391888818049,0.030411585882964453,0.020639215402478643
2010-12-02,1.0590184189991212,0.005516261927149629,0.01614300636567095,0.03212068894794579,0.00531783816631404
2010-12-03,1.4361283764525192,-0.002234185965316506,0.024953128299515973,0.004822875212522202,0.0013767951883111758
2010-12-06,1.5199011148997947,0.008501036521474693,-0.0027803522925319633,-0.006684563806608611,-0.0026863756367108724
2010-12-07,1.1779274752591706,-0.006078415652650619,0.01107622151209761,0.0011176533139420363,-0.006712319599037275
2010-12-08,0.9126019604609765,0.008760753413528688,0.0061776345376544466,0.01330894079300631,0.006643777095456937
2010-12-09,0.8397077035656932,-0.003901564573714865,0.001025676540929442,-0.0055236734444195305,-0.004701365397657628
2010-12-10,1.2974492641693915,0.002498587325068821,0.022973784007196036,0.009555039040703577,0.0035970030546044304
2010-12-13,1.207313428448607,0.003456865731752209,0.01590470384312082,-0.0032971634241049396,-0.0037357991065428042
2010-12-14,1.0587678372201375,-0.004299379036209455,0.002954586270093378,0.01348658526476091,0.010617146254078624
2010-12-15,1.1226038045710596,0.00021860067015858322,-0.0006557000414326214,0.008292680981115401,-0.007572264891690773
2010-12-16,1.4315239668475717,0.0027742015230033186,-0.00724192347514233,0.005014254618220028,-0.0011754756657092623
2010-12-17,1.2086730038351374,-0.0019941728022147363,0.038560167335072774,-0.0032202917085031517,0.0031082162867031543
2010-12-20,1.2564590620057061,0.004978143722444508,0.006652730381253624,-0.003231327603426549,-0.00338496605604071
2010-12-21,1.1639087370252479,0.006157176281772339,0.002838060170062996,0.009305569900467086,0.008475736921077389
2010-12-22,1.3347154336090703,0.0029567604229753727,-0.0031539228674446335,0.004266290857224735,0.0014399775902282656
2010-12-23,0.8705620843465895,-0.004809308131396494,-0.003797329876050626,0.0038944347724951226,-0.0004113590894569986
2010-12-27,1.2629627495645095,0.0033317263624780464,0.003797329876050672,-0.008160725629719857,-0.0037771012600454133
2010-12-28,1.1051747687029172,0.002430037685544963,-0.0028465885043516973,-0.002139497255732853,0.002542669868569481
2010-12-29,0.9787291934075826,-0.0005530895882239855,-0.0022200045139951817,-0.0014289685539656302,0.005543262739432321
2010-12-30,0.8383816577924461,-0.005023511249614841,-0.006688604089127816,-0.004299739397058956,0.0010238035432334164
2010-12-31,0.39095500585541254,-0.003403871517598578,0.00031921914566974106,0.0021519557239861806,0.0006130844010714943
2011-01-03,0.7291052240124805,0.021499613146965947,0.01017182778816464,0.002505060224181161,0.004893807443309631
2011-01-04,1.7863457351092933,0.005205150404481956,-0.004437303331384495,0.0039241436115983585,0.0010847348122268858
2011-01-05,1.3333122254907905,0.008146606350355955,-0.014075980303837233,-0.0032099732211081484,-0.004004778302451489
2011-01-06,1.443480216876765,-0.0008085017838278396,0.004179463330899433,0.028865579561004908,0.010889576432971766
2011-01-07,1.0507651846301174,0.007135569713292086,-0.004501433032094287,-0.0076630081414919135,-0.004922601324137798
2011-01-10,0.8519037607238489,0.018657244289678458,0.00032196970119479734,-0.01337563810487845,-0.0019621968063824984
2011-01-11,1.2739586331404482,-0.0023675940304915847,-0.0016118785020480433,-0.00390558572405058,-0.002441912353552009
2011-01-12,1.5570364767634222,0.008104198646899772,-0.001614939597098038,0.015531383055036771,0.012281919554125238
2011-01-13,1.5972904130077796,0.0036514777318115304,0.007727336380966957,-0.012689420920296552,-0.0018795431803658217
2011-01-14,1.432886694971027,0.008067460083375482,0.003847059408741022,0.0038944347724951226,0.00789741139358072
2011-01-18,1.4434008522542674,-0.022725628299218075,0.008920405463667206,0.012640321692207602,0.004324145801046722
2011-01-19,1.2802835336427603,-0.005326964602422954,0.002217480296928817,-0.006650971307714564,0.03290754718665578
2011-01-20,1.0533380579725393,-0.01834697447107823,0.02221949171826083,-0.004224154125943271,0.0007063914647445668
2011-01-21,0.6705482899032653,-0.01807783893253732,0.006171053907863507,-0.011708473426617839,-0.0019277792947577585
2011-01-24,0.7179649275475553,0.0323139096552416,-0.0033892858661993173,0.012766008987698125,0.02621319986607762
2011-01-25,0.3455645140409253,0.011637572534258232,-0.003400665914317434,0.00246353661406219,0.01127492259142235
2011-01-26,0.17728816399098374,0.007151220069019516,0.008327037145858564,0.011532264363106087,-0.0024806908730799827
2011-01-27,0.39145999700347694,-0.001863722555638833,0.010995677260657699,0.0031228505159987497,0.00018596592341454954
2011-01-28,-0.01548381460818593,-0.020933884238742297,-0.02834491656692867,-0.039567380866075794,-0.011614746351494579
2011-01-31,1.1183003483505787,0.0095348443353268,0.0009377176849855887,-0.0007210591815839682,0.017372642953685364
2011-02-01,1.6641657327162296,0.016688366152634748,0.0370807191578873,0.009332380516605928,0.009583148154777397
2011-02-02,1.0668670486780532,-0.0020600417555841017,-0.003012935047632311,-0.0017880101968539063,-0.0015905882380553864
2011-02-03,1.2238288311787193,-0.0025593281493573672,-0.004536420493521966,-0.01043327264499368,0.0014075379985972487
2011-02-04,1.0026967904992166,0.008870940194378984,-0.011278800346535178,0.004330139414017891,0.0028698276271797054
2011-02-07,0.5856359509943716,0.015406760655274956,0.01097527651416525,0.015365606525546662,0.004987120457439859
2011-02-08,0.1845154807524943,0.009390861469634993,0.0015154831464447302,0.0028333500349288156,0.011386748273173016
2011-02-09,0.14033420683503012,0.008298971075210606,-0.0042479044641951956,-0.011022328353806836,-0.008466887254112465
2011-02-10,0.29496257381332003,-0.010158617831291907,0.011186799897123068,-0.016946947674266688,-0.0034072647540316667
2011-02-11,0.4445142872976928,0.006494448521554558,0.00629413491587228,-0.009132057968668518,-0.0014634706250864194
2011-02-14,0.1672749270679505,0.006508067707497146,-0.005392563940949225,-0.0007342021721791422,-0.00385247294680305
2011-02-15,-0.2581772661672016,0.0020022504863782143,-0.016048813977025275,-0.004071944287458887,-0.002331189767865285
2011-02-16,-0.3748114185190937,0.008935183435210632,0.010627226551107913,0.002223359313696923,0.003433795689504357
2011-02-17,0.007547186870864198,-0.013390392096030023,-0.0030250685498530543,0.007006901992278566,0.005127223390504169
2011-02-18,0.4724786563547873,-0.021838630788282715,0.02009349548354318,-0.005528019055618255,0.003646797490385999
2011-02-22,0.4318853244355934,-0.03468311394428181,-0.034741118462074706,-0.017521296015160347,-0.017687758075322534
2011-02-23,2.3166419840885575,0.011773128622720218,-0.010817369218312344,0.0,-0.010989177309451361
2011-02-24,3.5755246738097366,0.000758264801604343,0.0021727381628507316,0.006746480247212447,0.0036763795851509594
2011-02-25,3.178989154258346,0.015281529923155771,0.021473269382107113,-0.00825180523825716,0.009348296338630508
2011-02-28,2.159664827981104,0.014401061538221346,-0.0015188785630271856,0.0011291356846957492,-0.002467673145288607
2011-03-01,1.7111375420662944,-0.011103151762143201,-0.038102507259282686,-0.015927498260355222,-0.01186920138627428
2011-03-02,2.2715320669167887,0.00801227417616607,0.014108699275493405,-0.0030628068019969952,0.0011870565585352115
2011-03-03,2.8143608139017493,0.02090873264999833,0.027937860766622188,0.004590651933027958,0.02051734975682305
2011-03-04,2.8521470324212457,0.0012231106811444892,-0.008208347569174185,-0.009587795647269639,-0.010144633494693245
2011-03-07,3.220948863320802,-0.012972439172553031,-0.020352367512855234,-0.008902336234961384,-0.011810315439004414
2011-03-08,3.397691398964102,0.0011246431236801616,0.019741973649246482,0.007359953335123225,0.014587417149902129
2011-03-09,3.07660946795735,-0.009290774039998078,0.0015257908379881463,-0.0007724701818237742,0.021820470974385064
2011-03-10,2.8513947186074597,-0.016592149570345435,-0.030657360459970157,-0.018714300627196485,-0.023423897016855325
2011-03-11,2.331558261125175,0.015229221618008323,0.003453346433963482,0.010570048430861585,0.0025274999309690934
2011-03-14,1.6721766330819707,0.004450831814766106,-0.010079045810407208,0.0003895652926377973,-0.006423315628566021
2011-03-15,1.5968919816495513,-0.023263348723969582,-0.013384570829869864,-0.011746503856708421,-0.014794317249819838
2011-03-16,0.6575663864613993,-0.045666856324945375,-0.03161424128151964,-0.02391533370105169,-0.03859196681111962
2011-03-17,0.7038493331871383,0.013932206054599165,0.01152321728786182,-0.00040330846441851234,0.007683198221789203
2011-03-18,1.3015226046721056,-0.011934467949598043,0.0068502516204653205,0.0008067563331150046,0.011029795264795047
2011-03-21,1.2535170817588592,0.025764058004564872,0.021229402072967272,0.02114581791665114,0.011417457205322005
2011-03-22,1.6795255670056597,0.00558384563894621,-0.009272425909021557,-0.0011848899386997626,0.0020269596658157242
2011-03-23,1.7936653517518129,-0.005908202777966221,0.008954259435354743,0.009441701599536131,0.009636460729023442
2011-03-24,1.1279987197504928,0.01689696720188671,0.02297487084817607,0.010515262405923006,0.003192371064864758
2011-03-25,1.1951886816540003,0.018865912331719626,0.015437270918764848,-0.007388287506006966,0.013282957173365003
2011-03-28,1.0072393144698129,-0.0031343111183290443,-0.0024538250414927795,-0.008230828511839578,-0.005007204117786514
2011-03-29,0.7446935583294487,0.0014834235842663486,0.018259718607952814,0.003143831666078672,0.009314292255024998
2011-03-30,1.0405350957720882,-0.006661369157353396,-0.0033227381302047354,0.004696659298242386,0.004410471122829098
2011-03-31,0.8368783950432478,-0.0003441953220858623,0.011432116242126698,-0.008627381097529809,-0.0032446102898985203
2011-04-01,1.3214889461280115,-0.011398701843425056,0.01749461290884593,0.003538197198398781,0.007331717023410402
2011-04-04,2.348395547491003,-0.009828467904604433,0.003521311585034088,0.0027436604287955513,-0.00012202609467950382
2011-04-05,2.2219704678693932,-0.006764027233008176,-0.006464717379766737,0.00896179096566321,-0.0015844307698792248
2011-04-06,2.038972300495469,-0.0025114204553620223,-0.010074642281246497,0.014249589859104189,0.0003054372499405598
2011-04-07,1.9473828092271623,0.00011845572759309363,0.004160590906586242,0.0019106010373752236,0.002070310249620524
2011-04-08,2.150624930699071,-0.008973454565943765,-0.005352406935575794,-0.004974007599959803,-0.0020093846287376742
2011-04-11,2.478338701161892,-0.012795413855403226,0.008920415606078874,-0.003458656144521384,-0.0006100094729324363
2011-04-12,1.6877691668823682,0.004824974438140286,-0.01131262319196196,-0.013173238797821916,-0.004278667195134683
2011-04-13,0.889869591251837,0.011159393896499455,0.008941825316936967,-0.00039003305841983404,0.00427866719513467
2011-04-14,1.1532072377737181,-0.011099111395815424,0.002963090972547898,-0.008227113293967185,0.006202092619827564
2011-04-15,1.31998360886825,-0.015033197396600997,0.011180112164695,-0.0019687924301897094,0.007488636567890025
2011-04-18,1.6181729352440957,0.013316936474162388,-0.0162223509044185,-0.011496808237849243,-0.0016257114930100802
2011-04-19,0.9054046579367223,0.01794880509396557,0.0011885336917077805,0.0027870599458289474,-0.003259622358007164
2011-04-20,1.1124751153065895,0.013377096244897831,0.01298369088199399,0.02396493478903965,-0.003937790277946221
2011-04-21,1.7909898636837527,0.02392235137074695,0.018588721865223742,-0.009360399619177447,0.021200312598237
2011-04-25,1.8433898829065,0.0065651462901176105,0.002299312087093353,0.0035205960552306924,-0.003631640898993657
2011-04-26,1.8618409396709932,-0.007363952068036746,0.004011961131041438,0.02239466823356244,0.004878917891249489
2011-04-27,1.7432826041820928,-0.0007704203719285938,0.007974617628522888,0.007228541706570967,0.011095922147401991
2011-04-28,1.671564474222621,-0.009757706494159121,0.0011343437003328825,0.012431984743905281,0.002403210683637493
2011-04-29,0.13438601464606625,0.009700385544318804,0.018807665121608277,-0.030022903399571435,-0.0011713055168443207
2011-05-02,0.346404786785819,-0.011056555185368995,0.011336760308619034,-0.010081736232451365,0.009161604773482821
2011-05-03,0.3082527185906883,0.005529056973855632,-0.006343957261523055,0.005828070001509913,0.0041737883935739906
2011-05-04,-0.23105414730136997,0.003926553092699302,-0.024934811869037125,0.009639939860348857,-0.013100813075006806
2011-05-05,-0.22756627843263452,-0.008099440425504872,-0.01659063795797608,-0.010414436623757399,-0.012740215201214416
2011-05-06,-2.1151112589855083,-0.0002595810101434353,0.0057521413777146015,0.003096903525091605,0.007010970345859652
2011-05-09,-2.6182264887491447,0.00270790251942091,0.00941892252724295,-0.0015476395168810306,0.0012427414340027221
2011-05-10,-1.113287970047512,0.005308122758969948,0.011861526231333389,-0.006213357437190608,0.007540834352700983
2011-05-11,-0.8140543401035003,-0.0063733019924424915,-0.018130693152947935,-0.012150193123605449,-0.005178662983339721
2011-05-12,-1.9296005456591352,-0.001902831310368725,0.021213768968476245,-0.0015783938824544385,0.016036058227384395
2011-05-13,-1.6967229151779668,-0.01766944653428401,-0.015228691844592942,-0.011518849152497521,-0.01356096462906769
2011-05-16,-1.3566216734690533,-0.021372341799617774,-0.029120822530414616,-0.01854944854568547,-0.006257655470455616
2011-05-17,-1.928356714089929,0.008485194674704153,-0.00704656327091636,0.004496688746473713,0.009665296406682856
2011-05-18,-1.8324524494649908,0.011035159474078514,-0.0008845218710557822,0.006908930293667935,-0.00035197381100970476
2011-05-19,-0.9479185544852246,0.0019402123276150212,0.017249671632934394,0.0012142715680258248,0.0008794619914212336
2011-05-20,-1.14421869587909,-0.015716420155074334,-0.006688968888322113,-0.00934788981805921,-0.002523753570296264
2011-05-23,-0.967107324556419,-0.002449395056243962,-0.032926010909715954,-0.013152528504067557,-0.011228899645191168
2011-05-24,-1.3346680110741516,-0.006630410714890682,-0.0036257775562464753,-0.0008279464676135868,-0.0016054866873497
2011-05-25,-0.7641829779944367,0.013722886789329505,-0.0015141706790247381,0.0016550029431773694,-0.001429945369114796
2011-05-26,-0.5365435244207846,-0.005299514913659416,0.012351313088167101,0.019648588421995784,-0.0034037552320478714
2011-05-27,-0.7009510662317442,0.007168289773490494,0.008941825316936967,0.003641445201999614,0.0019124422800610797
2011-05-31,-0.3427303670482169,0.030415111223149806,0.015312622744462089,0.010046452196764305,0.008500944203947808
2011-06-01,0.13251653950771736,-0.0066923788270716635,-0.03994576042412413,-0.02346398476996647,-0.014128973559418131
2011-06-02,-0.4025082929934102,0.0017061786492719635,-0.004877847903031858,-0.008633248669323502,-0.002825567127512371
2011-06-03,-0.30798864747008814,-0.00771539655948353,-0.01199112271862143,-0.012882001111544913,-0.006281592321700288
2011-06-06,-0.3599074712189924,-0.01584794270498539,-0.004339769692103572,0.004173879820872642,-0.0018192320142262795
2011-06-07,-0.8169443334075333,-0.01790845866671313,-0.010932432325984051,0.0020796519154730694,-0.006454495121591904
2011-06-08,-0.745077168231042,0.0006016843025238464,-0.01870386430791708,-0.004999154209545086,0.00396276091511816
2011-06-09,-0.3938508212607284,-0.002259650851586434,0.012086617128799274,0.0008347917992121448,0.0030382079364830537
2011-06-10,0.13157311068790312,-0.017007083079141158,-0.014329405998952278,-0.010489140757616925,-0.010121444788468619
2011-06-13,-0.31932300149074727,0.0021453309751602763,0.01432940599895224,0.013822491473278839,-6.164786073823709e-05
2011-06-14,-0.6386617366659604,0.017723300431749908,0.014126530528620772,0.00745948106987043,0.005805416507201299
2011-06-15,-0.2170570147208875,-0.01726378090437288,-0.029097712373939457,-0.020017438493793192,-0.010966466889310309
2011-06-16,-1.465768346742528,-0.004878137358267338,-0.01162027947547881,0.010893032671337085,0.002092454447589606
2011-06-17,-1.3912329992060437,-0.015184609399171281,0.012262055321845234,0.010774527397962315,0.010822243474942749
2011-06-20,-1.7746447389328643,-0.015544923754535032,0.023142707222564073,0.008618974314697775,0.0035205864175668427
2011-06-21,-1.3888434872754667,0.031160042763731764,0.022925567541917533,0.011781685352321646,0.00724581589401121
2011-06-22,-1.239387013351622,-0.008303871693111883,-0.013878700637450855,-0.004452604504698077,-0.003254377363829793
2011-06-23,-1.8199654367801883,0.026369018601894112,0.00804202901082314,-0.0008116164158501415,0.0026519709772789397
2011-06-24,-2.7722393166499075,-0.014842853488141784,-0.04151541555255713,-0.013488831451557284,-0.006340650071533039
2011-06-27,-2.7978714643542215,0.017285533453267637,0.01403112296347583,0.036367429099521995,0.01533021935520883
2011-06-28,-2.695935362111157,0.009650673246296326,0.023780907648980637,0.023530554632572875,0.014157705929520441
2011-06-29,-1.785628990911437,-0.0036454816705716233,0.0027788782214986664,-0.007001057449876583,0.0031128786483351364
2011-06-30,-0.30916238031589993,0.004867407250211506,0.014692875441280366,0.0147232810211744,0.005904644801551113
2011-07-01,-0.26054867600497,0.022359567422938202,0.004244954052393533,0.0007691528341364027,0.017278954459214846
2011-07-05,1.2424253127568163,0.017815477803610754,0.0003028384026515211,0.000384164113990182,0.005086764028484567
2011-07-06,1.3858911138199415,0.006645623480984412,0.004526777695239768,0.011459372512201058,0.012912416313556855
2011-07-07,1.1228815015198759,0.015346611879904841,0.026152797265851974,0.016572440830185723,-0.006945411618125844
2011-07-08,1.633950342859622,0.007002673271463946,-0.004409735912869919,0.005587844969205049,5.6688776078971226e-05
2011-07-11,0.7441807638648833,-0.016001464122428123,-0.022083802030224642,-0.010831116679343056,-0.00853537130284249
2011-07-12,0.3216757198648353,-0.0007066089292067604,-0.016429001323108115,-0.003385397171478262,-0.005386250564801887
2011-07-13,0.81622775544132,0.011998806930926732,0.002757207258462788,0.0033853971714783017,0.0015498663800633558
2011-07-14,0.8500637653086786,-0.0006987609161945894,-0.01977207575773735,-0.006026128453294791,-0.0005162768282268255
2011-07-15,0.22798696392353346,0.01978761695022822,0.00124745296097231,0.011642988760403445,0.007490534155911388
2011-07-18,0.41468258957487913,0.024042970609701567,-0.018874495955392073,-0.007119641592287337,-0.001482240330920007
2011-07-19,-0.07656089161726232,0.00812640336337802,0.03586847586405226,0.03510423060243475,0.05510554532277835
2011-07-20,0.36493220376599433,0.02631884864345301,-0.01730571563147,-0.01758321542085473,-0.00845823825857988
2011-07-21,0.5955322035331861,0.0010076748403804999,0.012083717667911675,0.0014770657067028107,0.006783229579250158
2011-07-22,1.01989352052807,0.015398804651868164,0.0024605613370055745,0.015742512412992408,0.0015130883899577517
2011-07-25,1.1002056012657542,0.013134597701266792,-0.010500663182524272,0.013708766128623859,-0.00802456480394034
2011-07-26,0.6880048271420768,0.012246093475982144,-0.0018640161814195016,0.006072392424149301,-0.004199948666961106
2011-07-27,0.6632383271536358,-0.027187593186242115,-0.04582433995848021,-0.027072373862611826,-0.008674816625634007
2011-07-28,0.0882471178544606,-0.001963343521881487,-0.001303085747297851,0.0141687763113167,0.0024783564957839847
2011-07-29,0.0823260444789758,-0.0034257975068260867,-0.002938993548474757,-0.011610763188479648,0.00027496912220411246
2011-08-01,-0.6115799280211562,0.015929721597741295,-0.015488921011328488,-0.004755711975548942,-0.006067687062000008
2011-08-02,-0.3683484170345877,-0.019958468031600236,-0.01877341028854006,-0.017385278797289468,-0.015050013861567684
2011-08-03,-0.5796100178211138,0.009366844351129437,0.0214266515415665,0.004467497623086494,0.0043708365880713055
2011-08-04,-0.9317631180288561,-0.03948852362578965,-0.0443612553239988,-0.0370834160331812,-0.041968510750222274
2011-08-05,-2.302521122878385,-0.009986909177950278,-0.018522452061682185,-0.010073671918271875,0.00870963747882248
2011-08-08,-1.585714572472602,-0.05617635164012112,-0.0857613317543802,-0.047855930276176815,-0.035518455729224345
2011-08-09,-3.092780505167924,0.05721948388557629,0.05895005851318076,0.04395420637429843,0.026067455435696253
2011-08-10,-3.7972075876899494,-0.027980999836933147,-0.04142580619872668,-0.0554582338252281,-0.048456498833112205
2011-08-11,-2.2992877396802056,0.02715195183755806,0.04504250546445794,0.04009466934176065,0.0254520870494782
2011-08-12,-1.2948255226314513,0.00876535148561688,-0.011254166783993609,-0.003579370618452683,0.008777960660066792
2011-08-15,-1.2016821816466796,0.016885996826339796,0.009086074875057751,0.016202768445405816,0.028080139020412904
2011-08-16,-0.394515981369562,-0.007671347371345544,-0.002535694740528262,9.722642662386096e-08,-0.010167933756939978
2011-08-17,-0.7308347981584956,-0.00010525458619733868,-0.003633868213094051,-0.0039528615669961395,0.001400784402945617
2011-08-18,-0.5004819714989984,-0.03855821423312012,-0.08664730427612836,-0.023237559388352983,-0.04563756121132469
2011-08-19,-1.8581146072332617,-0.02775480591835352,-0.0164104576463523,-0.025453441289396566,-0.03915027063679918
2011-08-22,-1.8915034022324688,0.0011506821991964587,0.011236102979037004,-0.0029145245916940075,0.009099439306791456
2011-08-23,-1.18732234112362,0.047019701993379154,0.04448672969957236,0.030392115938673858,0.03303709075293878
2011-08-24,-0.8091459179139842,0.00688246302794208,0.01815433610532495,0.007254825399716823,0.014740224252177556
2011-08-25,-0.4845393609322499,-0.006561123456088328,-0.02967096128554326,-0.013341113438820842,-0.00710109101862821
2011-08-26,-0.5820247400907488,0.026041336996742135,0.028546190430348846,0.02729969736987389,0.021272443906114914
2011-08-29,-0.6356815517438803,0.016521417270156626,0.046195505480592446,0.02309800309096656,0.020365661578595602
2011-08-30,0.039777010722062744,5.162848664982929e-05,-0.0014338242310925908,0.014979743469915716,-0.0006373424189122901
2011-08-31,1.151742284090008,-0.013319568258208526,0.00715057899296477,0.014007766151132342,-0.003484164799002707
2011-09-01,0.8520763090524095,-0.009923870167304448,-0.008227467000828619,-0.01477057936981518,-0.00923328323140388
2011-09-02,0.9172561425317979,-0.018488537799389276,-0.03174891373949766,-0.015766477769996495,-0.01986411739594431
2011-09-06,0.25394928934949634,0.015097529962461506,-0.017957983288092647,-0.011304167874108989,-0.011261945030353718
2011-09-07,0.31800295180520144,0.010973494799731547,0.042134756166284225,0.019026109619173687,0.013236544400676275
2011-09-08,1.3686731854004694,0.000547006802280629,-0.03348962383510977,0.008426250370724715,-0.012388800538909126
2011-09-09,0.961362402232569,-0.01748951769096214,-0.027315678666708792,-0.018476689637817574,-0.023759928145779336
2011-09-12,0.6360998021412938,0.006495728514052767,0.02843759271233051,0.005811109195894211,0.006485685190681923
2011-09-13,1.2046818355927478,0.012242056871543896,0.03561998494173323,0.0057770619634177145,0.006199032487910031
2011-09-14,1.5764997623293895,0.012094572447314881,0.015393208523711508,0.017511092665391394,0.023045610506112705
2011-09-15,1.330211060017358,0.009357748355033385,0.028022967834656944,0.018321050120816192,0.016897589987558886
2011-09-16,1.594062424337034,0.01900575256455985,0.009625398910681671,0.004805585031567513,0.016906331411493496
2011-09-19,1.0610950837951318,0.027411363762285975,-0.007210349478942892,0.0033128396251922276,0.0008086714804085448
2011-09-20,0.5564231004847722,0.00441139056955691,-0.02335856049091498,-0.008488881732502226,0.009142116568630943
2011-09-21,0.8651661813750133,-0.00317323345843305,0.04111851996790765,-0.03738426774793701,-0.009777738379340829
2011-09-22,0.7966323985966262,-0.025358919623761262,-0.041471055884598214,-0.03643847936542373,-0.025759379897768133
2011-09-23,-0.7670868422314956,0.006153096572293241,0.01956749194216377,0.0,0.0042609834354795555
2011-09-26,-0.03822765948343643,-0.0027991661658046904,0.027642273805331616,0.01504943874252383,0.0300734621637747
2011-09-27,0.27727105185783424,-0.009745299947102522,0.014037460731763065,0.00900073670966439,0.01817133992048125
2011-09-28,1.0109212484328471,-0.005651401844366648,-0.022827602471684538,-0.0035127040279368097,-0.0009014802022670129
2011-09-29,0.34039853299627454,-0.01635443589078906,0.00676832369287552,-0.005094670243930039,0.009083259269470652
2011-09-30,-0.21291492473177975,-0.023968337504717573,-0.03117248791193862,-0.022250109944208153,-0.024292345802901072
2011-10-03,-0.9157476863930274,-0.017780139480423996,-0.028230485204654834,-0.014568460876646521,-0.009076204125803606
2011-10-04,-0.19185928647011852,-0.0056214887232424356,0.026489042260397035,0.032486940727729965,0.008332201334072857
2011-10-05,-0.4629383647882849,0.015318396529137319,0.028180982478781005,0.02147282835228123,0.012002733170865806
2011-10-06,0.8127351574347993,-0.002329228984793733,0.01879877667072401,0.01723182925533823,0.02700041023490838
2011-10-07,1.3176357449062996,-0.02026372787457875,-0.0033377652490099506,-0.0034228242693932144,0.003845473283465472
2011-10-10,,0.05012840552278266,0.034826233567346626,0.02594599154472267,0.02292635761596101
2011-10-11,1.5449206971315568,0.02909807006294721,-0.0012922924634406145,0.0022245281070757857,-0.008717893473806412
2011-10-12,1.8530482980219751,0.004735395564616333,0.005802398570309249,-0.0014824687660789512,0.00603586208264056
2011-10-13,1.5761408748957382,0.015396171523089612,0.0009637890178051361,0.008127512644462157,0.003753823716794095
2011-10-14,1.0960872396789743,0.0326846626484631,0.022544399520779326,0.0033057198998435624,0.019663937457167123
2011-10-17,1.400504930671214,-0.004774107000249082,-0.019658442886087226,-0.010691540742087311,-0.02089565693278253
2011-10-18,1.2513489528968071,0.005342703751427251,0.020599849744032363,0.012157078718418349,-0.04208703459825409
2011-10-19,1.8544071780798514,-0.057565243835110656,-0.012308485650275546,-0.006612855120008334,-0.00847568254295782
2011-10-20,1.3195423400309811,-0.008338518523328215,0.0012691765991956823,-0.00332289887987908,-0.0007898573886217817
2011-10-21,1.542175781911099,-0.006191374588670121,0.018539486325886485,0.004428173406758153,0.024410236949084174
2011-10-24,1.6013368453033456,0.03230769622842563,0.023081277313973185,0.00110414489064235,0.00340763615120493
2011-10-25,2.2166750336066836,-0.019912425751255215,-0.015328511962344837,-0.01407434061310216,-0.010424752408557612
2011-10-26,2.340392505523564,0.007089197589886348,0.0009265086443509573,-0.00823967943573877,0.00888770881336283
2011-10-27,1.196359284544914,0.010157973544577655,0.03815197646121155,0.024518026007860256,0.021259477756112106
2011-10-28,1.821866672886889,0.0006428676287546155,0.0008905979322347497,-0.00995764897495065,0.00841040039276503
2011-10-31,0.32920853668155226,-0.00042018986117829356,-0.02768747667801084,-0.013057480901469248,-0.015158020157261832
2011-11-01,0.3388242872268091,-0.020642547717808202,-0.03351208692562419,-0.024326786846467777,-0.017925195046491108
2011-11-02,0.5975689739805765,0.0022673431859241075,0.01844644781108231,0.0007696469971684562,0.014072009344493548
2011-11-03,0.49810005021915715,0.014141673292801483,0.0253872214204374,0.01979500564520515,0.018210789143761685
2011-11-04,0.7619235864122758,-0.007045758892738711,-0.017057474598548106,-0.010610127582374621,-0.0049239103264826405
2011-11-07,0.8359036381549487,-0.0012750732819750937,0.009782797895210691,0.020736284386131513,0.005030708324274185
2011-11-08,1.1768754814564062,0.016130243306341555,0.022262806877008837,0.01334295642709539,0.0036379703769404107
2011-11-09,1.4538937266377496,-0.027325139630386533,-0.06198218880635028,-0.03598595759383633,-0.02712003708006137
2011-11-10,1.4524599826398978,-0.02577976501883959,0.004421635361884626,0.003048835398030007,0.006072304620550182
2011-11-11,,-0.0015592010506654886,0.019969234605111838,0.0236898420106457,0.021742088292226194
2011-11-14,2.1670410104097755,-0.014033676170035689,-0.0021643735358485234,-0.005589675880089529,-0.00016023212931529231
2011-11-15,1.9530523919367544,0.024920477763879238,0.020227157033271367,0.006754115489118438,0.007445058020658771
2011-11-16,2.175563071874375,-0.01049666985960429,-0.029871218806867217,-0.02537539734819067,-0.011349916482617316
2011-11-17,2.9579801783106197,-0.019313436199882687,-0.037259417083073516,-0.020539145840578445,-0.004779531417901629
2011-11-18,2.079035438506485,-0.006566520352574527,-0.007163912084195883,-0.009441494622289161,-0.0026421669991395346
2011-11-21,1.6060729644969525,-0.015942001876724617,-0.022807113220465813,-0.011928499314322395,-0.020506618710473067
2011-11-22,1.8580755725321487,0.0201209674071792,-0.003349022035675491,-0.008435871763609758,-0.0009371431153052612
2011-11-23,1.906681736263023,-0.0256100308787296,-0.027548173935827192,-0.012992528114892698,-0.018705580613765545
2011-11-25,1.3968813295565914,-0.009362807263297478,-0.00900592487498097,-0.0069713706115784035,-0.005013896753506877
2011-11-28,1.4924586510502529,0.03393646659213127,0.038565077813451504,0.023186218584978407,0.02867118101255099
2011-11-29,1.6439836523536284,-0.007793810709977044,-0.004361835794585038,-0.0012074366088931324,-0.006994686604077866
2011-11-30,0.23683646653148305,0.02382946768668094,0.052721095922662255,0.029355599837230566,0.03827654698063131
2011-12-01,-0.026539903639559298,0.014880942708145661,0.010155663375979892,-0.011797159536130034,0.0076831577192026865
2011-12-02,0.05770513776282564,0.004552502521067401,-0.014951955942906416,-0.002375934090881616,0.0011080945980838483
2011-12-05,0.1932974999756627,0.008457398777500775,0.022188147658037883,0.018853548440050095,0.006202257512388005
2011-12-06,0.24323294394467734,-0.005255341607621182,-0.005343429094088576,-0.0015576870206516565,0.010943955778310357
2011-12-07,0.2995851483984876,-0.004768865155583151,-0.006005806898565497,-0.0023407072510986684,0.0057361629719329945
2011-12-08,0.076742027203612,0.004026886451432441,-0.025692053747338187,-0.007843449837177217,-0.012809939631258312
2011-12-09,-0.25906614452035814,0.007548350991976327,0.03043661468517794,0.011741844108927505,0.015435131921098895
2011-12-12,-0.04709583188377747,-0.004532348924653005,-0.011744284997869392,-0.007420815116932157,-0.01230850592776926
2011-12-13,0.10174001887639127,-0.007762605076359785,-0.015768875019731378,0.009752805596128844,-0.005373629103212665
2011-12-14,0.9003576483942823,-0.02241998961516153,-0.03163328014677354,-0.006621864340420089,-0.012794444891452678
2011-12-15,0.3092000406948825,-0.003293166363616717,-0.028525033421668598,-0.0011725836417118812,-0.006591645666264913
2011-12-16,0.05300296397214338,0.005473877579584294,0.006181314459443827,0.017067652900962876,-0.02107641317307024
2011-12-19,-0.19154939710874677,0.0031186970805335648,-0.020755002137652214,-0.018241996386893968,-0.0037113317460164648
2011-12-20,0.09669742253767574,0.03531768502430948,0.01938446913443524,0.019395593842783908,0.023506215016059144
2011-12-21,0.7718830519538853,0.0012621669767697327,-0.12392947957197224,-0.010426802374720594,-0.03130075499881999
2011-12-22,0.5581822426502483,0.005282862274832443,-0.003109485726380668,0.00193899026656863,0.003136368102164438
2011-12-23,0.7871419195501823,0.011922033313250216,0.014299743629927664,0.00848781210815208,0.014776866323542293
2011-12-27,0.8814640130536266,0.007902671208938563,-0.016638036349300327,0.000384299572726097,0.001081892940652336
2011-12-28,1.4049416036806974,-0.009614830644070716,-0.004693144550294324,-0.00848472648438226,-0.005203941561082594
2011-12-29,1.2479133703306007,0.006140603557860147,0.011304582928977654,0.007716073610953893,0.011832753782068477
2011-12-30,1.2549443825984063,-0.0002965867884737567,-0.005831338756424068,-0.0023087560960313993,-0.012430883842155595
2012-01-03,0.825680018084495,0.015265602141634221,0.008154059222835746,0.030725021172670758,0.01307481077055085
2012-01-04,2.181852328987039,0.005359583016238871,0.0057836681946728105,0.02326124634229689,-0.004087610640044281
2012-01-05,2.0400944547613813,0.011041173783437896,0.022053735860245883,0.01016711696839273,-0.004754567355114109
2012-01-06,1.629174002507849,0.010399424112282903,0.012705763495538773,0.015415091971938884,-0.011546640225686694
2012-01-09,1.4214505004222622,-0.0015874326937781224,0.005937099121835383,-0.013249996885867924,-0.00521774196572759
2012-01-10,1.408815043007876,0.0035739258759445946,-0.0022219793360065557,0.0035986345183934886,-0.0015431807302106562
2012-01-11,1.3983447402060274,-0.0016316261958741606,-0.002971095420324054,-0.004319988655805417,0.0055552395540174925
2012-01-12,1.1572487530102884,-0.0027485667666621847,0.010359407003968344,0.010050950068312976,-0.009755734728478169
2012-01-13,0.4545236158390721,-0.0037568058526529047,0.006237039058309539,0.00888873402590563,-0.007728298461964194
2012-01-17,0.42308715498245386,0.011580884897650695,0.011636640343022133,0.00035393198191654285,0.004677380296292601
2012-01-18,0.883625054088524,0.010330406727012785,0.02428689600776995,-0.0010620853161758656,0.005926842411703811
2012-01-19,0.72572977237429,-0.0031745456450779285,0.00773290668330578,-0.0039043112528648837,-0.0030422183030321334
2012-01-20,0.7723957656953844,-0.017570526704159567,0.005238192036964787,0.05500259568135062,0.043362756613897144
2012-01-23,0.29952438444032414,0.01677538767946713,-0.011208500531639447,0.0006728064554141395,0.007714340433580999
2012-01-24,0.2955093015047344,-0.016513162410089252,0.004218047008708043,-0.013204413085633455,0.010212274731554736
2012-01-25,0.1698873477328952,0.06056693993977821,0.0,0.007470167104597134,-0.001042384984530953
2012-01-26,-0.29086692318653956,-0.004555215978789567,-0.007746521301197176,-0.0020319034275371045,-0.003920086747883738
2012-01-27,-0.18771543764306386,0.0059423672707504815,0.004585005661487962,-0.009194754862957679,-0.0027261332727978975
2012-01-30,-0.1226740426016785,0.012729458080524832,0.006313149530701721,0.012916680399919467,0.0106535921768421
2012-01-31,0.2148107656407286,0.007630840213660106,-0.013730009295779083,-0.002705374904212335,0.0005195605582124912
2012-02-01,0.3138742806443791,-0.0006359187038434727,0.023472951187415186,0.012117043853918845,0.00010386565310830043
2012-02-02,0.12910876716420638,-0.002348070815044568,-0.002427013407521584,0.0020053365972623853,-0.005675191016514644
2012-02-03,-0.2103704289055215,0.009969514417045876,0.01035969012466274,0.00963648110365413,0.010956475255047855
2012-02-06,0.1277667876886822,0.009289351210690876,-0.003786291707947474,-0.001323996905274671,-0.004243501792601923
2012-02-07,0.05157709342630015,0.010420449102860229,-0.0017255715357942516,0.004954927676176367,0.0027453187629370352
2012-02-08,0.4086050975179227,0.016605099557389324,-0.0076282524167486775,0.010161989101989486,0.001815281842053674
2012-02-09,0.5456549888997759,0.03400879203141734,0.0055535473248094725,0.003581441392109062,0.0009321681254826237
2012-02-10,0.7336462221054355,0.0005065769540520567,-0.013591324312031581,-0.008813735180971007,-0.0036832363875883324
2012-02-13,0.6178422497642312,0.018433552216191904,-0.002459578246207997,0.002619848987890865,0.0010393192483400637
2012-02-14,1.3141923407472702,0.013556816355751697,-0.006705385831328519,-0.004288473687144373,-0.0020789471764144506
2012-02-15,1.229734149517696,-0.023414071968632016,-0.009249319414570517,-0.006633089582107452,0.00015605875678965152
2012-02-16,1.4176631406582747,0.009081302103761296,0.03408031289607775,0.0404354705914854,0.003997242748478267
2012-02-17,1.565178029846604,-0.00017902972029987778,-0.005542168141688715,-0.0012790980381259308,0.002069990485614094
2012-02-21,1.7221935208335852,0.025035821935436825,-0.0017381691687075194,0.006061699275169929,-0.00015483544925007874
2012-02-22,2.0189570842810913,-0.003521402464007455,-0.006633144960201457,-0.005421945744646968,0.002478951943707838
2012-02-23,1.9739100455828789,0.006508352051005391,0.0090656553896767,0.003192565276209845,0.019107506440961278
2012-02-24,2.3111756365650957,0.011590414814469421,0.015156952860492115,0.0035007533630207264,0.0007585086715220775
2012-02-27,2.7439187289044753,0.006392354299151791,0.00034213157595746653,-0.004138312003955125,-0.0011633366815270245
2012-02-28,2.3587582423774123,0.018188248508186046,0.004432785427056649,0.016451094593141338,0.0022752673896790274
2012-02-29,1.3783715984408937,0.01304392227416726,-0.004774917003014123,-0.004087413499157847,-0.0063336162592266265
2012-03-01,1.7798849745986611,0.0037356682811300916,0.019635122802384608,0.01717999774378061,0.004058348869547547
2012-03-02,2.1645740806381317,0.001302551913173061,0.0043485802085443635,-0.006525016818169598,0.0064588182403515675
2012-03-05,1.5142776238659748,-0.022293589872340855,0.009302411493230951,-0.00876645318985283,0.009262371063472564
2012-03-06,1.7396167380679837,-0.005454789219276187,-0.009970326691582319,-0.007575912947901555,-0.017089276818714368
2012-03-07,1.5514090341807552,0.0008112241479088623,0.009308520404563113,0.008832444084171625,0.0025823532905674958
2012-03-08,1.7027459667229432,0.021069199658257806,-0.004975648079982553,0.005325597879751632,0.01026209114708704
2012-03-09,1.6669375738738528,0.005850073934524269,0.0019933710665164606,-0.0006251110675626656,0.004045515481536847
2012-03-12,1.6338494567750044,0.01245056326255701,-0.014037848285762027,0.0015620076712547317,0.001892445840821424
2012-03-13,1.6170150148977407,0.028749410014789138,0.014037848285762123,0.019471992666008752,0.013735963071644762
2012-03-14,1.6063499675150597,0.037112854796664214,-0.009671742123436002,0.0030560374498058863,0.004602292647673725
2012-03-15,1.6466978164135104,-0.006841870614962612,0.007345846841985167,0.002438715223288808,0.006232880125676833
2012-03-16,1.3361311342306057,1.730082063056317e-05,-0.010702417917645824,-0.007639959445999531,4.882643693642427e-05
2012-03-19,1.7362127291606977,0.02617610774704963,0.0006722476443478455,-0.012345781184505475,-0.001408863004281021
2012-03-20,1.9219752614913541,0.008052278892289974,0.011359604213220634,-0.006543012379853103,-0.007171210043344955
2012-03-21,1.5448277199435994,-0.00572610441136327,-0.023190242667350106,-0.002503749971016821,0.00215240799005987
2012-03-22,1.7333349828539821,-0.0052591964103744,-0.026879840054216498,0.002816392323248407,0.0039004385257414642
2012-03-23,1.0642442155143923,-0.0055044049649579,-0.002798095390748478,0.0003124687153311036,-4.881857890221821e-05
2012-03-26,1.2970359499145312,0.01817128849664514,0.021141199133507056,0.01795701882253701,0.011082671461404901
2012-03-27,1.0684350984583126,0.012280761197110399,0.006494594363783292,-0.002150179735637662,-0.002843496978455043
2012-03-28,1.080785619635051,0.005096728852803197,0.0003404870914243541,-0.01019926051463341,0.0005303199125984676
2012-03-29,0.8206558045870953,-0.012643801733580002,-0.0020457834519223474,-0.0021768513298971643,0.004716962905581703
2012-03-30,-1.3792863920797869,-0.0170501313198619,-0.0047892980032853485,0.004348898935367798,0.0018228031544532028
2012-04-02,-1.4869025052593616,0.031328346976065395,0.012608630957292807,0.0009297148142643423,0.003922533256376601
2012-04-03,-0.6708663163943206,0.017132283952904476,-0.004752304837616781,-0.010898446884657733,0.00014295032874231398
2012-04-04,-0.8225495711002688,-0.007992946604840396,-0.00785632611967603,-0.02312080621276538,-0.016604465410609615
2012-04-05,-0.9948848937081056,0.014897244599952748,0.013623999387220974,0.009883799026332588,-0.0028190338828730658
2012-04-09,-0.4059068875755678,0.0040161677851602885,-0.016749598203634537,-0.013414344257310478,-0.0025826267093243664
2012-04-10,-0.417500300992318,-0.012320041597109864,-0.02301367775398274,-0.02046542753526971,-0.012817536847959242
2012-04-11,-0.598085300769397,-0.003570616014668121,-0.007434806725303178,-0.0039460575955100625,0.0012349962202071203
2012-04-12,-0.03998303995367358,-0.005492426590857726,0.019705189056037364,0.02054544080047162,0.013434868303379637
2012-04-13,0.019476348537758578,-0.028568452692411456,-0.004890116715281477,-0.005502516345806331,-0.012349779237602993
2012-04-16,0.07263255402683172,-0.04235631299213879,0.0027971632193194676,0.008725230935642366,-0.0003941994403207835
2012-04-17,0.15009322811563786,0.04971482558048803,0.02210034343083907,0.011516388340480549,0.023064441396016478
2012-04-18,0.5061703933637582,-0.002233001058326788,-0.005136102245504736,-0.009587795495520995,-0.03592327394469589
2012-04-19,0.2231115449281032,-0.03496002625344229,-0.004127992266123623,-0.004183276678290153,-0.0031022945450368085
2012-04-20,0.24021947634128638,-0.02492334241671283,-0.004491156872497419,0.04446551820513903,0.0004503938789824961
2012-04-23,0.26353525951781437,-0.0022365088005453226,-0.013947346677857398,-0.009296320052567177,-0.004920999941189223
2012-04-24,0.41364691042435764,-0.02017766798362787,0.007346455635021679,-0.006246390701317474,0.006923292660505486
2012-04-25,0.45931406467828695,0.08502232069322206,0.006254798629629856,0.008733564771239247,0.017692400051135045
2012-04-26,0.3588733340171171,-0.0037776169947670323,0.005182155436806404,-0.0027986481461961276,0.009825772824781944
2012-04-27,0.3630618376623017,-0.00776419541133346,0.007552394315967167,-0.004057028368252568,0.00596484227090096
2012-04-30,0.415478171775643,-0.032050370389180294,0.005456718982398021,0.0012499945142784247,0.001304953619315131
2012-05-01,0.35729681192460594,-0.003173453382221708,0.005765752869273157,-0.0003122193121201881,0.004432663898450145
2012-05-02,0.5426670377190979,0.00659187956504312,0.004723167744451789,-0.006582129016021733,0.0002882897403228412
2012-05-03,0.5092300073017862,-0.007123959159184595,-0.011169374393057284,-0.0012583415527970096,-0.003949039339758178
2012-05-04,-0.03749960200270841,-0.02889350073798883,-0.03357257361441788,-0.02486603109788972,-0.010916067445859259
2012-05-07,-0.9479461561653842,0.007455784865816798,-0.017398510375620017,-0.010709380048024483,-0.006067325680253297
2012-05-08,-1.131763354275534,-0.002285369133243678,0.00035845272090970486,-0.004906016594582169,-0.007023229862936898
2012-05-09,-0.9840607001927797,0.0017584826930581849,-0.005385109366195385,0.008488937193072078,-0.001241436986349331
2012-05-10,-0.9792912457712311,0.0023514956903296596,-0.027738673402226664,-0.0006507591049038466,-0.003135686583797899
2012-05-11,-0.8936128354485655,-0.006700614136832726,-0.0007406718250803263,0.013570304629002123,0.00283765125585219
2012-05-14,-0.96539625246627,-0.015094819876398671,-0.0014827312236800735,-0.01552401774338668,-0.008637397295409468
2012-05-15,-0.8828700481772496,-0.009087708020880974,0.0037024115214136667,-0.008897914849861643,-0.0020074391555034263
2012-05-16,-0.9422051089148159,-0.012899650195911445,-0.012644215657807907,-0.010314126861616302,0.003460498528375371
2012-05-17,-1.0271939025189005,-0.029662057539986138,-0.017746514846335316,-0.006038435034619653,-0.009254944878641373
2012-05-18,-0.9509954105636176,0.0004903775079761893,-0.02468308395573409,-0.015257234801224194,-0.010208825766785397
2012-05-21,-1.2099716211302185,0.05662622916750232,0.025064069478216214,0.01626595975191508,0.009551544583817288
2012-05-22,-0.8351481511874688,-0.007708564813675312,0.0038003849143150603,0.00033617791991217384,-0.004764470801518843
2012-05-23,-1.0048859854380514,0.02410671687693047,0.01206668859297942,-0.022083207424006733,-0.0035626181878646588
2012-05-24,-1.1360056426956082,-0.009226317861309985,-0.021212781862121333,-0.0013753689326107803,-0.0001530264059922085
2012-05-25,-0.8486625247833199,-0.005374189482419289,0.0007653477494316886,-0.0003437433551947061,-0.009170590332116356
2012-05-29,-0.5475358562299013,0.017593071992337363,0.012167714436299402,0.01705948105395634,0.011055597022127278
2012-05-30,-0.30455676965400064,0.011985576537722836,-0.01102092403799278,-0.007470246697287627,-0.009872748953755506
2012-05-31,-1.6141148054967722,-0.0024892476233151833,0.011398798018866877,-0.0051258732888681165,-0.008414501099537864
2012-06-01,-1.7139220825776817,-0.029404140599659772,-0.017915634366612393,-0.025678203532020705,-0.02000112151273064
2012-06-04,-2.5492462553548134,0.005865248305587134,0.0076628487127534265,0.0035088871480719254,-0.00286026020781644
2012-06-05,-2.061430536519845,-0.0025906316750349636,0.019278749332877737,-0.001402111605651608,0.0034941956043182307
2012-06-06,-2.006282355962745,0.015217085848741855,0.030238059089740334,0.02903768244695207,0.02500215583119168
2012-06-07,-1.7920974434742745,0.00045446533026205336,-0.012794699394798633,-0.004096866397418226,0.002316489648416415
2012-06-08,-1.387132375919774,0.014930960772689487,-0.0007362242034861081,0.014266278682139201,0.0035943118672921793
2012-06-11,-1.3769242239548731,-0.015893084087547096,-0.01297039698227384,-0.025620064844654417,-0.013569447565823739
2012-06-12,-1.7241086949714508,0.008698623746620572,0.008172504181548225,0.0134043173990417,0.010541223097590448
2012-06-13,-1.426168873898862,-0.006966599111208624,-0.0003696976725192397,-0.005477565305715605,-0.007480748773503794
2012-06-14,-1.5861778035467453,-0.0011017287267575816,-0.004079979247963636,0.007183519298123825,0.010303976933192245
2012-06-15,-1.3239973253664594,0.00453838209024037,0.028934518139018952,0.022911622735732155,0.02029480581598108
2012-06-18,-1.4137214481875957,0.020088853577930357,-0.021160766191201618,-0.0060137412354526465,-0.004076508622272595
2012-06-19,-1.6982083954043983,0.002778261713050473,0.030503594196540248,0.028412629825876484,0.003222308509031207
2012-06-20,-1.1913742988211995,-0.002847006854280827,0.018778137310609712,0.007464191790204861,-0.0007542805744379747
2012-06-21,-1.5791494058535793,-0.013872915825287596,-0.024157452841667062,-0.025873650732216768,-0.02748971039328329
2012-06-22,-2.8061373104941363,0.007639384201598438,0.006808803424941471,0.0184094589420118,0.0016016328738590246
2012-06-25,-2.219004996143486,-0.019655714960378066,-0.013664454006453684,-0.027408121179291693,-0.0043459813602846386
2012-06-26,-2.3306019713558395,0.0022050629688976243,0.0075743370698217564,0.0050092325888678735,-0.004730235915853709
2012-06-27,-2.044643449623327,0.0043082023718125076,0.012143119681954808,0.004984585302965005,0.005455553950256769
2012-06-28,-1.676353678492103,-0.009531172142969791,0.0,-0.008655341119062972,-0.0083244084487752
2012-06-29,-2.053625109477066,0.02593234045446815,0.05288958744738767,0.022480104758242744,0.02160401066953788
2012-07-02,-0.12800035047813063,0.014483584475662987,0.003361493830758866,-0.0009810117810486112,0.0012774145342503637
2012-07-03,-0.23428457758591884,0.01156099173459745,0.0056881877455888024,0.006523464514571557,0.0005103994686675929
2012-07-05,0.7401785278723337,0.017415063623355976,-0.008376556923493367,-0.001952913085243798,-0.0032716593071061653
2012-07-06,0.8387875540756005,-0.006678347826211071,-0.018336922486462088,-0.016751815816870044,-0.020067974268233015
2012-07-09,0.3853413826250149,0.013133369881285535,-0.002745007229391045,-0.0063132327113241985,-0.00913227992621175
2012-07-10,0.7855965676059964,-0.009294979973191737,-0.0017200877444346885,-0.008704359229156286,-0.018142262616189283
2012-07-11,0.31991866128054086,-0.0062347407698691865,0.00824504445485013,-0.014905930514208134,-0.00543678803269501
2012-07-12,0.8220787826257095,-0.009191208665574446,-0.014126214348756768,-0.023132023520451267,-0.011728612268719862
2012-07-13,1.0855143136616288,0.010083983502705446,0.026028758789806934,0.026198913319128415,0.01582252470152538
2012-07-16,1.0649243030628635,0.0032016528549382393,-0.002030380573316197,0.001700154899258168,-0.006580243532219009
2012-07-17,1.5717656884044113,4.997082586640068e-05,0.0134593480690968,0.007445050093578502,-0.00618820942012133
2012-07-18,1.7534415211573,-0.0011210594528337796,0.019199417310512865,0.026286837576382064,0.024738767701635005
2012-07-19,1.7828104923054047,0.013206716674204668,0.012058039288031317,0.007198753463786316,0.03697080911912329
2012-07-20,2.358178024726344,-0.016445439893273874,-0.02459491764756255,-0.018095794217355545,-0.014904781871587782
2012-07-23,1.9683452064916451,-0.0007780042895766283,-0.015727494764861755,-0.02828467441548696,-0.008453830538710978
2012-07-24,0.9128245338164133,-0.004830694770538762,-0.011192574508119578,-0.004449777880746064,-0.0025708376833899955
2012-07-25,1.0496760271011072,-0.044143764494105064,-0.0020484834940353064,-0.011038102328649557,0.003880028141059554
2012-07-26,1.0003913712836727,-0.00015692664952584616,0.024975829466069126,0.011381198701806273,0.014908471017559124
2012-07-27,0.9399846682502133,0.017724387738807947,0.025342963290837454,0.020367376609295915,0.012501599580049119
2012-07-30,1.1268001724562766,0.016726450893437363,-0.006193867914460774,-0.004040391471629751,0.0014759511112156902
2012-07-31,-0.46383911559087176,0.026092363544846158,-0.012504029718514737,-0.005752162172551098,-0.003565295413955074
2012-08-01,-0.9592418183172624,-0.006488417568652926,0.003965408014877449,-0.002037665937299054,-0.004090081971847194
2012-08-02,-0.5735863124170864,0.0016135020195482926,-0.013280289322773416,-0.007508739062531911,-0.0037475439868431028
2012-08-03,-0.6001290892702295,0.012930327309440253,0.02638682545882732,0.019002780724099635,0.02071467421845167
2012-08-06,0.5901722555541888,0.01106408738627302,0.009073176902789689,0.00670040528576104,0.0012079794706608775
2012-08-07,0.607552586182155,-0.0026376543563982374,0.016000255303830254,0.010297476562251872,0.0058694973429091685
2012-08-08,0.8818095363296374,-0.0016923411191935149,-0.010852509298789297,0.002310503060965801,-0.0002510031057661414
2012-08-09,0.8199174414201434,0.005686590915983725,0.006717105984071763,0.005589197978240733,-0.003069926088705338
2012-08-10,0.7892367506055261,0.0015615275542549738,0.0076211406899177785,-0.0026262264885841716,0.004375368408257672
2012-08-13,0.7256032970207746,0.013262257825441737,-0.007939992463118878,-0.000986576087151169,-0.0014062110206906448
2012-08-14,0.7656923341815076,0.0026784389237165308,-0.00031895347208216624,-0.001989530355590842,-0.0036242576151387018
2012-08-15,0.8919900096142965,-0.0013620068386746512,0.0063591544915674566,0.002321091658069088,0.0005550338685802667
2012-08-16,1.1394448316038412,0.00869674358586301,0.015099680879927791,0.019022961016901783,0.012222708863338656
2012-08-17,1.3567357598790737,0.018327251580815218,0.005293323396210335,0.0038910170599631057,0.0018900023267424413
2012-08-20,1.335049713010639,0.02595220604392998,-0.004981504541203349,-0.005191654571201729,-0.003584315170189106
2012-08-21,1.2520325527080858,-0.013760319333058144,-0.009092381673298235,0.0019500888209545543,-0.009269895055845296
2012-08-22,1.2014209092143686,0.019337435930157618,-0.0015760214984414786,-0.008477437770571389,-0.007072287278717861
2012-08-23,1.1775229745101983,-0.009372675353586657,-0.0034758232169732066,-0.009210686267126596,-0.007889517252293848
2012-08-24,0.7556032668158289,0.0008897385658213014,0.011331355188101784,0.009865082780872947,0.010522282587019864
2012-08-27,0.7487034961325207,0.018612959553540365,-0.003762723137413664,0.004244851190829216,-0.010572565242254287
2012-08-28,0.603482299483134,-0.001303079662135388,-0.007885410715091133,-0.0019570076461444645,-0.004199817654712771
2012-08-29,0.8738616427269108,-0.0019732109250014205,-0.0028536057408041237,0.0006530223690640779,0.0010770016644689154
2012-08-30,0.626617608867483,-0.014356930034762025,-0.010214221461318895,-0.01082519447219367,-0.0088041556424304
2012-08-31,-0.026696092578880448,0.002061418531587922,0.015282067302213086,0.016356477435780555,0.007624577490800209
2012-09-04,0.2920655063162617,0.014520469666254764,-0.0025310452170357474,-0.014050308572296326,-0.0015920051056551368
2012-09-05,-0.16612750678225574,-0.007047621357959149,0.015713702628950773,0.0,0.0025666406250620276
2012-09-06,-0.21258041350609308,0.00897170328018874,0.017311305122909806,0.031100670119730382,0.0206027374507368
2012-09-07,-0.06994943989580446,0.006147592733529178,-0.0009199661629592374,-0.012841478686286108,0.0020073035969795567
2012-09-10,-0.0775907498724216,-0.026357129290978793,-0.008935348556149697,-0.007458954903103015,0.00724133526984165
2012-09-11,-0.14513592202063594,-0.003249316953288455,0.00030947813314566644,0.0022758630405373343,0.01147945200557558
2012-09-12,-0.07855593927714435,0.013830761223219516,-0.0018584517754189193,-0.0003243499288091399,0.0024564783295109027
2012-09-13,-0.1266993016925468,0.019501341960738383,0.011097750851077533,0.005184536352735943,0.012630240185555345
2012-09-14,0.11135929323633321,0.012079280918140561,0.010065813779083768,0.008688281250747667,0.0021783083521315113
2012-09-17,0.07628797440303024,0.012221007917093567,0.004541742494408999,0.0,0.0016426601587195694
2012-09-18,-0.29734235287579575,0.0030390622980102006,-0.0024196106204624375,-0.0009612606278362313,-0.0003862313580283079
2012-09-19,-0.5818867717869913,0.00027112215728425593,-0.0072948705237755,-0.004178310677569282,-0.003095232934688789
2012-09-20,-1.45657556836472,-0.00485461503246438,-0.01599082598033227,0.012800537425370665,-0.0012116254565223957
2012-09-21,-1.92689448291411,0.0019873947753307935,0.006488664037965265,-0.008301652591208668,-0.0009708264324192273
2012-09-24,-1.6555252627730614,-0.013373194575085436,-0.007729022266225477,-0.01323213113224007,-0.0033557698934233915
2012-09-25,-1.5997491645654853,-0.025288541652649172,-0.028969500335790332,-0.01275174964206945,-0.0015107215921361854
2012-09-26,-1.658499689667867,-0.012489540880579419,-0.018378435127805952,-0.007265509756329887,-0.004792829692361217
2012-09-27,-1.8230964068760334,0.023974280233555644,0.015819499437913845,-0.00033165261064965437,0.009319725252200463
2012-09-28,-0.5908211842820725,-0.021092036018943362,0.007657913679195271,-0.013351231414362293,0.007450859107889274
2012-10-01,-0.3696529239417908,-0.011624667136646005,0.006652968003605547,-0.009114020589566065,0.01445234692984992
2012-10-02,0.07621216572262285,0.002907419787069322,-0.0006317616023007538,0.005748072118748955,-0.0029975601273401773
2012-10-03,-0.13123004415416573,0.015217082968254707,0.005356780856897325,0.00672052500277983,0.0031879882343409543
2012-10-04,-1.0428447194875405,-0.006949487398209791,0.0025110379252469917,0.005676888734538787,-0.0005698023069990586
2012-10-05,-0.07250812665008288,-0.021541337288329233,-0.01611650410130781,-0.006012145788772178,0.0009497868909117702
2012-10-08,,-0.02234421026180799,-0.0067126617702781876,-0.002347696613181352,-0.0036632311392086414
2012-10-09,-0.5518005423540124,-0.0036419956875568173,-0.017144267112866998,-0.016932230938587062,-0.008759815720934132
2012-10-10,0.5506786515682742,0.007926198395588011,-0.0003269525821079851,-0.010298652984001533,-0.010487912975558318
2012-10-11,0.29548023898736636,-0.02018961459081972,0.00456778861203089,-0.0010358471153466382,-0.00029158027999738937
2012-10-12,0.45933903698052436,0.0025600980480128517,0.009073455682280513,0.008598573919456298,0.00986531133731647
2012-10-15,0.5228680957211587,0.007987582952500715,0.009630816240621834,0.010560283609376178,0.005423707042825401
2012-10-16,0.7053914514706596,0.02340221861008092,0.018046969306490874,-0.0006777699450108645,0.009858362485468402
2012-10-17,0.680702790068321,-0.008003452098564302,-0.020286084120914136,0.0033854812097341503,-0.05039530612599966
2012-10-18,0.6535117455519828,-0.018744321533188044,-0.0035282674470834574,-0.003046620122093078,-0.028668167906186207
2012-10-19,0.6478974677408588,-0.0367043472286971,-0.020780020552877216,-0.02958577680960514,-0.008240713379165506
2012-10-22,0.32265100977788064,0.03889923791634658,0.010444098903819907,-0.022599983620463143,0.005364058042689149
2012-10-23,0.09110178910919126,-0.033144122471935766,-0.006842108630370875,0.0017842047070604906,-0.01633662462591985
2012-10-24,-0.31790304631493177,0.005641241202203827,0.0003273786735336607,-0.005361934866284555,-0.002774727820472986
2012-10-25,-0.5436147911324425,-0.011888758353122612,0.008460705219309117,-0.0007170674126133473,0.0046035319842340485
2012-10-26,-0.3468456743388985,-0.009130331234120943,0.004203809649604632,0.011766954613829709,0.008678513905146472
2012-10-31,-0.3434054487076356,-0.01447547835520864,0.0028999831560078742,0.011630186210033422,0.006497648969537377
2012-11-01,-0.3945996841659454,0.002047450404381255,0.012787846053845184,0.03376103882118189,0.013378067870888839
2012-11-02,-0.18013155473925607,-0.03365024486105375,-0.008613955462083163,-0.0006776216431393184,-0.019048627224531052
2012-11-05,-0.47659147800754953,0.013466344253245777,0.0012808744723341993,0.004397367047387971,0.0036642595365143286
2012-11-06,-0.1432661790841045,-0.003032738902972164,0.012086694009506512,0.007732368986499565,0.004778506542157664
2012-11-07,0.6744503844668311,-0.03901353266265851,-0.02691602570362875,-0.026469375065329925,-0.015880912867578284
2012-11-08,-0.48728147077126416,-0.03696521317577247,-0.012089943146500998,-0.00932755729554894,-0.005560257665869593
2012-11-09,-0.2866101746202618,0.017164593695163186,-0.002303426654017339,0.0006936783133094127,-0.0024224370433456517
2012-11-12,,-0.007761998438857375,-0.0016488557763359702,-0.02138559653465792,-0.002059532822082541
2012-11-13,0.07623517764337351,0.0001288999357866604,-0.009284127283141886,-0.03268265081883348,-0.00492554234778963
2012-11-14,-0.01777687015529064,-0.011150690053008925,-0.014765295579325181,-0.009271374520413432,-0.015033888962139063
2012-11-15,0.3086574998676076,-0.021196125224322154,0.012430985754292268,-0.0067291410455797935,0.0018309412564597356
2012-11-16,0.14569992379334318,0.003911655610542756,0.0016676426938353375,-0.005265282476977199,0.005848136745518191
2012-11-19,0.4854726463539266,0.06962661403957555,0.004656049622204885,0.007887563876653894,0.018076459682596
2012-11-20,1.0883083047122124,-0.008556506376174368,0.0019889317111836786,-0.0007487763288515818,-0.006060266392062036
2012-11-21,0.2759075309303929,0.0014082232153103248,0.006600427268424011,0.008945698285292783,0.0057450282903114104
2012-11-23,0.46675952147560174,0.017295821658759557,0.0169607316787466,0.027449031547603423,0.016676546601825257
2012-11-26,0.6130183586593585,0.031061134338778922,0.0012928048547551784,-0.011254391005510997,-0.0031577270792388468
2012-11-27,0.5116235617367016,-0.008089764496870789,0.008362960496335557,-0.011382495427205737,-0.008591586264651705
2012-11-28,0.40616730938315143,-0.0031512414671078077,0.01840745517484667,0.010286291767364454,0.003914577302115707
2012-11-29,0.37674726032573247,0.010952685588868328,0.0012569050901681297,-0.015098436882251065,-0.0023469070325555824
2012-11-30,0.9088831882061014,-0.006946903757607856,0.010621833103277871,-0.012320628107155947,-0.007651440509446674
2012-12-03,1.1420066746226,0.0015535945423328736,0.004031575364088309,-0.007163187819401602,-0.003109249003032284
2012-12-04,1.0387557250928956,-0.017796734028348138,0.0021642786237720973,-0.002272386127516728,-0.0006336830131427738
2012-12-05,1.0876445629628348,-0.06652143902025599,-0.011805150388624047,0.011311802217110539,-0.003756428947582507
2012-12-06,0.7157270911434801,0.015561734137382675,0.0009373371255540165,0.0022474778805226104,0.005550880808208223
2012-12-07,0.30975984885445046,-0.02589699541962081,-0.003440209379837033,-0.010152409607185017,0.011790663468431927
2012-12-10,0.21643988938611625,-0.006452770939093244,0.004688167057027397,0.01797780484412718,0.003484385675182326
2012-12-11,0.05441375560883313,0.02160195884649437,0.008383780882233044,0.014006893328419073,0.008169356993464959
2012-12-12,0.22167604414428832,-0.004424143485438755,-0.0068640761987116715,-0.002932228634442085,-0.006457473974360501
2012-12-13,0.3217169524169534,-0.01742363605290892,-0.01038604212777178,-0.004783549163537656,-0.004987823713910685
2012-12-14,0.3974865105782609,-0.03829258109744872,0.01101171630665092,-0.011128064370256475,-0.0011985615779884103
2012-12-17,0.7787487961845743,0.01757686623931733,0.011201224879240251,0.010758818630127447,0.009652743385799632
2012-12-18,0.9176582022850823,0.02863248019844172,0.017178169479624885,0.016831766739354055,0.010634329136400266
2012-12-19,1.145036827539767,-0.014317946466953528,0.03613975252176964,-0.00911280192392108,-0.0031221712267339883
2012-12-20,1.720735421981428,-0.00874012130010225,-0.004409864342161086,0.013457521330502643,-0.0015905149897759265
2012-12-21,1.5089467845768438,-0.00461093624112149,-0.005317677289907467,-0.008344159765574588,-0.0069553825398922684
2012-12-24,1.0283508059983044,0.0016165628759467275,-0.004453204759354916,-0.014309531377039317,-0.005287387089562298
2012-12-26,1.1451418525786352,-0.013880266574492418,0.0,-0.007418315387199364,-0.0023415000786230827
2012-12-27,1.6839003201368299,0.00400732337296257,-0.010167605524467051,0.003716124844660487,0.00395159129839494
2012-12-28,1.5542590719806633,-0.01067693577947899,-0.007542275040421878,-0.015324617557416835,-0.015057463837832177
2012-12-31,1.4288879909941201,0.043356408002362894,0.009044247474344819,0.006007971740529668,0.009019655819912634
2013-01-02,1.4248091863261003,0.03119033827200719,0.04029350238054017,0.03350218283882552,0.024750232882995066
2013-01-03,1.741482594777864,-0.012702511984591111,-0.011014427573182106,-0.013486522058472238,-0.0055157521086389525
2013-01-04,1.731007389544215,-0.028249833715082783,0.00870580902826999,-0.018892706431922944,-0.006576567514699878
2013-01-07,1.7596553837722646,-0.005899913584218218,-0.005214264130497516,-0.0018715786904459331,-0.004391414580074275
2013-01-08,1.7639924433286274,0.0026877779600270497,0.00029012669080132113,-0.005259347398513992,-0.0013990100645877794
2013-01-09,1.6991913442004498,-0.01575228809223447,0.0005808076132208352,0.005633729624320873,-0.002855885966043974
2013-01-10,1.6663627614660868,0.01232015662490561,0.012973735994982733,-0.009029391162124535,0.002907787262229876
2013-01-11,1.5557854752505638,-0.006150603173577749,-0.001433382419453629,0.0138864855773518,0.008106979462550738
2013-01-14,1.5689918326526116,-0.036303543534174955,0.0028647131941875455,0.002234001086502043,-0.009455766979024385
2013-01-15,1.6309514329220707,-0.032058198207236405,-0.0074648320231448,0.011829826952731942,-0.000623349817543749
2013-01-16,1.1852453835896273,0.04067038187990849,-0.0017304981167964833,-0.006266957653043073,0.00046791214946569976
2013-01-17,1.4337661989719144,-0.006760484057195259,-0.0005775880292498735,0.007735938095143844,0.0054882896655153056
2013-01-18,1.622602169804963,-0.005345741328080702,0.014054263299116685,0.0,0.004225940020978376
2013-01-22,1.494605288904613,0.009494660568787375,-0.00513975183406147,-0.0036765927402515855,0.008245055934619576
2013-01-23,1.5287511497193234,0.018139881461936364,-0.006894711694193378,0.016801291307780106,0.04312050387562464
2013-01-24,1.2817262239031417,-0.1318845399230763,0.007180818650748659,0.0007238605198149515,-0.00146704736510407
2013-01-25,1.591902764534837,-0.02385628168811673,0.01251469953934021,0.009007393467711896,0.002687197051984473
2013-01-28,1.650953971331934,0.022367993117152436,0.004511772779364339,0.0010756837391357125,-0.00019485334875760728
2013-01-29,1.9131353966173603,0.018588470799030126,0.0067304317204038965,0.003576655719175766,-0.005039289389977928
2013-01-30,2.1332136991982305,-0.0031471039650101903,-0.011242204499768186,-0.005728925274440185,-0.0018653857879813893
2013-01-31,-1.3670293324032718,-0.0029373213719601967,0.0036671851010406102,-0.014466659782814471,-0.0022138162290503585
2013-02-01,-1.2231120629068928,-0.004114004147093923,0.019521130110410737,0.01733526757594725,0.010336936727069885
2013-02-04,-1.3469828286605463,-0.02522623165470732,-0.03027944472343801,-0.01769967900741605,-0.00679740180680806
2013-02-05,-1.6768446469195608,0.03448586631050035,0.009913404723623691,0.002183960258788189,-0.00491905703571548
2013-02-06,-1.4440039489711636,-0.0010703687866179016,-0.010768117329333863,-0.005834526871308936,-0.0045661972225493844
2013-02-07,-1.296716418236636,0.029300196259656876,-0.015503976181657648,-0.002197364370273277,-0.006388034722609278
2013-02-08,-1.2628356625160289,0.014334324597215082,0.009790066719183884,0.009848567081867632,0.009666266233707336
2013-02-11,-1.1966542653248189,0.010367575243838596,0.001717351788411024,0.011189226605818954,-0.007565319969057706
2013-02-12,-0.5868516839528175,-0.025385712100439828,0.004281345129925488,0.0007177943255195592,-0.0006000665520246893
2013-02-13,-0.37258791715543915,-0.0019039224668507197,-0.0034233436510402735,0.005366290835770301,0.00025039212638970913
2013-02-14,-0.41542116960030184,-0.0008998632452009236,-0.002575353267296441,0.0003564876828238018,-0.002201868994210248
2013-02-15,-0.18301978978051409,-0.013876533309102638,-0.002582269013543207,-0.0010704390602824453,0.006639791484470948
2013-02-19,-0.32962090165277946,-0.0003693690917054253,0.016806877651465886,0.009672106153574387,-0.003289337488976179
2013-02-20,-0.010917012326674025,-0.024516048334296194,-0.011077971854725383,-0.006437298364485711,-0.005054774019503735
2013-02-21,-0.3744080547586479,-0.006235385072391136,-0.02107157466852438,-0.013728947892412422,-0.00492885345990381
2013-02-22,-0.672492650405321,0.010592616848184525,0.013617377574465878,0.00977381401375783,0.013819928472999355
2013-02-25,-0.508319148246744,-0.017928000632501256,-0.01361737757446598,-0.014148488587455165,-0.01796325076097837
2013-02-26,-0.6034377509292097,0.013838198613582483,0.001165750019441464,0.0,0.008219025213947996
2013-02-27,-0.7673719657259723,-0.009848778034209669,0.010434851369514789,0.015948077338332277,0.015891864845452318
2013-02-28,0.5247200877250265,-0.007155911551532525,-0.012767847269782294,-0.0003595399404058228,-0.007441713679954345
2013-03-01,0.42338747375810537,-0.025073778828587988,0.011325486545574867,0.005381176778909778,0.010304044169541563
2013-03-04,0.1983522412557711,-0.024504021582948465,0.01205512113524564,0.007130124246619167,0.011173845734483495
2013-03-05,0.021808436117870866,0.026059072332337854,0.011629954535280285,0.007079645283781502,0.006509431076685098
2013-03-06,0.28966058120431176,-0.012791749486861268,0.01121672454779996,-0.009213559568505914,0.00891733605349669
2013-03-07,0.21974286890193645,0.011492141080882966,0.002228944495510118,0.0017787177205199393,0.004978673338086859
2013-03-08,0.529792693686527,0.0026441440999699774,-0.0064202347538857354,-0.004987814432995998,0.004573815952512532
2013-03-11,0.6473688559037336,0.014144596650991673,0.004749492654554662,-0.004653204960145047,-0.001427312415739747
2013-03-12,0.6289018140532399,-0.021794680972205046,-0.012621159038310615,0.001433776782392827,0.00223496302835587
2013-03-13,0.6286269537901046,-0.00018680209200840016,0.004224994060393576,0.00035812322010528617,0.007146078005303989
2013-03-14,0.6748994652711207,0.00964225455389244,0.02003335312080199,0.007849119390642922,0.017482521152404232
2013-03-15,0.6791268884772268,0.02547572524660605,0.0011014886898570695,-0.003560352478065892,-0.004086198674505532
2013-03-18,0.7673345798202844,0.026820094815854505,-0.008290088304876911,0.0021376314986320385,-0.007988223348727817
2013-03-19,0.9273648747506358,-0.0027026019924332374,-0.0097590067105986,0.002842750875461161,0.0010786910978921613
2013-03-20,0.5158211406537538,-0.005316654116096565,0.0022394854914775824,0.004955950979485079,0.0075608352332434455
2013-03-21,-0.1320321764276105,0.0014363235147362996,-0.10204210216546558,-0.007442999675414109,-0.013104906924024131
2013-03-22,-0.19611290283450622,0.020074456146059953,-0.009956589379412887,0.0049683449253333,-0.0008483941627033873
2013-03-25,0.20395877624235315,0.0036088809918819005,-0.02309133064394257,-0.0031910591168257626,-0.006338353393771845
2013-03-26,0.6366237332131535,-0.005277282122531301,0.00923722121603085,0.0,0.007657273721683989
2013-03-27,0.9831000201909288,-0.01984237853014692,0.012915241225497334,0.00742983206306567,-0.006946164573050223
2013-03-28,-0.4365090404163813,-0.021057439923141238,0.0118235834515041,0.008423857198055797,0.011363586895873032
2013-04-01,-0.007571658934475534,-0.03155478892582174,0.002471442416155338,0.0,-0.004322668656969438
2013-04-02,0.4351499720053264,0.002049571071812165,0.010130968945268161,0.006618991568253818,0.00927948114055475
2013-04-03,0.6190865944436461,0.005105769775121435,-0.010439627977206887,-0.008367968094614835,-0.007962110706349933
2013-04-04,0.11162995247273083,-0.009933602952231143,-0.0009266206894721584,0.0013993268509016213,-0.006368436848552922
2013-04-05,-0.274097332240224,-0.010623742406155195,-0.01055851180306432,0.0034903497491851434,-0.009032521882313864
2013-04-08,-0.47014064197798,0.007087212675240441,0.010249900684474149,-0.0038398741404859,-0.0004295317159185342
2013-04-09,-0.24487426627877074,0.0018048642168517859,0.020796102317498996,0.035055268976766495,-0.0004779955939847101
2013-04-10,-0.1658455167776876,0.020193832634430336,0.02066831159407269,0.022374897718066854,0.013199902889703885
2013-04-11,0.18427420614505588,-0.0031263726337882954,-0.0032666558876956993,-0.04526240106603306,0.0043304016590903814
2013-04-12,-0.16480788651604425,-0.010484513901328839,-0.004770120298157373,-0.005196778674783436,-0.007258579363860276
2013-04-15,-0.3345372438921127,-0.023422533729021422,-0.019922087512686034,-0.0034793369173068515,-0.010080524901420616
2013-04-16,-0.13178463347459884,0.015105139210065687,0.018725941635906584,0.009711651985357029,0.01300870260619063
2013-04-17,-0.24112783179883213,-0.05656281190918817,-0.028222108975214908,-0.004843750075069217,-0.011050972933928094
2013-04-18,-0.4885102590484487,-0.027050581313924158,-0.011453492831658406,-0.0013885649929809899,-0.012091950881155463
2013-04-19,-0.2417664228230832,-0.0038843998844638058,0.007752721076524157,0.03347313297711724,-0.08641911590653728
2013-04-22,-0.04290449482429218,0.020629252110200138,0.004623615004273374,0.03498711445489074,-0.011486919241313604
2013-04-23,0.16925966632125547,0.018539485099984807,-0.0018467530070927572,-0.007488143328289257,0.01992489965090013
2013-04-24,0.48135828472259146,-0.0016515106616854802,0.0015392807083447271,0.037207544002017166,0.0005221221770208145
2013-04-25,0.8704268880399133,0.007176086332941553,-0.007409921824332678,0.005651519479644098,0.011615990896626129
2013-04-26,1.1904519622594196,0.02136719525328731,0.0027851680002171334,-0.0047074405969870755,0.0018546724090774077
2013-04-29,1.1561893556823681,0.03049886725714221,-0.0037151640722129773,0.025467435490172313,0.0246032519582862
2013-04-30,0.35469988703689137,0.029008751623137364,0.01661071511934066,0.014914352257192717,0.0168793903371908
2013-05-01,0.12129841274150044,-0.007912989533628933,0.01152564238847625,-0.011547043404647352,-0.01447170741307577
2013-05-02,-0.3647624057697749,0.014082172598205808,0.015856723667977118,0.013357834189826896,0.013730812086452505
2013-05-03,0.5232814356044846,0.009961214759631012,-0.009244350580106671,0.009902708916989234,0.01042046926117847
2013-05-06,0.6935860735007486,0.023565463673006853,0.003886967839229524,0.007733182403966214,-0.008495517644789199
2013-05-07,0.8352452863239491,-0.004459690490371054,-0.007488333441801103,-0.013122499745464113,0.00418338484088084
2013-05-08,0.8051152023273561,0.011230540441157849,0.005995436804815993,-0.009653197089075085,0.010503064177417936
2013-05-09,0.8083538738409577,-0.00876241322378538,0.007146846563330299,-0.010053625792303542,-0.007743745174282357
2013-05-10,0.8575254727004828,-0.008354003518092559,0.009450884453025396,0.0009181475584135384,0.006032991222698347
2013-05-13,0.9911882931784384,0.0038998052728075965,-0.007079930768986178,0.010347298697982546,-0.00982942063284312
2013-05-14,0.7234181435827175,-0.024216605444564294,-0.003261469597750023,0.022011967539997613,0.0036482710382610855
2013-05-15,0.5538810252244025,-0.03440216836627796,0.00945899207203431,0.009498605060807668,0.0005416888657126079
2013-05-16,0.6789238530522985,0.01327290281823363,0.011118025207396189,0.006771583786968635,0.006715293819363858
2013-05-17,0.9406704034013107,-0.0030418854869946094,0.01902079273354168,0.02291615695197823,0.018154772540435814
2013-05-20,1.1036402006834694,0.022073646000689392,-0.0037177263713467816,0.006004257321820901,-0.004038143891646044
2013-05-21,1.0896996190916244,-0.007410157797794436,0.005713909462473703,-0.006578049692682978,0.005045121261843366
2013-05-22,0.8997082299886784,0.003836744425848705,-0.02831745364923497,-0.0069105000726217706,-0.007988161728867358
2013-05-23,0.4397562830153868,0.0017883381147609228,0.003218794574798676,-0.01337983731442342,-0.00401733696464066
2013-05-24,0.48068681050595097,0.0067848825130737275,-0.00527264346899671,0.003507417631723227,-0.0021368792685982746
2013-05-28,0.4427437906717899,-0.008369232298481709,0.013998644829178349,0.021648989955992112,0.009963660921444578
2013-05-29,0.8529054622598429,0.007919546456060076,-0.003771796534558153,-0.004005269952790514,0.0006736478909592033
2013-05-30,0.41555907726327496,0.014790801348112132,-0.0017460074726801218,0.004290981841756692,0.006902043461509139
2013-05-31,0.15542397975733374,-0.004105009881878677,-0.01644206178485632,-0.003718287255843568,-0.006420890035881569
2013-06-03,-0.025101331643666958,0.0021987563698591945,0.017897066340301818,0.019578063155824874,0.004460499393078841
2013-06-04,0.20144298209399086,-0.003133241305768377,-0.006710240323784842,-0.017002310017699772,-0.013297069167690957
2013-06-05,0.25934182441518155,-0.009391793924624308,-0.0011717561594026219,-0.006020353775337441,-0.016873511346160105
2013-06-06,0.38773161454784266,-0.015052800862918768,-0.02282599805895594,0.0051626627323491355,0.005214694941449202
2013-06-07,0.8274766583601624,0.007611515727553057,0.013698888299996468,0.020105438925950278,0.012434340822446316
2013-06-10,1.5323630878839847,-0.006631390728308813,0.007073260864761407,-0.0056232089071132155,-0.006465818432429833
2013-06-11,1.43775865486275,-0.0029434041897104237,-0.014196702361506393,-0.017920705768082554,-0.005085581805044301
2013-06-12,1.4171076028714762,-0.012439817453775898,-0.0014907093427203478,0.004581989668291621,-0.01372254942843038
2013-06-13,1.365115235655308,0.008685170570606502,0.021544289719820413,-0.008032261855119497,0.01269244109302754
2013-06-14,1.563483238089865,-0.013648822990285076,-0.0141133464125765,-0.009259488628541954,-0.007734470630681805
2013-06-17,1.6874742313927094,0.00452365338265657,0.014697172236633617,0.017291750483661286,0.004145568939882003
2013-06-18,1.5930442564969132,-0.0005325740265652062,0.003786144454969353,-0.0005718614338757496,0.008972724617033656
2013-06-19,1.8374334517333144,-0.020520650845663947,-0.009052344722151539,-0.011211407221965597,-0.014405269945890524
2013-06-20,2.6679495632131203,-0.014669681626750216,-0.026153366934512118,-0.032317822912712554,-0.022992220389353498
2013-06-21,1.1403952029379012,-0.008045253181139645,-0.09699783302617093,-0.006591307790061754,-0.009622652306134214
2013-06-24,0.6897306602447728,-0.026862937875183113,0.0009950684483116927,0.013435503243761061,-0.009871640250028348
2013-06-25,1.174004579659469,0.00022357579754206822,-0.0069849709405112505,-0.0014839040880673202,0.007413037355551932
2013-06-26,1.184142723006411,-0.01139018982685792,0.005989902492199599,0.01999449954683434,-0.0006156472256029856
2013-06-27,1.504325978121154,-0.010835541450514212,0.010232805399679128,0.00782948733997453,0.004045561582004714
2013-06-28,0.8556845735027041,0.00695969752618374,0.008502531304998383,-0.002313484240196442,-0.023477795354568315
2013-07-01,0.7069001472438157,0.03150092113829835,-0.01973108857917207,-0.005224719187328576,0.0008893260938997659
2013-07-02,1.492930333890621,0.022400330602500813,-0.00033239427129056647,-0.012298734682720936,0.0011492855679962573
2013-07-03,1.8340838163583342,0.00550472446785405,0.019737583858611754,0.0020600693276285895,0.009097135263547875
2013-07-05,2.0921026752859113,-0.008064945118388801,0.015834902418992377,0.0058631437339552684,0.00865549666178638
2013-07-08,3.206189052380573,-0.005693911751330181,0.014640810781807621,0.003502029471916382,0.00025663741093621213
2013-07-09,2.5386842923310313,0.017435269994604766,-0.004115865628798817,0.0005822082367715003,-0.019054402784614743
2013-07-10,2.550627893861482,-0.003843039086678231,-0.0054290834871160215,0.010138104378387802,0.004953601896718207
2013-07-11,3.164953772838699,0.015471858202865375,0.019972470696887738,0.028130857946627667,0.0028570669621227735
2013-07-12,2.159305713477888,-0.0018272205641309777,-0.019331910291015067,-0.0005607366620238567,-0.0037934925390023288
2013-07-15,2.428965900520767,0.002178094790414288,0.024029038192233922,0.013920409528557286,0.009998302770237352
2013-07-16,2.1862368151423244,0.006436442154864486,-0.0003126246450393871,0.0027605265205664932,-0.0007735928040189783
2013-07-17,1.8303020713613256,0.000255444136394627,0.004987577387183276,-0.01472068238656054,0.0036041757825365475
2013-07-18,1.9744294967141476,0.0033641867339714395,-0.004674952742143821,-0.008429211739497369,0.017527728472184586
2013-07-19,2.0055211548859884,-0.015898508971567533,-0.004697127901218807,-0.12103315938313185,-0.022732425111715172
2013-07-22,1.8767590392331528,0.0031952903965510645,0.00031385333212284036,0.01924007592262088,0.002837846112248578
2013-07-23,1.3001840131594562,-0.017319319141930547,0.006255893493931415,-0.005953203035477912,0.004575191243303394
2013-07-24,1.2032058943358972,0.05008575952419789,0.009928789410270722,0.004390258157894471,0.008325188835356634
2013-07-25,0.8405334162146938,-0.004573612261091268,-0.0006181507612363756,-0.017995803293478878,0.003097707391062129
2013-07-26,0.8447341418958836,0.005662340452461049,0.005238454168840407,0.0073005567445003135,0.0006583589741918377
2013-07-29,0.7733262459106653,0.015302570213605959,-0.001845759416684789,-0.002533257576499694,-0.00579274598978445
2013-07-30,0.7454436603131266,0.012273806037023176,0.002153055038268467,0.009780828682170131,-0.001020032257754911
2013-07-31,-1.2947921800778213,-0.0017444703714964047,-0.006163426927656727,-0.00031416911797955,-0.0049611002381327075
2013-08-01,-0.7435173402997852,0.009129246873220679,0.012289028147110815,-0.005353294673523652,0.003940026452088173
2013-08-02,0.1037022532199936,0.012750080479630355,-0.0055112931230755025,0.006922492921850108,-0.0033249470467913603
2013-08-05,-0.4053377290870123,0.014828664387941594,0.006426849202085587,-0.0059758916659442525,0.0017406620200922775
2013-08-06,-0.2991188205707873,-0.008987057670251876,0.006689052914342102,-0.003792386797694225,-0.023338978903482466
2013-08-07,-0.42040990064539274,-0.0005804207408550224,-0.005469637388242201,0.015085106371647972,-0.007818328740627776
2013-08-08,-0.5228613127632402,-0.001993669984778848,0.006075571082908678,0.02555915567305346,-0.0033465411087188895
2013-08-09,-0.9981430878932893,-0.014331916610101279,-0.0030334168133397707,-0.005793313901798161,-0.0005858057179042582
2013-08-12,-0.34476015610210464,0.02801195367196536,0.00997442061728376,0.00518518203288832,0.0067388001164691005
2013-08-13,-0.42383800350764006,0.04642759405309941,0.0,-0.012640578911201045,-0.0035492238650880388
2013-08-14,-0.09040925699307434,0.01807609709366824,0.009578319650583311,0.00371619884020792,-0.004735014684867024
2013-08-15,-0.16583032223672411,-0.0011839091131784316,-0.025340726385169984,-0.017462282855483523,-0.009321922140731001
2013-08-16,-0.03454899112156477,0.008838155350786884,-0.009825140709401345,0.00031472979982272945,-0.002424605469884177
2013-08-19,-0.0794819997907947,0.010711915454823074,-0.010857884429449101,-0.012977023329709524,-0.0060068294899636365
2013-08-20,-0.020022289324434006,-0.013223682959788065,0.0043573541875189265,0.00730035471679302,0.0017890876018362202
2013-08-21,-0.6171064546153885,0.0025713478190300294,0.0031007816718600653,-0.00031615375962701413,0.0016244784558416317
2013-08-22,-0.6085732655966489,0.0011932639059822584,0.0030911253178503594,0.024376357050140633,0.0017833512096279206
2013-08-23,-0.135295657079881,-0.003864540946019784,-0.019636015877372227,0.07032950341992399,0.0012409261715466049
2013-08-26,0.15781171464023977,0.0038845613810325197,0.017782487529234683,-0.017416800034195375,-0.003673752126206462
2013-08-27,0.09697644642421371,-0.02900703912724714,-0.01746796304992361,-0.026407140007806394,-0.010885011297073897
2013-08-28,0.6238634894955216,0.004716986297127302,-0.0037829523073179363,-0.00724199947019501,-0.0031789628603256063
2013-08-29,0.9128106338810724,0.0016285633775867264,0.0012625991155659972,0.015923193401245955,0.0026317947867820846
2013-08-30,1.0933480538753768,-0.009152754178155623,0.005034732309091743,-0.00448075933559911,-0.00202808112148717
2013-09-03,0.9495000549411576,0.002786911899308809,0.005009510710653434,-0.04657722436117845,0.009228933269389464
2013-09-04,0.8462926496925283,0.020481395299368422,0.009325394795771798,-0.02156089159492405,-0.0045217663536496
2013-09-05,0.806470135588264,-0.006881592868860137,-0.0018584067069848378,0.0009612117254193008,0.005554133148506101
2013-09-06,1.360652197885352,0.005938831793485602,-0.0018612935084293483,-0.002564739560824672,-0.006100638398983287
2013-09-09,1.7749905903138425,0.01583097324750334,0.016936531193955762,0.016239573397268208,0.010597771437671316
2013-09-10,1.140862061544904,-0.023042678066346717,0.0033531126391858003,0.022796072420865808,0.008719617230965633
2013-09-11,0.8488141268815215,-0.05598122300212708,0.004857430048832912,0.010747751635823363,0.021734290764261335
2013-09-12,0.8154685504275179,0.010590894731617546,-0.006989870141364093,-0.0015288269149935393,0.00015736730799389872
2013-09-13,1.3549424451696273,-0.01661734391244981,-0.010115126525799005,0.010347083460957222,0.007521645154453522
2013-09-16,1.3030304143050888,-0.032308183550472235,0.015589473456991942,-0.006987694676954411,0.005086867248877121
2013-09-17,0.619545254472948,0.011486235805208451,0.008757261887783292,0.003955736393480833,-0.005138585145004669
2013-09-18,0.42167632713837,0.020348655484862792,0.01817431543620004,0.01177390051351769,0.011692101310665682
2013-09-19,0.68280529334134,0.01626506132688309,0.0005901698045163026,0.009557739993320017,-0.0053118329613862664
2013-09-20,-0.16964609150861898,-0.01040710554683527,0.0047100134817163256,-0.025592084197620536,-0.017579760972878004
2013-09-23,-0.8567810834609633,0.04850336456659891,-0.003235669058473428,-0.001525854571707157,0.005091690700460788
2013-09-24,-0.9637661605087791,-0.0031433667544577683,-0.008878369081151426,-0.008897355824835902,-0.0053545482975400184
2013-09-25,-0.8040264488447371,-0.01559855614529093,0.006813854853392209,0.001847336002348432,-0.0026357829148664527
2013-09-26,-0.9817032605185794,0.009692610940543406,-0.0017729433511705058,0.007965471130792653,0.003950762692777563
2013-09-27,-0.7977300281460304,-0.007162097961336744,-0.0008880616859903161,0.01514262264616198,-0.017500434695642872
2013-09-30,-1.3172260122149717,-0.012506764937954057,-0.018222559606585056,0.0003007313682228551,-0.00935262430953096
2013-10-01,-1.1868550516864278,0.023241339480256633,0.009899404103671409,0.008974183554081588,0.006459094947885038
2013-10-02,0.234727062931674,0.0032734851214435627,0.005358360156087272,0.010073875552308173,-0.007647966999629086
2013-10-03,0.4489719854933836,-0.012641812710986751,-0.01315000584722854,-0.0017703401026503193,-0.005964867884264984
2013-10-04,0.367143484404827,-0.0007867333699113566,0.0027138682301603586,0.0005904845606952089,0.0013044532960769456
2013-10-07,0.5878219953992176,0.009724214068748252,-0.011203894983317234,-0.017267291485129038,-0.011417617978999012
2013-10-08,0.23161534287954583,-0.014060091477370586,-0.014415581158703653,-0.008747286695198832,-0.018240905999449514
2013-10-09,0.33673557187018555,0.011679405161704903,-0.005575488171049466,0.00181630719848502,0.014442879770099658
2013-10-10,0.15823068147666008,0.006248351520074673,0.024548658463016952,0.020650053269383954,0.018848215490039948
2013-10-11,0.38394098100036544,0.006453017014139419,0.008150572892562775,0.010900277891008463,0.007494526451130108
2013-10-14,,0.006533449389511751,0.0006013086955149445,0.009332031496439476,0.0043423108809726866
2013-10-15,0.1449776084513279,0.005307592649869787,-0.01605332596589931,0.001160615179986171,-0.012431953101886724
2013-10-16,-0.20553031685543655,0.0048606407042719344,0.008210335638756871,0.004339526483585271,0.011147114107608491
2013-10-17,0.0476125774586981,0.006742774571077859,-0.004553299323240216,0.008050797996718694,-0.06584960558132122
2013-10-18,-0.5781659909363825,0.008664154348028676,0.0009123479320394154,0.0011448696721501875,-0.006023848588235721
2013-10-21,-0.33448293707461857,0.024208496545671566,0.0015188488888284112,0.0008576100507584715,-0.005308090601550289
2013-10-22,-0.6176905321443003,-0.002862097646740432,-0.0015188488888285422,-0.01178678882005016,0.012132274098386672
2013-10-23,-1.087077924833721,0.009743411587915873,-0.0060976561647988195,-0.023998939950596716,0.004562088744205288
2013-10-24,-1.1229357777348747,0.01315245178337069,0.011251453938174302,-0.001185450509460489,0.011482876949467183
2013-10-25,-1.0035578737564734,-0.011249087597308164,0.0024164418610663273,0.057899440067517106,-0.00535738092221127
2013-10-28,-0.8163481152625169,0.007425534817632346,-0.0003017534394867404,-0.004488021342406889,0.0028230136032136614
2013-10-29,-0.5023889281924474,-0.025227446859603903,0.017053524739093016,-0.0014069749977684185,0.026540551504031985
2013-10-30,-0.48065280021833406,0.015784159885432334,-0.005354082986865124,0.0005632894312543384,-0.010875646102268537
2013-10-31,-1.1947500216749787,-0.004199967489057553,-0.000895129364037197,-0.00366450324706414,-0.00523155882181017
2013-11-01,-1.0809610206350493,-0.005121219136065062,0.000895129364037156,0.0033828981933094683,0.00011186050324758239
2013-11-04,-1.3480297242142776,0.012840203872161494,0.0053540829868651465,0.01147324298641027,0.005785569485427955
2013-11-05,-1.111628141266422,-0.0024720706323471306,-0.006249212350902393,0.01928989683072915,-0.013515192528601212
2013-11-06,-1.4073519719025,-0.0028365958894352944,0.016871937139429184,0.04117155278120429,0.012861945523191634
2013-11-07,-1.0344745512331164,-0.016315194059508674,-0.002056904848059502,-0.017971116464818384,0.004510111074684199
2013-11-08,-1.1432979148804145,0.015624047299841385,0.01024153785535505,0.0074388840013475035,-5.5718888270716934e-05
2013-11-11,,-0.002905029247637169,0.0005820326204278986,-0.005041608179966861,0.015929024573037527
2013-11-12,-0.8268399976229859,0.0018482202538970768,0.009555744843564255,-0.0061372923939977736,0.0010386300679696276
2013-11-13,-1.1892506851426048,0.001191242631889697,0.008608184843622952,0.021186986073989722,0.002618295141008518
2013-11-14,-0.7982617846917686,0.014359826954348058,-0.017873174116964027,-0.0036753339212566385,-0.0073269138083682005
2013-11-15,-0.9193642159924116,-0.006020610342775467,0.01558506505575044,-0.004745892220552442,0.005363942500601109
2013-11-18,-0.8741124526154225,-0.012188128519583317,0.0002861108665542584,-0.017057486256495256,0.0069629858104559295
2013-11-19,-0.8477053505457631,0.0017725245603521882,-0.004878756925555428,-0.004887902955978187,0.004219111716062295
2013-11-20,-0.6169598412199917,-0.008796530605142974,-0.0002877088377320759,0.009212074522177533,-0.0003238234891675819
2013-11-21,-0.6417052754117524,0.011852105014889472,0.005452626403633797,0.008592772305419018,-0.005740157646012459
2013-11-22,0.0016739435680115378,-0.0025745027558841593,-0.00315307207333422,0.004535143152414574,-0.01548907180345573
2013-11-25,-0.2074857396323228,0.007551273640807891,-0.0014361471663873965,0.0018614790857047448,-0.013102313611446528
2013-11-26,-0.4149534468215158,0.018276054272837343,0.004303058599375345,-0.00773452062650676,-0.009150939150666443
2013-11-27,-0.5209216805481877,0.023274310261242232,0.010253798032158824,0.006671295267325866,0.009318336534214643
2013-11-29,-0.11486074315394157,0.018348036924610595,0.0,0.013997449729621978,0.003959523902892593
2013-12-02,-0.11473183097429837,-0.00874220111039508,-0.005968389931540921,0.008357556396128842,-0.012319925964080453
2013-12-03,0.4982245684122051,0.027007703993037976,-0.0002851494576112754,-0.0036477224879072068,-0.007919177204575543
2013-12-04,1.0625050145883081,-0.002333431559385495,0.0,0.016310115845459335,-0.0019327858789195808
2013-12-05,1.1988071939418041,0.005119655251267181,-0.0062931562677999335,-0.024435250719349006,0.0019327858789196365
2013-12-06,1.2783258036980045,-0.01397343048799098,0.0179160448731357,0.009429167212962325,0.008989318142553259
2013-12-09,1.4162434045825234,0.011381151026819192,0.003376380444691411,0.009082650459626938,-0.001182574780063699
2013-12-10,1.1520933267054598,-0.0015547867238249122,-0.022728276317639434,-0.01562139874696536,-0.0019180367361311958
2013-12-11,1.2051354017597642,-0.007436318199197032,-0.006920237753449648,-0.013206808842428702,-0.01089888816570154
2013-12-12,0.837947053872752,-0.0014616755439508552,-0.028171053742264897,-0.010423493910208727,-0.010500404176097657
2013-12-13,1.0348257079448258,-0.010960029591835263,-0.011072851492003636,-0.014341765516722768,-0.0032931781366125476
2013-12-16,0.7278363546429012,0.0055218279989609756,0.009285593800625004,0.005435759808142737,0.028805836698699454
2013-12-17,0.8122341799576307,-0.004511945716618194,0.0026798610243288245,-0.010080371005345323,-0.011821101356370444
2013-12-18,-0.11036452276278441,-0.007633153613670885,0.02843517630821217,0.0016419691672010725,0.016589119116953998
2013-12-19,0.12672131854211266,-0.011522874018757094,0.0561942950793761,-0.009062721735431321,0.008469503728076401
2013-12-20,0.7553129010409806,0.008340433602975622,-0.006303868843140913,0.015058703181187664,-0.001110265092355983
2013-12-23,1.0693058070832226,0.037659161765613465,0.01527999870976724,-0.004903945229315129,0.01220189739565357
2013-12-24,0.9853195225279429,-0.004254056898115989,0.010505361417557665,0.012483937208985529,0.005417881096229072
2013-12-26,1.029248932071896,-0.0066630718956782265,0.00986525041432732,0.00966180372872347,0.01155819578144583
2013-12-27,0.8433740552939112,-0.006779260384262468,0.007664560818822764,-0.004014216920357671,-0.0014575627808863668
2013-12-30,0.9959364577331102,-0.009994842294823081,0.00026390975553334996,0.0,0.0071602567821920215
2013-12-31,0.07441615415924885,0.011653505804920878,0.007081995800185442,0.003212735685915852,0.006203304269559737
2014-01-02,-0.12394791085951792,-0.014162947278827439,-0.01103843428893491,-0.006705663458796279,-0.010935398207691592
2014-01-03,0.10088426399856176,-0.022210846405159676,-0.00265497959774951,-0.006750057264077498,0.005965328326915481
2014-01-06,-0.304558797256411,0.005437773532710256,-0.003994479159524681,-0.021358948038969754,-0.0034347092612901195
2014-01-07,-0.44433807893004246,-0.007176869320024988,0.010090179294107755,0.007719825417406916,0.019749302758689743
2014-01-08,-0.29391190109446164,0.006312415042578991,-0.0034405990134431107,-0.0180132670345112,-0.009213833647812083
2014-01-09,-0.35218757067284284,-0.012852195127550028,-0.0018575685577671955,-0.006452724448868602,-0.003143622326254386
2014-01-10,-0.3659985774870814,-0.00669507014366215,0.012143333111456711,0.01425217721325036,-0.0006407351913603422
2014-01-13,-0.25528128207893147,0.0052217892480120156,-0.009490831577613542,-0.029853234965894093,-0.01669338752352078
2014-01-14,-0.6073165056421752,0.019702649984972637,0.012111659506569908,0.02261250218375945,0.009511878018606113
2014-01-15,-0.2917517027883041,0.01987874572132464,0.005220661854300352,0.0270211284658369,0.00974129421441783
2014-01-16,0.23951017978630246,-0.005595907969453403,-0.003129101397430305,0.0035303678492999064,0.0054181429149755215
2014-01-17,0.15309834224059293,-0.02480699628442813,-0.00209156045686997,-0.013921049530098616,0.00702163596045131
2014-01-21,0.2789068822500028,0.015416910938626129,-0.0026208279289562466,-0.005788945676671692,-0.008771035778564333
2014-01-22,0.5378350202661359,0.004433929811167423,-0.00341696712816745,-0.006657905084933417,-0.03334744444854007
2014-01-23,0.9554193984807307,0.008432108065804446,0.00446681958347245,0.003611709289933026,0.0026302753600434344
2014-01-24,0.8662762508328098,-0.01834426078552765,-0.027639407117819554,0.02058524329578163,-0.017054744183551115
2014-01-27,0.5252583780500449,0.00807950208749706,-0.01684883366469964,-0.021417089289339334,-0.009733363774263551
2014-01-28,0.4444797038674373,-0.083302892476219,0.016578965816463072,0.006638847294639345,-0.005919741486557509
2014-01-29,0.8448636023675196,-0.011417517564294787,-0.0035101519988343854,0.01069524373874647,-0.0025474919854504806
2014-01-30,0.5190006418726247,-0.001938791118401664,0.011564011186073943,0.005440572884683998,0.005427405887108854
2014-01-31,0.342655407572392,0.0016391697219375406,-0.013459237573903444,0.026239880215369712,-0.003841410543141728
2014-02-03,0.2365980747150958,0.0018565142581606522,-0.02914651228154066,-0.03660272859142078,-0.021626627086106655
2014-02-04,-0.053692282543257086,0.014371461019111754,0.003342199959936478,-0.003569798619070736,-0.0003470332849426685
2014-02-05,-0.017952054523572604,0.00744096635886951,-0.0002783082395800245,-0.014687876014482838,0.008067029324576562
2014-02-06,0.17924000586207303,0.005811935731916269,0.02119234723796275,0.01000022894089773,0.007932192845094211
2014-02-07,0.25636961458934177,0.013893590594456866,0.012718763138981402,0.010448262813160091,0.014662821530753033
2014-02-10,0.674718969237003,0.01775617913691263,0.00295345164143315,0.0065429839404176,-0.0006210328808328739
2014-02-11,0.8412889173370175,0.013089792479897671,0.014373466281395797,0.0100039290465972,0.014348109548504866
2014-02-12,0.6584690316899372,-7.473075506560666e-05,0.006059219995557329,0.008038459535349997,0.0030010700984198476
2014-02-13,0.6638881705972909,0.015754747223104364,0.009151731405240119,0.00372953142922958,0.008837487812332274
2014-02-14,0.3936961923259645,-0.0008084208540672682,-0.011518525370138718,0.0002660565185053891,0.010122826217256697
2014-02-18,0.34674566545809515,0.0036699973399621742,-0.0002631421407626656,0.002140056265183323,-0.002726235650389026
2014-02-19,0.6261891422005812,-0.01591402956650874,-0.002637112995792369,0.002402170356677994,-0.0013106776699390432
2014-02-20,0.7302447811778026,-0.011642400781247293,0.010507160458684044,0.006377961777613322,0.007134735544014162
2014-02-21,0.7664735419391586,-0.01117051143505594,-0.004452603693306243,0.0060742872373631355,-0.008009997732295158
2014-02-24,0.4879561615098265,0.004369665144590624,0.001049587273462354,-0.007664907327474809,0.0036045723028636607
2014-02-25,0.7672600996473693,-0.010461267777009084,0.002880113371757771,-0.003987105152987107,-0.001199726151846134
2014-02-26,0.5943339721213116,-0.009063006849775965,0.006514723042858716,-0.0018669719685711727,0.00451951453469087
2014-02-27,1.0416370365923628,0.01975131004203493,0.011620358162383696,0.01035440017221717,0.0065520876676066295
2014-02-28,1.5272511373244348,-0.0027131697337755413,0.004099527847496527,0.011815695270557102,-0.0005397120068572628
2014-03-03,1.621595026143385,0.0028838766284218172,-0.015460365875435016,-0.013930975292951425,-0.0049267386141625315
2014-03-04,2.203331938998105,0.006572000786809341,0.023102003824037445,0.016538257486943493,0.011761982595391688
2014-03-05,1.6060961340860855,0.002106793582496526,0.002281417563692801,-0.007841607714345035,0.003747625311077426
2014-03-06,1.2113088154552702,-0.003029213821015258,-0.0010136047983594313,0.0010488910367511507,0.0026680054088130687
2014-03-07,0.9768210492011145,-0.0005844782417087364,-0.016094160061824847,-0.006574387026311211,0.00021309166670807798
2014-03-10,1.6218498121041427,0.0009046191756723402,0.0007717458346786827,-0.0021132271754571957,-0.006896953085162695
2014-03-11,1.1806699439942987,0.009690884931259889,0.0010291293777754463,0.005274235958296604,0.0019830662828240935
2014-03-12,0.9742841736487128,0.0009697293482006058,-0.009816959939180041,0.0065541850924949714,-0.002895379700540482
2014-03-13,0.42532444066479463,-0.01116965759709281,-0.022844183235456596,-0.00997846804648081,-0.012536703276579386
2014-03-14,0.5535042353657011,-0.011295012449889416,-0.0013294119755485878,-0.005027704324164487,-0.00923246132991942
2014-03-17,0.6762129092779867,0.0038997303818363136,0.01635530241061403,0.009240891512942802,0.019564732577901277
2014-03-18,,0.008808242208489084,0.016091928359419614,0.03866479594065881,0.005367371879811626
2014-03-19,0.560915763337961,-0.000263481166309326,-0.007495205269997194,-0.0071049588782692,-0.011305045236168992
2014-03-20,1.2367311482598042,-0.00483032215223734,-0.0046798762635101914,0.026634853433268133,0.017122945729671553
2014-03-21,1.1790780406500354,0.007855827496318694,-0.022934759017512296,-0.004224176010676282,-0.006567569854103833
2014-03-24,0.20965902253189417,0.011791216310396247,0.017971183644425733,0.008431036116935162,0.008428544030134084
2014-03-25,0.5238293027475402,0.010698778625755448,0.005745405523509419,-0.003959000817696126,0.035433552392565
2014-03-26,0.20564153485242043,-0.00960561635406331,0.017553012826610828,-0.013728007125005435,-0.012484813147046019
2014-03-27,0.5952230772770464,-0.004306910631458774,0.0040863855050268785,-0.010865745954697394,-0.014590984747472384
2014-03-28,0.8684631558468261,-0.0011175032572072379,0.00837384319575628,0.023601605876325555,0.003260972704590883
2014-03-31,1.216837090390442,-0.00022349085158104355,0.03330330412403378,0.016976771315368823,0.010654580043134345
2014-04-01,1.3190272065313406,0.009106132018346548,0.01407836725612772,0.010435904259680374,0.010388085917031137
2014-04-02,1.8132403427013015,0.0016599638560954913,-0.00871472003504802,-0.0016914382178900213,-0.004896706166404843
2014-04-03,1.6227373674059482,-0.006953863842105437,-0.01865095692078362,-0.008256452412444349,-0.004453060255991742
2014-04-04,1.7603805572211364,-0.01302104828835858,-0.006730572861963189,-0.028192053619616485,-0.004785615134577085
2014-04-07,1.7899484517730984,-0.015825018537781243,-0.012838255923132539,-0.0017573685794767906,0.014238008049815416
2014-04-08,1.480489895327004,-5.7443364339079135e-05,0.01932047224376068,0.000502371189866112,-0.006343349208675057
2014-04-09,1.9405278592548285,0.013058394466297718,0.015779364094631744,0.016191685538821346,0.017182962613983985
2014-04-10,2.0152551512115773,-0.012981882038431104,-0.027025246522956,-0.027811025350634715,-0.004894060614817373
2014-04-11,1.7418244971845622,-0.0074205752211091575,-0.020567082787668677,-0.003818199387376508,-0.0025069416450176634
2014-04-14,1.7296759398243766,0.003975933241368955,0.01502231506338611,-0.0007652052454817208,0.013131154325404262
2014-04-15,1.8702586964358865,-0.007156324838070264,0.004035991745287158,0.014443743631484166,-0.0037996631193367753
2014-04-16,2.105896041423218,0.0020249482729039025,0.010017177226061288,0.016219621463601227,-0.003151330055389729
2014-04-17,2.0518704640947956,0.011360873444823352,-0.0012464595239343854,-0.009700238653857296,-0.03307688512413217
2014-04-21,2.088324059313642,0.011798349523311491,0.003983940705192502,-0.00175075464866431,0.011823914451684158
2014-04-22,1.9631805552559691,0.0009973663098511124,0.0054521311792663256,0.0012508844761496814,-0.0006241419730774002
2014-04-23,1.3985597277535313,-0.013157549112481445,-0.016698013607590382,-0.007530387133630075,-0.002188621071673714
2014-04-24,1.1495265715369662,0.0787947867376457,-0.0010058659502452277,0.004274551186529491,-0.00790678098088817
2014-04-25,1.1115417149689852,0.00731743005585255,-0.007575434021325643,0.001252819107047398,-0.0031064254904554786
2014-04-28,0.8071356618427868,0.03799698109031808,0.01708970121863694,0.023769682444326378,0.018340311992449176
2014-04-29,0.766971194539493,-0.002967301338802755,-0.0004983745971984666,-0.008847849675746177,0.010148441041037485
2014-04-30,-0.18433354065559182,-0.003788721807430255,0.019015219873088223,-0.002718707102154959,0.0069463563670002304
2014-05-01,-0.5760149291606189,0.0023525492097556853,0.002198963629178088,-0.009949913313262441,-0.015077213446696982
2014-05-02,-0.5076638084338695,0.001858117195849683,-0.003912817059802773,-0.007780582646739494,-0.010858310268641716
2014-05-05,-0.41630688219329004,0.014042405707689724,0.00975370685335567,-0.006572118999197388,-0.0009403868403145487
2014-05-06,-0.4523907782254616,-0.010958793418307357,-0.004865073066181767,-0.00942826146537786,-0.006451955446157102
2014-05-07,-0.3980371431152079,-0.0035055568875572924,0.0012188786000768943,0.009174448617794893,0.0019567291063876716
2014-05-08,0.1355344620171009,-0.0017841192087780862,-0.004638523072801014,0.005565470572092857,-0.0020626018512115716
2014-05-09,-0.001182665226137497,-0.004175365343410335,0.004151216714408812,-0.0025260466627768418,0.0061739299461623775
2014-05-12,-0.06706789369795932,0.012372563328943504,0.02193096969636882,0.010816774903420043,0.013014877020501062
2014-05-13,0.002712847469805074,0.0015681456915150919,-0.0014313613342427595,0.01822523422929095,-0.001974933657099154
2014-05-14,0.32564242965637674,0.00018532148279261807,-0.00023808658804436573,-0.004463274336523704,-0.018220121066087756
2014-05-15,0.36850658706388517,-0.008539953100155826,0.0011929184080238394,-0.01603226767966747,-0.012047760126004175
2014-05-16,0.20028796856104636,0.014650643758586062,-0.005740302807336711,0.005791278153939878,0.0032125047427503215
2014-05-19,0.35031423154074603,0.01177944392474178,0.011210578251823295,-0.002010824671537238,-0.00032062052720236285
2014-05-20,0.4029412027870895,0.00019821651532785228,-0.014333493132077327,-0.0017629379675530752,-0.011347603300065318
2014-05-21,0.27076970587411703,0.0026422531326764647,0.002882918514679847,0.016744787860456405,0.008080378589693767
2014-05-22,0.8186255484913321,0.001582147638346902,-0.003846254927895903,-0.0062152962848219025,-0.003816529416945952
2014-05-23,0.7482996991107075,0.011233301692478843,0.015059508970432015,0.0004989790438712351,0.0013991042296952409
2014-05-27,0.7558736606163357,0.018552754208468133,-0.005710038718963518,0.0017427130763146357,-0.0062579479394155755
2014-05-28,0.7649640322713609,-0.0025929532886331233,-0.008145334727099834,-0.004488306950950182,-0.009242692354122017
2014-05-29,0.37008215408308526,0.01805667310540647,0.015040763713837202,0.008213818390588917,0.003707193791178287
2014-05-30,0.7222431406990046,-0.0037532735120774387,-0.0042740624787203285,0.014764116389065858,0.00325991010235457
2014-06-02,0.6355626108903757,-0.006895054032233881,-0.0011909061374790132,-0.0036708112695914247,0.007188464864976825
2014-06-03,0.5862152831411711,0.014042307913836736,-0.0038195183556404243,-0.012333337137808629,-0.00713425568900516
2014-06-04,0.6479799912889608,0.011353921814656047,-0.0026344413877593073,0.0007440005140572269,0.0007590405077827613
2014-06-05,0.6861330947051898,0.003916052745723277,0.009546741006171332,0.02183375312523302,0.007935402665897274
2014-06-06,0.5858508694448379,-0.0027534459235184997,0.012510303660543622,0.006530236064515013,0.0020949936623861232
2014-06-09,0.7974486598778613,0.01587508730628813,0.001640958002347505,-0.005075640104025008,-0.0008049911130246371
2014-06-10,1.2923476155132327,0.005852157860379707,-0.0009374982783960029,-0.0038844093995468875,-0.010418552219077334
2014-06-11,1.2534366526323315,-0.004146662094927605,-0.0023466853623986383,-0.006099375789108173,-0.011131068643811163
2014-06-12,1.1566376308164539,-0.016868225937396123,-0.013245232477134295,-0.0068763887361019665,-0.00566777833327747
2014-06-13,1.5027313967995735,-0.01100413067527229,0.003327791538723341,0.01589056801778486,0.007367241968236
2014-06-16,1.5484734301058853,0.010028353928286582,0.0002371600019681948,0.006527628447588315,-0.001150876750128996
2014-06-17,1.4469240805489403,-0.0013024555494853985,0.00402497417746859,0.004327835633789824,-0.0004938919973370626
2014-06-18,1.3446786208871278,0.0010857805380327524,0.011511780241927155,-0.0007205893412664588,0.007325850060388912
2014-06-19,1.2233702333583119,-0.0034775570132982983,-0.0070322607836353955,-0.003366416441706022,-0.004257800049319165
2014-06-20,1.0289001712627528,-0.01039576528577399,-0.040567094598670576,0.004087005782972362,-0.006970946730863228
2014-06-23,0.6070496706407771,-0.0008803431446043246,0.006836190766057874,0.00740991636621242,0.003244230998554847
2014-06-24,0.36284694591005195,-0.006073851578419396,-0.008306980532108653,-0.0057321568111856945,-0.006941524130341184
2014-06-25,0.21842138008398332,0.0008860892428191244,-0.007387589836369062,0.0066842216104999914,-0.0008852358107355246
2014-06-26,0.3150620347143045,0.005958140852049141,-0.00769125835867875,-0.007402947940648863,-0.0019383250522516172
2014-06-27,0.22412489975475258,0.011811018580930222,0.009420037572596528,0.012623648189838358,0.007401546179468006
2014-06-30,-0.30119462014924403,0.010275451957050166,0.0,-0.013103049834190982,-0.002424128937801572
2014-07-01,-0.4724992343561826,0.006328622951654458,0.005904111206023586,0.004068204865657155,0.027638507180418857
2014-07-02,0.14513484295720736,-0.00042765073385879894,0.004405152051924269,0.0007168043094350934,0.010888048741227938
2014-07-03,-0.07628247876902355,0.005866354920527282,0.009479215644806957,-0.00239007812544074,0.0007426437875803727
2014-07-07,-0.13223186196231135,0.020422150137170893,-0.008038536503297326,0.004535353736035632,-0.0026020479128009825
2014-07-08,-0.057872296366450526,-0.006481936050446924,-0.008103341518732037,-0.00501372878618015,-0.004370771163115786
2014-07-09,-0.0734543212108702,0.00041926553066553023,-0.007423691429441995,-0.002636581215116455,0.006389109708870424
2014-07-10,-0.3351349697794084,-0.003675737364120321,0.001489470184575604,0.00048029277158792127,-0.003828165742210237
2014-07-11,-0.1446690572014127,0.001892643579436421,-0.004723624152305097,0.009548644046045838,0.0015970681878635837
2014-07-14,-0.653355011084614,0.012834478448610865,0.008931200116893988,0.001187141060094298,0.00984469639548557
2014-07-15,-0.2834904190425596,-0.011785306012731747,0.0012335258482911505,0.0073297567470538985,-0.007241478192368286
2014-07-16,-0.38975141468304514,-0.005681076509467331,-0.006930571997455542,0.03767915159925682,0.020323694906526562
2014-07-17,0.026193546861277117,-0.017991726007786358,-0.008731340741486604,0.01015694936415697,0.0006752009389099163
2014-07-18,0.5650600845700859,0.014292012795721756,0.0022524251824631524,0.0035867142423234933,5.205398476267467e-05
2014-07-21,0.6883845080930837,-0.005202572796578227,0.00024969082095630614,0.0033506979950746747,-0.008608300790941336
2014-07-22,1.0831232868761214,0.008269180870422565,0.010442382959941342,-0.00022314598570939383,0.016833954148935952
2014-07-23,0.9770245500964977,0.025742379321143836,-0.0029721370408582067,0.0008923867765732872,-0.0023728227615916354
2014-07-24,0.6516796928695243,-0.0016474607782243982,0.0039612649394611486,-0.01053046320279547,0.008280429660607064
2014-07-25,0.39068468479019686,0.0065738879104540035,-0.0034651065962300236,0.002249866713339665,-0.004311865313830321
2014-07-28,0.41955952972986893,0.013727768732382581,0.00544009496412608,-0.011981429856810964,0.007073879851316355
2014-07-29,0.42343652200609433,-0.006484056928989563,0.001971095475996135,-0.0018212188629335717,-0.006199744885240055
2014-07-30,0.24494801191748528,-0.0023410808663812035,0.008089211722822225,-0.007088105457383949,-0.0029338207562177184
2014-07-31,0.05099172697521687,-0.02632406863040971,-0.01401362811251565,-0.009684380207313105,-0.012082937765495391
2014-08-01,-0.32988312542299125,0.005528865080892085,-0.019500807130728808,-0.00697518292314243,-0.013234683953493838
2014-08-04,-0.4213141806447296,-0.005633434743380777,0.012294772455447975,0.011828571625317301,0.0025870028122223936
2014-08-05,-0.317495892709151,-0.004928887413916344,-0.0034977041621456497,-0.006708713622690351,-0.013484342461095053
2014-08-06,-0.38263211216000653,-0.0016835260450772185,0.004992772510173765,-0.007923440918763729,-0.00016088515619653017
2014-08-07,-0.5180494327652463,-0.0001055493390539811,-0.012276406328956664,0.011399250942019105,-0.009021003333020338
2014-08-08,-0.4098302678969489,0.002748070072905072,0.006783108302178636,-0.0006937957905569602,0.012563051217980589
2014-08-11,-0.2613724025750038,0.01310742093561751,-0.0005006620152732778,0.0,0.004491100811623348
2014-08-12,-0.11568399803895657,-0.00020808117170930207,-0.0005011412228673751,0.007379623085257211,-0.0006936697463814016
2014-08-13,-0.30578248081799714,0.01314609609078107,0.008485432529049035,0.012785816084038004,0.003250751641796245
2014-08-14,-0.1320380411075215,0.002670442220340879,-0.0004976081101904714,0.004301063728974993,-0.0003722955393768272
2014-08-15,-0.5576588776581335,0.004911117824977983,0.0014909507817623805,0.011677781039209714,-0.0026648994088745008
2014-08-18,0.12224474471548019,0.011971736499521931,0.008897640549034573,0.007118685817769975,0.01051157173931272
2014-08-19,-0.10506783573420661,0.013720789836857455,0.018769497781078823,0.011091617082411851,0.00374217488220348
2014-08-20,-0.5958418729770797,0.0003981087476623049,-0.003871170329783385,-0.008417924720678085,0.00015809114643404652
2014-08-21,-0.20102937966153506,9.950242769164302e-05,0.007968441445405332,0.005988172518580269,0.005926512333190203
2014-08-22,-0.6031112568864874,0.007330200994394341,0.0012012092396488606,-0.0015489120119920106,-0.004297223229218384
2014-08-25,-0.5212348924743533,0.002168980430910557,0.0026394045706699576,0.00044313450267773893,0.003930978412248072
2014-08-26,-0.5678746803783683,-0.006422080871196588,0.0023928739052515875,-0.003548677044627016,0.009527860009285802
2014-08-27,-0.3832672022162111,0.012215853331158547,-0.00479192514223161,-0.0031152169886345354,-0.0038418814217343745
2014-08-28,-0.30201154268449015,0.0011743965646366973,-0.008925259784724396,0.000222873618023803,-0.0013015425231154697
2014-08-29,-0.40870956520036605,0.002441710839423107,0.006280494696846404,0.012180186713261806,0.001561581030333988
2014-09-02,0.007766992885435975,0.00777532614301474,0.0031250797458772963,-0.0075120811648670205,-0.003855827917597318
2014-09-03,-0.6144977648185543,-0.043124409588849597,0.005744765248687192,-0.002887204399141436,0.002034069783255341
2014-09-04,0.2176612798998876,-0.008322796287089243,-0.008388587665148616,0.00665029888541762,-0.006638347494067975
2014-09-05,-0.14941263210336628,0.008625928060528937,-0.006761752026262391,0.014259013628092817,0.002723378107234893
2014-09-08,-0.5114680437093734,-0.006182605498290785,-0.015383071685315077,0.012124184651568188,-0.005559573881615522
2014-09-09,-0.5259748148506747,-0.0037687741286293558,0.001720838383116368,0.006221322741639875,-0.0007888483963578273
2014-09-10,-0.31053753697193903,0.0302552853762389,0.0,0.0017093609022688862,0.008125046972536042
2014-09-11,-0.5687873790137492,0.004248477276011015,-0.0007367075107888614,0.0034102696887156037,0.0009390215562927749
2014-09-12,0.005395166679538432,0.002264990410642917,-0.0044349420892287016,-0.006403208273905265,-0.002297198464223366
2014-09-15,-0.15202974761136426,-0.00029562051331067816,0.003943165829779885,-0.009899014214765467,0.002766780848834482
2014-09-16,0.03655652246104518,-0.007605124128034424,0.01295054994373947,0.011182591897686112,0.005977751454104852
2014-09-17,0.3357481533728581,0.007113251664998445,-0.0012148233839873147,-0.0051460733834548245,-0.0008297131735032012
2014-09-18,0.35644928307817625,0.0020653801229466666,0.009916742538946732,0.003433494849323024,0.004915511189978199
2014-09-19,0.29682240718644115,-0.008187339592457949,-0.043030834146707754,0.01783496894522222,0.0012890650118201783
2014-09-22,0.17375879147643886,0.0009896252149308082,-0.005542779455919896,-0.009726889062530726,-0.004597752298188722
2014-09-23,-0.3109848823928493,0.015513669900579462,-0.019130560649518256,-0.010681973736477307,-0.007745962177402031
2014-09-24,-0.22574292826770764,-0.008709206731808894,0.01508004264847501,0.011106646285396387,0.0035945316311431796
2014-09-25,0.10024922380066276,-0.03887851887261614,-0.01688474214506086,-0.022337643944963292,-0.017308688043062903
2014-09-26,-0.025262834581925284,0.029001795517595453,0.0048899434281839205,0.00800426160010276,0.005539834726508771
2014-09-29,0.3867169992502914,-0.0063722865690912485,-0.013180492938479837,0.0006462001765532067,-0.0022126998094953872
2014-09-30,0.15813182180059826,0.006372286569091233,-0.004170538247861544,-0.0017239991838198104,0.001001713876715229
2014-10-01,-0.6744561386419919,-0.015705496172866755,-0.004975742621154613,-0.009971683044972467,-0.01411139979808328
2014-10-02,-0.15124361648698953,0.0072333061662306405,0.004714527887825235,-0.00305481871057404,-0.0013903904784904053
2014-10-03,0.06740467147877488,-0.0028067482738249484,0.01607069661875621,0.007185521644639378,0.009372718829279519
2014-10-06,-0.12677722452122236,0.0,0.007964052674223223,0.0,0.0019587243686705106
2014-10-07,-0.018331603275862557,-0.008771713888555919,-0.01599168664997207,-0.012224656177298815,-0.01777241123435332
2014-10-08,-0.4327875743428237,0.020547091138116882,0.014455473220824959,0.027084040407067793,0.019464114170439778
2014-10-09,-0.7087349185294645,0.0021800715072657862,-0.007202085816157602,-0.020080262491637624,-0.015648045194886058
2014-10-10,-1.2017588514398962,-0.002874673813961008,-0.016658455101232764,-0.04050423679618569,-0.002632014680885919
2014-10-13,,-0.00917548560577205,0.0034065613277200896,-0.008667651254909379,-0.01304646043247216
2014-10-14,-1.034602058171845,-0.010677003225649722,0.005998506368845267,0.0018311422418888783,0.0015246631125940425
2014-10-15,-2.009007489855683,-0.01232896443388462,-0.004169350750540057,-0.011730845398003112,-0.011216270151705983
2014-10-16,-1.9028024333464704,-0.013209353412505662,-0.01950979950789015,-0.011168461456670165,-0.010564747197923614
2014-10-17,-1.3982541231685846,0.014541447770334616,0.008219381523044477,0.020610010171068945,0.012213969512071104
2014-10-20,-1.3478559745608136,0.021172769274744166,-0.001850364436551407,0.01026091601942868,-0.07379082156838937
2014-10-21,-1.1849612407568688,0.026802812402573137,0.014445395181189596,0.0179862712448339,-0.035330080219455384
2014-10-22,-1.2124777007108793,0.0050621426616807505,-0.01868679565647348,-0.011203452268071458,-0.008861252831337811
2014-10-23,-1.6956926896512772,0.017707636157981283,0.01555302727837556,0.014317875636829566,0.0024075791539301143
2014-10-24,-0.9248366981286121,0.003713620209846561,0.01299352191703883,0.024356632816960985,-0.0006165377136510174
2014-10-27,-1.197427036615226,-0.0010459322908587295,-0.007775977787909444,-0.004780842522955393,-0.001296626865302654
2014-10-28,-1.0596105230158512,0.015388177439581626,0.005708829451898969,0.012554929106481282,0.010630727878926181
2014-10-29,-0.8926143147306227,0.005605775609647135,-0.001813046842149106,0.002792123514531501,-0.0008559362448467485
2014-10-30,-0.35533695408545934,-0.0033594664145354903,-0.0020759011868976456,-0.012301903080776895,0.005429947852215861
2014-10-31,-0.5005487912334448,0.009489475141232457,0.014185130249754206,0.019355533964910163,0.00030394132844901
2014-11-03,-0.4210442845286969,0.012879391325904238,-0.0015378601026425707,0.010382429738592906,-0.0002431769524646367
2014-11-04,-0.9725300450621254,-0.007339237078851235,0.003583971642807474,0.0027368583073233382,-0.010458499605936164
2014-11-05,-1.3575571389334693,0.0023911971621482196,0.004080631033872468,0.006077517697352112,-0.005115855646523386
2014-11-06,-0.6984996901958334,0.002855676727716506,0.013148325165553618,0.017399134426259937,0.004593610270470539
2014-11-07,-0.9771549846117555,0.0028479404121022935,0.0032600748892093645,-0.0004111933462825316,0.003770839380668059
2014-11-10,-0.8858822214055022,-0.0016526168744917212,0.012688558441152718,0.004304771699703367,0.008723053173867923
2014-11-11,,0.007962113792099691,0.0004940386479120183,-0.0004092248707022982,-0.0011627100654862082
2014-11-12,-1.0274765590060722,0.014030801318198121,-0.008187654363753278,-0.0018432161980517453,-0.008486445314528543
2014-11-13,-1.0700372190373355,0.014013772644385337,0.014346089965004477,0.01687200587922818,0.005358897034359046
2014-11-14,-1.7445312190055038,0.01198251778125819,0.0029427562210891794,-0.0006048052879671291,0.008380314350130761
2014-11-17,-1.3118277363674864,-0.0016655158584161671,0.007805090307973836,-0.002423525900594246,0.0
2014-11-18,-1.339882895884225,0.012900044716063116,0.0024264505133420244,-0.008376294140280986,-0.01392442439318559
2014-11-19,-1.5965811153627656,-0.006952333563118188,-0.008274577376392927,-0.010726421676064675,-0.002845423015167781
2014-11-20,-1.6078760906443044,0.014200293250122925,0.0,0.009905079504082145,-0.004905775365783797
2014-11-21,-1.0780091894663235,0.0013750327234267,0.012627647544752766,-0.01489488956567273,0.0017413859531247916
2014-11-24,-0.638012057928409,0.018375542668360986,-0.00024109707508373712,-0.008161486029901136,0.007614640618858988
2014-11-25,-0.7015010021566614,-0.008720211284397733,-0.006781823349175547,-0.0025247738269821747,-0.0024080512870181003
2014-11-26,-1.1106253150938168,0.011834483516132234,0.017345903315741804,0.005881379081774528,0.0011742454212633677
2014-11-28,-0.8679104544846892,-0.0005884060275573664,0.012814544664168271,0.0012556868937794224,0.0013573231808704954
2014-12-01,-3.082411988277834,-0.03299452620894986,-0.007811543322045103,0.016800019702507874,-0.003892650737739459
2014-12-02,-1.9887751426053006,-0.0038309770367680102,0.002373571709862096,-0.003296258612650626,0.006970927035363845
2014-12-03,-2.381995757044958,0.011276923017164965,-0.0028491356789379523,-0.007872180335413799,0.011308282892391918
2014-12-04,-2.0093637956938775,-0.0038026528932192283,-0.004050258194712892,0.015683241326103936,-0.0028608794380386125
2014-12-05,-1.9970965381665966,-0.004251651275820232,0.0009547592511090559,-0.008636686897858356,-0.004765936462062424
2014-12-08,-2.155696728933961,-0.02286854619687023,-0.013445579792726012,-0.014981669223409079,-0.008673493854004328
2014-12-09,-2.878820200598504,0.015187018632739333,0.012013641363282647,-0.0023087581078517117,0.006957037089335428
2014-12-10,-2.7935740125120088,-0.019198334180290537,-0.022950630436235034,-0.014604702919591872,-0.015332306171957504
2014-12-11,-3.65500224620689,-0.002952107976233026,-0.003917875561394562,0.005740155135055828,0.0034827162728966188
2014-12-12,-3.789084925419007,-0.01707737395292461,-0.020072445248439288,-0.004674827034983075,-0.03596552845425177
2014-12-15,-4.449586167730007,-0.013764279856623334,0.028622624193761617,-0.005981606365392439,-0.015043372055043094
2014-12-16,-4.756584300187136,-0.013769115849694669,-0.011744787191719619,-0.03289022941196674,-0.010838998264146348
2014-12-17,-4.271415455183123,0.024612864244062716,0.012960610670843031,0.012761841198759625,0.003428435067212188
2014-12-18,-3.5725285617978044,0.029183235966007477,0.096943012920191,0.0381774225141461,0.0371482259290911
2014-12-19,-4.35634420758945,-0.007753026898403854,0.014231408299402408,0.002941730324399893,0.005249828083684001
2014-12-22,-2.935632452265664,0.010324272358257001,-0.0076379744182482915,0.006691702589473746,0.01831578287779851
2014-12-23,-3.1884871008361477,-0.0035479975908102443,0.007855319129344984,0.009748062264987782,0.004943294496925894
2014-12-24,-2.139649004496625,-0.004720420742905414,0.0047698676035651255,-0.006418695041447153,-0.0025919280621511187
2014-12-26,-2.4961648718118026,0.017522250442249473,-0.0028158880246502583,-0.0054156300639990555,0.0032079974552012367
2014-12-29,-2.8327756973581417,-0.0007019731178401207,-0.01068562330668446,-0.009021286779272006,-0.011336453347217293
2014-12-30,-3.215728712902713,-0.012277794167397,-0.0059374171064465785,-0.00910379423306142,-0.0028699214535058666
2014-12-31,-1.6833000337044133,-0.019201905879425583,-0.00819428579775512,-0.012196345817020594,0.002433349891992935
2015-01-02,-1.749920579201807,-0.00955808820913627,-0.014333966587431473,0.006651837904351115,0.010046647889421072
2015-01-05,-1.9145394101858018,-0.02857631238606657,-0.014123155118685858,-0.009238559265194273,-0.015859770812836946
2015-01-06,-2.9676035666591387,9.402015972741327e-05,-0.010377511547464385,-0.01478636114449923,-0.02180186078587266
2015-01-07,-4.117279938866204,0.01392521460485131,0.00023227989117134367,0.012625426276582514,-0.006557318212578365
2015-01-08,-3.3301949953616967,0.037702432757156505,0.006007162048807783,0.028993859868671493,0.02150207627112738
2015-01-09,-3.088032655005015,0.0010721557958807129,-0.0004607863012327167,-0.008440757761573358,0.0043463275698536205
2015-01-12,-3.0956584280208443,-0.02494973087220689,-0.002769290240414703,-0.012581594081749201,-0.016923213548347697
2015-01-13,-4.088683813197547,0.008839746734897293,-0.00788877243772285,-0.005163241013196765,0.00236227850413251
2015-01-14,-3.852780216392759,-0.0038179024980320633,0.003023852532884791,-0.00866557857112679,-0.006461704550104222
2015-01-15,-2.0982795205712517,-0.027515358999488593,-0.010036481414751683,-0.010498997773852102,-0.007926225886756346
2015-01-16,-3.4631143031008875,-0.007800568176430052,0.02043264639031052,0.01657292415732233,0.01649031635954999
2015-01-20,-1.9361391586318453,0.025431161964695977,0.008923411369353736,0.0032385655640541295,-0.001209641298806283
2015-01-21,-2.751380171235393,0.007605356172490312,-0.009383555003108541,-0.010183145291905884,-0.031455396156938965
2015-01-22,-1.8550652694071519,0.02568256152089325,0.012794576409868622,0.02600887163396882,0.02146598301170053
2015-01-23,-2.4101974705681246,0.005147215095731374,0.003173484741499993,0.0010602275382149444,0.0030846981196000576
2015-01-26,-2.5081375617534594,0.0010615887096348834,-0.006584506148260015,-0.0036094840538256493,0.0031381613290070234
2015-01-27,-2.5064586150200023,-0.035640965817580486,-0.011454842116546038,-0.09709879263892174,-0.01735392947636771
2015-01-28,-1.7028838793971643,0.05499261593102211,-0.016494983673293637,-0.03506616645273963,-0.01389146957658848
2015-01-29,-2.5974181452262433,0.030658437730110753,0.003974446536465074,0.01971228760578619,0.025601635507387064
2015-01-30,-2.257616457337263,-0.014742016163329657,-0.02289173888169836,-0.03907800003840784,-0.014055488503643075
2015-02-02,-0.38536906369012924,0.012468688904696542,0.01868293378766925,0.021548478307545017,0.008767463045386847
2015-02-03,0.5086039276045566,0.00016884640096140183,0.008399759834083332,0.007721840870505158,0.02433603762725818
2015-02-04,2.222732658979123,0.007640323569573794,-0.014509984335631575,0.005752661786846914,-0.009574335551713718
2015-02-05,-0.20803004023742133,0.007111912913948729,0.017293948099266754,0.014474102921806134,0.006033973515849313
2015-02-06,0.8804750303419687,-0.008456654240941105,-0.004178857470383003,-0.0009425717925591476,-0.0005739030972928838
2015-02-09,1.7443640447972015,0.006620932537092875,0.009724476103522365,-0.001179438957802885,-0.00620827625659596
2015-02-10,2.3317040090864913,0.019029140273259297,0.013502871448926208,0.00564921181802165,0.017880814725630582
2015-02-11,0.8637254513976622,0.023168403699973996,-0.014425391289439673,-0.005177417787304859,-0.0022734853670172486
2015-02-12,0.2616847068219237,0.01257279477736728,0.012149566950317383,0.016614279378425134,0.002021210947884472
2015-02-13,1.354876525054002,0.004890687734861172,0.0009110751140402018,0.017939714755175123,0.011789502988391843
2015-02-17,1.9850721512696188,0.005884550491230393,-0.0020512425340487835,0.0004591434627364378,0.00348551782395607
2015-02-18,2.524222895721706,0.006938137668836423,0.0059132048191765626,-0.0011479465654757558,0.007612213824564031
2015-02-19,1.5750676455250963,-0.0020996719190579925,0.00022701858136710864,-0.000689585698960949,0.010427352194073114
2015-02-20,1.0521160396977753,0.008141140963809464,-0.007737961753802405,0.008242281994172929,-0.001465540842467734
2015-02-23,0.5733422323780327,0.026668107505496877,0.00022841947125349743,0.006589459101930623,-0.004532338669172031
2015-02-24,0.1968866524563217,-0.006260268530588606,0.002281742642931495,-0.0013597540354907448,0.011716919387640301
2015-02-25,-0.10125222355858293,-0.02590564529933336,-0.0034244657157789043,-0.002270610297263618,-0.012330837268106097
2015-02-26,0.8076767913314494,0.012576818104651126,0.0036522093748611443,0.001590191254825015,-0.011987343358045707
2015-02-27,-1.7730400884445938,-0.015142152499167392,-0.0015961230314146537,-0.0047776711164549965,0.006629269084895324
2015-03-02,-0.83819579976351,0.004891813981094689,0.004781055234589,0.0006838799611067395,-0.009056322224766114
2015-03-03,-0.786082299986496,0.0020895391755906883,-0.014872871752560584,-0.013767877434768051,0.003421277654446021
2015-03-04,-0.10315577257227404,-0.006359173182955832,0.005287689048013171,-0.005096352163208293,-0.010048475111037992
2015-03-05,0.3320332472649025,-0.016709437313427646,0.004347136359060394,0.0011604693401935557,0.010979658789492428
2015-03-06,-0.1016201313689793,0.001501863290797203,-0.03295702129783843,-0.01755015434199479,-0.01676721530428997
2015-03-09,-0.43811462710134214,0.004256385597814972,0.007288104657053595,0.011501204227843318,0.014220259424949205
2015-03-10,-0.09135808732853246,-0.02090267300004901,-0.020589792838069658,-0.01932229119226421,-0.018583015000754363
2015-03-11,-0.7578722881147053,-0.018400000102902193,-0.00840461117852683,-0.001190518960937468,-0.00642062678926782
2015-03-12,-0.6900036510920035,0.017917743640996037,0.003610644696544686,-0.023133727995741857,0.007497353693597182
2015-03-13,-1.229871318352204,-0.00693422449841908,0.01809565466299827,0.008738212129442334,-0.02369941689401753
2015-03-16,-2.381027301859521,0.01094397007355809,0.024013350548466247,0.004340584543702625,0.017986230533697314
2015-03-17,-2.8733941379652017,0.016588492648142616,-0.01251763634441011,0.003363032522849344,-0.000764311079265582
2015-03-18,-2.9001444924241957,0.011193226037896273,0.02896743583945283,0.01900291791120806,0.017994095394309177
2015-03-19,-1.9510906353839346,-0.007579020988362399,0.0006797203401964645,-0.004953474932426567,0.0
2015-03-20,-2.4532390569591156,-0.012628344014467514,0.005645250124277317,0.013854683680453813,0.01902860454503935
2015-03-23,-1.6858104945253682,0.010351449782673784,-0.00360926638015601,-0.0004663282513724344,0.010686839597638255
2015-03-24,-0.9690896079775283,-0.004096325684728394,-0.01227844536200261,0.0009327512667831327,-0.009950297742174385
2015-03-25,-0.9075003053133536,-0.02647404239481461,-0.018005907196728167,-0.034142476363490416,-0.023589082061821913
2015-03-26,0.27503924874257035,0.0069459168347653045,0.0013964119413108647,-0.00604844951229482,0.008693155053415669
2015-03-27,1.3334048383456252,-0.008000097063654002,-0.008174938761580047,-0.005840322904540837,-0.0011839246565264504
2015-03-30,0.191713331296,0.0249991246541176,0.01858794879659263,-0.00024427926842045966,0.014053152155133792
2015-03-31,0.5237393082460585,-0.015470538235216866,-0.00669773504576092,-0.007351653807650623,-0.01342977605334206
2015-04-01,-0.053232378812383685,-0.0014477078741880881,-0.004878693055305743,0.0014747047093518978,-0.008258029597742926
2015-04-02,1.4905206763370478,0.008574684427477346,-0.003980903500395472,-0.010615797962721654,0.007946469129939014
2015-04-06,0.8846303189752249,0.016068776436890194,0.007946022225017328,0.03079398925731711,0.009860924584451989
2015-04-07,2.328795500802989,-0.010577775926674488,0.0,-0.00048158119441824016,0.00018508239113568546
2015-04-08,3.090282933417517,-0.0032590983835672034,0.0034852063131276924,-0.0026523113544615704,-0.001358171461554533
2015-04-09,1.337876243842039,0.007614133665050986,0.0020858725995511504,0.0014475579446962432,0.003022607554860761
2015-04-10,1.6774123538041237,0.004257592630430475,0.007150167405580171,0.0057692611114695995,0.003197683523220355
2015-04-13,1.9671197656286004,-0.001968814374804824,-0.009931879651918768,0.0009583336294552153,-0.002951422585167578
2015-04-14,2.0178162661021948,-0.004345125286588544,-0.00815759561778938,-0.0026375769888211586,-0.0004927387510649109
2015-04-15,2.673716386483505,0.0037932811188975063,0.029060978869328066,0.014539683488982116,0.011212699127944535
2015-04-16,3.859496852683857,-0.004823212644310468,-0.012121458157998467,-0.0023688402041920614,-0.00611139095770264
2015-04-17,3.633925367191455,-0.011318599803423868,-0.010640918082690444,-0.012891030766196448,-0.015195022402929083
2015-04-20,3.0271677364763736,0.022588576355295684,0.007414701018823899,0.030523920137590237,0.03359857379389622
2015-04-21,3.280803482626617,-0.005421988417308273,0.002305279546602163,-0.0063120941904734286,-0.011500486876406273
2015-04-22,2.6373006448482004,0.013384069186408516,0.002989510603207584,0.008174660681388541,0.006674218658855519
2015-04-23,3.046052328879228,0.008130491735696233,-0.0036805886614723568,0.00810837708392771,0.029084560467064514
2015-04-24,3.5114901865236754,0.0046935292121191245,-0.007169909518011005,0.0994128042729244,-0.0027062098429108715
2015-04-27,3.029217943350694,0.018027765861709642,0.012227311537636528,0.0033370687930626376,0.005579844054805879
2015-04-28,2.6431552005984362,-0.01588133774956074,0.02020300961459015,0.02325445134643133,0.018512361736920977
2015-04-29,2.4661053673346047,-0.014815127989741538,0.005154952869675748,-0.0020360156834314967,0.00275629379665822
2015-04-30,0.9766998754436353,-0.027504697505622785,-0.025128574271764636,-0.008598072049070682,-0.017993831335984412
2015-05-01,1.2388101267938842,0.029911857402049553,0.017047822742548083,0.00041129178630650297,0.013798909241838242
2015-05-04,1.0110610197121253,-0.001940540848508923,0.004946278501983324,-0.00866878117157742,0.0017263535175169088
2015-05-05,0.7568336633852862,-0.022790661572382395,-0.0151402014063308,-0.013355320939450882,-0.00512906493578765
2015-05-06,1.35480856361261,-0.006299790200923503,-0.01514082320511262,-0.02812334282875816,-0.010122182371096437
2015-05-07,1.5276676086526515,0.006166286497737924,0.0050722476989115495,0.009034545276362087,0.005512797047825178
2015-05-08,0.7747091256046553,0.018665417239074486,0.012115608255618327,0.022234746528676682,0.009834923161724381
2015-05-11,0.8178387696279262,-0.010238602796261665,-0.003870233456445344,-0.00799002185770219,-0.009075043168687671
2015-05-12,0.8810630167237212,-0.0035687680684657994,-0.0061774413953553375,-0.0004224946064728436,-0.0033364830436495236
2015-05-13,1.277239887505287,0.0011114859752304116,0.005036456844057933,0.0058959310584515215,0.010092216344936025
2015-05-14,0.9434303781109495,0.0230637421771421,0.01338336420924219,0.02262686700343205,0.010221643193377466
2015-05-15,0.5912616362000283,-0.0013972205034166025,-0.005195917365417729,-0.008658152762803158,-0.004549132420550325
2015-05-18,0.5512444146417542,0.01096719059068828,0.0020364813404209875,-0.006021761092876617,-0.0011552822527483159
2015-05-19,0.4956098498622507,-0.0009220828844537492,0.001806730540512591,-0.002519436054419201,0.0024244080254538433
2015-05-20,-0.11729446387849146,-7.691150231087593e-05,-0.0006773453519212746,0.0,0.001612312795845761
2015-05-21,0.6393074293251794,0.010174010601598447,-0.0002259177638367516,-0.0033684044256833538,-0.0024200620371575667
2015-05-22,1.3155259584432026,0.00871461723664229,-0.007935235491058906,-0.011026245309303264,-0.00648186466378515
2015-05-26,1.0101162830106707,-0.022277482207067954,-0.013752255465489433,-0.006631518993183887,-0.012210497055870915
2015-05-27,0.30031143327703314,0.018497939095428864,0.018520907987517363,0.021656390216344485,0.010932153256045046
2015-05-28,0.19054813235085266,-0.001970952305387966,-0.006363304441333259,-0.0033660917624748865,-0.0016878800157743166
2015-05-29,-0.22058806054585478,-0.01144796934103408,-0.008472135936149356,-0.01251173276489365,-0.012069135340248033
2015-06-01,1.062205418972186,0.001993426256610169,0.006874627737513397,0.00786442558521621,0.0031192269887861807
2015-06-02,1.1120082043033368,-0.00445263514435937,-0.0020574305217108853,-0.006585221040715934,-0.0031192269887861655
2015-06-03,1.4088472802287382,0.0012299004473741687,0.006159327848351768,-0.0014928168953053044,0.0015902628892654385
2015-06-04,0.7324763879379654,-0.0058575622228576926,-0.004558738432052724,-0.010514020838791856,-0.00910483810291563
2015-06-05,0.15654830264405128,-0.005503678102913602,0.000913782763624786,-0.004756544314031416,-0.005837094284385354
2015-06-08,0.8048772512854757,-0.006628979831463448,-0.016339304343912307,-0.008926143067089333,-0.012382035284035798
2015-06-09,0.2933221115559664,-0.002977861021233528,-0.0006963154819834617,-0.0017510174052569182,0.002053997109624608
2015-06-10,0.8637316070727623,0.011392802301009433,0.01999814469132041,0.02081214443105471,0.019367289709404913
2015-06-11,1.2222018709712221,-0.0022525484843483826,0.00770792908536265,-0.0036544073226306025,-0.0008288928481623226
2015-06-12,1.0983957992057805,-0.011104009574450544,0.0013545379901918797,-0.0101721819712986,-0.010662430624638687
2015-06-15,0.7930699893719859,-0.001967956509635353,-0.014081894648288407,-0.010716374003351344,-0.004381111032094102
2015-06-16,0.5878909021288825,0.005343390511471167,0.02082487277056773,0.007666474498837903,0.0034826083052346564
2015-06-17,0.864077456902923,-0.0023537487049004016,0.0060297166431296425,0.0030498995045135026,0.001975716700374006
2015-06-18,0.8090789975191977,0.004545598070638189,-0.04952463224313058,0.01618342252537615,0.006440150503379864
2015-06-19,0.950078926948184,-0.010059769845172116,-0.027275968351282112,-0.013359210623590224,-0.007517364476894323
2015-06-22,0.6030007998545166,0.007946448705078572,-0.0024069453688759287,0.0028158744910399837,0.0044215614894247655
2015-06-23,0.27134787261251464,-0.004555438393444676,0.005288497630941524,-0.006945936948288267,0.005292060075870198
2015-06-24,0.8607540638561969,0.008465932436586894,-0.01230252303981174,-0.005898591023756019,-0.009833425529985146
2015-06-25,0.5403879678749313,-0.004773101525826051,-0.003403819624314855,0.00021888644209263993,-0.005344420095100116
2015-06-26,0.2783134665498717,-0.005899834420916701,-0.0017066499425122965,-0.008579720652078382,-0.003740277032988258
2015-06-29,0.2828101481348955,-0.017669771804726616,-0.01400355483846056,-0.019860052908804163,-0.015163505473057875
2015-06-30,-0.9930223238177508,0.007201168737692397,-0.0029734305516312706,-0.004970708404269997,-0.0019036926131117517
2015-07-01,-0.31963117064268176,0.009284596265556175,-0.001489308067797903,0.006772393296301416,0.011187673757248813
2015-07-02,-1.0676323417812696,-0.0012646589826765206,0.002977631887389689,-0.0011257849640280966,0.003640742221348024
2015-07-06,-0.9022673220550949,-0.0034857762235372403,-0.0014932531288162681,-0.0002252492197346568,-0.0021831598573534066
2015-07-07,-2.6506802579487023,-0.002463598540373073,0.00024889975125375426,-0.0020296295174663066,0.001638102507638997
2015-07-08,-2.1143594907940546,-0.02513616423482982,-0.009759059553929215,-0.001355211452432706,-0.011214125689970043
2015-07-09,-2.4025716194883677,-0.02060733283519841,0.0102565613338042,0.006309329953525173,0.0042197791889337175
2015-07-10,-1.8659174750340792,0.026383299704202168,0.0044703137847401,0.0020197088871455847,0.01874306476701203
2015-07-13,-1.819236956744954,0.01912167509249086,0.01084276191245906,0.020632782164378232,0.014450567865995644
2015-07-14,-1.9343698711539947,-0.0003982535152641832,-0.0004906014741129858,0.0017547564656272161,-0.004556346676740296
2015-07-15,-1.2737254961501008,0.009587057734874947,0.00024571677625885455,0.0030643061897747343,-0.0004749943271357846
2015-07-16,-1.9339004104274422,0.01323790384751501,0.00415842012344686,0.019477088749295633,0.01454991406728823
2015-07-17,-1.9977803407780397,0.008600462358020072,-0.013765577540469144,-0.0008575325638378685,0.008791810557494407
2015-07-20,-1.664644735522159,0.01872506705814941,-0.011702228796688245,0.00641406649707894,0.004106874015646031
2015-07-21,-1.7624507609362792,-0.010044978931940552,-0.009056387518411575,0.007643210181324618,-0.060382561623750816
2015-07-22,-1.5841857708203764,-0.04321505066010811,-0.0037979408695065007,-0.037495895519263314,-0.016820755240067573
2015-07-23,-1.9016641793946927,-0.00047902923124031955,-0.010712149755998449,0.012439093236948827,0.008569328370407423
2015-07-24,-1.9698222737431164,-0.005287406681227209,0.0,-0.003694107404396513,-0.012318051549896788
2015-07-27,-1.9318411166881697,-0.013993010805084,-0.012643217771502162,-0.01292603936713329,-0.0042655899259196415
2015-07-28,-2.231209927555976,0.004956194668870471,0.019797423913493532,-0.00022053014460165658,0.006141983268491344
2015-07-29,-1.8887056921433398,-0.0031659690676220814,0.012900528834908996,0.020736185513067013,0.006476565240766448
2015-07-30,-1.4507826157339396,-0.005053694427641762,-0.0035251399651087733,0.012665115474095962,-0.0008070557216227425
2015-07-31,0.0017409610224203842,-0.00878240815093601,0.0072871541289374,-0.0038464831960142087,0.006378400167445045
2015-08-03,-0.6169705653167823,-0.023860234957849107,-0.005774857977559209,0.0023525809510357093,-0.020455608932094548
2015-08-04,-1.4890545208319512,-0.0326097433900643,-0.0012603714527313038,0.015474417328683826,-0.007018655706834017
2015-08-05,-1.143157444019606,0.006607427233967007,-0.0005043667649591392,0.0008408514409472854,0.0019018077446443474
2015-08-06,-1.2338903936446144,0.0021740315910434233,-0.008105458624837384,-0.020382464991773402,-0.0017900478227215568
2015-08-07,-1.3986087880323643,0.003381784946860585,0.006085784953584515,0.0025705845077194276,-0.007705572772290048
2015-08-10,-1.8337045473727467,0.035711943908829764,0.008306837015130653,0.01254393793141476,0.01045317019516189
2015-08-11,-1.2326541753906506,-0.053440910392294566,-0.018214873188308986,-0.01962926993821531,-0.007942206009104079
2015-08-12,-2.072857358777064,0.01530218628740964,0.002804763040942976,0.007085332006800699,0.0041710598498792845
2015-08-13,-2.023083960131125,-0.0007814340657782138,0.0007636136591439183,-0.00021425577134998356,-0.007004727039622113
2015-08-14,-2.370494688817153,0.0070098460427262125,0.0025400724527257714,0.005761777312408486,0.004375969802592763
2015-08-17,-1.9459732697923597,0.010295344507971147,0.007835656201880334,0.006785300298070357,0.0035886841777148988
2015-08-18,-2.094026940920927,-0.0056493620979478935,0.0027655264859933284,0.005515034072034737,-0.001921096157068695
2015-08-19,-1.4332020979718387,-0.012872492474993303,-0.0075608369063791024,-0.014060421871264673,-0.013357211916225685
2015-08-20,-2.4517689110697933,-0.020733346743484538,-0.023030749732982792,-0.020592373398186422,-0.00834954380357251
2015-08-21,-2.359092368741365,-0.06311289510925988,-0.028355285519872386,-0.05839583464077069,-0.025273955576498346
2015-08-24,-2.569323903513144,-0.02527944496686288,-0.039934808164700755,-0.03280509442060645,-0.03681332448869677
2015-08-25,-3.54927585598957,0.005994420030929229,-0.017615752795106906,-0.029460863727746624,-0.0176498294859063
2015-08-26,-2.8441838364979293,0.05577077091531469,0.040359428915601174,0.05387222488401846,0.03991324471043775
2015-08-27,-2.910067499950827,0.02902116848036833,-0.002441602457288164,0.027481311896651435,0.01246498223218467
2015-08-28,-0.29518779773402715,0.0032710923871407845,0.01723297731314899,0.000683072367371388,-0.003777602571466269
2015-08-31,1.481947558883113,-0.004689168032447805,-0.00992646684994093,-0.009376829239678586,-0.0006080682465384553
2015-09-01,3.671774913485323,-0.045726230967255525,-0.0295510450592217,-0.03984650357969581,-0.03586423542439965
2015-09-02,1.6750524502202273,0.04199464096202637,0.020342189559300297,0.03616317187546406,0.016474070399453748
2015-09-03,2.085796310342274,-0.017691675896218673,0.004073189559355042,0.003223441288152117,0.011856270599561182
2015-09-04,2.064521033555221,-0.010016367294717677,-0.01722077621158272,-0.020672004927809528,-0.021207193628793225
2015-09-08,1.8628103452656604,0.027441010759988727,0.03813835605772904,0.029598125371287656,0.024268637781812298
2015-09-09,1.354849639102278,-0.019419891336720212,-0.015781913905579852,-0.018860051787408315,-0.014917714752580073
2015-09-10,0.46128751016674696,0.021732386569267514,0.013922191060193649,0.005094711903488252,0.007896905384825412
2015-09-11,1.4306870218036944,0.014463443181672428,0.008208777507468455,0.0043793200733078476,0.00797077077236228
2015-09-14,0.600015674890454,0.009585118830243978,-0.009538792631565067,-0.010171260057961928,-0.011739641745358
2015-09-15,0.20860581293368735,0.008377152191736221,0.011383503525323354,0.021605163625420473,0.012824884698652483
2015-09-16,0.22508521055371838,0.0011172561844770411,0.00734335568908445,0.0072500616745063,0.00594728631657841
2015-09-17,1.2905747116351487,-0.021621738843468914,-0.040800378388022175,-0.0011293630180689758,-0.0018207790398541786
2015-09-18,0.9639125704672376,-0.004134414988516733,-0.009846913259255272,-0.017554602223895835,-0.024809326671766024
2015-09-21,-0.20404604733199272,0.015394278465013756,0.012293336558074295,0.014385783166789439,0.013540386310742066
2015-09-22,1.0305442020050664,-0.015834916262326762,-0.017529432189825833,-0.004772236511268625,-0.014094286834335897
2015-09-23,0.9024363005746395,0.00808033073212317,-0.005541697043440781,-0.000683539274179649,-0.005345030680342591
2015-09-24,0.143728867014297,0.005930207534220945,0.0019427898383607412,0.0009112150233560956,0.005206874829177173
2015-09-25,0.27800520956453656,-0.002525170871835428,-0.00027739063481405356,0.0006828166571665363,0.006969555591361544
2015-09-28,0.8976955435987579,-0.01998701176869012,-0.01706553414924711,-0.014903359135171728,-0.020143647406554745
2015-09-29,0.3886839592082065,-0.03052176630943995,0.00197303757703916,0.0034589877459975903,-0.000351062580882159
2015-09-30,-0.8106742072616705,0.01130613985862755,0.01703292842249186,0.018700511066402286,0.017395445393638506
2015-10-01,-0.8348409850169721,-0.006549300634039987,0.0033166291273785445,0.00787682043580849,-0.009564734359454995
2015-10-02,-0.7657820213909288,0.007273863080913081,0.0177769088905092,0.021291763725047194,0.006871137698536916
2015-10-05,-0.44647728533708914,0.0036172632008527757,0.018797544037508055,0.022994435489294134,0.03038160610076614
2015-10-06,-0.06250137217553442,0.004773008376484554,0.0037170706894812675,0.0025700873990623548,-0.0017463968828920423
2015-10-07,1.1796537510394836,-0.004773008376484576,-0.0018570172841322538,0.0010689076220603768,0.008766576663304456
2015-10-08,0.7456421137547891,-0.011621524353973109,0.0060889097370822425,0.013793186732868163,0.014485849087653957
2015-10-09,1.63032692073321,0.023645027361345227,0.009494029718870376,-0.007190947619584727,0.0007218101988692247
2015-10-12,,-0.004648597714520959,-0.0015761312573034003,-0.0023376228152332886,-0.008236336505510975
2015-10-13,1.426557440552641,0.0017010749798298697,-0.005800534563731995,-0.002343475918675073,-0.010107772458823227
2015-10-14,1.2425764780249242,-0.014234329335559879,-0.014917289388234256,-0.004488667286248657,0.002603563308871055
2015-10-15,1.0532429298798536,0.014860216347958484,0.007752802013617088,0.007044709929228269,0.0005328863689399748
2015-10-16,0.8799579455610569,-0.0073577009047649635,-0.004805460931612473,0.01057994403359858,0.0019969602088387925
2015-10-19,1.384129280484938,0.006195201468100068,-0.013469772746684336,0.0023126511546730935,-0.007809995930350401
2015-10-20,0.6980382506791514,0.018093121297429106,-0.00027095089680586774,0.003144961960701367,-0.05921852299589895
2015-10-21,0.3996367159135204,-8.760982048098447e-05,-0.006532406688975034,-0.012003710660671659,0.001988713026449258
2015-10-22,0.3955919691825406,0.01517941247997037,0.03144966655971527,0.017431516389670464,0.022245902924471775
2015-10-23,0.5419397410052793,0.030525013351983397,0.007381910903807152,0.0960104403784099,0.004086313435274617
2015-10-26,0.349644023570942,-0.03243163043763625,0.007849417411268138,0.025767244914521023,-0.007074725715786031
2015-10-27,0.18692405421009328,-0.006352497028827858,-0.0007815672941377472,-0.010376346250547718,-0.0412110042734573
2015-10-28,-0.31804856352071564,0.04037850619911381,0.013985850837015458,0.005386463117069483,0.0213146175577813
2015-10-29,1.285671543645786,0.0105089565396346,-0.0005147562018110231,-0.011552222623380803,-0.0019901628397073616
2015-10-30,0.12330702364743296,-0.008582299087556748,-0.0005143292113175852,-0.013585061514694076,-0.0033493408914394836
2015-11-02,0.41111706280355786,0.013960689437399634,0.02315874611407104,0.011333951798983633,0.0020679510443884284
2015-11-03,0.2779956316261347,0.011405107474521569,0.011257496017368288,0.01694785884649937,0.010699739495236355
2015-11-04,1.3856893881100385,-0.00466114865436154,0.006941004355582988,0.00460617189030165,-0.0017632442056279753
2015-11-05,0.6130305460061242,-0.004620665463783316,-0.003216900248977586,-0.000367733421715803,-0.012362119218278187
2015-11-06,0.07920615788513258,0.001157344541417157,0.006668812427052234,0.009881082012195196,-0.002456442055631163
2015-11-09,-0.29076390182338807,-0.004055806352347001,-0.012883975834102258,-0.013934774562633917,-0.021494744140855362
2015-11-10,-0.38493512245842126,-0.03202448776816985,-0.004498796220272908,-0.012074118510205267,0.0011817939028910531
2015-11-11,,-0.0056679990716592245,-0.022290713816126646,0.00261304974082018,-0.003327344470833147
2015-11-12,-0.20437960626336932,-0.003364488608420015,-0.010557496220176096,-0.006170453601382697,-0.014773028852736007
2015-11-13,-0.6873853693623936,-0.029643859497414448,-0.03503563987025929,-0.009042397884146423,-0.00974365263288979
2015-11-16,-1.4093795397150042,0.016246518918611754,0.021745566043647566,0.017446777005833667,0.014766929028459453
2015-11-17,-0.607332155774288,-0.004300718125282983,0.0002621724996065744,-0.00827251989064357,0.0008223246910150796
2015-11-18,-1.019113958635849,0.03117374706050663,0.014838405419076989,0.0164771662967992,0.014834649524366353
2015-11-19,-0.8151297978801875,0.01262366904494012,0.008234346023932332,0.0016699418597464185,0.0067513029490878585
2015-11-20,-0.891200777210836,0.004368318645491478,0.008167664381787447,0.004624103604802716,0.012788897800531534
2015-11-23,-0.7386752459750244,-0.013077615302439545,-0.005096752646472803,0.0,-0.000288699660002295
2015-11-24,0.2587655719833307,0.009551109955137978,0.008142495288414705,0.001106755611167945,0.0010103519537917065
2015-11-25,0.788889700242926,-0.007176056713459612,-0.005081099303886428,-0.010376281516600652,-0.0043384628702265345
2015-11-27,0.9396683940016417,-0.0018657358088393454,-0.0020403082332327398,0.004459947748529311,0.003328110916434653
2015-11-30,-0.952644608287701,0.004150843038751335,-0.005373845980395016,0.007757645171423252,0.0069094381880523805
2015-12-01,-1.0124622885827745,-0.00814844337564609,0.00664951210260961,0.01588075084539518,0.01325273202393832
2015-12-02,-0.22719889263607318,-0.009074343977481657,-0.013602011632756936,-0.0001813333777898229,-0.011246586780435792
2015-12-03,-1.1263586103765162,-0.009331345194861219,-0.023265998299306753,-0.018463222713619575,-0.005598957043503565
2015-12-04,-0.3131091797167299,0.0327057271280213,0.03508233068817438,0.03106262651263273,0.010810807979724942
2015-12-07,-1.1878579740470132,-0.006320754480855578,-0.008720761032874728,-0.001790359285597042,-0.006286172308712004
2015-12-08,-2.3883510441564484,-0.00042291745946037624,-0.0023205772523247166,-0.00035847251256165055,-0.010806995232596758
2015-12-09,-2.3436675832580303,-0.022323028102049378,-0.003880758422535328,-0.01462516738064663,-0.01048598965347374
2015-12-10,-2.487921326272764,0.004745663363871499,-0.01016034400669481,0.0052608359443658236,0.001243584129293108
2015-12-11,-2.36996046804189,-0.026074764008431773,-0.025996254186221666,-0.022135784517432998,-0.01628903681324474
2015-12-14,-3.3010193254167794,-0.006204267779951528,0.011756021130289724,0.019781114107534685,0.010055411323850964
2015-12-15,-2.417645392782912,-0.017850258397274377,0.014763665954914434,0.0010873806823727887,0.013590607944051834
2015-12-16,-1.132960232457301,0.007663355228858738,0.018154372562700673,0.016707466518980616,0.010827457699327626
2015-12-17,-2.4289107838295356,-0.021424376347516854,-0.05222740996713395,-0.007690288809314856,-0.018403725337594504
2015-12-18,-2.1696085277232586,-0.027441933474998223,-0.01582996651307626,-0.028591514062596583,-0.013620537128135282
2015-12-21,-2.428921112530425,0.012186136097793036,0.001924079512841794,0.012849096765162238,0.004437665760933971
2015-12-22,-2.690464246237873,-0.0009321287514939113,0.004656814714651819,0.00943904342600019,0.017774760253700297
2015-12-23,-1.7505570864106872,0.012787485588473278,0.009249072285582739,0.008455360324803898,0.004412940222891118
2015-12-24,-0.8036460077538936,-0.005354749426271115,0.0021644209737003107,-0.002690766401754169,-0.002095833367102854
2015-12-28,-0.3817706919753085,-0.011263740682595077,-0.005962325344510408,0.0050171772290949195,-0.004639505333044472
2015-12-29,-1.197040397735474,0.017814570194395453,0.006772330929603712,0.010666686064394991,0.01564597545351086
2015-12-30,-0.6929073805709971,-0.013144539634411314,-0.0032448765666846756,-0.004253030808712282,-0.003152718254468488
2015-12-31,-1.14264602033664,-0.01938167305407483,-0.0106194222156063,-0.014849521324049212,-0.012420943016254698
2016-01-04,-0.8324160335788742,0.0008543199913581638,-0.017469022408989864,-0.012332758735579907,-0.012209006957823013
2016-01-05,0.06009521534937601,-0.025378465527861264,-0.0030816399584232077,0.004551781707029513,-0.0007357242945038086
2016-01-06,-0.6017812825169444,-0.019763870404217346,0.0050374278937805215,-0.018332127597566226,-0.005018026892502392
2016-01-07,-2.01449629326692,-0.04312057769120712,-0.022015981154195566,-0.03540204375341055,-0.01723702527624339
2016-01-08,-2.4705801137110273,0.005273289263896578,-0.011192463204687975,0.003062124647266338,-0.009301320456796948
2016-01-11,-2.449415719259071,0.01606293406678452,0.008334560772002208,-0.0005732358735614708,0.012081953607665034
2016-01-12,-3.4038196143166584,0.014409054305383305,0.012231371790430918,0.009136139236761858,-0.002480045831128836
2016-01-13,-3.6505458481414905,-0.026046653238533397,-0.037153016427096175,-0.021835761917752595,-0.013102727897121963
2016-01-14,-3.3565002465124505,0.02163494129550848,0.020619482248978176,0.028068575481928346,0.013178255909586128
2016-01-15,-2.437352817013681,-0.02430847115450735,-0.01944619805540413,-0.040735950059713824,-0.021907435270647885
2016-01-19,-3.6426993803401437,-0.0048502733989182634,0.012523813207618941,-0.0084685340796889,-0.014875538835175887
2016-01-20,-4.290311115390181,0.0013440264551261725,-0.01781334938452693,0.00453862816194971,-0.050016596351354546
2016-01-21,-5.805511712030709,-0.0050754687956271844,0.005289536176908007,-0.006122118618186804,0.008579655521607497
2016-01-22,-2.772800733269226,0.05180189210014479,0.019733179413587577,0.03522773064581135,-0.0033413699883790933
2016-01-25,-0.33200758302452993,-0.019715774977157506,-0.013306232247573482,-0.009607881984320419,-0.0034347940111731355
2016-01-26,-1.7867907367456881,0.005515708938507556,0.025586766307913733,0.0073102843595064014,0.004169188045553078
2016-01-27,-0.8847341245753103,-0.067964566681867,-0.009124178285484353,-0.018377411261865675,-0.013385614372099631
2016-01-28,-0.14596663004137356,0.007146291010558967,0.01195909496214003,0.01626661158972248,0.010362567884653041
2016-01-29,1.5465538568969115,0.033958039336875856,0.02736033572666423,0.05657149928830426,0.02080993239134837
2016-02-01,1.736996656912853,-0.009392542133822731,0.0002757680925168144,-0.006921623873331785,0.00032031996613085854
2016-02-02,0.39904535245046824,-0.02042951501912037,-0.02707010886343224,-0.031754717897708534,-0.015256255705693122
2016-02-03,-0.8779746702028497,0.01959931722751434,0.009571846749082864,-0.015976125735089716,0.014374682751347706
2016-02-04,0.9670920657394283,0.00800274462097776,0.021070958097125794,-0.0030721200456531777,0.023221198024364332
2016-02-05,0.3895484997389246,-0.02707061971676582,-0.020790837559715128,-0.03602566280681622,0.007181086721030994
2016-02-08,-0.27807507402252496,0.01047441073586006,-0.002523914159260585,-0.015064902650956667,-0.0022810897028827768
2016-02-09,-1.4569926060277139,-0.00021047007041574963,-0.014995448367197321,-0.002634833351934683,-0.023183596005544413
2016-02-10,-2.730467279034258,-0.007608901610191187,0.003414984114755543,0.00868772117477356,-0.03177233182654247
2016-02-11,-2.8993007408371083,-0.006064451934931647,-0.010279946991762804,-0.00040238214290246055,-0.01966106976099987
2016-02-12,-3.755209548709516,0.0030898281434242323,0.01989257672898448,0.016169814124048148,0.026708851806634296
2016-02-16,-0.6005441518528412,0.027804697584942226,0.004491748674480823,0.01876958884653999,0.01394688245292561
2016-02-17,-0.7381166625542387,0.015198319927358003,0.025717208082091575,0.025699278276927192,0.027006840586042316
2016-02-18,0.5665052912147359,-0.019138010895213397,0.0,-0.004397159630638136,0.04913003916439852
2016-02-19,0.681803955525008,-0.0022883576013893393,0.004086678798491104,-0.007114489205489748,0.004745176657111704
2016-02-22,-0.3108015326311131,0.00870818659696468,0.008931817971981285,0.01588972311555973,0.005171205105696229
2016-02-23,1.3010837665406867,-0.02286457878965522,-0.015205439964262983,-0.028317502270574814,-0.01029368374946852
2016-02-24,1.5087347987303543,0.014781296299198842,0.0021869431937904826,0.003511197874796984,0.003016188203568909
2016-02-25,1.6578880055517857,0.0068440259205287055,0.017857284855158483,0.014304973630546435,0.012719926647953692
2016-02-26,2.409308757770773,0.0015488743901366374,-0.008888571369780772,-0.015474088316876902,-0.018534881386495342
2016-02-29,0.9857741804423837,-0.0022725565624668103,-0.004882034686886489,-0.008221018313890271,-0.00760282069332883
2016-03-01,1.6686356248287733,0.03894606127199058,0.032369176090838454,0.032866112113272485,0.02517054620573987
2016-03-02,1.971141688552242,0.002186096581571561,-0.006073252532968346,0.007012591000724034,0.014261364689332753
2016-03-03,2.037616786084782,0.007416450722590386,0.0034368599897971817,-0.01139658920818316,0.01094478011383703
2016-03-04,1.7606068521582898,0.01476736823307756,0.0,-0.006131218786000412,0.0
2016-03-07,2.4596190470418913,-0.011128487425008732,0.012328190937009573,-0.01940693704359432,0.01691006305593945
2016-03-08,3.7795139666206268,-0.008280269697552828,-0.005489588323806501,0.0120765294530425,-0.007735967788658037
2016-03-09,2.6893601357937222,0.0008906072058337035,0.00861262096781125,0.022778500900735278,0.00958977040866843
2016-03-10,3.672907894289318,0.0004942911392048927,-0.011237357247708234,-0.015063872314767822,-0.0015684993008391215
2016-03-11,3.100656685779284,0.010716275704667327,0.02337778389561737,0.019407057601154246,0.015360583384272545
2016-03-14,3.3519567323189023,0.0025393747210001026,-0.0064392689250799265,0.0018824559205801875,0.0029459443230661526
2016-03-15,2.3897347245450633,0.01989456717916846,0.0010332900152619424,0.007868169363269036,0.001259944605781552
2016-03-16,1.8100619352156149,0.013203701612036206,0.03749155747195814,0.014082214641207215,0.012719477748456992
2016-03-17,3.1022414849949973,-0.0016057238217536565,0.00964989039937088,0.00568761958351398,0.01542011254480402
2016-03-18,3.587381593720982,0.0011336682041526204,0.021197103696517287,-0.021637522994436918,0.00034007533491441013
2016-03-21,2.989981866015781,-9.431052467482827e-05,0.003129117867152221,0.006893456708520719,0.010415398271588333
2016-03-22,3.2203524731419684,0.007618773060811383,-0.00554288672281095,0.0038913014151661152,-0.0035722923709739698
2016-03-23,3.710002778862946,-0.005543848871767522,-0.015341666857690792,-0.0018512541463929766,-0.01839916782401919
2016-03-24,2.791054001386819,-0.0043436816962899106,0.0053840965999817966,0.004436961257170911,0.017385889091439885
2016-03-28,2.525340173438878,-0.0045525346190958245,-0.008579687019798244,-0.012435981939744802,0.003036843648966777
2016-03-29,2.2157023013115884,0.023395473088371532,0.001967539858771427,0.02161737058813885,0.006247277309938333
2016-03-30,1.5079861952663562,0.017308741011744424,0.00661214716102672,0.0061953458891290895,-0.006179991814587757
2016-03-31,-0.8250381624001337,-0.005216589678368451,-0.0014658347129763104,0.0032642123070224026,0.020277138271669964
2016-04-01,-0.7748359306094894,0.009133648607011728,0.006092797288254303,0.006137273779084441,0.007040055099258193
2016-04-04,-1.3920975942613691,0.010221257650065948,-0.002189285080287478,-0.002522188489328311,-0.002954527369800651
2016-04-05,-1.972612767863334,-0.011859363178857938,-0.013235346443330924,-0.015820147982478123,-0.013705869170510617
2016-04-06,-1.7114212105723872,0.010418294545375547,0.0054135723483584855,0.01021152394336633,0.00013329430782898352
2016-04-07,-0.29440820487755137,-0.02205118394493818,-0.01932664052884751,-0.01204621646082594,-0.011868440880424543
2016-04-08,-0.5657630498966095,0.0011049878404398043,0.009709622491592107,-0.0007347247463225935,0.007392479702587527
2016-04-11,1.057138828023985,0.003307888327581795,0.0007432840388833333,-0.0020232409402878787,-0.0006698868422102568
2016-04-12,1.3789870448041617,0.012940650673009585,0.004462986456050323,0.006240912973178751,0.0025428263280606778
2016-04-13,2.217587676715558,0.014383813317583647,0.02177994973236348,0.012727489777500938,0.01063606977723955
2016-04-14,1.8780447297407847,0.0005355374336270336,-0.0016959202636814003,0.00018037025399640668,-0.0004625498785488225
2016-04-15,1.860094080947999,-0.020275809509623793,-0.005348774960513964,0.0052248331332848145,0.0036974064592619495
2016-04-18,1.1871018379328202,-0.02181108550083112,0.00534877496051385,0.014450352695472698,0.005324825998894902
2016-04-19,0.737581214838815,-0.005317341320052162,-0.004374051457999308,-0.0012405742389773964,-0.057547863129563975
2016-04-20,1.2239320463999852,0.0020555360957324603,0.0009738824982004502,-0.014288640679147407,0.014546378878183495
2016-04-21,2.1418585470368687,-0.010886797189254524,-0.00268035396344153,0.0034121910128457464,0.021597864099426392
2016-04-22,2.3237627306926494,-0.002740519160428284,-0.0071001055903328995,-0.07441161158675669,-0.005372764571673012
2016-04-25,2.5704107885827097,-0.005693534290012731,0.0019636940702859097,0.006353186275304612,0.002085470953885104
2016-04-26,1.8173128663984182,-0.006971319924274961,-0.003192512841054904,-0.012940903911849221,0.0018125868553835673
2016-04-27,2.5868739442871886,-0.06462157775961028,0.004907438007672601,-0.009767561895080636,0.009280681113860071
2016-04-28,3.226474226752069,-0.031043259216724378,-0.012811078751845686,-0.02062716083342595,-0.022854915593941337
2016-04-29,2.729494628613581,-0.011561042559191863,-0.011722603500704067,-0.000601925404248499,-0.007713011490798879
2016-05-02,2.164553586476797,-0.001067154774597417,0.010978110777109067,0.014730104001814875,-0.004601971333021197
2016-05-03,1.6165842497715042,0.016312032627372453,-0.01550382977281309,-0.016536311547427247,-0.007877982624890334
2016-05-04,0.8833425794353046,-0.010455426659033377,-0.009877088005230494,0.0018062075456124799,0.0008322167998437272
2016-05-05,1.0750130916201193,-0.004067624082324632,-0.001528544674993525,0.0014026534131957398,0.015272387280712073
2016-05-06,1.5444126484781109,-0.0055926099026924105,0.004578191306972417,0.008970665561997732,0.01518707130910314
2016-05-09,1.5215801382260452,0.0007549673468045505,-0.0012694054545912623,-0.006371070011438165,0.0003394618878854492
2016-05-10,1.0448943830319146,0.006766488631348845,0.016628958118078584,0.018796018113283446,0.017692543133088937
2016-05-11,1.6732540016451196,-0.00978851595752527,-0.00928813152653145,0.0005875958034480152,-0.006824412936694161
2016-05-12,2.390178261591262,-0.02373639886224281,0.004277990935889196,0.008970994523122583,-0.0007392005810633905
2016-05-13,2.678860434674588,0.0019898684244666156,-0.00528750637685745,-0.008383233430908797,-0.0075530736114489076
2016-05-16,2.3070340808624246,0.03644688807557772,0.009047935781075883,0.014576238776257402,0.011710423865636123
2016-05-17,3.0557375255330985,-0.004162887840673219,-0.009300586212826296,-0.018827671947119567,-0.009816575191057553
2016-05-18,3.1238310188499945,0.011379919733235858,-0.003287799878550925,0.005921534523631318,-0.004469704678461222
2016-05-19,2.977879190614578,-0.0038142454331401916,-0.01609083079559121,-0.00969076338273115,-0.016492051257014164
2016-05-20,2.936023645332727,0.010769729822225625,0.014569375409904873,0.005944341348880668,0.015881496574643997
2016-05-23,2.5515070491758287,0.012627327498504296,-0.005853085011755555,-0.011723612456860997,-0.003265217425970039
2016-05-24,2.6019596646045886,0.015129337161898062,0.01820943281398248,0.03070472290603832,0.010438109310585824
2016-05-25,2.950473942246526,0.017416159730971867,0.0057482142111364674,0.010220852118593119,0.022533640520254798
2016-05-26,3.2916705098926142,0.007899388896396742,-0.0044957547641699975,-0.004422670890001542,0.004932325657536009
2016-05-27,3.183867299713121,-0.0005977085679774156,0.002999229581975235,0.008252725779925247,0.0026207181359355907
2016-05-31,0.8391487989635484,-0.00489533453546194,0.003239313602644424,0.012913215116608695,0.0058714467148039354
2016-06-01,0.6051162462428231,-0.014118699887546292,0.0014914680927395443,-0.0028340098454451464,-0.00803327157988424
2016-06-02,0.7581814301856813,-0.007544047460919625,-0.040552696359750534,-0.00702568833494777,0.0064705569453608405
2016-06-03,0.8232606490349147,0.0020442475599958708,0.011316598388085726,-0.013235514469533572,-0.0039815949765508885
2016-06-06,0.2609249014724281,0.0072248856626429174,0.008658014719384073,0.006543732109641258,-0.001047437858838242
2016-06-07,0.6195135656098315,0.0040473944455593925,-0.007891023029537416,-0.0005756444128734594,0.003920864410753884
2016-06-08,1.1495342362681984,-0.0009093254727929027,0.0038261590435786645,-0.0011524497002176688,0.004360475808548093
2016-06-09,1.4562149707754641,0.007150582698442591,-0.00587239949921402,-0.008103214157048502,-0.0037734920842854656
2016-06-10,0.9851862313935807,-0.008262821998330718,-0.00797048823006452,-0.00271567306654632,-0.006867528555067095
2016-06-13,0.19575774263671064,-0.015191505046410024,-0.003102241572757983,-0.026374252922590793,-0.007179450633167392
2016-06-14,-0.10232619831084011,0.0012323361854166908,0.0054223371502011165,-0.006202106782826555,-0.0014553508510897104
2016-06-15,-0.3174814694575562,-0.003288949370865928,-0.010094166230347831,-0.002813710661840435,-0.0025185899914146525
2016-06-16,-0.616363346399811,0.00421190530631602,0.005189538129679541,0.013989360657609442,0.0025185899914147184
2016-06-17,-1.5252505216924988,-0.0230202628442869,0.026558990337441944,-0.005173289567579371,0.00613805193722639
2016-06-20,-0.3291948015519359,-0.0024159904200850074,0.0012595108717852127,-0.001197334762328698,0.01060215152930869
2016-06-21,0.11795629709931205,0.008481133460601026,0.00652256096455049,0.022122067805400998,0.0028600559612707473
2016-06-22,0.036880836429794714,-0.003760018373775731,0.0004998665978163979,-0.003914767640891172,-0.007362394088709556
2016-06-23,0.21932450744861268,0.005739584110210702,0.020288204154191976,0.017882129192682093,0.0157659434748563
2016-06-24,0.5929673238781894,-0.028498169100376843,-0.03997577526856805,-0.04089445502305283,-0.05804128864170601
2016-06-27,-0.5133424303770834,-0.014668134490955099,-0.019303131773724207,-0.028497888789505897,-0.02130446297836146
2016-06-28,-1.2314379755114373,0.016700396145689064,0.0167510353254313,0.020640741368569377,0.015214627510314781
2016-06-29,-0.5452901148256016,0.008617646241899514,0.03564620006077546,0.02200504191901319,0.018765883743867694
2016-06-30,0.9506699223143421,0.012631502180742903,0.009327638234271868,0.012388284653176887,0.022116418660214243
2016-07-01,-0.15561496649937034,0.0030289990926142697,0.0019599322641472984,-0.00019521930336490633,0.0037487167241059306
2016-07-05,0.592129855692986,-0.009430379860407168,-0.011322102503424705,0.00019521930336485144,-0.004407405973935369
2016-07-06,-0.4353045787119424,0.0056688754789528464,0.0032127239704078437,0.004095612977527166,0.004538503625804655
2016-07-07,0.01625616714348843,0.004282912912561718,0.0,0.0,0.0015083746170120812
2016-07-08,-1.158004483217593,0.007683390412738943,0.00835355835961157,0.017747344546686646,0.012114871630262309
2016-07-11,-0.9492000257119958,0.003098544866255278,-0.0022041120907421562,0.005529699436172877,0.005616788247877088
2016-07-12,-1.2115840381407037,0.004526260900941862,0.01557208788442116,0.011720543610908568,0.010948886188675372
2016-07-13,-0.0887331306873329,-0.0056612507149502115,0.0009654110963460476,0.005621986230123389,0.006220676560337187
2016-07-14,-1.1881280229539615,0.019626369102684314,0.005052509391974831,0.0042890624023432,0.014201208589246811
2016-07-15,-0.5687982443629757,-0.00010143861335662924,0.002396322152238275,-0.0007445407916956262,-0.0031246777022653502
2016-07-18,-0.3078336863346838,0.010573529162425871,-0.003116456989873744,0.004830035512766037,0.0005008233658844821
2016-07-19,-0.6449296796511259,0.00040083932615201057,-0.013540389774813954,-0.016254445240995185,-0.001753372632535467
2016-07-20,-1.0065166971454325,0.0009009452315853429,0.004129848287517823,0.05175455557155139,0.011092332471657142
2016-07-21,-0.6322861515503844,-0.005316343188549612,-0.004373318846143039,-0.001969649900469678,-0.005655266208416938
2016-07-22,-0.7907169337578681,-0.0077746593455396105,0.0002434705586251916,0.013705471526434079,0.010045636585820127
2016-07-25,-0.9979791998819527,-0.01346957379463924,0.0019460638159885559,0.00282413084498399,0.003572304708904475
2016-07-26,-1.4564928310439822,-0.0069065288435684324,-0.005359300507136893,0.0005287517832837298,-0.0032634214875222087
2016-07-27,-1.4685041504621885,0.06294006931912102,-0.0002443031028149516,-0.010093100496306106,-0.0017903956855368497
2016-07-28,-1.8253557145979116,0.013411524563253514,0.00633202593347427,0.0003559963249518402,-0.0028470421375351475
2016-07-29,-2.284746451751372,-0.0012467826178948578,-0.0036487242436716123,0.008326782146888239,-0.004658289301356403
2016-08-01,-1.8854982362806705,0.017502642228465114,0.002677304767551706,-0.001765856698571035,0.005154404620534073
2016-08-02,-2.7118943103898907,-0.014914715563022953,-0.01075064792173525,0.0,-0.005403449233861782
2016-08-03,-2.8403403775103153,0.012460271791022158,0.0,0.006869179232215515,0.0005601877499788297
2016-08-04,-1.8378571379662603,0.0061583434526363045,0.004656448986412363,0.00734511083915813,0.005462328225860912
2016-08-05,-0.958564694038561,0.015092866539001087,0.005607704370908625,0.009883023657333748,0.011998310456128885
2016-08-08,-0.6810427897161644,0.008246476619268472,0.0007294917170117541,0.0017238491189851177,-0.0003701970030816117
2016-08-09,0.16163457094920242,0.004051619338868699,-0.0014590849400403234,0.0024086444909985055,-0.0016677702533276003
2016-08-10,0.14822258810930095,-0.007471674606451256,-0.00024335200804668624,-0.0030973219008149917,0.0019144599176849164
2016-08-11,-0.4416196714419164,-0.0006485097547738798,0.004613162629014554,0.004813845999632313,0.008906674923124318
2016-08-12,0.6244922059074878,0.0023134733719707835,-0.004613162629014534,-0.006194040163997661,-0.009709102675279885
2016-08-15,1.403074754603364,0.011945708006068577,0.007274494063262795,0.003101593130647827,-0.00043192649906006233
2016-08-16,1.9937471363368142,-0.0009137458918361871,-0.0016928620531895336,-0.005555398210786783,-0.0073161036643738684
2016-08-17,2.1996627815064955,-0.0014640832812781257,-0.0026657390598569548,0.002087060306032965,-0.0016194474893472786
2016-08-18,2.3334805096244775,-0.0012824038783739128,-0.0016999399907410596,0.0006944966005597097,0.0057179940150913
2016-08-19,2.842961853243484,0.002563089102494608,0.004365679050597906,0.00034721634625078983,-0.008214035373622286
2016-08-22,2.9995642672941334,-0.007802287968041718,-0.0024230955207216495,0.0008673279035543638,-0.0002503602038576813
2016-08-23,2.021603126365977,0.003128361858045715,0.006769691510813871,0.0038075534048177978,0.0016238976413018135
2016-08-24,2.452871382347348,-0.007561863623819718,-0.010415325426692275,0.0010361479266255043,-0.007578816699451654
2016-08-25,1.738476007017275,-0.00426707095424012,0.0007304494345733806,0.0037890427323436964,-0.0026439999740151105
2016-08-26,1.9406243290202276,-0.005873763615622052,0.003885492334012621,-0.0024095002957518676,-0.0019563647045372037
2016-08-29,1.9677616205682575,-0.0011229833065211838,0.0012108386490400046,0.001205475859159777,0.00880378872873437
2016-08-30,1.5191904166459909,-0.00770596718097584,0.0,-0.0036211662223771413,-0.002005267594724645
2016-08-31,0.28661566858667276,0.000942790052403074,-0.0021811465017477108,-0.007455396612454953,-0.003267850670370769
2016-09-01,-0.6287086785910345,0.005920208880003283,-0.0014560995412647786,0.002259831704366221,0.004145852487600208
2016-09-02,-1.2014166871317946,0.009325697315419993,0.0021837844715292946,0.00138801150327081,6.251278030642433e-05
2016-09-06,-0.5353621388253058,-0.0002784341620419375,0.0,-0.0010408837917394512,0.00500181739359368
2016-09-07,-0.34185725911668857,0.006109790710746456,0.0,0.0008675527467450143,0.008012311603539442
2016-09-08,0.12452307952962977,-0.026558854321011006,-0.012931479948842707,-0.003996496597592708,-0.016467292787724616
2016-09-09,1.290489497760347,-0.022909996786946243,-0.017090482170056737,-0.021472248588708626,-0.02103726366279928
2016-09-12,0.33915792524238175,0.02215148345402129,0.01610740935416578,0.014833521629067953,0.016561853034682134
2016-09-13,0.49449244232978,0.02352629391949611,-0.012367127090703351,-0.009157208275742054,-0.01579133833296229
2016-09-14,-0.3283913272490328,0.03477472665900251,0.0017407403278030971,-0.004787467546448929,-0.011360430068098391
2016-09-15,-1.1705640633178673,0.03343343938519501,0.01504153974397045,0.01639536507831115,0.010397097395207989
2016-09-16,-0.7996510867739447,-0.005640292617987608,-0.04864334566258391,0.0010485987428714536,-0.011761132962653414
2016-09-19,-1.2684467237731294,-0.011728601592518394,0.007933260749831078,-0.005605024678435686,0.006672933883393971
2016-09-20,-0.9970087770467957,-8.812052104808985e-05,-0.004086510903639423,-0.0021102556430578076,-0.002715537886905677
2016-09-21,-0.8991454676342936,-0.0001761175636250989,0.011198498757066884,0.016583843979118988,0.006968123086975373
2016-09-22,0.05382802241737317,0.009379216892043109,0.0,0.0010384788629071026,0.0037224474611289205
2016-09-23,0.039596984046898,-0.01680445169722413,-0.007111987853427448,-0.006767603559883418,-0.007264946794743232
2016-09-26,-0.9073281308530786,0.0015076694915699478,-0.005111235549672303,-0.009271685569987339,-0.006473221887761178
2016-09-27,-0.00992653084174111,0.0018582768545740952,0.00689420543252646,0.018285214544017818,0.017956968758323304
2016-09-28,-0.4148846800911308,0.007575833015657657,0.0035557572938041595,0.001379542436591682,0.009649037348094773
2016-09-29,0.9118384108745551,-0.015655034356039627,-0.00814634492499671,-0.010915851372125092,-0.0011378351659980376
2016-09-30,1.5306478512404171,0.00772543977154519,0.00408141142995584,0.0034780633542847734,0.004669400649830615
2016-10-03,1.6672915330836344,-0.004699193922505366,-0.007410123464468578,-0.0031297868284672083,-0.007836855370148093
2016-10-04,1.5726781991092966,0.004256594662508355,-0.003082856096061139,-0.003139837890003737,-0.007322962975834104
2016-10-05,1.6875305372874716,0.00044259925999697074,0.007178187563318463,0.006964160067618959,0.003954980461773508
2016-10-06,2.1848761245437998,0.007402984737433957,-0.007178187563318483,0.0017330798219691895,-0.0012743587505418983
2016-10-07,2.5500146757695683,0.0014914024503878342,-0.0002578850534121602,0.0010389124723527495,-0.007742505762114371
2016-10-10,,0.01729664599297348,-0.0023278471557008204,0.0041434863280058725,0.008634604933091735
2016-10-11,1.9418188904290041,0.002151916925197724,-0.015921115269464412,-0.01475333506777859,-0.014304144591042815
2016-10-12,2.234263841500391,0.008902603328361142,0.0010519766481926873,-0.0013998943324556837,-0.0032351907683444473
2016-10-13,1.816617549825439,-0.003072709495287332,-0.0005257339824856672,-0.00333241713921384,-0.0037011658717336915
2016-10-14,2.0020736257002,0.005541028921153634,0.0099425604668323,0.008745845739505003,0.0047376252390441635
2016-10-17,1.9560826721369273,-0.0006803978403440393,-0.003129022722367491,-0.0034891349201774005,0.0020698568275681487
2016-10-18,1.6839699614424508,-0.0006805063978885908,0.003389151390478577,0.0076601349534551385,-0.026516274619138875
2016-10-19,1.7723411335133559,-0.0029842022381702535,-0.0018235887445128163,-0.002257159832722268,0.003576190368986962
2016-10-20,2.41415416835443,-0.0005124952770769502,-0.006802611078771437,-0.00487877572551968,0.00171748916123365
2016-10-21,1.7558658582689426,-0.003937261346004257,-0.004209662123638854,0.04123402594968747,-0.012552274401963848
2016-10-24,2.0098352649899507,0.008964660048030895,0.008924272775941626,0.022212291867574355,0.0062627928873489535
2016-10-25,1.8640997037988865,0.005087172522241603,0.0023487660839937377,-0.0001641492721627223,0.0020564794679048377
2016-10-26,1.3385596388002208,-0.02275169255622865,-0.0013039329980293942,-0.005919823804986353,0.006145134716805034
2016-10-27,0.946982201565504,-0.009649051039965734,-0.002352411486873212,-0.008780394005908626,0.010092970523777882
2016-10-28,1.1021609581018792,-0.00666111044702569,-0.0013090592324541835,-0.003834003520115977,-0.004837278183327722
2016-10-31,-1.262885452574145,-0.0015841554651167243,0.006528226804344545,0.0008346743624284769,0.007052155092085055
2016-11-01,-2.0688774650479984,-0.018219918361099093,0.0010404120947070264,-0.002004777336419274,-0.005873336822269123
2016-11-02,-1.9811341279840264,0.0008962364871006866,-0.011243101229650306,-0.006206368664105758,-0.005512552698284615
2016-11-03,-2.616569760384592,-0.010776438279224112,0.007335933049926077,-0.003708632670426137,0.002760153737201195
2016-11-04,-2.7561032237553507,-0.009054840315293166,-0.0007838682083500591,-0.008480248245274326,0.00039345000093213875
2016-11-07,-2.851284454613713,0.014321934284853824,0.02093940873608825,0.02870995292122547,0.021354071011512873
2016-11-08,-2.1404399215321597,0.005869898437996131,0.0010229265930336553,0.0008272213529196589,0.005493270908543816
2016-11-09,-1.9575154413047948,-0.0016222097948409874,0.010676127681981458,-0.004973766311590445,-0.002322894444756899
2016-11-10,-1.7631974879321866,-0.02826376316489178,0.0007581491778215067,-0.02473396045699886,0.03434917052686563
2016-11-11,,0.0059197873895396325,-0.00329010615261933,0.005436474306489909,0.006532154007035767
2016-11-14,-1.9816742381729122,-0.025405054471077913,-0.00380960354180439,-0.015366227754678755,-0.019156305616738225
2016-11-15,-2.349148518631971,0.013156900452813196,-0.003313474315832051,0.019554329822436874,0.00290298241133075
2016-11-16,-0.6371036414550908,0.026533033753167377,0.013440490378885795,0.013162712966488996,0.00389977026957284
2016-11-17,-0.5770489579720051,-0.00036376073509400756,0.013758789113753556,0.016460726528083558,0.0031965131766860744
2016-11-18,-0.6474681171876034,0.0009998166403884427,-0.009736879263333937,-0.004794018570764111,0.003685387326965928
2016-11-21,-0.4172767611302158,0.015059739454438597,0.0007523658941893959,0.008415170903567117,0.014729763379196341
2016-11-22,0.4351591154938448,0.0006264501700579217,0.005001541997076822,0.004263061074654916,-0.0006145186195402797
2016-11-23,0.5795518391023933,-0.005111617205722485,0.0002491190891252615,-0.011849824124935657,-0.0042507006722830734
2016-11-25,0.5869046707960321,0.005021883478261867,0.004230486859748595,0.002149753550702144,0.007135959581245415
2016-11-28,-0.571883168049852,-0.00197001421980631,0.0007447086605964787,0.0013208480998847672,0.008423340897834662
2016-11-29,-0.09029185973055659,-0.0009861296588569287,0.0061844684647465635,0.007888380651267712,-0.006035471928259293
2016-11-30,-0.7996691504095326,-0.008469307513152275,-0.00891763612435036,-0.013679662157451082,-0.008043401401492104
2016-12-01,1.665876068271446,-0.009363342976686754,-0.037778749912947766,-0.017746895583090495,-0.01490539569562144
2016-12-02,3.1527076600569055,0.0037377290541271025,-0.005181193218011925,0.000844061935949854,0.0012507798525983234
2016-12-05,3.3352830776940876,-0.007214529397699959,0.012134074809550711,0.016238791872387345,-0.0011254600895970316
2016-12-06,3.0148932182121873,0.007669322174650795,0.012748529760565964,-0.004493497543619004,0.003185903238270424
2016-12-07,2.4898694213541055,0.009774793836674775,0.021306524838537913,0.023409928567205897,0.027312610586979078
2016-12-08,1.749283292901103,0.009769205324051388,0.0007442229547097077,-0.005883190023521094,0.0034528683330556625
2016-12-09,2.1857492498170656,0.016189994995526907,0.0042040024649063305,0.015612857448393396,0.0069907525956682355
2016-12-12,2.4875583418589584,-0.0057203812329233135,-0.0002466454731035736,0.003221567846284795,-0.006143785813927663
2016-12-13,3.0957303694288276,0.016543590168089428,0.006152289418446444,0.01294498484101111,0.016717178039716465
2016-12-14,3.17186902914305,0.0,0.0029396865983622447,-0.004774818965125044,0.001306030145555868
2016-12-15,1.948111518035909,0.005454287785542846,-0.0004891140909416593,-0.001596754277234214,-0.0029116807818959814
2016-12-16,2.3911787320916447,0.001294454112730059,-0.044029272900098025,-0.004484250352879049,-0.007707188904881581
2016-12-19,2.68625304250304,0.005760577217416003,-0.0051282781506336375,0.020966363857959552,-0.0003000929624934311
2016-12-20,2.856140623621411,0.002654213331457224,0.0025674830384948893,-0.0012582497039577737,0.00550433318775447
2016-12-21,,0.0009401427813232711,-0.004368890062133618,0.0,-0.0016122665140292985
2016-12-22,2.8852424936251975,-0.006599565378297971,0.0033422121371969554,0.0001575102393290698,-0.0016146562699022383
2016-12-23,2.5505652676571926,0.0019758017971516144,-0.00463023852055828,-0.0048900132193402425,-0.0020974581103403427
2016-12-27,2.451616176396887,0.00633080792780037,0.0010303037657866127,0.0006322061781658039,0.0025757877626999826
2016-12-28,2.654550637185606,-0.004273193594356512,-0.003612598940321074,-0.004593353577464143,-0.005699864602414676
2016-12-29,2.3484397219151547,-0.00025693486366782286,0.00025831313683043823,-0.0014296841253201903,0.0024642601710621057
2016-12-30,1.1848774928296426,-0.00782630333155641,-0.0062221371632678124,-0.012156216786169209,-0.003668288278673817
2017-01-03,1.1961071655916802,0.0028453763420711593,0.006505805572307961,0.007055687489675972,0.0072034448622118885
2017-01-04,1.5555694781300762,-0.001120071633698213,0.004916730644506128,-0.004484250352879049,0.012304993819876717
2017-01-05,1.8220643766968454,0.005072456308128879,-0.0025847632481995173,0.0,-0.003314512241578451
2017-01-06,1.988294741844466,0.011086824396180665,-0.004928915608481678,0.008630452303659457,0.004908198461501174
2017-01-09,2.0778034562396006,0.009117485467408072,0.014971548300745773,-0.0031878434621308398,-0.011151335188147187
2017-01-10,1.121006052051198,0.0010081890352022177,-0.00952494067288089,-0.0003194188060242238,-0.01278615143704089
2017-01-11,0.22320639999652891,0.005358477741830042,0.01157277378617338,0.009061567243258503,0.013382492358622246
2017-01-12,0.9538760327860327,-0.004183806945496353,0.002298614470040099,-0.009221348928352415,0.0011916160348715331
2017-01-13,1.003036536038739,-0.0017626633375187847,0.0015294422232299443,0.0014369810526422295,-0.0036386066160015887
2017-01-17,0.6461450802895385,0.008032173368782406,-0.0040836099201944556,-0.002715200862357579,0.0032811148315444612
2017-01-18,0.732378637213273,-8.332530716001778e-05,0.0022992012885845337,-0.0004800435905806968,-0.006513415880488756
2017-01-19,0.12395634505859976,-0.0017515756587449722,0.0005100919845667603,-0.003205144950114453,5.982555925301378e-05
2017-01-20,0.3441799427921447,0.0018349009659051204,0.016692456240886756,0.007037631151237794,0.02217319714819701
2017-01-23,0.949710789421216,0.0006664907101709671,-0.004777044840671646,0.003500701268217235,0.002810343203030398
2017-01-24,0.9724904360104016,-0.0009164874638645657,0.01052894346384572,0.008855156172067353,0.028076705479931595
2017-01-25,0.9575287448187679,0.01579525663540996,0.001246270536484108,0.0025155748252939382,0.013495826325241666
2017-01-26,0.793459945494999,0.0004923704109507252,-0.0004984751613681821,0.009222650675033396,0.002072878955350414
2017-01-27,1.3236385855872779,8.178889380039903e-05,0.0024889116012661995,0.023222854650279207,-0.007640976203255445
2017-01-30,0.946818768693535,-0.002627452757566478,0.0,-0.00993057763698382,-0.00849609315524725
2017-01-31,0.4111350832093593,-0.002304672251304554,-0.0029871971052848776,-0.007397119698054639,-0.007308006985642942
2017-02-01,0.3470964394267723,0.0591936561907569,-0.0067540819760459544,-0.016689401007712677,-0.0013186216635366304
2017-02-02,1.035060687758807,-0.0017102210150658564,0.0035075662067981257,-0.006469418673658317,0.0016623300870193698
2017-02-03,0.8179580577360444,0.004269888218702215,0.011192811376085786,0.008041011691096788,0.007077888855101186
2017-02-06,1.1447807084772808,0.009330359413919064,-0.008195805477935213,-0.0006282337685765284,0.00022754817482642948
2017-02-07,0.5979107820016194,0.00947237644247665,-0.0007485743396716671,-0.0033051545578168424,0.014675987578464573
2017-02-08,0.1655905110537656,0.003869662235444914,-0.0012487606887140266,-0.001419893793237492,-0.00503932945926689
2017-02-09,0.19566407322864293,0.0072000887134573924,0.00523404200476782,0.011302897731946045,0.005886088395984995
2017-02-10,0.6066947214296469,-0.0022679719114124617,0.013824292831742477,-0.0009371048896189084,0.008261174325718103
2017-02-13,0.849015823410536,0.008816461189618877,0.007327828385949847,0.011187317964457752,0.0037985770075606162
2017-02-14,0.5197984636371645,0.012895864961261713,0.00024317817958206624,0.003723691829932524,0.004284000640511031
2017-02-15,0.792887941716903,0.003622376450151097,0.007514116867691207,-0.0006197734687049583,0.008567701201549446
2017-02-16,0.7022063199298695,-0.0011811580536500727,0.004337568217813617,-0.00015457690704279327,-0.0013766903192860027
2017-02-17,0.8628878806394091,0.0027299448326800466,0.011237363686859732,0.0015482981372888086,-0.0041979790666893235
2017-02-21,0.9032443284019465,0.007195056308399186,0.004980288355284396,-0.002013616474284856,-0.002271920446715496
2017-02-22,1.352237548818898,0.00299428275075627,0.005662038809251445,-0.0020177450860449603,0.00492527029148328
2017-02-23,1.1795845651522257,-0.004238913410615848,0.010529645873306195,0.004031361560329826,0.002756190721655042
2017-02-24,1.591266200525848,0.0009515888249538481,0.004876309960395994,0.0,-0.0016531153948991567
2017-02-27,1.2125404570827645,0.0019735947896937383,-0.010946224281454572,-0.006053186174441569,-0.010810766684272216
2017-02-28,0.10488870856279842,0.00043830258985572986,-0.0025800030181258,-0.003899982070308736,0.002338978008471961
2017-03-01,0.1365350331123497,0.02023319571216157,0.0077183846150633015,0.014893238755940381,0.01177548598980866
2017-03-02,0.8303320629398737,-0.005955302148676572,-0.0006992706800884597,-0.014424542853496774,-0.007835093335342847
2017-03-03,0.48379750102339186,0.005884082372981637,-0.004673999439033925,0.003742404628711256,-0.0026623428902856523
2017-03-06,0.8959468052715068,-0.0031531575241534014,-0.002814818712196213,0.00031141691752802677,0.002329691896429499
2017-03-07,0.8423131168161954,0.0012910224474080027,0.0007041125550022893,0.002020699093276524,-0.000498529061494774
2017-03-08,1.0240703832593068,-0.0037342300867666974,0.00023486908632034672,0.009119496790375286,-0.005169452229799538
2017-03-09,-0.4500759042301664,-0.0023044160394544797,-0.003997396751412254,-0.004008363842851448,-0.012730541774655277
2017-03-10,-0.8220083439231862,0.003312080093003272,0.005639319786686256,0.0030847667931592207,0.003662132098744156
2017-03-13,-1.1742736339141757,0.00043039321734501953,-0.0023460765952193438,-0.0033940357186894032,-0.007733887845488929
2017-03-14,-1.2204700661370762,-0.0015096818512213912,0.004919618429186243,-0.004646670465376409,-0.0042020272687233904
2017-03-15,-1.4106893808692655,0.010520809569620423,0.0060579053184702195,0.005264589643579422,0.0005115447215742881
2017-03-16,-0.7137509540083509,0.0016362486914659098,0.060392423834735635,-0.0017000663704533092,0.008100865195392952
2017-03-17,-0.8910600013435002,-0.004988030857835209,-0.0015322338013111754,0.0035517973020473396,-0.009010870083872743
2017-03-20,-0.8518959422746456,0.010446046475192585,-0.009461723034762757,0.0009243856088923785,0.0002844865088177188
2017-03-21,-1.0715483711339946,-0.011517952540851651,-0.008659938394919426,-0.011150745088485944,-0.010412838127780912
2017-03-22,-1.46588070972076,0.01123512282947364,-0.001115845378371841,0.012689860339980598,0.00516285297047941
2017-03-23,-1.0129178969719295,-0.003542078782531053,0.003566350757155104,-0.0024635008603870554,0.00022866090481780707
2017-03-24,-1.4822868625278733,-0.00198873880123233,-0.006696846306426133,0.001694434795502165,-0.005678978600835985
2017-03-27,-1.135221007481215,0.001705176639929019,0.004246340927642953,0.0018447918776279483,-0.0003452707610668069
2017-03-28,-1.3503047032666542,0.020514541607969637,-0.003350885084553279,0.002914377976378155,0.0042492856854640035
2017-03-29,-0.9336415812249921,0.0022232611538588816,-0.003810497140168873,0.0027533163475185226,-0.0032713619453779747
2017-03-30,-0.3438614537532184,-0.001319644318611205,0.003586757519831868,0.003658777356571924,-0.00046043605404660155
2017-03-31,0.10811381368612144,-0.0018773472706607197,-0.0015681716506047096,0.0022802297290504714,0.0016094800559429668
2017-04-03,0.3397997408781873,0.0002783054593870698,0.0,-0.004717948151543144,0.002065242263653683
2017-04-04,0.9902529230947652,0.007418634002278857,-0.00044813502975419,0.0027423459056676973,0.00011441890071897766
2017-04-05,1.156404778177514,-0.005193942554563837,-0.0022451741537228643,-0.0025900685451422036,-0.0094415446732624
2017-04-06,1.0353552048915793,-0.0025029969071020974,-0.006992198130014769,0.0025900685451421697,-0.00249026250980713
2017-04-07,1.2524187444596881,-0.002229581961069183,0.0024869682506073764,-0.0007610659852390825,-0.0017994476086640907
2017-04-10,1.5336463049581814,-0.001186940886873455,-0.00227034337471979,-0.002286421053475948,-0.0054754075969132366
2017-04-11,1.9999952545932858,-0.010815236725422095,0.0038562747262672744,-0.0007635190544931798,-0.003628210377616264
2017-04-12,1.9961201024612043,0.0011998398624117335,0.0002263422912303126,-0.003825001333180072,0.00046887197541632827
2017-04-13,1.8214380044949938,-0.00530301964805235,-0.0040826170174974846,-0.00430203750784105,-0.006643325641100549
2017-04-17,1.5646473524606175,0.0055145519547544555,0.006569204439130867,0.008127038841021051,0.009218509941448964
2017-04-18,1.2207016594428435,-0.004451719262537399,0.005180003644051586,-0.0013752094564105114,-0.006155628979721901
2017-04-19,1.208121000509067,-0.0036896004016432303,-0.007440498037889275,-0.005366854145765384,-0.05041194469029778
2017-04-20,0.2110169277592686,0.012433186452277298,0.0076650610561540995,0.007047502402937915,0.0037654391905232207
2017-04-21,0.1569663612951513,-0.001193865201649604,-0.0022485921101899815,0.013647288110523386,-0.011900096614148573
2017-04-24,-0.09981243171675863,0.009582974158913267,0.00918544320875664,0.016874694397712126,0.002304194771307532
2017-04-25,-0.2826791502657392,0.0061770308646669275,-0.002679609447615544,0.005758234430250525,-0.0022422415877835036
2017-04-26,-0.09288257936477362,-0.005898341887057936,-0.0006708789186017145,-0.0013258354097464232,-0.002059402007513523
2017-04-27,-0.03167993295311196,0.0007652194262673768,0.0017884673599012789,0.00646570541737402,0.001622774959938432
2017-04-28,-0.40895906380915104,-0.0009742576106280732,0.004234761310593573,0.0027792424508099683,-0.00018683676457941143
2017-05-01,-0.27989877136562624,0.02019151524491231,0.001999901979231511,0.013781882749412366,-0.009087267372390238
2017-05-02,-0.3504136128193586,0.006325074536770984,0.0017742852915081195,-0.0015862648578997746,0.0016358228709745161
2017-05-03,-0.898363899018743,-0.003055705742639118,-0.0053326205934548275,-0.0031796081705538367,-0.002958699867279836
2017-05-04,-0.4533594252252879,-0.0036100318308798897,0.01283814367186724,-0.00391627136343254,0.0026442291540252428
2017-05-05,-1.5047751946975914,0.016447334103277058,0.002416415491852918,0.0027576450009089465,-0.02547092938599614
2017-05-08,-1.092045259257005,0.02682549985109864,-0.0004393070925603177,-0.0008699590474692925,-0.0033925689658743617
2017-05-09,-0.7619086828544435,0.006384557687363443,-0.001757332767772768,0.001449470690201021,-0.006029713967834221
2017-05-10,-0.9439948992279865,-0.0047521670623158815,0.001098634760056369,0.0039032493657280916,-0.0056699005201433185
2017-05-11,-0.08447945095071463,0.00861127478788958,-0.008159399374931828,-0.012340144366894712,-0.00397512051513212
2017-05-12,0.1295585796958023,0.013869313270617436,-0.0017731055645366632,-0.0011690640077560148,-0.0018600835337778373
2017-05-15,0.08571838928692849,-0.002565967188694867,0.005309816211745558,0.000731088080400048,0.007552426065562299
2017-05-16,0.6318727067088736,-0.0014782329547166635,-0.0006622838215557274,0.01993542983076917,0.01422081347480626
2017-05-17,0.5338700778277461,-0.03415216469056462,-0.02368314791252816,-0.028199867289957697,-0.01805606081919193
2017-05-18,0.6684624458015065,0.01512602587020696,-0.0013570880569459462,0.003402418762546166,-0.0009942689005053595
2017-05-19,0.8820248383181158,0.003402897745453091,0.0031645345623514416,-0.0002952762995261394,0.0079268390327669
2017-05-22,1.2357014788259795,0.006058154550899562,0.007195626685755613,0.011164697514750415,0.004333183398232587
2017-05-23,1.2772462003195129,-0.0012346332167489514,-0.001569376430833291,0.0033550210979551207,-0.004004113841159225
2017-05-24,1.6500711243210537,-0.0029956881528135546,0.006040552181034797,0.0013093239633069054,0.0031521893272428176
2017-05-25,1.5948986541770924,0.0034506797697177027,0.008219895760661245,0.01228407429729072,0.0045140779951183185
2017-05-26,0.24907231377231298,-0.0016910439999703215,0.0013263771594957225,0.004872216736590967,-0.004645125113957255
2017-05-30,0.6903218683408674,0.0003903960482601804,0.0035289105633661715,0.006411715470334458,-0.004996414666230214
2017-05-31,0.13158361712052813,-0.005939487917848566,-0.0006606324646648591,-0.008128636867635698,0.00591415066397756
2017-06-01,-0.5544726398361384,0.0027453891306484747,0.00877380091166195,0.0037156872678704425,0.00026206661095228175
2017-06-02,0.40836099746792276,0.01471065478678752,-0.002843378490434762,0.023404302476348695,-0.00406919340350985
2017-06-05,0.010562142721173062,-0.009826278304979175,0.005678504514192251,0.0072208033324018435,0.0023646466646023235
2017-06-06,-0.06350852277314296,0.003372327709702125,-0.006773817823295304,0.0033146915843169475,-0.00026259054629902744
2017-06-07,0.2895276014563475,0.005939033405741458,-0.004614753411249655,-0.0017942393270495166,-0.009164321313394395
2017-06-08,-0.9118791405598013,-0.0024482905540171873,0.00044027676379011424,-0.006097016168309983,0.007390644679156326
2017-06-09,-0.8913315104979984,-0.039548953671521614,-0.0086233271420054,-0.022915057848824097,0.013063781380567454
2017-06-12,-0.7083602497203324,-0.024185566623595445,-0.00400568998335422,-0.007708467260128045,0.0069839393331476455
2017-06-13,-0.464991828045068,0.008012884320098662,0.002894363665955618,0.01239044916442996,-0.0060109291866264685
2017-06-14,-0.027534591634688632,-0.009802731491938468,-0.0037864072754575707,-0.005393191271895584,-0.00285705983016372
2017-06-15,-0.896276996301679,-0.00601150666568711,-0.0029054575818844492,-0.005279343541786854,0.0026625486999710393
2017-06-16,-0.8607167693924915,-0.014098271876380766,0.00913466931730907,0.001430095987334108,0.00749335434416715
2017-06-19,-0.5906628409891728,0.028206060705751698,0.014094002603120262,0.01235162596574835,-0.003481227187461021
2017-06-20,-0.721991999089661,-0.009130162252828545,0.002402597630543655,-0.013638529969902793,0.0007100679085466404
2017-06-21,-1.120869929108314,0.005912879412320597,0.010632259592910493,0.005136151558607158,-0.007514607152090548
2017-06-22,-1.6129998324058867,-0.001646570928566934,0.08221552485115365,-0.00014221871645041898,0.003958760191113961
2017-06-23,-1.4631738699461982,0.004453449636617838,0.012839792521793804,0.013430372589029889,-0.0018799300684402957
2017-06-26,-1.2607599243631609,-0.0031490330696771866,-0.0017683668176460751,-0.009594922842646911,0.007241231702553649
2017-06-27,-0.9358456392678052,-0.01443707967588542,-0.0021648548900932364,-0.018892816546586453,-0.003097096193818051
2017-06-28,-0.4753566614778528,0.014505294418854127,0.0023618577799626576,0.008488580330878898,0.003676947256541385
2017-06-29,-0.27857368899139484,-0.014852887301619735,-0.01325830172190966,-0.01894602230229955,-0.0076911094741500385
2017-06-30,0.29576425475083895,0.002363147626771689,-0.0011962112540591448,0.0064033687761123,-0.001948941378082898
2017-07-03,0.9288929824525618,-0.0036168812090706932,-0.015678655883273107,-0.011086764789971174,0.011312462659613049
2017-07-05,2.8862983675187186,0.0041027627754982015,0.0020239680637257505,0.013260890269313758,-0.012352773065749468
2017-07-06,1.8364458647218482,-0.00948303556244072,-0.012410016881804561,-0.007410325360375012,-0.008561401717421875
2017-07-07,1.923996054523559,0.010107589233640472,0.010183550660394926,0.012896105975759381,0.0037996260655124513
2017-07-10,1.2319335756159249,0.006085110121139177,0.005456195122235515,0.007458288527947631,0.0031333868788107236
2017-07-11,1.273957159459308,0.0032349920812139114,0.005226064368901206,0.0001430884363257418,-0.0015002738025532043
2017-07-12,1.5338807868980717,0.0014417174489353237,0.011362427390771581,0.01643806804777419,0.0033238698420018707
2017-07-13,1.7236397840570599,0.013832887815745163,-0.001984298952028026,0.00867569887072547,-0.0004553398150970808
2017-07-14,1.9422126928125039,0.008557698177003421,0.004162446383730819,0.01397498100144907,0.00396249429006395
2017-07-17,1.9018355851502597,0.003483220695555518,0.001388797580752741,0.007801379679977811,-0.008006590710434863
2017-07-18,1.4548484382095441,0.0034706917518432566,0.00019824229836556105,-0.0006819922289894277,0.006449339957038649
2017-07-19,1.5353000535297654,0.006244051458711637,0.01084264635100309,0.007611076358553297,-0.04292094590395999
2017-07-20,1.9007779838736243,-0.00451326697665714,0.002546202600637538,0.00486213775482204,0.0008809068772863035
2017-07-21,1.6356966327495661,-0.0004656774123354844,-0.006475183589056014,-0.005810460187073285,-0.003935679783981527
2017-07-24,0.9995710528585584,0.01203866068201247,-0.0007879955528315733,-0.00257810300937677,-0.007438582119350826
2017-07-25,1.291396772587481,0.00426479993282056,0.008044963146577551,0.0079841070944756,0.001369012003632146
2017-07-26,1.8076849225945375,0.004702681836086058,0.0,-0.0018888698512741586,-0.00569393648321604
2017-07-27,2.1266409182624306,-0.01907844244215654,-0.014170632956330457,-0.01209159930598507,-0.0019967994361592906
2017-07-28,2.113269579910949,-0.007065175188495316,-0.0029775089007193067,-0.0016419350371104013,-0.005391540960944502
2017-07-31,0.6742720723667976,-0.005163894637433629,-0.007382948690171784,-0.004665588912916167,0.002630457870269552
2017-08-01,0.9254133155028803,0.00883619536373482,0.004595588597225142,-0.001652100916437013,0.00434502307642369
2017-08-02,0.34505162093084696,0.04616851089809504,-0.007805501515911975,-0.004418604730173746,-0.005866850320065752
2017-08-03,0.5670738911565194,-0.01004100982980343,0.00920010934029135,-0.0015233064413817273,0.0033860269618620742
2017-08-04,0.3531249665272577,0.0052566489404839425,-0.005390039399166399,0.007319063769363353,0.0015170093292544353
2017-08-07,0.6892967525298661,0.015355744740065534,-0.006425765279824653,-0.0038600259869335223,-0.01171065973612012
2017-08-08,0.5192289273217565,0.007965669251472553,-0.01093776177374101,0.0053722323476460745,0.0009855904968211703
2017-08-09,0.3119781496738414,0.0061027210330807154,-0.000815023188362374,-0.004406060432322276,-0.002395275788114981
2017-08-10,0.48032782785224737,-0.03237003353951682,-0.01976216601366926,-0.014734631350209094,0.0004934077744584186
2017-08-11,-0.14984434140582836,0.01381099482479713,0.0029067442559517613,0.015148452614483202,0.0
2017-08-14,-0.016170924156956826,0.014937307233894404,0.012565707028529619,0.014922397130364293,0.0033787195342621285
2017-08-15,-0.6333798895917226,0.010888308653685402,-0.0004091570181941957,0.0002737219771626762,-0.0017582216311049464
2017-08-16,-0.4944216325865126,-0.004030783246615412,0.008564417942534012,0.005855545869229397,0.003022070526439401
2017-08-17,-0.9608283340809112,-0.019384867909661183,-0.014315382088756535,-0.017118065815123304,-0.012712347600113886
2017-08-18,-0.7149458645045312,-0.0022827825572265463,0.0014406429179218132,0.0012421551981416216,-0.007132414228357455
2017-08-21,0.15526593186485693,-0.0018431742194186774,0.0057428870485461145,-0.004701052262989765,0.004499432975765687
2017-08-22,-0.5741152329450143,0.016215303587219503,0.007334706941684292,0.013901628683020053,0.004833891776362754
2017-08-23,-0.32874211277287824,0.001250863774762613,-0.0038644940950842382,-0.006032365972233814,0.007981814122011764
2017-08-24,0.1461648565632514,-0.004447867025462187,0.0024424933548398936,-0.00041314687601844504,0.005612494509450267
2017-08-25,-0.48603914133612985,0.0036973931051021355,0.0010161614104898015,0.0017872700474162368,0.0055812506912269536
2017-08-28,-0.20273920295086245,0.010020995714065138,0.0,0.00013718204302815983,-0.008594167372897999
2017-08-29,-1.0647620197417735,0.008878791924726272,0.0042555447398406315,0.0030161194148120006,0.004411071528272387
2017-08-30,-1.1009667938751422,0.00269705580798876,0.007053247697968547,0.013056037008075495,-0.004060233507983338
2017-08-31,-1.1021182218219105,0.003970978538812352,0.010586077973051233,0.010216495766607414,0.003291664307543947
2017-09-01,-0.41674931823519856,0.00030503812888609205,0.005745366518349908,-0.011162634424642775,0.007313910493714774
2017-09-05,-0.48552698499315533,-0.012081066316826778,0.006105246261015196,-0.004473034081381562,-0.0072440529452078885
2017-09-06,0.3160630393046319,-0.0010492159848066115,0.0015696889867448458,-0.0028572505888527842,0.005438013799088524
2017-09-07,0.6555485286416882,-0.004022744762431679,0.01401631889195951,0.012725449168762561,-0.006417436130011548
2017-09-08,0.5664858691375954,-0.016443600151543915,-0.002903726571010528,-0.004853951452545384,-0.003154203245398804
2017-09-11,0.06427580102608271,0.017930664425098216,0.017488500255962904,0.010487462875578012,0.016776946802212596
2017-09-12,0.3186246348864774,-0.0039706670082115675,0.0053201832016426575,-0.0010702961370891249,0.006193389207455142
2017-09-13,0.4619572427030825,-0.007550813845558617,0.0005682796002602639,0.007071714912180428,0.0015771895560353583
2017-09-14,1.1355145916951885,-0.008618269459627736,-0.00018933560064163162,-0.005867460272009352,-0.0030873378716421754
2017-09-15,1.4425095512104305,0.010058244261071186,-0.07982198474581115,0.007196120587566403,-0.004959268782729749
2017-09-18,1.4832759884348745,-0.007597066743872129,-0.008447485316992489,-0.0019935973537030223,-0.001866165019018736
2017-09-19,1.3531232695079578,0.0003780183267803338,-0.006018599366831627,0.0037181874828339403,-0.0011076607433761281
2017-09-20,1.072603356030881,-0.01690002274857654,-0.0014582305599889584,-0.006649398013817486,0.010266476123922551
2017-09-21,1.779138456256286,-0.017320910122282807,0.0,-0.009789138826527348,-0.004258931859419369
2017-09-22,1.6544673520634159,-0.009827235027332439,0.003953479853692531,0.0026914064217561894,-0.000895754619476881
2017-09-25,1.572533614004638,-0.008861040112172449,-0.003953479853692447,-0.015575535792051199,0.0050862683341553515
2017-09-26,2.2949049280326155,0.017057290631349746,-0.0010424418393869892,0.0,0.004718752542179527
2017-09-27,2.040677784101306,0.007092254006739856,0.0049959216930795195,0.008021313446581208,-0.006159477547904799
2017-09-28,2.1007743307529863,-0.006178498047255174,-0.001662747084091932,0.00027063285111691765,0.0
2017-09-29,1.426877563618805,0.005465283460009437,0.005599937166845468,0.008358104622023362,-0.003989768566522977
2017-10-02,1.3683388705828534,-0.0020137452236452477,0.009264308420682694,0.0016098915407602762,0.010831735040997626
2017-10-03,1.0838924053214027,0.0043467452681779685,-0.0022567173361456873,-0.004702253894477655,0.0008174730879119834
2017-10-04,0.9497048027722268,-0.006494623681745543,0.004303779401567915,0.005773889997519217,-0.0020457670360910438
2017-10-05,0.6306524535929229,0.012367926964093546,0.00020412831309169797,0.016992473102389494,0.0016373113105982557
2017-10-06,0.9228217619242995,-0.0005793263729848556,-0.010481602399067546,0.0003944311313390587,-0.0016373113105982197
2017-10-09,,0.003471039713650679,-0.0008272659603683401,0.003808786445868147,0.006193369611044655
2017-10-10,0.2440231957331156,0.0003849867813419009,0.0008302382343213698,0.0,0.007502513028219704
2017-10-11,0.8377528769558366,0.004160764179115032,0.0014509455718395474,0.0017025645228351924,-0.005943301868940025
2017-10-12,0.9562068583516505,-0.003519518716931561,-0.0010361748289324103,0.009118400474343745,-0.004005041572015963
2017-10-13,0.4334448235102227,0.00632620042822725,0.007848043366288436,0.004785927285135686,0.00047623271776375565
2017-10-16,0.7771458489365161,0.018241477037313575,0.005129590777619445,0.0020628086331840666,-0.001837134807801295
2017-10-17,0.8226095615455989,0.0036835158209381673,0.006731368446255738,-0.000773216560456738,-0.0019772751689938043
2017-10-18,0.9780627405482605,-0.004434561686792097,0.007897097851996668,0.0002574815897622549,0.08493364771345696
2017-10-19,1.134055521184142,-0.023944616803553972,-0.004649290759364689,0.003858588709758298,0.008551223435581826
2017-10-20,0.7570676290689413,0.0017291973645648963,-0.0020286870590318713,0.011485105043710964,0.00724535224653882
2017-10-23,0.7759175343679701,-0.000512163527759501,0.001217283351314764,0.00025423986004902903,-0.015670879180367383
2017-10-24,0.9265274345617474,0.005937749469820634,0.013496366555657759,0.00038022983758360707,-0.02327100201855423
2017-10-25,1.1859635583332095,-0.004401940439842772,-0.005618060828551349,-0.0029205363306563405,-0.015385844711610516
2017-10-26,1.034488412395447,0.006373138393284096,0.009013604475876302,0.001651300452144077,0.0006511899451611199
2017-10-27,1.299845830417652,0.035203057711311006,0.01445132375721227,0.06214740550758696,0.0005203605202150443
2017-10-30,2.086902798481808,0.022258340779412387,-0.00393852639744173,0.0009543560693932074,0.004415128730425356
2017-10-31,1.7472664575045735,0.013820002614399005,0.004331365133320842,-0.008499542919181424,-0.0019453599666521741
2017-11-01,1.8401842433934255,-0.012800452477161535,-0.0051211239216721735,0.0,-0.00019474430213679904
2017-11-02,1.589652450657026,0.007283658619843326,-0.007134483134986696,0.01040482958490109,-0.004424231128850492
2017-11-03,1.6494195754465313,0.025778666086139906,-0.001990694672917178,0.0010700746498385507,-0.011609568323214008
2017-11-06,2.1447446118599025,0.010093942302825273,0.004374946618569505,0.003914632544779132,-0.004893586212400602
2017-11-07,2.5891375382594948,0.0032086347263632128,0.001783885289400961,-0.0023705903987235504,0.0033751399824893478
2017-11-08,2.5359166624827494,0.008146858642267447,0.000989903172450817,0.003435248112287011,0.0014525245696452235
2017-11-09,2.1386191323982024,-0.002044840965305704,-0.026058593634822023,-0.0055737343887174275,0.001531345941566407
2017-11-10,2.2021706749063727,-0.003315016785414281,0.0016228681833839976,-0.0026192211370602,-0.007613498825243934
2017-11-13,1.9141554853460887,-0.00401563748090269,0.001621117740183411,0.0007148413315790597,-0.0051084470016198175
2017-11-14,1.7668252812320886,-0.015233032323953203,-0.004056761748457201,0.0014287492860175282,0.0032962518154406343
2017-11-15,1.2581108108964063,-0.01327737261094091,-0.007753830533854167,-0.007802667994901928,-0.012094936718807356
2017-11-16,1.1435972393587206,0.011875929402348592,0.007753830533854116,0.0026476860712652457,0.013638794498798727
2017-11-17,1.0002206475102187,-0.005568044669819384,-0.005298984620575245,-0.009662153014964384,-0.001006580004161989
2017-11-20,1.442739841372262,-0.000999398764715763,0.0016336062435325534,0.0015762202599441453,0.010284672500834322
2017-11-21,1.3166377881652236,0.01841964444123034,-0.007987762427565116,0.014316363697591787,0.009522016709944743
2017-11-22,1.5762993301195223,0.010456840702338526,-0.0010284452837752915,-0.007312605027489742,-0.0011850977122257243
2017-11-24,2.00974737608498,5.717467831125154e-05,0.008812363235730057,0.0018030734854045819,0.00046079915560729215
2017-11-27,2.3481785350249686,-0.005042052317704389,-0.002656342606983232,0.007299877093534206,0.0009217915131814451
2017-11-28,1.7851468219794564,-0.005876391913114916,0.002656342606983252,0.011970225474430654,0.003219031414721008
2017-11-29,1.6327643430548435,-0.020960969658080728,-0.010048575518292326,-0.018309844376795465,0.007057997579423016
2017-11-30,0.4923730174047374,0.013886772007416379,0.011068002182670383,0.009909930648649637,0.0027315078816606254
2017-12-01,0.7234647686700741,-0.004665662008271872,0.011148523875618111,0.0010691465497754587,0.005117896496283109
2017-12-04,2.0806596990417727,-0.007334954888902238,-0.024692468170806784,-0.03847121938371142,0.010925009326300479
2017-12-05,1.6634093960269385,-0.0009426809565600872,-0.008507532005359756,0.006270073532057052,-0.007119955788969966
2017-12-06,2.091879113530651,-0.0037206376835580506,0.008920316045789394,0.014479809797134443,-0.008078697394465028
2017-12-07,1.1390008676307586,0.0018322201130539868,0.0020631580720887792,-0.003509052729664565,-0.0034455656015119937
2017-12-08,1.5623411830080258,0.0002951679353993211,0.022014931023338763,0.020042443585603965,0.008042342909387936
2017-12-11,1.8334225911406754,0.019296985180758872,0.017388218278317377,0.01263394613462331,0.003868224892669075
2017-12-12,1.8909623604801602,-0.005633604670435153,-0.0015864632278296774,0.004098075905739784,0.008521654867754053
2017-12-13,1.5407564490415282,0.0033144788087333577,-0.00677032064139355,-0.0026913935576132384,-0.01822008338628731
2017-12-14,1.1699715864694047,-0.0002903877094220846,0.0027932459962715784,-0.00776258524982608,0.0005840014959990443
2017-12-15,1.2994181330175485,0.01010997690588794,-0.03838401129707451,0.025184858678593443,-0.009787739359338766
2017-12-18,1.3480606092362772,0.013984605619461604,-0.012290328277664988,-0.0054260928280342536,0.0054279901529870386
2017-12-19,1.054109771404714,-0.010713491102079028,0.002302788530483769,-0.006387602393690665,-0.0006528367573498282
2017-12-20,1.1429828248117588,-0.0010888086311991302,0.0016715627084379675,-0.0036186316341131125,-0.0018286995375166076
2017-12-21,1.151816992678534,0.0037781009980286866,-0.013028290611361843,-0.00023405498118740916,-0.009525067455400564
2017-12-22,1.2349713955806385,0.0,0.0016902715248522423,0.00011742410506234117,0.006578613597280017
2017-12-26,1.0762121328245575,-0.02569734933840682,0.0014771510871749221,-0.0012874482031137073,0.0021618613425815145
2017-12-27,1.5833140142850213,0.0001759281253484627,-0.0010548459447672668,0.0036232207750606284,0.001960702585664535
2017-12-28,1.3413654079960478,0.0028095995669858978,0.0029506960673291787,0.00011674759867786896,0.005925308538092267
2017-12-29,0.3462544828334537,-0.010872685052517166,-0.0050632727345893,-0.0021019864897413496,-0.004033448090822749
2018-01-02,0.6543293262322217,0.01774625035185593,-0.013843433826030536,0.004781487389694239,0.005395455224598945
2018-01-03,0.9616231756826128,-0.00017423265788430015,0.022897373198470544,0.004643430110816244,0.02711687734373736
2018-01-04,1.5230060231982603,0.004634149193426451,0.009802824478591252,0.008762596636832603,0.020051281285419307
2018-01-05,1.6835189408852087,0.011321084954047692,0.006001125465849388,0.01232198358452978,0.004873832171307071
2018-01-08,1.5017323367379622,-0.0037208461408849386,0.010467216247863986,0.001020058370209126,0.006012738990424309
2018-01-09,1.560266938423112,-0.00011504008747871037,0.00551845285748061,-0.0006800807011715575,0.002199788739909494
2018-01-10,1.9896552172940818,-0.00022965172756569613,-0.005313685863431596,-0.004544306401067362,0.0021343548123792517
2018-01-11,2.071459052821618,0.005664177538247966,0.003068693068396098,0.0029563126586675983,0.00012183562099720688
2018-01-12,1.8826252138570296,0.010273528309795672,0.011375507874206457,0.017109737360002663,-0.006476565631261932
2018-01-16,1.8461507605844865,-0.005095274678842994,0.0016143983998756534,-0.014049055324880213,0.004342750980059823
2018-01-17,1.5957936851475454,0.016381500036417605,0.013619370672403455,0.02005779791695878,0.028874167611543967
2018-01-18,1.5698630909180342,0.000893002151591907,-0.0007964711234601025,-0.0004441642448878391,0.0027830345281394824
2018-01-19,1.5543659024968912,-0.004472823827220886,0.0069443933925666,-0.00110997836131285,-0.04073096969632766
2018-01-22,1.285752475927961,-0.00821493041025923,0.0025666986638193047,0.01773045462621719,0.0014154242091255426
2018-01-23,1.2914166225516936,0.00022641251405671047,0.008052634393937514,0.003160632506830105,0.022199638227665006
2018-01-24,1.626297952779736,-0.016056976839543297,0.0064346506813473345,-0.0008710483920886057,-0.005307366983075139
2018-01-25,1.6052959182953719,-0.018012144539339803,0.002911285723304543,0.005539064858606275,0.000604440668249127
2018-01-26,1.4918353780856728,0.0023345438970838145,0.022042172569985526,0.018563739135562984,0.011237878022289928
2018-01-29,,-0.020915391677307237,-0.015474635821079701,-0.0014895910253809213,-0.003232103368890976
2018-01-30,1.765837826566954,-0.00591195749087336,-0.019048353515989366,-0.012643425956768314,-0.019248901563736785
2018-01-31,0.22824346395674544,0.002751398540524432,0.01228699451539738,0.024182381065314514,0.0004887106161024654
2018-02-01,0.49706756958335857,0.002088112532577886,0.0007751474825586387,-0.00792524388394572,-0.007972829098928795
2018-02-02,1.002024274528782,-0.04435946726400982,-0.029483263154091836,-0.026662596899349536,-0.020969857367784388
2018-02-05,0.8630898657950261,-0.025301688525349114,-0.04154530111387061,-0.04205745123401111,-0.04173140928297317
2018-02-06,0.4029756968046831,0.04094160670937649,0.026876063029809157,0.03714264441108759,0.01825502928948338
2018-02-07,0.21622426184279692,-0.02163959301424935,-0.010786904529207768,-0.019012572935890915,-0.009637843152723176
2018-02-08,-0.1333203868570497,-0.027902181874116132,-0.04242619216634053,-0.05269827097195751,-0.031742629186867086
2018-02-09,-0.42159256857082306,0.012157448819292437,0.018822715374327774,0.03661129687232221,0.012925126310410531
2018-02-12,-0.9461049502853751,0.03948888026370892,0.008761143469344881,0.010715990534854654,0.012561894794731826
2018-02-13,-0.9499109049673495,0.009967618237820122,0.007036187640482846,0.007823200143354895,-0.0043023643145374355
2018-02-14,-1.1379675408074894,0.018269501652187915,0.01960479767275311,0.015536663321400539,0.026252748936096332
2018-02-15,-0.7044639627943963,0.033027120621503495,0.023779384518904132,0.020167458647601826,0.008044342181192004
2018-02-16,-0.2829268328363187,-0.0032429343199903518,0.001381473228426958,-0.0071483497335972,0.0010891969829794786
2018-02-20,-0.1208412561285136,-0.00336923868234685,-0.016302800728163237,0.007795778704553349,-0.006552243746295094
2018-02-21,0.15637186639218778,-0.004548621494570482,-0.009262948194012547,-0.013354629157103219,-0.0077639619214717286
2018-02-22,0.004601583985406332,0.008323932112263963,0.0032317573168463534,0.002619885640626708,-0.005079301046632801
2018-02-23,0.48054085400653146,0.01724199970414913,0.018184004600829713,0.02508337075480137,0.015160862384836446
2018-02-26,0.8608334039146321,0.01957914198002181,0.013180174998692376,0.014355571079411844,0.019484840395816175
2018-02-27,0.9879936058130577,-0.0032459172251684885,-0.008636026524964752,-0.012868277751293527,-0.012883828854208858
2018-02-28,1.1960942840866142,-0.0015149072154875976,-0.0011832922580852089,-0.004575100498249439,-0.004610053286423755
2018-03-01,0.7658221074096606,-0.01767129444260523,-0.019127791453261486,-0.009859582930266765,-0.013047525276152796
2018-03-02,1.1316769560261617,0.006890411765620169,0.012196461731077619,0.002151346844121452,0.004411692425132738
2018-03-05,1.0347374974329742,0.0034557020430393435,0.019093088002034693,0.0063209333501395085,0.015797559901523765
2018-03-06,1.6175235250826046,-0.0008488462532512452,0.004086112182547679,-0.0034234218754757104,-0.00786787651185209
2018-03-07,1.409286995256529,-0.009326024501291644,0.004262689007942463,0.005769957214145064,0.01655924658030474
2018-03-08,0.8149806203670967,0.010853355865981795,0.00789591688776976,0.0060543922832472915,-0.013417177560174999
2018-03-09,0.5007130699809912,0.01703512616833185,0.015985366618980108,0.02209880310905634,0.019650958374005975
2018-03-12,1.2715262118947166,0.009621066122407023,-0.0013224108368470767,0.002379573608909139,0.005945146571906315
2018-03-13,0.9508321349153328,-0.009676875045672217,-0.006067676810193411,-0.02468979303282851,-0.0058827274192957656
2018-03-14,0.56124214159523,-0.00853759647671214,-0.004956993318439344,-0.005949276295183326,-0.007560541280541391
2018-03-15,0.7220588258746017,0.0011760035309137942,0.0009550606625056791,0.003510059564373562,0.00937903236045778
2018-03-16,0.8830531478075763,-0.003532624182441698,-0.001911613591893913,0.004449507551975043,0.004064236339379511
2018-03-19,1.4498748369793129,-0.015397288657101648,-0.006140371189602904,-0.018241478243144267,-0.018324829582467523
2018-03-20,1.316088453640716,-0.00034198788019666694,-0.09907105740829399,0.002580361263479872,-0.0073353733109441065
2018-03-21,1.8320586475003378,-0.022915289861242614,-0.0006376555386506181,-0.007004078449887189,0.0031322829023273544
2018-03-22,2.1293750355948218,-0.014230636011567977,-0.0243259799424659,-0.02951880284065571,-0.029797194762892096
2018-03-23,1.6679561251349573,-0.023428939081009997,-0.02426248422738805,-0.029498611947013215,-0.021264836584544897
2018-03-26,2.143762636779069,0.0463794554963287,0.0370376055232226,0.07297650185263846,0.029646062904575592
2018-03-27,1.9354947616140161,-0.025975397282693963,-0.023950590825413787,-0.04704799284034924,-0.009565563721391555
2018-03-28,1.5843877692839219,-0.011110752936835819,-0.008853954001246913,-0.0008947991293678252,0.004007774196787426
2018-03-29,0.02278370570544186,0.007778477569469352,0.016973907238579618,0.02081346641574191,0.005948743536172261
2018-04-02,0.2091114103604011,-0.00657800847748264,-0.016307149031382508,-0.030593848110982973,-0.022142706125563256
2018-04-03,0.45852109979619404,0.010207315695710565,-0.0026694153201615757,0.013353859772320861,-0.0014671393121208486
2018-04-04,0.6931680865185244,0.018941638219388806,0.013717002176575668,0.028787200686060783,0.02809696428670047
2018-04-05,0.6754977586460299,0.00691046257441815,0.009839342662672727,0.0005412116835013267,-0.0005839723843730347
2018-04-06,0.7713158526728059,-0.02591165454511496,-0.02489368118837009,-0.023548448008664156,-0.022719332620133013
2018-04-09,0.1964382878858678,0.009869208880426902,0.0015600840761998195,0.00596669016460955,0.013981177007649385
2018-04-10,0.7362942254192432,0.01864326571979226,0.02028264739338836,0.022979432624878046,0.01752854356275552
2018-04-11,1.4461427704679413,-0.004686319673603637,-0.004593617028729205,-0.01104282989904906,-0.00019302882523866428
2018-04-12,1.8479942856752865,0.009810357240557661,0.005902455012135875,0.01855138551544117,0.01729286077949545
2018-04-13,2.0469729158565713,0.003382211170532207,0.00434974278520889,-0.005357367664759254,-0.008640995665562078
2018-04-16,1.9117476779422047,0.006218957866703585,0.0034803287868947594,0.011642348232765401,0.007501704595195033
2018-04-17,1.3082287245143005,0.013670145475435422,0.013159760356358838,0.01997516353725792,0.01894643263949734
2018-04-18,1.418010452137424,-0.0022466693628679893,0.008960785044117332,0.003844355030712335,-0.07830915409765338
2018-04-19,1.9340928546122753,-0.028749502771861453,-0.005537515870455718,-0.0034279215859264306,-0.00735251597157351
2018-04-20,1.9177169361070492,-0.0418353273589521,-0.012681594551772583,-0.0116163662754681,-0.019139834776303655
2018-04-23,1.824596428422411,-0.0029006125880146165,-0.009345031706642012,0.003677367568101479,0.0066039579541877095
2018-04-24,1.995186394657949,-0.014017092406030841,-0.005912658402283466,-0.02366531710940913,-0.002059260540970644
2018-04-25,1.4270838483047859,0.004347880970435651,0.004820411733926586,-0.008736647863714196,0.0026073286302843693
2018-04-26,1.533098138839709,0.00347749227689295,0.004579403073484003,0.020904614741644713,0.0053303020098273615
2018-04-27,1.5634402379052297,-0.011637177953399098,-0.009399814807410542,0.016414676559696636,-0.001636973470636746
2018-04-30,1.221865171936626,0.01794996917338594,0.0030703506816046216,-0.024296471007103703,-0.01043100401096382
2018-05-01,1.3593024631073867,0.02297031809113143,0.0061120953880391595,0.01570177711078415,0.00027585130309898295
2018-05-02,1.0273089873617403,0.043226862926427,-0.009622095072928015,-0.015808375242579876,-0.017742681888850816
2018-05-03,1.2834366387961236,0.0018108605696985488,-0.009937050546606605,0.005970226112299917,-0.00323445476970739
2018-05-04,1.4212041470277073,0.038483420756804845,0.014322604951119484,0.011521054003930418,0.013431714475923175
2018-05-07,1.724613019476357,0.007208791882546612,0.007844563762824741,0.011077350594145073,-0.004806470625199422
2018-05-08,2.0143697806063257,0.004795147499250359,-0.0028254390916174063,-0.004270206739412145,-0.0015372056658895196
2018-05-09,1.3818336144000196,0.007016735741615677,0.013834899997489152,0.011725349847692483,0.008308437788048136
2018-05-10,2.0540255114845847,0.01420224675518762,0.007486055504477612,0.009956530291931286,0.011365136602017515
2018-05-11,1.8309772069117785,-0.003810453827076562,-0.0023467009137045063,-0.002147409924193677,-0.0006933855927857707
2018-05-14,1.4961449280139445,-0.0023355969910810953,0.0,0.003372059414823325,0.0011095753165570126
2018-05-15,1.4947260538845635,-0.009130256524860688,-0.00021346755861849882,-0.0072692524728409785,-0.0038884823073115694
2018-05-16,1.8628649127914816,0.009289780767807313,-0.001710857785630435,0.002577121517404537,0.006172416412006184
2018-05-17,1.7918794234556679,-0.0063440156388976515,-0.0040738536314343125,-0.010035072513375959,-0.0008991796465824171
2018-05-18,1.661305717875884,-0.0036433287664400247,-0.0047387632093685295,0.001869708699344285,-0.0029107478722412822
2018-05-21,1.605340296645575,0.007060494260063332,0.01903194173385898,0.012786259514585844,0.009738613098998426
2018-05-22,1.8113020196484495,-0.0025085333265890855,-0.017953035662901975,-0.0010250972793071646,-0.002753550615169782
2018-05-23,1.6053403352242415,0.006391049394867699,0.011365056554238183,0.011827344471000568,-0.0028982746737919477
2018-05-24,1.6673794685611114,-0.0011151901659507135,-0.009426176675116306,-0.00355378095844827,-0.00415637653563128
2018-05-25,1.069258271075713,0.0022826265081190367,0.011556275093716236,0.0005084568746033812,-0.0029890892365816704
2018-05-29,0.03072556215225497,-0.0036122964564934378,-0.015870044639725755,-0.0035648077131793555,-0.016990761033307676
2018-05-30,-0.12089659498976624,-0.002131225342166635,0.01693316588620263,0.009545072340953541,0.00986432849760408
2018-05-31,-0.8203365763870718,-0.0033654758658965642,-0.007038536427579273,-0.0011122712389604098,-0.009227797233606337
2018-06-01,-1.159579266219401,0.017873170997605124,0.013394638619534006,0.01953674829316433,0.004519156124001689
2018-06-04,-0.7556827993555495,0.008323068640883986,-0.0006339136351644566,0.00869338284289336,0.007649535446064478
2018-06-05,-1.2035936375764609,0.007685592677982774,-0.004023505382133485,0.005101460000945416,0.00460330979944612
2018-06-06,-0.8739569691188946,0.0034597169351808323,0.013069440548308501,0.0029312743782830427,0.007003701983456889
2018-06-07,-1.1786128314232558,-0.0026842115463281183,-0.0014667203551615609,-0.0158334220108631,0.004482109864989912
2018-06-08,-0.6542646265733015,-0.009139055036204687,0.010431738428733397,0.007407187558807573,0.00535161013053289
2018-06-11,-0.6813741645960484,-0.00245487150273704,0.00020766645070263172,-0.005723465385941894,0.0030061248183023857
2018-06-12,-0.441885849410246,0.005475878400735893,0.00538077866389403,0.0025695519905580377,0.0019764218594423297
2018-06-13,-0.20039163738915855,-0.008251039735684945,-0.003722157844841477,-0.004550532353833396,-0.003546705868401664
2018-06-14,-0.23226258621099555,0.0005243716657296374,-0.050345093061049354,0.00563602614681768,-0.007888698590751494
2018-06-15,-0.07637662816530913,-0.010325587647813187,0.008244741337046467,-0.012801231637974636,0.0013073746272899691
2018-06-18,-0.4711921818616781,-0.0005298156034649926,0.005172305359147187,0.007264110341087789,-0.0062785960703382136
2018-06-19,0.026686641130637567,-0.016291965081615154,-0.005388450166956114,0.0,-0.004022498056456518
2018-06-20,-0.19981983234698897,0.004352810138202851,-0.07748834745863266,0.009964059929189016,-0.008864988783821663
2018-06-21,0.3900970232571115,-0.0055922010777444174,0.006517378829172934,-0.007191503533296261,-0.009722457884060525
2018-06-22,-0.033191124060886146,-0.0029157314030030445,0.0229369627926727,-0.007244089532711408,0.00021252150727695985
2018-06-25,1.1285724907955044,-0.014983122305615982,0.0040735957849527575,-0.020322600338553244,-0.017781779349321302
2018-06-26,0.9688950320859964,0.012329369297508023,0.0029316907241561606,0.006988557276890273,0.0020875617094546647
2018-06-27,1.8429665611326187,-0.0014644617264510647,-0.021854088776031358,-0.015665108749707092,-0.011571134679536877
2018-06-28,2.5641848350677496,0.007249724192863261,0.008935791991195721,0.011112810062076699,0.018449703446740597
2018-06-29,2.7987005130898237,-0.002104600280843304,0.0050055739856256784,-0.00020271126596032056,-0.002430727074557969
2018-07-02,2.7875961249008414,0.01112047329977489,0.019998362928758128,0.014097584054190622,0.0011444187147975665
2018-07-03,3.576193342009101,-0.017569955683810597,-0.00512966440386469,-0.009645483491748388,-0.002075264473049959
2018-07-05,3.4841985433364195,0.008014550201183902,0.015311195690428507,0.007142566208626585,0.013238358446004713
2018-07-06,2.97794100824616,0.013767013767917993,0.012909125534057805,0.01393595347547701,0.00739675275771056
2018-07-09,3.164899414150669,0.013789909861448625,0.01574492439355861,0.006798086766517809,0.013316273161436389
2018-07-10,2.905266754272164,-0.0012079106088247519,0.005548610923790202,0.002647078241633413,0.0022136197863172296
2018-07-11,2.8634269547936935,-0.013060924793768608,0.013737903413647204,-0.0013720142680936004,0.0015885311585479827
2018-07-12,1.5469347688502253,0.016626895392754394,0.010648471443696073,0.021439857921446637,0.010364101489860701
2018-07-13,1.4138767043316351,0.0015692385775270242,0.009919521326719973,0.011830857637652846,-0.003762643859863362
2018-07-16,1.6075463030564667,-0.0021977089672084106,0.00041251009609618623,-0.004944139912401915,-0.003020619702154575
2018-07-17,0.5258819556292481,0.0028245464102151854,0.00903901588323897,0.009864189331686899,-0.013635331689992092
2018-07-18,0.6525203336208727,-0.005499344304166163,-0.005331504280885873,-0.007864667610118888,0.00715205183269852
2018-07-19,0.8887869685277188,0.007743092264157594,-0.004120287431754074,-0.006872913959427658,0.0321380648691535
2018-07-20,1.3020599248531188,-0.002295757980262156,0.0016503472930436555,0.017753190793895927,-0.01955459329338515
2018-07-23,1.4024613143064473,0.000887436017538409,0.0030866274083535057,0.015870412347737443,-0.004451183784065498
2018-07-24,0.54123483270354,0.0072282446975110515,0.0,-0.002875016436595461,0.004656069963452737
2018-07-25,0.6077086992466553,0.009386221761651084,0.005736343076415179,0.029019165137068616,0.0016381159869276961
2018-07-26,0.8159015032593929,-0.0031364405358287216,-0.0016355751155270207,-0.01097753494285038,0.0006138606148957496
2018-07-27,0.8997059066904426,-0.016771024698348864,-0.004922837499441077,-0.017856034149304804,-0.01069040454887889
2018-07-30,0.5475192601314092,-0.005618621072419336,-0.018680524786408467,-0.021685743675474795,0.002339798440317759
2018-07-31,-0.20540672899688106,0.0019992217242594612,-0.001048370009422672,0.006715440188221657,-0.003856462114949565
2018-08-01,-0.6844992529269858,0.05723995728324632,-0.006945259057349969,0.001883483066894838,-0.00991591742679456
2018-08-02,-0.782454501023843,0.028811832474775468,0.011548688000829517,0.012064848003075635,-0.003769931229120612
2018-08-03,-0.18362258814028265,0.0028889113654202484,0.011829704818707834,0.004359728768163323,0.032618349206743245
2018-08-06,-0.43541651007701765,0.005178853919702565,0.004117830572196802,0.0008325103508463738,-0.011371696314887434
2018-08-07,-0.11547204923669646,-0.009418926081853641,-0.003911593356181483,0.006912180500077517,0.0066889087043332665
2018-08-08,-0.036881895261936734,0.0006756523631119139,-0.0018580226295250655,0.00558683866583327,-0.0008163585401745973
2018-08-09,-0.936749015487731,0.007834104532491136,0.003094907094750349,0.0016426819681597425,-0.0037922443864870595
2018-08-10,-0.840653550272664,-0.002982697085113644,-0.004542416463639494,-0.006128016369126827,-0.00200503949625761
2018-08-13,-0.4107301059550528,0.006435854827633532,-0.006436305288364159,-0.007274197603393806,-0.012326613670893122
2018-08-14,-0.41803890759885864,0.00420444784329594,0.004571680188569147,0.012398945620323606,0.004544506862912137
2018-08-15,-0.35468509817531546,0.0023332277656727875,-0.008118937083392236,-0.013653274361828843,0.003829007438903461
2018-08-16,-0.7047674474058487,0.014543793339191986,0.005419971962992681,-0.00018621792556075523,0.009887724803394596
2018-08-17,-0.5117091432318069,0.019773158679745724,0.005391020328392615,-0.0005575620663461376,0.004941585141404115
2018-08-20,-0.25658464745523696,-0.009791430684894914,0.0012397742613521642,-0.006621505849874868,0.003076354047514752
2018-08-21,-0.17784740714404468,-0.0019512667853301842,-0.00020658142250672203,-0.008362846874525898,-0.00369259475917452
2018-08-22,0.07307874916743548,4.6815604819984594e-05,0.008023988386302496,0.010139055769035754,-0.0050137704036879675
2018-08-23,0.3059134831338546,0.0020437940998784565,0.0032732474773392024,0.004659628750794454,0.0008945939583297295
2018-08-24,0.4030372712210677,0.003104306301026539,0.006108707841096346,0.007779234915851466,0.004598600549200299
2018-08-27,0.5378892025142652,0.008200721183382904,0.0014203422732967516,0.01100922153309963,0.004440658363065291
2018-08-28,0.5527981935490152,0.00804340085933983,-0.014086470840125499,0.006003763022596292,-0.0006815579535805643
2018-08-29,0.39890505543147037,0.01481906640689936,0.005126950918839284,0.015836138696482663,0.006459584903089874
2018-08-30,0.8368227984538829,0.009151659470658055,-0.01048650044017127,-0.0006249534683602862,-0.010972158405929482
2018-08-31,1.299415090740768,0.011487647762001632,0.0041252095435510994,0.0033885575282844096,0.003761473565518532
2018-09-04,1.250126726230947,0.003201915731397682,0.0,-0.005534719526426993,-0.005476193072906666
2018-09-05,1.6890075711891381,-0.006546025411130794,-0.01117771574137409,-0.029248407775263337,0.006704311171756894
2018-09-06,1.1866478555651014,-0.01675701999140219,-0.006892941553285943,0.002301932567655299,-0.0018424397151088686
2018-09-07,0.7272978384897331,-0.008101192924770562,0.0020940559044743327,-0.0048858410435540485,-0.006441840353820405
2018-09-10,0.7571693911652893,-0.013511487895985561,0.0217237175792222,0.010753912929544404,0.0013740871916501855
2018-09-11,0.6377345687031514,0.02496851912765703,0.001227270767036845,0.016862061010736163,0.005750772808983508
2018-09-12,1.2408391554777407,-0.012496751722680763,0.008549065932446299,0.004216342310881513,0.0005460042431076595
2018-09-13,1.452963642373931,0.023868043905585373,-0.007731692185006426,0.010684825752932461,0.016107386216236308
2018-09-14,0.7188253434073149,-0.011415906957934327,0.005905823706100747,0.004065665424847938,-0.004170928998629405
2018-09-17,1.0243534136331414,-0.02698684776752732,-0.0014224768347301051,-0.01090857844928299,-0.0026328106504793516
2018-09-18,0.9126489027439063,0.0016508133329505553,-0.003054657850087608,0.009496194267662341,0.004181827007290607
2018-09-19,0.9435026508383859,0.0005953758482106497,0.008125283510889649,-0.013427799210538197,0.003360040039796679
2018-09-20,1.4735768272090615,0.007572891470620275,0.020028725397246098,0.016602718145563702,0.013923942789497164
2018-09-21,0.998003929210479,-0.010829690735129573,0.013197974654579713,0.006057091307045403,0.0013223034148781918
2018-09-24,0.8545874029349748,0.014277871952548128,0.002736260855585841,0.0035821035935662787,-0.008759644954233826
2018-09-25,1.292961769877603,0.006320950858189621,0.00932393854316576,-0.0019204633050122295,-0.007493517866189502
2018-09-26,1.2935350568561483,-0.007998063178546946,-0.0017417747044256929,-0.004114832028845524,0.017969562065782287
2018-09-27,1.0702552576203064,0.020343137683795635,0.0011617968524664847,0.003765325647335563,-0.0007257078920015867
2018-09-28,0.23837918120584223,0.0035059783861653556,-0.002518407634743762,-0.00034970050194988594,-0.0019161054290995484
2018-10-01,0.3803663826245914,0.006710812148931841,0.004644234149700252,0.010783682429248261,0.011768248053050937
2018-10-02,2.789989052826677,0.008849273762366902,-0.030778111831938574,-0.003986733581693167,0.004890053995600514
2018-10-03,2.5124244049594155,0.01209499035044272,-0.009601680803122438,0.0001735739830244012,-0.003452871006533818
2018-10-04,2.617238311236245,-0.017737356308482232,-0.005643925044812978,-0.020881519947630715,-0.01254454334899291
2018-10-05,1.9118541119130579,-0.016361779388917353,-0.0024287097657428067,-0.005868915708405553,-0.01518270902166831
2018-10-08,,-0.002321005985456043,0.00020273382986782254,-0.011480955517646541,-0.004303783642282183
2018-10-09,1.831985774564693,0.013758444029368851,-0.009976992525199667,0.012639735760151807,-0.007780158615249502
2018-10-10,1.9057076584707509,-0.04743352632269669,-0.030541228132406416,-0.05587006352565681,-0.03138924317905667
2018-10-11,1.2273833396207725,-0.008866974432447007,-0.013166619987576999,-0.002357786607801201,-0.026056888166246198
2018-10-12,0.2552353703332245,0.03509577412331431,0.012744339775025587,0.03397388918304355,0.013077904712559986
2018-10-15,0.5068885857248535,-0.021617733783478647,-0.0014844654532386286,-0.01814301562712501,0.001985987819110622
2018-10-16,0.5729858629860326,0.021798079139876702,0.023283680126468326,0.031109563226776184,0.02787940485253983
2018-10-17,0.6051553680649929,-0.004330799001600199,-0.007700968222178096,-0.002615973673804467,-0.0793480145761572
2018-10-18,-0.19684555311288388,-0.023651124289337747,-0.010080146197118457,-0.020164168720755167,-0.02645685676833318
2018-10-19,-0.4656685975332022,0.015115088965588793,0.004422633610948759,0.0014737263995033825,-0.011168950007035725
2018-10-22,-0.38173351963970914,0.006091798324910103,0.00732730120028129,0.008887456813543236,0.007101134725008357
2018-10-23,-0.1846622252317227,0.009382447537014716,0.0010426935490526431,-0.014054534624101403,0.009110674395307201
2018-10-24,-1.25117903134401,-0.03490385135380474,-0.02596450052697302,-0.05495155342289132,-0.030959574211984305
2018-10-25,-0.839607641525685,0.021661679482443956,0.02533935347279727,0.05680001018719194,-0.005992346237586952
2018-10-26,-0.634870708775222,-0.016051670765470483,-0.01343454992967887,-0.012450191430933111,-0.013214912009437817
2018-10-29,-0.37373586187093794,-0.01894874746210184,-0.006359719304188782,-0.029507294428042716,-0.04214506971865833
2018-10-30,-0.4343711224876029,0.004982084566358917,0.032432808268414624,-0.0011561661560694654,-0.036082756856416015
2018-10-31,-1.3434802177402698,0.02573247021517436,0.005543938993602052,0.029260100640608546,0.0002599390490771132
2018-11-01,-1.5720637555076216,0.01523576875011733,-0.00513224722317087,-0.008367563666221612,0.012055693119015358
2018-11-02,-2.181676834505639,-0.06863311249955407,0.004927563787178731,0.002263501907078333,-0.009978321530778806
2018-11-05,-2.476507814307756,-0.028799088268992617,0.0038830597230309146,0.01263654579260723,0.03724993161112808
2018-11-06,-2.3908159693419937,0.01075617838721901,0.004681073032695126,0.0019510709845352895,0.02516786737875239
2018-11-07,-2.4541569487590023,0.02987735380633023,0.020299978748113966,0.0386063152389335,0.013873618015094314
2018-11-08,-2.523462817115335,-0.0034950490102208963,0.003376871449284595,-0.0018772606017562793,0.0008918175623694674
2018-11-09,-2.672021454083283,-0.019470011135917262,0.003563030864679858,-0.019700568839077292,0.00129602124394828
2018-11-12,,-0.05168698567028048,-0.027849290065758762,-0.024950537456790427,-0.021601474308153398
2018-11-13,-2.5433569530234705,-0.010041795580273774,0.005874534025967832,0.0006548813147253289,-0.0004959797252685841
2018-11-14,-4.4950086708302734,-0.028653981746370644,-0.01362457434202109,-0.014282499722862064,-0.005310649530712707
2018-11-15,-4.316964351272158,0.024379088171421776,0.03599426199108947,0.021767434000131942,0.010263475718947155
2018-11-16,-3.644860685498896,0.011014981887060784,0.010609213224964345,0.009370627141424271,0.0010696386246402516
2018-11-19,-3.6081761586455,-0.04043870093283406,-0.03217113746664104,-0.03447802085527248,-0.01041843813276772
2018-11-20,-3.432400692172914,-0.048957027222972155,-0.024929755324887698,-0.02820921179884989,-0.02618961874870766
2018-11-21,-4.5093162792890285,-0.0011308352755835453,0.005982302492368738,0.01367077492397314,0.011621622033588996
2018-11-23,-3.7124743619480025,-0.025726867491847466,0.0016439724382757948,-0.0003879520712150863,-0.011707158228132121
2018-11-26,-5.4036841080023175,0.013433115980671467,-0.00907561088483786,0.03245500146354182,0.020021934226501024
2018-11-27,-4.335651732854391,-0.0021784987874804247,-0.01713747036573051,0.006273091083723976,0.003923430936073367
2018-11-28,-4.005837260158954,0.03773178756335092,0.015685676066634433,0.0364741827292848,0.024442742385435166
2018-11-29,-4.731428393152442,-0.007711639630638551,-0.006036022477106173,-0.008404636156676821,-0.012435015816642163
2018-11-30,-2.1819091726469857,-0.005417113976342885,0.017795052112034027,0.006332618016973771,0.022707073808518902
2018-12-03,-2.184228908326555,0.034345846749262374,0.02170688886053106,0.01076354383472633,0.008334093836151791
2018-12-04,-0.5079559164353644,-0.044985791844025604,-0.02191199584996389,-0.03236767755772019,-0.030053773933508318
2018-12-06,-0.17959185101320602,-0.011211972596076751,-0.04338944270130482,0.006154878686655141,0.01881854574240905
2018-12-07,-0.9272696205210037,-0.03630835467101101,-0.014674398749281689,-0.04084473249336269,-0.037578777795126445
2018-12-10,-0.4565950428242937,0.006566140665540346,0.014460059900716764,0.026083213215929487,0.014887736025427183
2018-12-11,-1.0870490041318799,-0.005735550799821323,-0.004509737325961739,0.009251434535969239,-0.0019834369091480076
2018-12-12,-0.7857735945635852,0.002783183806123956,0.01834111610127255,0.004502254100174674,0.0022311354012372357
2018-12-13,-0.7888006703703948,0.010880717133026577,-0.0019036635147348594,0.003386374426348127,-0.0035554036488807473
2018-12-14,0.13601629923572112,-0.032520807063663046,-0.013428916402389222,-0.03174587398339588,-0.006898654334296812
2018-12-17,,-0.009349825822429521,-0.01884571264139993,-0.03006159977031546,-0.032206162771998476
2018-12-18,,0.012909365737414528,0.002620286006714954,0.010442030055293056,0.0047258681901748145
2018-12-19,-0.29091727969534775,-0.03168914791018494,0.013001628546342726,-0.002696863562592094,-0.0018874796643096466
2018-12-20,0.10630449530607666,-0.025558251963300707,-0.004531329555258715,-0.021248398568655263,-0.02972554238966303
2018-12-21,-0.3827522091523536,-0.03967220738892839,-0.04965516430570218,-0.03284562693385767,-0.018575182865502016
2018-12-24,-0.5099346320195196,-0.02621452098229153,-0.030225698226912154,-0.042634703064544796,-0.030847935860844975
2018-12-26,-2.009382042186884,0.06805250225175041,0.04354528416701806,0.06607779852554531,0.034895699347235305
2018-12-27,-0.026736216149747083,-0.00651103251743234,0.008485975664394135,0.006146309332902383,0.021229401949987566
2018-12-28,-0.8517776117353129,0.000512006375134047,-0.003340843821319749,-0.00783860925227444,-0.006613484634071938
2018-12-31,-0.5245313877846773,0.009619119144455528,0.00733551987083952,0.011685521709221772,0.005645999091140182
2019-01-02,0.032043021005538685,0.0011407057211046383,0.0015493748239945387,-0.004439961156710487,0.013457021636736597
2019-01-03,1.7537266892792724,-0.10492452952579684,-0.00977803725984812,-0.037481687051744414,-0.020165513224902665
2019-01-04,2.2689888517374825,0.04180311947278471,0.04219663179792671,0.045460088670894974,0.038314650924962244
2019-01-07,2.2996446256639556,-0.002228476501963178,0.015718419253835967,0.001274721691649662,0.007049643290845342
2019-01-08,2.475288240259218,0.01888400266830641,0.009021169036642749,0.007224149104169738,0.014119156411960087
2019-01-09,2.8535538076537454,0.016838947831846578,-0.0020909161801304383,0.014198473427064215,0.007151241801374113
2019-01-10,3.9867939293163026,0.003191138307536092,0.0008371771492231985,-0.006446393262315593,0.009072961553397416
2019-01-11,3.928101244530473,-0.009866442040379095,0.00978061765395279,-0.007752080164748619,-0.0027133909287350056
2019-01-14,3.0604020162511847,-0.015151228803740998,-0.0022806778734885545,-0.00732246181338171,-0.008848625206903292
2019-01-15,2.1124950028612943,0.020260012867735242,0.008093903341265942,0.028592822115545403,0.011069121349776459
2019-01-16,2.881161878471869,0.012142560857272673,-0.006636405439365843,0.0035172382234257764,-0.0009040915487902313
2019-01-17,2.7515626084102376,0.0059201951427764335,0.010761619792061548,0.006997656886014866,0.004675859966967634
2019-01-18,2.4892105118059473,0.006140564887256404,0.014103509072359143,0.014871865587421935,0.013251584252221376
2019-01-22,3.071353988922715,-0.022702137517151524,-0.006720337606706638,-0.019026650538340982,-0.01055491932205634
2019-01-23,2.760003330760604,0.004036219096041103,0.006111331373764864,0.009699046532504816,0.08124757706394492
2019-01-24,2.670555119512622,-0.007957596387992382,-0.0008127587126676098,-0.0047907182936687675,-0.002712447040271789
2019-01-25,2.7631090544165398,0.03259952680936464,0.01212153460920089,0.009092282789833898,0.010807067505852414
2019-01-28,2.5560812559268906,-0.009297628519385941,-0.005638401981915824,-0.019694070141991687,0.0022364585938984163
2019-01-29,1.879696870352985,-0.010418672732033403,0.0018156780526142277,-0.020575916678753088,0.0004465451704656205
2019-01-30,2.335871065443574,0.06610100084061975,0.015004702087100768,0.03287127640615259,0.00037264885232340483
2019-01-31,-0.4238855312131631,0.007175428525381239,-0.0025848822141569822,-0.01850074820701376,0.0002975295764388087
2019-02-01,-0.49017619558045195,0.0004806492884943259,0.011481196691295506,-0.01592588614162934,-0.0023832914812044505
2019-02-04,0.36043075772945393,0.028008854124994282,0.004320186909625495,0.02839220015100186,0.008095050131847394
2019-02-05,0.04558464975451032,0.01696472640344914,0.004107065699116851,0.013899609590604918,0.002659552764114572
2019-02-06,-0.42658956536096443,0.00034460692356770204,0.00039003355148396475,-0.01116071619670892,0.005664197462566776
2019-02-07,-0.24868019831479837,-0.01912096556199837,-0.020497479613565406,-0.00719351934312437,-0.01164420912118431
2019-02-08,-0.7010895438239737,0.0011743314685039726,0.016000380362964646,0.0037924471352092193,0.0038965418183600892
2019-02-11,-0.5964414005710238,-0.005767569460316229,0.003911742594327254,-0.00398246312607011,0.002092046481855078
2019-02-12,-0.6352164056908727,0.008580051408514117,-0.00019519505295282686,0.015461707224155035,0.01525722575710071
2019-02-13,-0.31818988748072663,-0.004163274986445047,0.0038970112938010353,-0.0007486771351058762,0.01074694227683424
2019-02-14,0.16387732206701106,0.0036368414126766824,0.0011662969585938036,0.0008423851909065914,-0.007591251176300638
2019-02-15,0.4743997241955934,-0.002227522984092886,0.004650974342082113,0.012272125766619315,0.01129268631824585
2019-02-19,0.851039127198215,0.0029882231478476824,0.005783953591771512,-0.00046200225388325886,0.0048425394821838864
2019-02-20,0.7705560767109136,0.006414636898715973,-0.004817539210596694,-0.005212686169253675,-0.00505981355747341
2019-02-21,1.0045719037116139,-0.005654514959872294,0.0065459522348263,0.020872834486424727,-0.0011602222450834583
2019-02-22,1.1331380039579608,0.01110408331291319,0.007075450822471777,0.01415736911589314,0.010177442693206357
2019-02-25,1.0649837531730444,0.007257842665371428,0.001523299909845628,0.005571459065171546,0.0015068386074458325
2019-02-26,0.12309240635558649,0.0005736527298688871,0.0007604974346576731,0.006876533060473726,0.0018625728080874813
2019-02-27,0.14363441530610777,0.0030927834655168442,-0.0041912927456670785,-0.0016922201160378973,-0.003944068911853477
2019-02-28,0.12415241294053148,-0.009884424870184382,-0.004784268998658877,-0.001249025180057106,-0.007500911798498903
2019-03-01,0.2719495257621277,0.010456344772509917,0.0072631015672885895,0.004453130892007168,0.007716359442050089
2019-03-04,-0.27589981168859035,0.0050168196940371486,-0.00899085097700137,-0.0024023160909383157,-0.0055469194430656545
2019-03-05,0.2785364092682296,-0.001821503423042831,0.006130407497715498,-0.005000809560517578,-0.003981131613356779
2019-03-06,0.20417515976676737,-0.005770480705369129,-0.00019114466892418343,0.0004474004042103836,-0.006548832130171915
2019-03-07,0.2111809786602014,-0.011642291896976359,0.00438379094680498,-0.012244527055814015,-0.011896846783850066
2019-03-08,0.4972517330873116,0.0023742139730463536,0.0036071849798828145,0.001086333403370046,-0.0019966947536772315
2019-03-11,0.1657021772409235,0.034055614771347414,-0.00208677977311744,0.020776295376744337,0.019208873385061862
2019-03-12,0.6559691133211502,0.011172644369216729,0.002654978009748739,0.006977523367917221,0.004130461004532667
2019-03-13,0.6247219151377095,0.004412348646906465,0.00491240520059552,0.007715201038792547,0.0020228201642512014
2019-03-14,1.118899789704416,0.01105536238768788,-0.00018862272850685963,0.0007856936806324544,0.0016585439100379237
2019-03-15,1.3685671110096254,0.012924505387683671,-0.002075915114694392,0.011453377710612351,0.0046004955173066225
2019-03-18,1.3733620254714347,0.010156518390423344,0.00977468747624844,0.014219971785769595,0.0055788498489693856
2019-03-19,1.442871827200535,-0.007956542290967391,0.01079068907602491,0.0006799934828424294,0.0019949264466742013
2019-03-20,1.2492227503116877,0.008700859818745129,-0.026248045912996475,-0.001105519277787871,-0.00635524974123111
2019-03-21,1.4657013155667744,0.03616827757397293,0.026248045912996603,0.022714801081152272,0.013094480642421764
2019-03-22,1.9228899101907233,-0.020925558116095117,-0.023781442146298994,-0.026722072481701907,-0.014169249348556909
2019-03-25,1.7375153724941839,-0.012164861190374797,-0.0005688441096158444,0.005197913320152147,-0.00193815371006914
2019-03-26,1.5883068184244566,-0.010385542123505164,0.010186975915495798,0.0021223944734496607,0.007444534041703469
2019-03-27,2.013397037164612,0.008953937649579725,-0.008860579010979645,-0.009715443162116323,-0.007013482516584924
2019-03-28,1.769757178146741,0.0013254037422280234,0.007169673191696137,0.0013693910074858773,0.0048714565693497415
2019-03-29,1.2640126164635608,0.006496462370935317,0.009729047671351609,0.008600697056735513,0.008398347203979889
2019-04-01,1.2726200836401735,0.006768414463103071,0.016068454606724288,0.009115251087058029,0.015471596454486022
2019-04-02,1.9791890707418545,0.014432115835981436,-0.007909741263630516,0.001427482392795205,-0.0020959378868941813
2019-04-03,2.360082446019037,0.006831551179454872,-0.0016633227562407647,0.006523019552800217,0.0043961428317407
2019-04-04,2.114808179531931,0.0017388663679129197,-0.004449443565609527,-0.0050975036337718,-0.005935884806228164
2019-04-05,1.9128165046212346,0.006672118118614842,0.002041690738083757,0.004430324447753443,0.003495935925460273
2019-04-08,2.208013506825979,0.015613261790379121,-0.003901570355953071,0.000333611232427656,0.0007675562213892381
2019-04-09,2.4362332325546867,-0.003002770899308321,0.002045724913188764,-0.005434662388440886,-0.008966719183030377
2019-04-10,2.126514866441392,0.005598122219792452,0.007065859131029964,0.0076001214119706395,0.006382759152840488
2019-04-11,2.2753653736788286,-0.008358927474306827,-0.003340904158212927,0.0011643429219525406,0.005300085328817458
2019-04-12,1.9528024215433588,-0.0004024181521711693,0.01311336746805012,0.005139120796360225,0.003956353634763993
2019-04-15,1.839049473507641,0.0018087238737153361,0.0023823845369308886,0.0008264813101451193,-0.0031221511665825152
2019-04-16,1.6721783270417891,0.00010043790129861742,-0.0007326878579455552,-0.0023158982047740586,0.008580234937592046
2019-04-17,1.893626567964039,0.019285873484194235,-0.0020168473169421804,0.008246122846368685,-0.042433760305207645
2019-04-18,1.7095546767696248,0.0035875230068572084,0.0007336224375680011,0.013053905781934539,0.008731767549218993
2019-04-22,1.8616010257104756,0.0032809865468688363,0.001832674717757298,0.0031563831862132883,-0.01031459985419856
2019-04-23,2.506641221812457,0.014320410265245628,0.0058416273783799275,0.013483292970124105,0.011098130764249575
2019-04-24,2.7527578958580343,-0.0015436035459478355,0.004358896313342164,-0.0034337986432194404,-0.0034950990219286535
2019-04-25,2.4409446628187723,-0.009116543067551814,-0.003085398320015817,0.03258089277809214,-0.009476823546573596
2019-04-26,2.079900403654478,-0.004785588699361701,0.007244980738999449,0.0057133581743295,0.0058260294132666795
2019-04-29,1.0301752432256759,0.0015162961250406834,-0.005973256353537592,-0.0009243624999423916,-0.0028008596998210624
2019-04-30,-0.6577062500951762,-0.019443993342311023,0.004528223534515826,0.006375546196786724,0.008735442021976353
2019-05-01,-0.44616560801799376,0.047918896734397996,-0.008166164526084877,-0.0210470037159324,0.0020654984450064265
2019-05-02,-0.594102915013577,-0.006528896074791347,-0.0051150974988925174,-0.01314502840454904,-0.006925235058119227
2019-05-03,-1.0762093920053868,0.012354660784807996,0.00347389351472446,0.021089672174544372,0.004717360296500073
2019-05-06,-1.1336271781679566,-0.01556320964268046,0.001094357958979113,-0.005835260113902336,0.0009261651174386828
2019-05-07,-0.8930954526804622,-0.027326901657445155,-0.01561799107521549,-0.020736541073775747,-0.019711543682186212
2019-05-08,-1.0023026028942748,0.0001969561133541879,-0.00018514053054957113,-7.953217928799023e-05,0.0026123168269442656
2019-05-09,-0.619061868468415,-0.010802550925492746,0.004804267205647983,-7.979844528530492e-05,-0.0076548324373678905
2019-05-10,-0.7725791152672066,-0.01395007748490911,0.007345949768742752,0.012904418768647933,-0.0001478099878778402
2019-05-13,-0.7284477971959431,-0.05987667111754809,-0.022576746379692297,-0.03018434671939086,-0.029244196673225423
2019-05-14,-0.7874005246798151,0.015706376903854714,0.013016243968456617,0.011125596248992935,0.01427911025919651
2019-05-15,-0.37941183888809,0.011908014635300666,0.007912540913863076,0.01398412418571551,0.00814305734112758
2019-05-16,-0.13343826836731137,-0.004409576196246494,0.0014651783012697964,0.022829130476187415,0.010951684086004922
2019-05-17,0.2629728963370562,-0.005698116999577374,-0.002565511430301611,-0.006692753458991335,-0.011547112794910493
2019-05-20,0.32318994253616873,-0.03176891403449495,-0.015533001401686347,-0.014550761604563507,0.005938234322547459
2019-05-21,0.4193064683952516,0.01898927420867194,0.009459470728238368,0.005372978237244804,0.00979496840784034
2019-05-22,0.4372553616776929,-0.02068415470263705,0.0005536304285734588,0.006049634031063344,-0.0007331740274267077
2019-05-23,-0.07177920610616068,-0.01721689796201695,-0.020880843097987732,-0.011739585797684603,-0.029472984308094228
2019-05-24,-1.475172855357262,-0.0038480041899900436,-0.0058573298822550525,0.0004757122712321715,-0.0008312324622499949
2019-05-28,-1.0912285369748977,-0.004143430771242727,-0.019518391250568173,-0.000634011297650239,-0.013854105275426193
2019-05-29,-0.5995152300296933,-0.0047803821820609944,-0.0011599516426594805,-0.009717333435636034,-0.005919657357091037
2019-05-30,-0.5818529743175869,0.0051731114884630055,0.0005801849747155587,0.00630324071346745,-0.0009257738147355317
2019-05-31,-1.3322753088228416,-0.018281582113332185,-0.02189321201514131,-0.01643924193043688,-0.020112904056242647
2019-06-03,-2.426156592051093,-0.010161732666870931,-0.00713985756472294,-0.03154028321604906,0.010029131111182914
2019-06-04,-2.3789917747857348,0.03593088004934381,0.03481656183448436,0.027327068973153987,0.033877960502344644
2019-06-05,-2.2433499276710913,0.016013973180106972,0.0015369086714566375,0.02144743897345521,-0.009084657759804443
2019-06-06,-2.8966396826690888,0.014575367630432845,0.009361071986194711,0.015690999105866816,0.00553641149539037
2019-06-07,-2.24927664779287,0.026268607654068524,0.012659372439396443,0.027623030662573225,0.008210154589543326
2019-06-10,-1.3744949991062256,0.012698403959166804,0.013983867156077086,0.00909131530918295,0.010669462840781982
2019-06-11,-1.6025517923029804,0.011513230159000023,-0.0012971708079556282,-0.0037779676277459226,0.00894042632551768
2019-06-12,-1.5910446356121701,-0.0031875513513443723,-0.005950012335495184,-0.0046283527429699,-0.007975959134732884
2019-06-13,-2.432487901734789,-0.00020623361923365098,0.004094527134059435,0.0062923656194100105,0.00657738750951419
2019-06-14,-1.5653885054750858,-0.00728887279404841,-0.010455651895294463,0.0009821114551337995,-0.004503379998862196
2019-06-17,-1.2707368533278771,0.005948920434669844,-0.002819300903997174,0.0030150600230430804,-0.001481085611414602
2019-06-18,-1.5688166276238475,0.023246292424022024,-0.0043382327146355235,0.01723873414966363,0.010540641227660788
2019-06-19,-0.5800258864872232,-0.002926998281797122,-0.004167515910971925,0.003913766169221088,0.0051198427303381705
2019-06-20,-0.47722851049456244,0.00800341518155418,0.07863990356148516,0.009243050036233052,0.012829465606655578
2019-06-21,1.335042815335301,-0.003414974176533724,-0.015383595380967258,0.00014594653114560934,0.0025178890296071875
2019-06-24,1.6096533508268123,-0.0010064764420595737,0.010987112901993222,0.005896425827311795,0.0010766742915994394
2019-06-25,1.6234195883906293,-0.01527380289914257,-0.011878538332817632,-0.032081283758996056,-0.007129843727458737
2019-06-26,1.418050421780061,0.021398496997448318,0.010467401283738064,0.003740379896051064,0.0011559162312996484
2019-06-27,2.0787424760304045,-0.0003003193849755624,0.0019398471346291628,0.0016409310436576703,0.0
2019-06-28,1.862671976033351,-0.009153621328079644,0.0035167404265004434,-0.0014172655128987476,-0.0044860159853280365
2019-07-01,1.3461265212414633,0.018174365992609173,0.018090676858164397,0.01275809707443689,0.01425611997529949
2019-07-02,1.9876142702544288,0.005837602646225508,0.007727028137332898,0.006611362083019247,0.0024275499691661924
2019-07-03,0.6507259940850965,0.008252805979249687,0.0068190209551026795,0.00642229737967812,0.009369993821085875
2019-07-05,1.0897980332203274,-0.0008812071718381344,0.007110377437460335,-0.0029140923987520696,-0.0011310114585120722
2019-07-08,1.0362613863163277,-0.02082938611211511,0.004208286442276926,-0.000729940892255392,-0.0057458155270073575
2019-07-09,1.076325109715028,0.0060811330662518355,0.0011753640216322127,-0.00365759903151749,-0.00886021886404195
2019-07-10,1.1635002498117892,0.009839818136427274,0.00918605801338485,0.010134875830942693,0.008148541322274022
2019-07-11,2.1775760811956677,-0.0073087974732193315,-0.0026636592400814804,0.003982036295279671,0.005466380924577655
2019-07-12,2.0723376467672567,0.00765338111532391,-0.003005210598575985,0.0036057181249537517,0.010564517524875664
2019-07-15,1.9020980556002898,0.009351173947813455,-0.004692552196359595,0.0,0.004055058818598987
2019-07-16,1.491481030216675,-0.0034658809323249527,-0.011534962546700367,-0.01318914235445456,0.0014639984047030597
2019-07-17,0.6959565505870199,-0.005639245722420345,-0.010634960921078157,-0.00592626827229068,-0.0032100308080938145
2019-07-18,0.21572447316892857,0.011295644605400357,0.002239226747006229,0.00109989389985782,0.04483140547974001
2019-07-19,-0.293655771639809,-0.015040034484110792,-0.010029356670423161,0.0014650027198597226,0.00033469096470368907
2019-07-22,-0.24388910134985609,0.022596786078328032,0.0010422800254386631,0.013161297027182196,0.00040069428925564596
2019-07-23,0.02818855155158187,0.0077873164133933385,-0.0026077765331653153,0.006193363052980131,0.0042647056945089145
2019-07-24,0.3604347618425781,-0.0008143576742070662,0.011423023111997357,0.010214344179789567,-0.002330050662423712
2019-07-25,0.0724863796778133,-0.007938729991160322,0.0030927048166609406,-0.0037738943607832838,0.002396450196853366
2019-07-26,0.16151599050694626,0.003471974849486141,0.0035960480098270156,0.008169979424508431,0.006429445400005449
2019-07-29,0.2899982195130094,0.009295144549220962,-0.007549800189331576,-0.0021960877640358457,-0.0031763575789371607
2019-07-30,0.6010790253299362,-0.004301349409454599,-0.009865766426417823,-0.004832943961667864,-0.007384084939448317
2019-07-31,0.08068047560237135,0.020198865163547103,-0.020916825859323928,-0.029500954217691087,-0.010268117938790984
2019-08-01,0.15915830746892953,-0.021876685261517387,-0.007487755950234265,0.0130499847969737,0.013933726778244386
2019-08-02,-3.475765406080441,-0.021385229024476083,-0.00071627557910727,-0.00843801574519732,-0.020634482243005386
2019-08-05,-2.178499046010897,-0.053767731104710365,-0.03796064054069779,-0.03485892126034822,-0.04507552488275292
2019-08-06,-2.3579583830451787,0.018753441666679586,0.0037133515944461582,0.018584254604603154,-0.00021329897083046575
2019-08-07,-2.817671840356755,0.010301834019235906,-0.011556350403615667,0.004371072066423157,-0.011577993843990527
2019-08-08,-3.9690154135475417,0.02181617335547738,0.024262577997606852,0.026335313502338246,0.018805209783512397
2019-08-09,-3.125328124246831,-0.008274469774773386,-0.013818778116296894,-0.008532049156900845,-0.028746100520436205
2019-08-12,-1.9103080455804446,-0.0025404052079829272,-0.0121328264042305,-0.014040635854834302,-0.01823643600204063
2019-08-13,-1.6024755635150905,0.04147591433213631,0.013430655666964447,0.020482513867038844,0.01573569537314818
2019-08-14,-0.6538403991563637,-0.03021696051330907,-0.03104970943284317,-0.03057673567635262,-0.03400562641367296
2019-08-15,-1.2322317083396679,-0.0049939450023917835,0.005147508377001645,-0.002242162089310116,0.005091571819331963
2019-08-16,-1.532939686658771,0.02332045200470028,0.018836497492925045,0.01816153111594619,0.013851498930063632
2019-08-19,-1.095898237968064,0.01847269398510499,0.005211212878849097,0.016610162249828517,0.009524040218956292
2019-08-20,-0.5252275452583324,4.750569965447058e-05,-0.016659313879200343,-0.008343340803117336,-0.01522184600139286
2019-08-21,-0.3170399374356097,0.010780352795649423,0.004895602544219924,0.011084704943614914,0.009354372686752294
2019-08-22,-0.6112410345698958,-0.0008468699097381441,-0.0009397673623513783,-0.007303598258665707,0.0005210854813998094
2019-08-23,-0.7485979696520644,-0.047322892269173786,-0.030736029015449622,-0.032380886592896126,-0.036003425854232586
2019-08-26,-1.149532074445391,0.01882089290404543,0.010606378622536662,0.015325476690260013,0.003236268187555866
2019-08-27,-1.4832165642555715,-0.011347694266119953,0.00497506753951838,0.002138557500115548,0.009036467549167867
2019-08-28,-0.8014518812129895,0.006688175217116898,-0.008434020666675878,-0.0013268770754560782,0.012048806456727037
2019-08-29,-0.3377106853829023,0.016789857352792485,0.004034351329464183,0.01870858616472176,0.015842548394814332
2019-08-30,1.1858079356434974,-0.0012925789720138864,-0.0019191478348519098,-0.0018845232737398135,0.004807614587026822
2019-09-03,0.5030961002072715,-0.01467075513712487,-0.003270661948464321,-0.013289549616482566,-0.010607207586688872
2019-09-04,-0.9722053025562201,0.016824176786667325,0.02059924652407479,0.01162015305174197,0.01641903798210484
2019-09-05,-0.08089693841983892,0.019362953121989934,0.016291009116266603,0.017430345064875195,0.033542314903201094
2019-09-06,0.011307684057170558,-9.393625117455943e-05,-0.012710287748646493,-0.006806137174751186,-0.0028415872707072197
2019-09-09,0.17257925246673092,0.004258107102349453,0.02562815466485001,-0.011424087656479757,0.014337897422295767
2019-09-10,0.7101996163542154,0.011743633130425096,0.01690776036179859,-0.010525877055341172,0.017035214765636648
2019-09-11,0.46338636304756925,0.03130040423107195,0.014674654905473587,0.00029371462812402706,-0.01004692899115594
2019-09-12,-0.1746246344926139,-0.0022386801633017405,-0.043571698473214494,0.0102321624272172,0.0001394354239095848
2019-09-13,-0.566282056718507,-0.01964599925253168,-0.0026015979261539207,-0.0014551745588702429,0.0003479507322128813
2019-09-16,-0.7679558130024566,0.005243356321206838,-0.011413513110797541,-0.007235805775773881,-0.008317524814314439
2019-09-17,3.1353749684002468,0.003631492303288875,-0.005094175746882139,0.007745345986613225,-0.0019672080171466
2019-09-18,1.5852596931482266,0.00933550681886294,-0.005880414435062308,0.00819131577678996,0.00014036139620013022
2019-09-19,0.9672493356908551,-0.008158084074310259,0.015293375951625868,0.01824160401827948,0.005260231624583
2019-09-20,0.9913398552458057,-0.014725993828193826,0.0018720063565912351,-0.011621819800538518,-0.007653462366245914
2019-09-23,1.2451914553367724,0.0045364474492206,0.010233546304033307,-0.002154039230434193,0.001338288149589367
2019-09-24,1.3460310496367005,-0.004765956665023158,-0.01248054887333372,-0.012729920543479378,-0.0027490720392088306
2019-09-25,0.860864857759233,0.015272248166318081,0.009142737769717947,0.014309855619418898,0.010392041863126934
2019-09-26,0.49899507443785923,-0.005171032617636986,0.00222649697455211,0.0012906617686730454,0.0027206901235196494
2019-09-27,0.6232666889670495,-0.004878039198340712,0.00240649635471707,-0.013055930424582656,-0.0021620169071889608
2019-09-30,-0.8537264006160068,0.023262576171099312,0.01722886155182564,0.009394370731336811,0.015104518524567498
2019-10-01,-1.263360848235423,0.002764468957085729,-0.02260496662420971,-0.014197766420942582,-0.0121766491310871
2019-10-02,-2.651112478461747,-0.025387535265171023,-0.01215535750897259,-0.01781334567869686,-0.013807882148453788
2019-10-03,-2.9519993685771913,0.008459241283976168,0.01327005323200993,0.012033195806276214,0.00232649958099178
2019-10-04,-2.794853535457754,0.02764565786652138,0.023487129398338996,0.013411252330766737,0.006806797919970972
2019-10-07,-2.55014179619472,0.00022056740774916217,-0.0061852477901351505,-0.007266623713552676,-0.012031102899807933
2019-10-08,-2.4435690557400456,-0.011784325101124747,-0.013780538295968946,-0.010630582158201852,-0.020740373934342308
2019-10-09,-2.1325118973274773,0.011652004490261185,0.013291739651976308,0.018765437969895646,0.009279101704298508
2019-10-10,-2.101170311024776,0.013388326250301511,0.017451885498403073,0.006202055953502436,0.010399157152032618
2019-10-11,-1.6288419278337165,0.02625095650266188,0.024916680073154913,0.0041606718946348075,0.011483350935706653
2019-10-14,,-0.0014405114185442299,-0.007587155819477693,-0.0009311203676438968,-0.005056018863757677
2019-10-15,-1.0719774129908077,-0.0023346493319250524,-0.0019501840432650313,0.014371647264725677,0.0067355702399383025
2019-10-16,-1.2444540938830975,-0.004045126183354861,-0.008375658765458392,-0.00822797926355747,-0.006243056101877845
2019-10-17,-0.7457355482356087,0.0038751808554447474,-0.014783081680837425,-0.005141003484057151,-0.056823355636392944
2019-10-18,-0.392318245509047,0.0047912009441151635,-0.009305767597957428,-0.016456116538950637,-0.0012668465348706572
2019-10-21,-0.47361729697947214,0.017194213083279012,0.010576350096753354,0.007395268802905638,-0.011324974504618404
2019-10-22,-0.6215835952437606,-0.0022895569882634362,-0.018674980014279172,-0.014992903713204341,0.010354972012049102
2019-10-23,-0.002987533152374322,0.013329823664609055,0.00036948593235249785,0.006359303085221474,0.003130457461359218
2019-10-24,0.703003872158638,0.0016434901233164092,0.002398607652423423,0.01948266376738933,-0.0023094851533646903
2019-10-25,0.7434143452548907,0.012241052453582637,-0.0016599675274909327,0.0056294012466021085,0.010166439149797724
2019-10-28,0.807913993962801,0.009967139361755403,0.008639301871006026,0.024288961680894287,0.0039057207838399844
2019-10-29,0.28370714796003865,-0.023399431603466397,0.002923478445113887,-0.009476944504745111,-0.01593893146592829
2019-10-30,0.0375616108611162,-0.00012336227856433283,0.000912105160182007,0.012385366981119176,0.010629443408049473
2019-10-31,-0.47664305046081273,0.02235773302337862,-0.006584938302035538,-0.008611573645453386,-0.01130196458029268
2019-11-01,-0.7245815267626439,0.027985599730349565,0.009315967177143124,0.002438177396098028,0.013370155688469249
2019-11-04,-1.6134312053955648,0.006545501031534616,0.008148542892682286,0.005758552918459593,0.015666483116258106
2019-11-05,-1.5550509479268755,-0.0014377931975401942,0.003959541009884601,-0.0006228681581009089,0.001596615827910122
2019-11-06,-1.122404892687611,0.00042734919310407797,0.0005388413140878986,-0.0027728065972950685,0.006433659381423987
2019-11-07,-1.3627630771323174,0.011475304127884374,0.005014307803952022,0.0013869152453437404,0.0038568236181501588
2019-11-08,-0.8855278149919459,0.002733142228388624,0.009069352219188987,0.011715641140245618,-0.0005813331258697823
2019-11-11,,0.007887971262882962,-0.0010628152593264053,0.0010273854047259008,-0.01567337744175599
2019-11-12,-0.6634055489793901,-0.0009160025292047502,0.002831172698021277,0.006548935614876617,0.0008856397565082168
2019-11-13,-0.5124028189909098,0.009535886082806522,-0.006737431162285088,0.0016302795591862363,-0.008220364202835541
2019-11-14,-0.36053874673820796,-0.006943505732180159,-0.002136917485468685,0.005078339838426319,-0.00357559209109578
2019-11-15,-0.5060100009353699,0.01180973899411216,0.005866091562527528,0.012817466471301194,0.0029804563602064816
2019-11-18,-0.10647711736505044,0.005029131727090531,-0.0040849851032162,0.0024641739832110435,-0.0006697467894057975
2019-11-19,-0.22288193989402777,-0.0030373316708699268,0.001422783817444185,0.0003329591388859295,0.0015623565185109449
2019-11-20,-1.0536516958801203,-0.011709544543354907,-0.0005333067354120637,-0.0017363538977926796,-0.009860996996261188
2019-11-21,-0.08939737840044693,-0.004493441564449104,-0.00017783213410750695,-0.0009361519315651898,0.0047930376862196705
2019-11-22,0.6006226409356265,-0.0008784257367070728,0.0028413026507105475,0.0007355677551066965,0.0037290573737972345
2019-11-25,0.08691579392001275,0.01738163581336938,0.0030104499301794943,0.010903649243607857,0.012060269469799809
2019-11-26,0.35323582907999296,-0.0078388632202959,-0.0008844423242726554,0.00527575150653427,-0.006492860395151728
2019-11-27,0.5323042660846313,0.013342628719730812,0.0017678804282516174,0.001906199265897083,-0.0098192610146855
2019-11-29,1.29742604288833,-0.0022054589823769077,-0.0083371045887113,-0.006190724869471491,0.005070369274879197
2019-12-02,0.2027936496015903,-0.011629159949557096,-0.012727653114365857,-0.012162311357664431,-0.011520347923653897
2019-12-03,0.6278968617156643,-0.0179912295327569,-0.015270387693831853,-0.0016062290862865925,-0.005961535522676251
2019-12-04,0.5731046726506798,0.008787593397413656,-0.0033024990324502465,0.0036103672129364486,-0.0009844727221167812
2019-12-05,1.5715925126460681,0.014564389327383407,0.00495024392756795,0.0005335151331346097,-0.0006062870340835145
2019-12-06,1.49435589671752,0.019132057948994204,0.002739430455787603,0.012066042496849498,0.00988193318285202
2019-12-09,1.8118907767554302,-0.014099108103484812,0.008716115960976205,-0.00257319248402942,0.005240916689936067
2019-12-10,1.6933293573424693,0.005827499147888576,0.009178333246217234,-0.0015208881672263133,-7.479105691577843e-05
2019-12-11,1.6062985791424442,0.008493343233306513,0.0087401771537053,0.0037643738941797464,-0.001120503320060982
2019-12-12,1.3154684602318716,0.0025449578902485594,0.0028370481200735835,0.01010022760411858,0.011594820272041178
2019-12-13,1.329763881865137,0.013501982541429976,-0.03532514382536095,0.008383182315883248,-0.00823652401662029
2019-12-16,1.7351871669324683,0.016972687550799052,-0.009585157729681272,0.006450456997226632,-0.0005962553097817603
2019-12-17,1.6443191622578848,0.0019637379290332836,-0.021530653140375045,-0.005415374999283637,0.0006708012191796985
2019-12-18,1.934475753978769,-0.0023925071861328954,0.010354913689283526,-0.002070609090422568,0.0014145388157021438
2019-12-19,1.9642650878804504,0.0010007037227099766,-0.0028131847954515517,0.008643075098361236,0.0011153990843885413
2019-12-20,1.977146152121623,-0.002073828654495132,0.006738943915111433,0.01085816328885728,0.007625582447831329
2019-12-23,1.329337730961001,0.016186703287876962,0.0020502157949559676,0.0,-0.0002950489009758246
2019-12-24,1.3653162587641128,0.0009503744514726942,-0.005039950155486839,-0.00019045146952624477,-0.00421420468979102
2019-12-26,1.430134443393172,0.01964614097894364,0.002430089623480755,0.008163041292714425,-0.000518610766099974
2019-12-27,1.4639197022924775,-0.00037968636876063375,-0.0020555790711365503,0.0018262983220231823,0.0026648773018059816
2019-12-30,1.5810676485748067,0.005917684904908488,-0.014318337847862041,-0.008656120952340867,-0.01835306728823086
2019-12-31,0.03235035190037783,0.007280046457959664,0.005298917112089242,0.0006977267641518353,0.00921855935937042
2020-01-02,-0.11567688830343567,0.02255994338830124,0.01814344355575852,0.018346830904966725,0.01024305141978597
2020-01-03,-0.07929703762268298,-0.009769592037108903,-0.003528211003220197,-0.012529958460333696,-0.008007348576728726
2020-01-06,0.7408764967540532,0.007936555910569774,0.005194863853687135,0.0025817411090476566,-0.0017881778350173393
2020-01-07,0.7189678505669908,-0.004714175060794684,0.002218201995060442,-0.009159850045700314,0.0006709512092589993
2020-01-08,0.42169345263199554,0.015958173412213776,0.00388697768124796,0.01580311354095495,0.008311691296439208
2020-01-09,-0.8508366825440532,0.021018455597807628,0.004607993606492843,0.012415512760052918,0.010512852262280303
2020-01-10,-0.7453329918950012,0.002258167574802838,0.0012862179095910124,-0.0046376971679791676,-0.0003657606438234451
2020-01-13,-0.9288840623013697,0.021139163514472897,0.0023847809585979016,0.011952607326645161,-0.0006584459833324036
2020-01-14,-1.3669782599464906,-0.013595397228453774,0.005481391493518175,-0.007068061891476756,-0.00572674399316638
2020-01-15,-1.196067192651527,-0.004294449684413196,-0.0021889066053965216,0.006455027156109166,0.005873221956845319
2020-01-16,-1.2325362268303808,0.012448624586233024,0.012160848885172274,0.01815791692728612,0.009905266846490915
2020-01-17,-0.7182091091316796,0.011010149598907617,-0.005426855156169049,0.005580989186283494,0.0023888203227724544
2020-01-21,-0.5921546009761842,-0.00679993754158294,0.0016313632276022784,-0.003597358722323908,0.006198630894795466
2020-01-22,-0.35089621138653876,0.003563359978144594,-0.009096084006716548,-0.004816145625472368,0.033352587033405504
2020-01-23,-0.8963661340280669,0.00480415750932182,0.00474005688866544,0.006136706048830208,-0.007113663277160293
2020-01-24,-1.2810127165767273,-0.0028861930373302188,-0.01668994194029721,-0.010128000187958473,-0.016300778452983302
2020-01-27,-1.6860330253072893,-0.029846424777300613,-0.025853661399572857,-0.016864120434805157,-0.013898067861677391
2020-01-28,-1.8467638001876094,0.027896750563914274,0.014508063899104667,0.01940614347917246,0.006686735258686432
2020-01-29,-1.5633184803268207,0.02071627937774819,-0.004875392230372922,0.015472157939563611,-0.013418256081832124
2020-01-30,-1.3505567816730941,-0.0014500329909897887,0.002065573559719703,0.027817269631119267,-0.006704291566693198
2020-01-31,-1.3945572919508715,-0.04535165140751137,-0.016263514305983395,-0.014868474156301782,0.04963611255158808
2020-02-03,-1.4735880476668237,-0.0027502204682761074,0.012128249349614524,0.0240860120980113,0.017517736971362108
2020-02-04,-1.8202276890536802,0.03248053896127159,0.017735806918788767,0.032386459052295535,0.019230094464101975
2020-02-05,-1.9846385971974898,0.008120897293416125,0.012870265950530046,-0.0012219883897860349,0.047284678227820995
2020-02-06,-1.334044426933699,0.011629082183302906,-0.0005483866074870559,0.02052145780525451,0.00274656729119056
2020-02-07,-1.2115800695656576,-0.01368569584811079,0.00018287991729017526,0.0014151681659271616,-0.011213490109059436
2020-02-10,-1.2677824169487022,0.00473814560404145,0.004922190938764464,0.025820503231115448,0.006626826743152166
2020-02-11,-1.479697676310502,-0.0060514516564036235,0.0029053187762775024,-0.02283432289976629,-0.006170662849422443
2020-02-12,-1.2866791308268404,0.02347010273740531,0.010461779635459748,0.0014629674606589473,0.011852630645445637
2020-02-13,-0.6929033752482363,-0.007146396963888482,-0.007564801657518877,-0.005428483760052092,-0.006459536159848645
2020-02-14,-0.5275252765333858,0.00024619292340621554,0.002888383490742999,0.008887597515567836,-0.02367244542739051
2020-02-18,-0.18652444090036235,-0.0184801839934035,-0.00036054487016913415,0.010091726493904192,0.002650742768166084
2020-02-19,-0.3078714580026394,0.014378832922550537,-0.00018017028403981037,0.0029946219773408517,-0.0015896435335282383
2020-02-20,0.3119056275398929,-0.010311840984861102,0.0012619426698709153,-0.015388970211756791,0.0023836556770080726
2020-02-21,0.6711194566030365,-0.02289533545356564,-0.015065130590791844,-0.03212317188633294,-0.009167767511509361
2020-02-24,0.34580548969068875,-0.04866557183137255,-0.03783188065707462,-0.04407243986631027,-0.02302037686237198
2020-02-25,-0.5124854331209089,-0.03445916738499469,-0.0326255080381465,-0.016639678743490545,-0.03276493671597946
2020-02-26,-1.044914102069952,0.01573962838444009,0.02116374533143182,0.012417385541597352,-0.013927781345014061
2020-02-27,-1.317605384591543,-0.06760328927097817,-0.02470193347163581,-0.07306449267872855,-0.048679072553381234
2020-02-28,-1.923876450474331,-0.0005850685409042127,-0.026338478942022406,0.02392454157513427,-0.0224883122019386
2020-03-02,-2.3165683591972805,0.08901869944675204,0.02869857927803125,0.06441913219158053,0.03138868203406978
2020-03-03,-3.3255631335633034,-0.03227475250592377,-0.04110850569955535,-0.049105769161517834,-0.04103929709174929
2020-03-04,-4.805005527015968,0.04534075724392315,0.03401101460002033,0.03605734426947847,0.040443427674125954
2020-03-05,-4.460435321880636,-0.032974506453407,-0.05156468796604187,-0.02541559619213469,-0.03541338068120925
2020-03-06,-4.894417484939408,-0.013369108296896528,-0.013211589524860033,-0.02867457265254144,-0.014148419473517589
2020-03-09,-7.554743014655802,-0.08239555975824162,-0.029130354073445636,-0.07017848578428344,-0.08084544051396127
2020-03-10,-14.70689766456481,0.0695466518568485,0.054353118756573525,0.06614735247474536,0.057398891929382356
2020-03-11,-10.736908187930187,-0.03534774282183874,-0.08279082153195766,-0.04636032348386575,-0.0560418455448294
2020-03-12,-11.371932935774684,-0.10397810151776068,-0.11655420874781097,-0.09964150318694963,-0.13754758288478225
2020-03-13,-12.109510693736182,0.11315780898545531,0.18587476234841177,0.13292900270950386,0.04878581296879187
2020-03-16,-10.663604521078247,-0.13770839330615384,-0.1150741790368359,-0.15945349900939657,-0.08574093493782523
2020-03-17,-12.626466609386139,0.043030895492993194,0.09249704258384994,0.07912221666930654,0.07362500711412792
2020-03-18,-13.655981117624952,-0.024784593514329243,0.008711367477289808,-0.04300770532528159,-0.02949769332296282
2020-03-19,-18.654154898833706,-0.007691441335896924,-0.047658917446293164,0.016318788608310448,-0.031490169034699554
2020-03-20,-12.334799362671376,-0.0655905073500769,0.012786678111871688,-0.038281569175665484,-0.050590666286620053
2020-03-23,-14.802527548479373,-0.02147303858825608,-0.032504900083095006,-0.010024782896943888,-0.006521073108571075
2020-03-24,-13.090340334150493,0.09560594442178827,0.07936336106094982,0.08699876870451234,0.10706856505599723
2020-03-25,-12.271044057619244,-0.005523903054454854,-0.0405255517641031,-0.009618681881253336,0.0035016496398010085
2020-03-26,-10.794845865649258,0.051285229794783685,0.09424083066564784,0.060672845040394344,0.0643910000962894
2020-03-27,-11.898246674361795,-0.04228377422504386,-0.012960130783572867,-0.041927613832027,-0.04400505449081679
2020-03-30,-11.972933214169863,0.028138349498173933,0.010580038857801592,0.0679767710240083,0.04435914180877866
2020-03-31,-14.57015456354385,-0.0020429523581986615,-0.04114459348597572,-0.015852310221659956,-0.01786873578209735
2020-04-01,-13.126011150714596,-0.05405176176907126,0.007831603307949919,-0.03615366860666506,-0.05360642813448219
2020-04-02,-16.60591827053697,0.016548868015518744,0.02213084903299039,0.020496936813506766,0.04518731808596305
2020-04-03,-10.00519216938357,-0.014475636353511194,-0.008064559156564378,-0.009252772974506633,-0.033838794902091913
2020-04-06,-6.624428747422003,0.08363987196652158,0.041437308292109024,0.07173228948804021,0.0767242373665039
2020-04-07,-8.681705819602017,-0.011649829843894897,-0.014279009496791683,-0.0108285752931716,0.0010444968749391483
2020-04-08,-10.95652100063188,0.025272775402557696,0.03137122724880144,0.009981078182301225,0.03714733976005094
2020-04-09,-8.613753029669198,0.007190093988991645,0.019941870505818984,6.073340906242018e-05,0.018356700423405672
2020-04-13,-10.844553188296748,0.019437469440309975,-0.003956906768116178,0.002237933050865976,-0.002884909982891387
2020-04-14,-10.634820886378323,0.04926905607962784,0.019258471105209146,0.04829769912924505,0.022526198453493157
2020-04-15,-12.718222102850799,-0.009169235562812067,-0.01567773875114489,-0.010532954444492242,-0.0430407048487055
2020-04-16,-11.941134690029463,0.007914625079900525,0.010106514948297599,0.02957944447873993,-0.02525499686033509
2020-04-17,-11.157388704040287,-0.01366162163763782,0.01698728552040616,0.008772707953706677,0.037231360359839004
2020-04-20,,-0.02097527170618212,-0.01308414134354729,-0.020019656407574398,0.0024115150126026606
2020-04-21,,-0.03139802399171455,-0.04943035119612602,-0.042237152035781655,-0.03078228472086566
2020-04-22,-12.685389317763937,0.028396516756912214,0.018536751668786423,0.033401020233184434,0.021604856560080394
2020-04-23,-4.087272113441707,-0.003883151280883611,-0.005755588921470644,-0.012176188451668476,0.01695348526178579
2020-04-24,0.9522666781634448,0.02846087992815315,0.01981378014757911,0.01809463941975805,0.027392489690860552
2020-04-27,1.5950701657947959,0.0007065113439528249,0.0067681504473561015,-0.0028685018702065573,0.009575401055593064
2020-04-28,-5.7993258450126834,-0.01634223298433963,-0.0031902721574161735,-0.0246624837393549,0.002775941779564898
2020-04-29,-6.255790598603344,0.032317562970035886,0.012700936079771425,0.043895881372471954,0.01898387158572746
2020-04-30,-24.617214437579072,0.020876360892772297,-0.017033797547700635,0.009982227838634913,-0.02462275272783693
2020-05-01,-17.250348475914006,-0.016230166942538326,-0.022528391929350536,-0.02623249179155367,-0.02982890369593768
2020-05-04,-14.808312129504898,0.014049588190359322,-0.0007726139435935274,0.02416563805011704,-0.00156007014956598
2020-05-05,-13.19513320328558,0.014897407914520055,0.0057799866177165185,0.010678847866360561,0.007369107237447505
2020-05-06,-7.762613468168195,0.010264533199555805,-0.0036569938965646904,0.009798964574598144,0.004801596565232398
2020-05-07,-7.6405484624801,0.01029145856044284,0.014168470954441143,0.005790181724087124,-0.0025539129008257566
2020-05-08,-7.74221568999124,0.023522529038613627,0.01827331875750821,0.005865378906434272,0.014413496684314622
2020-05-11,-5.947955683478083,0.015613303239625865,-0.0007471655872084149,0.011092399294211125,-0.0032574106321187615
2020-05-12,-6.117679564967048,-0.011494233099404269,-0.023819819021067917,-0.022912448325826812,-0.019189435317976948
2020-05-13,-3.8344463169210465,-0.012147588842941967,-0.011932149827146155,-0.015237956530242113,-0.038396237962930506
2020-05-14,-3.920664862460419,0.006124773506637785,0.024102167383486018,0.004330199343321351,0.010486637665792858
2020-05-15,-1.5579956208552312,-0.0059294187991845255,0.00018891494229780303,0.014462962886387256,0.0002563740061637656
2020-05-18,0.23867590803120198,0.02328766394095694,0.0043367109502355115,0.009509094342461484,0.03840504140681563
2020-05-19,2.010944811174741,-0.005795076080166724,-0.01535709976358749,-0.006946468666734357,-0.01050258156295669
2020-05-20,2.2361477233063654,0.019261489806653456,0.010642523233157434,0.013775585657665831,0.009020629313695327
2020-05-21,2.9150231170859855,-0.007483567328778773,-0.012938153800949065,-0.012083908181923113,-0.018794613758887677
2020-05-22,3.332356670473317,0.006417852499633228,0.0076310104687112084,0.0004358353304463846,-0.006147002691542807
2020-05-26,2.665572969891128,-0.006796729250028112,0.003035921023082235,-0.010627415018486972,0.028067694572499722
2020-05-27,3.319247397680317,0.00434725096371566,0.007926224906760584,0.0013206687610904835,0.03057237720932439
2020-05-28,2.108913231408677,0.00044002596486703705,0.007863738299228578,-0.002257689298279394,-0.008077902571095492
2020-05-29,13.7920779406161,-0.0009742212648976917,0.002793569725122868,0.010146859540949392,0.0029666892085890165
2020-06-01,14.085504158866982,0.012223192142861428,-0.013292277815080467,-0.0022945419340823815,-7.978649302369922e-05
2020-06-02,13.140274712802036,0.004618599714100683,0.004137533048282183,0.011312250516728874,0.008848569079033716
2020-06-03,13.344630415225101,0.0054898592556437776,0.003933695494342259,0.0024307299367877138,0.023917822099227406
2020-06-04,12.916306669080162,-0.008649377284359277,-0.012037023116631962,-0.013250949782135427,-0.0012406863943076793
2020-06-05,12.21539128660114,0.02808278791039639,0.021155835759175394,0.023128596393710822,0.024297225111517294
2020-06-08,13.047495352513941,0.005894947424185258,0.020536040622321373,0.006177445597463255,0.027558590661166196
2020-06-09,11.148266270259501,0.031089935067045393,-0.016837590616030594,0.00761587653487255,-0.028998429439818507
2020-06-10,10.87577283937848,0.02540201942843657,-0.0012929021452364729,0.036420131577352875,-0.015282702368173024
2020-06-11,10.48362771278401,-0.04920115070095743,-0.05313344044032776,-0.055193858622295026,-0.09576449355004786
2020-06-12,7.811723291897092,0.008596374374678282,0.010661946565113307,0.007861087471454446,0.032513861706128855
2020-06-15,7.379041638195122,0.012291452124214402,0.026449947995860947,0.0063713191758633615,-0.002135316800218854
2020-06-16,7.805988023958749,0.02615691036281725,0.024853012349979716,0.02420979595394046,0.028365047533072566
2020-06-17,8.106103689706101,-0.0013924139575570635,-0.05788065037022695,0.0034550278887879016,-0.008022662972785257
2020-06-18,7.3266666398112505,0.0003981328500535813,0.04125685732768115,0.010651932269345455,8.075597142722232e-05
2020-06-19,7.586807192281055,-0.005731176326653906,0.013137557477059898,-0.0059779706412255345,-0.013704968173818268
2020-06-22,7.554460154788681,0.025827192059151075,0.01314826967868205,0.02739497221562234,-0.011497267470208423
2020-06-23,7.239688513319953,0.02112034507575911,0.0012690757455430814,0.0066589264222227705,-0.013805981343615936
2020-06-24,6.616151824920324,-0.017809778561032334,-0.013682507129977433,-0.020363543032918496,-0.025358447076676956
2020-06-25,4.799890346160688,0.013188344877125675,0.0016518535103737472,0.012557391386132969,0.022171263467554853
2020-06-26,5.199634464415135,-0.03120769233857185,-0.0064390205645251265,-0.020219078804753477,-0.015579159733887111
2020-06-29,4.718231416168,0.022785195443069176,0.010648035052635995,0.010689695810925597,0.021609745349178314
2020-06-30,8.102018185306012,0.00831277391912498,0.009270289553384796,0.025228271318313584,0.008481677374286154
2020-07-01,7.06922766508872,-0.0018931039611719213,0.0039725702352541295,0.00583066898479105,-0.018637358263139118
2020-07-02,7.997841369260419,0.0,0.008076674035451367,0.007591952723489818,0.009738070388228487
2020-07-06,7.897594054478961,0.026398379997272903,0.011729334043942616,0.021297777006977308,0.004085286341615642
2020-07-07,7.262856730940432,-0.0031073184733874173,-0.005136636747841113,-0.011696172426002962,-0.021955174473729196
2020-07-08,6.723437764686915,0.023023019559122778,0.006196135866615489,0.021754728543919303,0.0011049673523931202
2020-07-09,6.490851661962035,0.004290974821942476,0.015238310789647725,0.006976319562293666,-0.017136545512131302
2020-07-10,5.460371746026929,0.0017478540251955534,-0.002436624226316175,-0.0030374188065730376,0.022559032880332903
2020-07-13,5.636031841865208,-0.004624090842688085,-0.006643560438934737,-0.0313758541362584,0.007156708353840859
2020-07-14,4.913622147121627,0.016413136354445693,0.007546212315483125,0.006162366887734982,0.011676499374868862
2020-07-15,4.819822091817645,0.006853598997079003,-0.010191719115580233,-0.0014888827168283605,0.01970511572633752
2020-07-16,5.171117695290732,-0.012380835185025557,-0.014230062883123345,-0.020002595849931956,0.008177642396150086
2020-07-17,4.720617113900155,-0.0020225446591633886,-0.016618881676123225,-0.005113072397322538,0.008831191614878815
2020-07-20,4.328286798978877,0.02085500682914807,0.009066205706854092,0.042083006926395966,0.010020656012022709
2020-07-21,4.29292629964208,-0.013897900019012043,0.009163695845638191,-0.013560189806383094,-0.002456098724854903
2020-07-22,4.5310596307351245,0.0028053954348315293,0.0017869093509369197,0.01426869205989243,0.0204930454930213
2020-07-23,4.240148371293473,-0.046584688289279766,-0.004473386167890603,-0.0444689310688734,-0.010468946190633757
2020-07-24,3.2487773811234657,-0.002480682266777842,-0.0019749035592360564,-0.006140945118561551,-0.012168100736615083
2020-07-27,3.263474596627316,0.023423849955652935,-0.0055859301579152644,0.01258814074865995,0.0033332470582131467
2020-07-28,3.215475357165177,-0.016563976449020173,0.00018068401082554483,-0.009017843494927725,-0.013882382375566443
2020-07-29,2.514353840952973,0.01898679892230199,0.006303460479762585,0.010047307433061736,0.0068055279832194065
2020-07-30,2.4176319979432765,0.012027818862337334,-0.008111771373353923,-0.0007844185468163671,-0.019499344917487386
2020-07-31,1.964497071850753,0.09956356943101878,0.003613357700490594,0.005429268483604357,0.00032543787853627637
2020-08-03,2.1530245678688815,0.024885253303415258,0.009512729233645118,0.05471634157876706,0.01108192889730404
2020-08-04,1.9488695304973167,0.006656066555448904,0.0003574272165153589,-0.015122509030886579,0.012232981771708045
2020-08-05,2.10036456560218,0.0036179955581650512,-0.008968703998499632,-0.0016422279063667245,-0.0031040828939421106
2020-08-06,2.1944003975262936,0.03429449847545754,-0.003972048451080633,0.01588709319068427,0.005326653256860073
2020-08-07,1.9022704579188816,-0.02299831214005978,-0.000904741543354294,-0.018049730075208475,0.00376810293408065
2020-08-10,1.6564792541494016,0.014430112905981174,-0.005264579867983202,-0.0201086464600754,0.017059405710339932
2020-08-11,1.9258765888503029,-0.030191152464608635,-0.012270114019483401,-0.023662990843311155,-0.0028362335464883516
2020-08-12,1.9012488268687615,0.0326941984293187,-0.001844483296605391,0.02816671320335842,-0.00039453840275537397
2020-08-13,2.4109012076546144,0.017542649522848983,-0.002772812656396284,-0.002345127047792594,-0.013268586563350258
2020-08-14,2.1452735566929233,-0.0008915915087483582,0.003326545552847983,0.0009579845354639561,0.001917715078322711
2020-08-17,1.719013259858115,-0.0026139411955651178,-0.003881816884864043,0.006584205565515747,-0.006647405398539469
2020-08-18,1.9775230350071566,0.00829810743457443,0.021801550061684247,0.005737833973472752,0.003849729084729352
2020-08-19,1.6356929106218046,0.0012540289426535294,0.01831596011353938,-0.006085487072329462,-0.008683273760914935
2020-08-20,1.603219694866242,0.021946986090478772,-0.01686751592770542,0.02300480082708054,-0.005587392357294859
2020-08-21,1.6237237462780751,0.050248485318913995,-0.0012673114476098861,-0.0072965927196095084,8.134250692340613e-05
2020-08-24,1.4717418920127723,0.01188929700808331,0.01474840498266706,0.00314021704055762,0.020254753220772772
2020-08-25,1.5597335354394353,-0.008237474934882803,0.001427439006119528,0.012925596728122657,-0.008309316922730771
2020-08-26,2.0068568063337633,0.013507274928014474,0.02465344023078735,0.021389299334519992,-0.0037779567830710215
2020-08-27,1.8042509907601045,-0.012026311923258672,-0.005406953904626807,0.02425689923417373,0.0038580031663101935
2020-08-28,1.3825616593727836,-0.001621239252146222,0.01216773476204307,0.010230819667946194,0.0033638381684422676
2020-08-31,1.516535464036329,0.033349836546881007,-0.011468292113191175,-0.014875699128854454,-0.014172103705763814
2020-09-01,1.1828867880930918,0.03905963025193591,0.00765988324957805,0.007685740877842623,0.0007295870428519977
2020-09-02,1.3146157335253799,-0.020936189459961077,0.023482282859437178,0.019088559256947506,0.03800420484492728
2020-09-03,0.7471717478185749,-0.0834475635426704,-0.033241600388500124,-0.0639486248128905,-0.02953123948200945
2020-09-04,0.7574833098763266,0.0006616002764917768,-0.024285482378892054,-0.014135145115191578,-0.01742698320404399
2020-09-08,-0.43485224337710804,-0.06966634232135825,-0.007383912366196824,-0.05561399208011679,-0.008952515727790265
2020-09-09,-2.175661720409262,0.03911156924357074,0.02903897945080763,0.041701858739885786,0.008625395003920585
2020-09-10,-1.2847576588901626,-0.03319042673703079,0.006650545025217621,-0.028418416713075007,-0.014002441888006268
2020-09-11,-1.5006833251817542,-0.01321591154960718,-0.005772825444571903,-0.006546075498751657,0.007437454766451032
2020-09-14,-1.253304106977881,0.02955899178975234,0.04225229343663343,0.0067406955948578285,0.005173301765575651
2020-09-15,-1.343742041395788,0.001559011172669772,0.02458598875686127,0.016273320916487016,0.002862845462891293
2020-09-16,-0.5557622220340567,-0.029957802463641024,-0.008403861190881722,-0.018027282184933484,0.014433066938382963
2020-09-17,0.8380160354803079,-0.016092679252830856,-0.0041457870369875595,-0.01049138874510366,0.005619430944175777
2020-09-18,1.6560556789677714,-0.03223402675341006,-0.007170779767647178,-0.012496972479745867,-0.01744252551896167
2020-09-21,1.5667039920842836,0.02987506841809476,0.017749481477796956,0.01067188553077323,-0.02065809379992439
2020-09-22,0.9361809243471737,0.015593421014904655,-0.0032940011768953096,0.023808283103572768,0.002159636009372885
2020-09-23,0.9173117993945198,-0.04285096953434015,-0.02776550436428075,-0.03348272629967858,-0.014038782632991334
2020-09-24,1.0253739816884333,0.010216342687237683,0.005750172954720704,0.012878753841258257,-0.006246948342574942
2020-09-25,1.1650841980518376,0.03682951016031394,0.008396178881073031,0.022530735635564736,0.0072562081785603385
2020-09-28,1.2153647157207974,0.023588662655639626,-0.0036856977993818692,0.007764809917112866,0.023102386628406236
2020-09-29,1.3899951543298488,-0.007596723276781025,-0.0018478858721031276,-0.010463118144659672,-0.006510996076976815
2020-09-30,0.7323497766588806,0.014963267214809185,0.0038600892052835767,0.0147036572855717,0.006018017938203369
2020-10-01,1.362763620983448,0.008426691295898379,-0.00033513248274228265,0.010075954836995462,-0.0047783044882403645
2020-10-02,0.4243988253936334,-0.032812779760659626,-0.014344893311997125,-0.02995557627966468,-0.004303775206206707
2020-10-05,-0.8034162280823527,0.03032657247285826,0.012332014831839731,0.020117230658091283,0.011872442125530519
2020-10-06,0.5395336536530696,-0.02908862674799099,-0.0008396992562417895,-0.021476140257704744,-0.00032781571162629133
2020-10-07,1.6556218709105117,0.01682493894963215,0.02202640829112374,0.018858488964638168,0.017070825179338247
2020-10-08,0.9818164086227833,-0.0009565188805790063,0.004939141402583163,0.0035678281797684513,0.058084993085469334
2020-10-09,1.6878659032523013,0.017246418236183298,0.004261160731213633,0.024532890758935902,-0.02854262464501065
2020-10-12,,0.06158459967886977,0.005056485586577007,0.02557259468405733,-0.004549104088700261
2020-10-13,0.9811447259696715,-0.026885395771500443,-0.008004407822184006,0.006572859180550697,-0.016725682393105283
2020-10-14,1.612649587748356,0.0007429584128912063,-0.0001641790674429048,-0.00901488122919523,0.0066919987926090255
2020-10-15,2.1808734865685624,-0.0039688169783784095,-0.007244076674057779,-0.005448007540567214,-0.008371898132236658
2020-10-16,1.9291032399827857,-0.014099595285632587,-0.003807439371665055,0.0,0.008292511465093513
2020-10-19,1.8256483415720175,-0.025873680690469875,-0.01117522598563314,-0.02507750805709438,-0.003260854138670269
2020-10-20,1.6732792765397395,0.013105697756033027,0.0021781641583880074,0.0020053366087299522,-0.06713374264083924
2020-10-21,1.737661742827738,-0.005461077108769305,-0.0013400015220464813,0.000698469649013934,-0.01987787546623492
2020-10-22,0.5491615238696494,-0.009629529439333135,0.00033515146163752666,0.00041892226228074965,0.0060654440357392776
2020-10-23,1.1018341626415022,-0.006152810204919659,0.0035119805823410344,0.006216502248753457,0.0020711255517822727
2020-10-26,0.6636751461117356,8.689763187536047e-05,-0.04106546191237272,-0.02885439197962936,-0.03312900847598082
2020-10-27,-0.16595729176259233,0.013382295841393653,-0.007157163984964149,0.01497681248018726,-0.01490303808165479
2020-10-28,0.5049311223286221,-0.0474187249115438,-0.026450400633197722,-0.050836947680474955,-0.03600586480234998
2020-10-29,-0.7866027071151371,0.03638056558826721,0.007705408486973828,0.010014896836075851,0.020969533118950653
2020-10-30,-1.2464648857019034,-0.0576484287443355,0.0016051328800113305,-0.011051246029614771,0.02493663852172758
2020-11-02,-1.494776641766914,-0.0008269998374023981,0.00604120970158582,-0.0006917076933415084,0.011132658842593785
2020-11-03,-0.6902913146886737,0.015236985931747311,0.00618116597344868,0.02006128748138233,0.011009820947797984
2020-11-04,-0.07957471436940833,0.0400247845440852,-0.005472686977373003,0.04712084699041313,-0.019995206507675403
2020-11-05,1.1272186547581868,0.03487827990497507,0.003004774359095808,0.03138885216362743,0.025324380267648317
2020-11-06,0.7585394845927559,-0.0011367027643679043,0.0024679126182772055,0.0019241020875479659,-0.006380714512467626
2020-11-09,-0.4259447222817201,-0.020169964824883896,0.00070382422895755,-0.024112778191317595,0.02737732914051515
2020-11-10,2.0445898099261495,-0.0030135099950615225,-0.002995244838942574,-0.034377092009480435,0.020391257555427065
2020-11-11,,0.029901070056962676,0.00930884177384402,0.025916067732845976,-0.006039770041762441
2020-11-12,2.5331292338809237,-0.002346068216221781,-0.013198587137307788,-0.005138814529698282,-0.023306865705063823
2020-11-13,2.0981695458888687,0.0004193540376208771,0.008115872801932565,0.00495391136924298,0.020316180648983596
2020-11-16,1.2698918231463923,0.008682642153496511,0.0042081256648787944,0.003320235733784701,0.012839686571766137
2020-11-17,2.1070898859849057,-0.007593262339750698,-0.000524903722791681,-0.012833557203952779,-0.005591676170177186
2020-11-18,2.1664072332426962,-0.011456497865191755,-0.015348377805666311,-0.013271424128859507,-0.007932974879770247
2020-11-19,2.37339510680114,0.005154934819017337,0.0035492830616467453,0.006328276153136036,0.003505090963865441
2020-11-20,2.3289196021043437,-0.01101803032852796,-0.013374974187818573,-0.009602771821961197,-0.0020503356943896225
2020-11-23,2.286253613262657,-0.030194082250413812,0.006798981870712521,-0.0013315533143865687,0.026580490120219673
2020-11-24,2.8460223574145633,0.011527672749807092,0.026222512674000973,0.017690543759955844,0.035421518011927174
2020-11-25,3.773690928327986,0.00743934992887387,-0.0027833503738091615,4.653022854323916e-05,-0.001769886410563121
2020-11-27,3.881717891866262,0.004814782310358203,0.0060780478476867295,0.006339048164875779,0.0012070622721685835
2020-11-30,2.309982585740379,0.020880126405076287,-0.0006926098239504763,-0.005404047927488622,-0.006696916395199818
2020-12-01,2.0039604564451636,0.030361602188544824,0.017517099792862152,0.009946871923301173,-0.0029188308884731235
2020-12-02,1.1693864546131234,0.00292927303361869,0.005771641691841634,-0.003892700812671635,0.011784794516945201
2020-12-03,1.594383139827658,-0.001138131698909093,0.003210694532002288,-0.005260424556327425,-0.008137806381297534
2020-12-04,1.9546930269458045,-0.005628210275196796,0.011574422706003529,0.0005599871139858761,0.028629286673322044
2020-12-07,2.0460670600339514,0.012195298785505723,-0.0026721892101892186,-0.000326726636530333,-0.019849728694228137
2020-12-08,1.753078562715082,0.005077797768555015,-0.012959744178191084,0.007994566839329116,0.00806664248302373
2020-12-09,1.5774572352001932,-0.021125009799121755,0.011788796801417157,-0.019682301212080887,0.008554706705036308
2020-12-10,1.6089137100215551,0.011917320184869786,-0.0041943933351689154,-0.006061759971565076,-0.01453859571877798
2020-12-11,2.0561826825627905,-0.006757528016380411,0.018819580435060004,0.012931317354085738,-0.005537030831060272
2020-12-14,1.880801794237879,-0.005159792168489413,0.002471941195401113,0.004398209290928989,-0.0059725321487071915
2020-12-15,1.9965552317989448,0.04887618520449257,0.017942055802446098,-0.00032689613753767544,0.019242097496031205
2020-12-16,2.130505653490552,-0.0005476055171072999,0.014762750877220588,0.023766156655531747,-0.0030220806014753174
2020-12-17,2.054245817298232,0.006939291807423131,0.013134366208115342,0.0006381195243309208,0.0
2020-12-18,2.1760635985117722,-0.01597767923854467,0.022538864296085818,-0.003789825480445167,0.002386599160258863
2020-12-21,2.3500023773490972,0.012319041597004811,-0.008954627168323143,0.018133586146592762,-0.01974077867559402
2020-12-22,1.7730230201535515,0.02806698826364501,0.010337200379153616,0.006046891078318526,0.0017814141521705692
2020-12-23,1.0265941926047792,-0.007000708548844796,0.0023000071958529877,-0.013125154159113557,0.002343433299092816
2020-12-24,1.5805051849154963,0.007683151420742657,-0.0052206296362267346,0.007796822815921813,0.006355738840689129
2020-12-28,1.6229516093223375,0.03514066543743799,-0.0013863016253431524,0.009872730276037077,0.00104212218456785
2020-12-29,1.4446908699852938,-0.01340438690938336,-0.006340398540073738,-0.003607099767819887,-0.00820535728688132
2020-12-30,1.4718314381040944,-0.008562875337127072,-0.0009311365065142969,-0.011080581548421311,0.004352289971411896
2020-12-31,1.4323924733416962,-0.0077326921986026744,0.004493025282779818,0.0033325753527465984,0.01230950025675467
2021-01-04,1.3732121590603663,-0.025029933910234923,-0.014637567841087535,-0.021495564221852073,-0.015531381667165505
2021-01-05,0.0015422123511874553,0.012287807473710588,-0.012469683033327376,0.0009643433200567327,0.017594631621655987
2021-01-06,1.0355655559977646,-0.0342409193292027,-0.0023944023228708923,-0.02627144236814136,0.02466555282959188
2021-01-07,1.4871032019869685,0.03355407346126023,0.007959080556576317,0.028059567667050686,-0.002323025584430641
2021-01-08,1.4721523912539238,0.008593891838585544,0.004903369731216774,0.006074366518268406,-0.003572595099379261
2021-01-11,2.5014358285026264,-0.02352322177512304,-0.005537644892842805,-0.009745986348500586,0.0003890873051146891
2021-01-12,2.433864781210569,-0.001396599050443575,-0.00972502054319393,-0.011840603230823948,0.004887571959236688
2021-01-13,2.8154946744356857,0.016096315587634698,-0.005783971932673232,0.00653885942480544,-0.01788202619151986
2021-01-14,2.4829289848597087,-0.01524246790161568,-0.007439851706858683,-0.015464919727315537,0.016022917032927988
2021-01-15,2.6468708921427613,-0.013825604574249346,0.002917697059469307,-0.001738656107500543,-0.004507335922636776
2021-01-19,2.0480149024199856,0.005412202030429409,-0.007963046015847313,0.017665663165288892,0.004894864805692261
2021-01-20,2.309342808104243,0.03232797269894095,0.004395932916999339,0.035849518717260075,0.008182349753627256
2021-01-21,2.2189577949561747,0.03600241820809225,-0.005701830260817123,0.002804477537891649,0.01199726730120621
2021-01-22,2.0668384948110092,0.01594591266824002,-0.013984023351944966,0.004346570325488044,-0.1043060267647851
2021-01-25,1.5918371071123745,0.027307652854282806,0.008906716592956993,0.01572007065717288,-0.00025305846187961384
2021-01-26,1.6600024310286305,0.0016776675216519836,0.014670120891787406,0.012124987594327176,0.032441257474947145
2021-01-27,1.5444101187586319,-0.007713200742532884,0.012062717938801489,0.0024504575263466187,-0.00016311085976549074
2021-01-28,1.6282781361278802,-0.03561185837999534,-0.02149224360549862,0.025561258749603428,-0.01970807334178759
2021-01-29,2.0185209283691368,-0.038138861674824415,-0.012988092291048246,-0.0296056808243079,-0.00811052769672441
2021-02-01,1.9424309629262027,0.016385331281153416,0.01771383582824923,0.032614516046541586,0.011934211019282229
2021-02-02,2.064027701770101,0.006316532186822269,0.013884706265630835,-0.0005841704252945732,-0.009167602821227123
2021-02-03,2.6703671167771175,-0.007808556986236816,-0.0032117634861684656,0.014466435392150673,-0.0026826236154380823
2021-02-04,2.9854346403457273,0.025431352164794852,0.01880232176456751,-0.004082623233006794,0.015824272783699064
2021-02-05,3.1067512015720906,-0.003102639535801702,0.003938491602136467,0.0007848452959322397,0.0063426426509248
2021-02-08,3.116170279481963,0.0010958725621746123,-0.007734027959755031,0.0011140606840783177,0.01483303422319785
2021-02-09,3.3888837777160075,-0.006595166775740336,0.008834096196312159,0.005347345280947891,0.0009832328565964074
2021-02-10,3.3261795828934426,-0.004568762808383465,-0.006302355337421938,-0.0039048399630721123,0.0011460450255287185
2021-02-11,3.0767680457491444,-0.001922458073095436,-0.00904960501446651,0.0068539575261872656,-0.010939850610046894
2021-02-12,2.8483834044213636,0.0017743157674881302,0.006042269006444326,0.002043128691700619,-0.0009098903164990922
2021-02-16,3.1772528365992763,-0.016234955790167385,-0.015013978119193104,-0.005279614339033458,-0.006061713242089912
2021-02-17,3.2647318427394794,-0.017801409238161595,-0.0008048776787406883,0.0043503631210056355,-0.0008327419384860135
2021-02-18,3.629385279857283,-0.008673891882692365,-0.00032222533079215196,-0.0016805314982033218,0.006314522421731514
2021-02-19,3.131677337088427,0.0012325575271352242,-0.015260025305383562,-0.011634926229485292,-0.01451708568967892
2021-02-22,2.1311304662081456,-0.0302519760299814,0.052886875685837005,-0.027174107111950903,0.015593395362115835
2021-02-23,2.9285633643435,-0.0011115766480003337,0.0007756716890048365,-0.005301463231202826,-0.0012420549251274352
2021-02-24,2.787709697679269,-0.004060260796645198,0.0030959847035713895,0.005472153578942159,0.020499375962394605
2021-02-25,3.258143663107199,-0.0354021344149896,0.009230855513642907,-0.023990599901365976,-0.006024278705245127
2021-02-26,-1.2395002225745837,0.0022290107780293562,-0.012171816312071027,0.01469564424167766,-0.029330947482768075
2021-03-01,-1.4654476288517766,0.05245156768809426,0.025406664873088885,0.01943311502184498,0.015104335892903713
2021-03-02,-1.9200093737294965,-0.021115080045546207,0.007378184294018157,-0.013041616435770339,-0.0034013268555630736
2021-03-03,-2.44706020218899,-0.02476062072119107,0.0037431070052719845,-0.027351454024871106,0.01672956305594603
2021-03-04,-1.3889543503473503,-0.01593837789624474,-0.019620264789218748,-0.0036541050932804315,-0.018559609293347292
2021-03-05,0.10151200467026067,0.010681161185729988,0.06433861971601233,0.021251900737606366,0.022393494432021682
2021-03-08,0.9662066166518709,-0.04256678472111525,0.030819255153474917,-0.018344957855206134,0.015991090418694034
2021-03-09,0.7496046289912106,0.039845322659075824,0.006629738000109117,0.027713745776848518,-0.005060505429814467
2021-03-10,0.2950871021344214,-0.009208871614766674,-0.007184319374675878,-0.005834304796473704,0.029282175597208752
2021-03-11,0.3015196645059774,0.016368048471745604,-0.06753779354771003,0.020062397365681803,-0.0057253658374930815
2021-03-12,0.8792270656154715,-0.007654684736291882,-0.0037155967812258343,-0.00583674672077441,0.003689933912726417
2021-03-15,0.7100284683902109,0.02416232316591344,0.008451287629806003,-0.003995190825670946,0.007572450600753949
2021-03-16,0.6590414697698559,0.01266253447401339,-0.013077854433013581,0.012274606694575214,-0.0026475550851537953
2021-03-17,0.3985341998589263,-0.006471524827479824,-0.009468783917510395,-0.0028224491545418397,0.00614125740286995
2021-03-18,0.06448911306722566,-0.03449322554962403,0.007821737277398835,-0.027023866802606843,0.007950833799304158
2021-03-19,-1.7726071491060011,-0.004490222677505203,-0.007217821469061893,-0.0016049333376665276,-0.008958958728723272
2021-03-22,-1.07683123599225,0.027941631487686112,0.0009050353623406354,0.02418934663056532,0.012719551016022878
2021-03-23,-0.8792662833958953,-0.006912555425320442,0.014222725986752649,0.00671489982141191,-0.0006895925823443448
2021-03-24,-2.8959600173730458,-0.02019592920705645,-0.006562109795732698,-0.00896325725322438,0.0012255386681169057
2021-03-25,-1.2479096899766986,0.00415463879171788,0.026577615496698834,-0.01333920841769753,0.018583250640365756
2021-03-26,-2.2122980289784504,0.0051282467965119705,0.023330423886134793,0.01766174573423359,0.024569602935937074
2021-03-29,-1.1594757562413394,0.0014840998815260015,0.012448888006270937,-0.005257183049894669,-0.003820179249594908
2021-03-30,-0.6851796657760418,-0.012350532284871643,-0.008187128415164642,-0.014515671932177735,-0.008426386578094419
2021-03-31,4.4564755054037395,0.018591827612954,-0.005400943427421094,0.016766061807507487,-0.010896531515587695
2021-04-01,3.426369026233217,0.006934549032274369,0.023102912074964798,0.02752616807248841,-0.0002252110276607919
2021-04-05,5.054289620866773,0.023303677975147607,0.032201206602558735,0.02735091858265641,0.02006313350939637
2021-04-06,3.519378384888787,0.0024592280592191785,0.0016166747215873958,-0.004869831397691328,-0.01265972069536748
2021-04-07,3.5217818400731566,0.01330141044768034,0.0014860091079401147,0.008196795021869584,0.005275823054579264
2021-04-08,3.5327844195666103,0.019051310870865677,0.016204064349290958,0.013316318533063217,0.0014070734257923747
2021-04-09,3.1960323118564977,0.020049062583469546,0.0039773716663899375,0.010214288622125709,0.0045045445981511745
2021-04-12,3.1071203861625047,-0.013321299875835668,0.007118892100598454,0.00023423659017762481,-0.00843478258347358
2021-04-13,3.230287835941169,0.02401585776549928,0.0071997804511547,0.010031531689033337,-0.02566253424140989
2021-04-14,3.047942244580826,-0.018014418687860214,0.001954341831872721,-0.011282508749481257,0.010992816077479534
2021-04-15,4.146476631390849,0.018534987280853343,0.018955084736513125,0.015181938880223705,-0.0003769659495796214
2021-04-16,3.6297902517073775,-0.002530984946748551,0.008394592515032946,0.004766994864216618,0.007588995365369087
2021-04-19,3.3687476151622877,0.00505569646808524,-0.002536190201997767,-0.007699949489981876,-0.003524246532059144
2021-04-20,3.1274406293797554,-0.01291311589573715,0.006203120735884556,-0.00185668824799276,0.03716146252789514
2021-04-21,2.6156222993700435,0.0029254504404690697,-0.033101410594032446,0.008942747981937196,0.038270986988386387
2021-04-22,1.9994636355585231,-0.011753979919670966,-0.02362679840999629,-0.013172277170568174,-0.015939799680898665
2021-04-23,2.0078236786674197,0.017877530833826094,0.0013347776452453997,0.015357537602757832,0.008106905181218711
2021-04-26,2.203209244406763,0.002973747012292373,-0.00628893838587793,0.0015304590903271686,-0.006056316137134981
2021-04-27,1.8838543490752238,-0.002452402056575847,0.009617999708053984,0.00160458982574334,0.003103435707961037
2021-04-28,1.8087429022321977,-0.006045805665865594,-0.006000400625554735,-0.028693431401162664,0.006946925792363397
2021-04-29,2.255310635447567,-0.000748977589054866,0.01460462014300529,-0.008085771190646743,0.008634178842378036
2021-04-30,1.583800761010435,-0.015248737689909588,-0.0010551805933978016,-0.0013077064678357739,-0.016497111696392973
2021-05-03,0.9576058841545766,0.00818176209334838,0.020116119692477695,-0.001269744922812736,0.020026531758903707
2021-05-04,1.0541460700516638,-0.03602679401001774,0.015398446095891942,-0.016291787247841655,0.0068843487655360055
2021-05-05,1.5391839242996332,0.0019536598298677595,0.008369251916576516,-0.005341219800075063,-0.003642801089684181
2021-05-06,1.4285057580346692,0.012721208114821149,0.0069214194677536195,0.013139967016183161,0.021796519386746406
2021-05-07,0.7937644277001515,0.0053133273932208375,0.008242572047084269,0.01087261699701227,-0.009033930394917374
2021-05-10,0.44384797865718245,-0.026143327902676212,-0.0031142432318769096,-0.021136266348500153,0.004869047125814262
2021-05-11,0.3838911097952057,-0.0074378624109582596,-0.031173101773669103,-0.0038506740323462807,-0.013430035537082437
2021-05-12,0.5353253024231457,-0.025254624730915765,-0.012173327362900992,-0.029802509318478672,-0.02045466402000627
2021-05-13,1.0512097040055903,0.01776083780918206,0.017948850755858108,0.016721429756107634,0.020107655454444602
2021-05-14,0.08349827237278673,0.019650456468100798,0.009552428354629853,0.020848577847189024,0.003531153682370831
2021-05-17,0.7566811169291924,-0.009301785425778218,0.0024053297824122447,-0.012040969148464182,0.002967809496110958
2021-05-18,0.7418483164441113,-0.011309267430317934,-0.004943762925692127,-0.008601926040899868,-0.008303989180020222
2021-05-19,0.4640557608153228,-0.0012824205684420684,0.0006351086009283028,0.0024709797662582442,-0.005015776684435272
2021-05-20,-0.18585344215801203,0.02079438588458627,-0.00025387016883038485,0.013725825396024589,0.004807245351239905
2021-05-21,-0.7059033885209087,-0.014877232928266766,0.003930043682663033,-0.005329133391250218,0.005959558929926486
2021-05-24,0.14962538961887706,0.013226364096843574,0.0044189879585395265,0.02262420158162117,-0.0001383976319048096
2021-05-25,1.050950556145314,-0.0015747087006700066,-0.00695291912857461,0.0037412976746959608,-0.0064468138621250485
2021-05-26,0.9161617698349329,-0.0003941420633635377,0.005440098360330331,-0.000914208632329229,-0.0028553168362770993
2021-05-27,0.8746128218897068,-0.0124541524840809,-0.0035387371389562026,-0.008706227204815627,0.0030640461422211996
2021-05-28,1.7925998992942884,-0.005362498373128203,-0.003043603565171812,0.0014831214284201208,-0.000556370754623718
2021-06-01,1.4547027489012503,-0.0026517957321599314,0.010485867484527072,-0.009173581891702122,0.0031257096064056626
2021-06-02,1.9900881789589304,0.006256795945452996,0.008758846111320148,-0.0004043196044023351,0.010554814614710294
2021-06-03,2.3579645616484943,-0.012228613582939056,0.010163588547129683,-0.006450160502765779,-0.0011670707492360028
2021-06-04,2.631720343925162,0.018843499193588513,0.02195491487196127,0.020464020293962593,0.012766170715473417
2021-06-07,2.556291176283291,7.933013045201585e-05,0.012587923333076016,0.01196989726224482,0.004061784541259715
2021-06-08,2.233407741073403,0.006649886311919478,0.007950073246066558,-0.004897429173658339,0.007068322880895218
2021-06-09,2.42183100505274,0.0030723519125651277,-0.0010645578257196789,0.004030189808131689,0.010676000352893166
2021-06-10,2.2680280218676394,-0.00805558530356899,-0.026616947543092455,0.014290676486950392,-0.0008632681939939293
2021-06-11,2.348683172100018,0.009784676213027655,0.007264066116454787,0.0025239112284534512,0.00490369019737694
2021-06-14,2.453882961216116,0.024280564591993185,-0.003383193273029443,0.007725364896127333,-0.008297025329366924
2021-06-15,2.428885153163901,-0.006458541689637189,-0.011932285689086108,-0.005904695308698883,-0.004476135358760386
2021-06-16,3.08081574352238,0.003926436013179707,-0.05747545076185061,-0.0038001968581430705,-0.010295996099398231
2021-06-17,3.107785760439616,0.012522185871780705,0.006207826350989595,0.013583519743901956,-0.015200024648609563
2021-06-18,3.2683760794296726,-0.010143416943639096,-0.017296536539347544,-0.0056503863237257505,-0.01717956020217717
2021-06-21,3.5429807463208953,0.014006038628146405,0.02282504613330981,0.012259403245920099,0.0243650773317933
2021-06-22,3.93826836747024,0.012618031842280147,0.008808599053766759,0.010906325038382535,-0.001979273394575429
2021-06-23,2.8749438604730004,-0.0020921943593886485,-0.007398903029015352,-0.000904465868319094,-0.012028948319112994
2021-06-24,2.6399858429427963,-0.002171204809215005,-0.004620539032734892,0.00533909102300411,0.005723067998852353
2021-06-25,2.5383878661834705,-0.0022514269461736793,0.009219304823114092,-0.006281931194321494,0.009580158222527871
2021-06-28,2.560748714871469,0.012468218288956768,0.0005097752965827289,0.013864690189645805,-0.010612004067559085
2021-06-29,2.118969391220105,0.011434817173783142,-0.0051085410869618824,0.009923699091409121,0.001787963372481375
2021-06-30,1.6325162318015194,0.004610465743121157,-0.003335006517576475,-0.0018438022957163393,0.007120122011633456
2021-07-01,1.807123610793919,0.0022605095016525714,0.021605141200287312,0.0025806299540800147,0.0017039186834440316
2021-07-02,3.0846173793921707,0.01940678943179935,0.028261451545606355,0.022030652615373302,-0.04755829950136567
2021-07-06,2.758119701978777,0.014611716789537625,0.015282242136606393,3.630528345914339e-05,-0.008895567651744752
2021-07-07,1.9186670473700582,0.017795875399940604,0.03558924550200376,0.008141947191171523,0.007466095413393206
2021-07-08,1.3081234918468603,-0.00924247015823567,-0.005824896379121526,-0.009006645858283764,0.00655851197737098
2021-07-09,1.421459168812144,0.012970301996578787,0.025037500866772602,0.0018725887396102954,0.005526538426304066
2021-07-12,1.8121158438616751,-0.004212284969505382,-0.007778567295419787,-0.0022332630876053935,-0.004248739998821089
2021-07-13,1.6270857967416228,0.007858343871759637,-0.00011495817538856517,0.013111387423906058,-0.0045517814361585255
2021-07-14,2.0426454136185592,0.023814525709943475,0.017483207842776256,0.005430519653656967,-0.0032845289686954412
2021-07-15,1.3108654390661973,-0.004502294803229801,-0.023379471869463715,-0.005252741563585653,0.004495624609881459
2021-07-16,0.6457086326126931,-0.014175762469722368,0.014390435482904978,-0.000996462990077086,-0.011097574529691316
2021-07-19,0.7314941171140036,-0.027283504366690508,-0.00584615236117162,-0.013411207155571854,-0.0070800174798340216
2021-07-20,-1.2833964428570481,0.025642330459176563,0.019130454298286317,0.008304430569523473,0.014754020433736295
2021-07-21,-0.9897332874752098,-0.005144819274859808,0.011550787575682024,0.0074191269181355995,0.009457420431739576
2021-07-22,0.21904002515589727,0.009582778432171767,0.011087593518656406,0.016704012357875834,-0.00418446605289762
2021-07-23,0.6180988602708755,0.01191767717429149,-0.033639194416494066,0.012261020418669409,0.004467253559475076
2021-07-26,0.5442727776154156,0.002890380083598455,0.0019367857243736415,-0.002142512107430794,0.010066892032847084
2021-07-27,0.24728711585986857,-0.015012390836793343,-0.0006831650543191315,-0.008721449325806475,-0.00014017145262056242
2021-07-28,0.3336256725872246,-0.01227119076258063,-0.007086586905335738,-0.001117602103337777,-0.006888748558753104
2021-07-29,0.7633157235992138,0.004542270654694651,0.005148476301104794,0.0009777620180161748,0.0011278130713048594
2021-07-30,1.2532843913857705,0.0015090159838742963,-0.0056072958077839795,-0.005564942370747697,-0.006857841410170342
2021-08-02,1.5118187129746636,-0.0023334382401184657,0.005264781896736016,-0.00031613328183358806,0.0032580091401342784
2021-08-03,0.48342375894165746,0.01256486081918523,0.024135522790165845,0.008042969207887803,0.018564873341701538
2021-08-04,0.25952307134217867,-0.002786036269781581,0.003448669041520641,-0.0021267097245041425,-0.009134153358703446
2021-08-05,-0.5262742746106971,0.0007482794953038653,-0.00690899879152379,0.010450773804135137,7.021922710693245e-05
2021-08-06,0.003009894950056824,-0.004778499228943565,0.0010059989080906274,-0.00020705886252133705,0.009202821439722364
2021-08-09,-0.033437563449699344,-0.0003421050103182907,0.004235803403617295,-0.003911846506615106,-0.008459466263224448
2021-08-10,-0.38683628693431216,-0.003359867814431494,-0.002896256308716173,-0.006576405005839927,0.0009200028959825031
2021-08-11,0.3088300892753467,0.001784225510714689,-0.00011153765042340627,0.0017789893559613018,0.005290715215749296
2021-08-12,0.5920738719168128,0.020560261238834244,0.002006231130533457,0.00991750737664515,0.006591791415340962
2021-08-13,0.6814581146319456,0.0014095297058675832,0.006326656231238375,0.010435005620609717,0.0007686709500689134
2021-08-16,0.3305305458735014,0.013457247036531516,0.004856384973006206,0.005958203793639487,0.002859475532927173
2021-08-17,-0.15252279141256547,-0.006173098953444182,0.0014304064558183878,-0.0051730064483241234,-0.00818168362519669
2021-08-18,-0.16476172506255682,-0.02583180588324633,-0.02234799578377503,-0.006138092340651867,-0.020930893863227763
2021-08-19,-0.4015187953553805,0.00232021722175957,-0.0025890368655951345,0.02056236446856552,-0.010450929544588768
2021-08-20,-0.9017438100419128,0.010105464448827057,0.0025890368655950785,0.025253651561845995,0.007866592102879056
2021-08-23,-1.5180693301728803,0.010205157479420303,0.002022054996404929,0.0009523459337271329,0.0036592911704430267
2021-08-24,-0.383382376915145,-0.0006014542130182853,-0.006416298923793284,-0.006685336963344279,0.001574420048904493
2021-08-25,0.4203692031908158,-0.008457089743090913,0.0007901100309371636,-0.0020176999352115262,0.00014317463326707323
2021-08-26,0.8146123654419528,-0.0055424080706327,0.0011276993562681827,-0.009715910589323234,-0.00775213508727135
2021-08-27,0.3943440760945414,0.0071588411907524225,0.007075996298387517,0.0021043062070429754,0.004529350248521043
2021-08-30,0.5521551516806553,0.02996386919939803,0.0011184910484934821,0.012829275215937137,-0.0031612651015412874
2021-08-31,0.35121356420052685,-0.008460412240027049,-0.003583821913241012,-0.005648319870025042,0.009810072347859031
2021-09-01,-0.021328985267237144,0.00446855021643514,0.00915786062602512,-0.00016591821258558234,-0.00743827320815238
2021-09-02,0.006259756042606045,0.007447035682066327,-0.0016688699048578576,-0.002255346637941625,0.00508393436388219
2021-09-03,0.5250337018274974,0.004221766649539139,0.0022245415293888314,-3.31986434537549e-05,-0.0030756592238121547
2021-09-07,0.05730342918308062,0.015370553457718532,-0.014324197684196035,-0.003192846755694653,-0.010949606878748517
2021-09-08,-0.04166414135731852,-0.01013491348365016,0.008417999024608878,9.969965882528176e-05,0.004408534564365549
2021-09-09,0.3239053010376438,-0.006727585575886901,0.0007821711345609962,-0.009908552990783972,-0.006729288218040827
2021-09-10,-0.25781965071789975,-0.03366200132401762,0.0015622362669081413,-0.0051942246179110954,-0.005240894426581347
2021-09-13,0.2781494237607202,0.0038855602860822574,-0.008848084364126346,0.004319046312446239,0.008213136892037705
2021-09-14,0.5531547815921021,-0.009608117248150552,-0.028527990619397387,0.00938396052596146,-0.014068655822861369
2021-09-15,0.6027731151942255,0.006125071270948549,0.015392164974417748,0.01663910796502379,0.007168372260932348
2021-09-16,1.314380087389575,-0.001611555513161595,-0.005486200113725916,0.00131138771512552,-0.005627960759159441
2021-09-17,1.6798618746804816,-0.018518488147570684,-0.00990596486069176,-0.01768374173113823,-0.008834677260868954
2021-09-20,1.5788738332842809,-0.0215924909173501,-0.002549341459564508,-0.018749496281800525,-0.006826410674981728
2021-09-21,1.0434109029791288,0.0034219581370178217,0.00866556214051444,0.0016975296588734596,-0.010027124788411801
2021-09-22,1.20178553847964,0.016731537919870962,0.01733645795283712,0.012740582089345873,0.012406860962789524
2021-09-23,1.3265525983369868,0.0066969186300719205,0.01101984224556269,0.0032768925720498953,0.015478001966037273
2021-09-24,1.7797916141204366,0.0006127729614709055,0.005798520499206093,-0.0007010000825475486,0.005542867709462001
2021-09-27,1.7167492569055758,-0.01060595875818172,0.012156162362940258,-0.017455830046888793,0.007752160820446436
2021-09-28,1.9334593196473124,-0.024089096642993784,-0.006059654855202278,-0.0368751265245955,-0.00789766405375355
2021-09-29,1.845588968214071,0.006461741606530561,0.008363947557623968,0.0016915013075266526,0.012362363688706074
2021-09-30,0.8032327846149083,-0.00935512333821395,-0.046201984757565116,-0.007350592812237688,-0.0017978799965514046
2021-10-01,0.5615042053503796,0.008094184058952429,0.029515229801889233,0.02514906235342594,0.03110968970855311
2021-10-04,1.3332792721495421,-0.02491341038635239,-0.0053628990383087,-0.02093722521978054,0.0054969433522513555
2021-10-05,1.6871063399771495,0.014058799850759085,0.024676174466828463,0.019760531568620544,-0.006683928453693985
2021-10-06,1.9275629271476318,0.006287598965404528,-0.0016410235735995968,0.014952090822987988,-0.005533707598972266
2021-10-07,1.6351557292334764,0.009043558267512925,0.01056352967936822,0.0059186655000965155,-0.003871085537082923
2021-10-08,1.7511484827720896,-0.002725349144106156,0.025755416712549162,0.0,0.009893663243438381
2021-10-11,,-0.0006299071513778527,0.009489976180804865,-0.002105012920575027,-0.00553119758369885
2021-10-12,2.0384331580974666,-0.00914500114518593,0.00293397776614392,-0.004598785955490548,-0.01385654935334196
2021-10-13,1.969404274206774,-0.004248528672477351,0.008647205004347727,0.011643355789453334,0.002062452603459859
2021-10-14,1.4310808957541197,0.020023456823060646,-0.011686340465306673,0.021501011403222508,0.01851196727695025
2021-10-15,1.3887467280984283,0.007484311985654373,0.0005247394632011493,0.004810973282437839,0.008471943271075663
2021-10-18,1.7536768135360852,0.011737437385914668,0.01230211224774089,0.010073650354625121,-0.01596219694233647
2021-10-19,2.0358551001662093,0.014967463674451054,0.005682623187504703,0.003054527016527663,-0.0023919556960174766
2021-10-20,1.9709503337246705,0.003355427301270776,-0.004336528250641137,-0.002664186110753497,-0.0005635898918217784
2021-10-21,2.0649932970203837,0.0014728579581190107,-0.003524533851023369,0.010838726270556598,-0.10051759326109916
2021-10-22,1.7988610709308146,-0.005299016312132468,0.020046962375107242,-0.005161857624897126,-0.0035126252937789215
2021-10-25,2.0729444151758156,-0.00033644729639213346,-0.003670877454003439,-0.003337296471686088,-0.0018785025853916876
2021-10-26,1.6674847008192006,0.00456444275704065,-0.009339479804904835,0.006405102839421916,-0.004003658178443699
2021-10-27,2.05973820801594,-0.003152544200190026,-0.009844216523716913,0.04125167649171107,-0.015537344291855937
2021-10-28,1.3016130838651185,0.024684662601375505,0.00208060645454844,0.0036445904882020782,0.005338423135379708
2021-10-29,2.861700666311057,-0.018322595316251137,-0.0030183443973557473,0.02216666574524574,-0.005897963177101221
2021-11-01,3.1897235807801634,-0.005623391121445697,-0.016393783853493576,-0.006808094201932049,0.009388267436522909
2021-11-02,3.1609644707278113,0.007090735165604481,0.01566388024307241,0.011351030203757353,-0.0007922786991631778
2021-11-03,2.945406563604235,0.009751177851761285,0.0029163387323488874,0.002608325345962027,0.007500895596217698
2021-11-04,2.0425190943261295,-0.003504938869754555,-0.0054226869238201405,0.007278794790127861,-0.005686589845154439
2021-11-05,1.0471396565588273,0.003576233095741625,-0.007136038634334867,-0.0011302185788721777,0.02258128900163814
2021-11-08,1.7785738542471274,-0.00556828131819926,0.0019987634827603935,0.0027636336162013063,0.007495417379653994
2021-11-09,1.823990803427988,0.0024564270330593783,-0.005797550578359965,-0.0030910257827966724,-0.01682087700119082
2021-11-10,2.7581881321878035,-0.019349125161237428,-0.008067251751369336,-0.015448295108632293,-0.0052268429557729
2021-11-11,,-0.00033812823550418645,0.0022356340274054,0.004915606350536553,0.0004158940538057299
2021-11-12,1.9295250185263981,0.01423529372937375,-0.005331041399216332,0.012822091956656265,-0.010952108410807362
2021-11-15,1.6778014082127763,6.659560363269688e-05,0.005118005421668076,-0.0019321675675447196,-0.0007565254099574267
2021-11-16,1.5890076780321736,0.006644601980165333,0.016770156033902223,0.010184027419589991,-0.0034554373904762225
2021-11-17,1.5190081288467483,0.016355645384176533,-0.002932748783818746,0.0006782697970109122,-0.003382313636170663
2021-11-18,1.006308537977063,0.02813614485892002,-0.007053062517621627,0.0063199118078365365,-0.011929202917309725
2021-11-19,1.119034186869433,0.016833442442153266,-0.007315878345743403,0.005377240300343233,-0.005242461996940675
2021-11-22,0.06261319987138803,0.0029235391670956808,0.006787681690992395,-0.009605619678602188,0.0036123256213594513
2021-11-23,0.6737531472846021,0.00241908560363751,-0.017809198250007402,-0.006346682713393315,0.0027438372589477004
2021-11-24,1.2321947801683177,0.0032782492836119226,0.006862561575510633,0.0006807931582650856,-0.0005137364133604356
2021-11-26,0.9873590048787717,-0.032190883100447015,-0.013447625679835339,-0.02465724445773734,-0.007912553374304089
2021-11-29,-2.534869330958962,0.021637360368801522,0.0065850641043246625,0.020862008439067162,0.022961853597673415
2021-11-30,-1.1399235497279518,0.03108947488821106,-0.02395582068214286,-0.018105589031108496,-0.011884721020625674
2021-12-01,-2.2032846324390283,-0.003211317300129427,-0.010970324094521115,-0.0015437682175801868,-0.0015382260247207202
2021-12-02,-2.141811889173244,-0.006148798389159412,0.0026705144293632925,-0.0017890005809418385,-0.00017110316835002286
2021-12-03,-1.4425098610761977,-0.01179372856483907,-0.01963820605169788,-0.019862484397186218,0.016459208594920966
2021-12-06,-1.572760123866217,0.02127497932672705,0.007901493427359981,0.00979662262317807,0.008963388070059676
2021-12-07,-0.008818308262502184,0.03483248634622407,0.01240338645314493,0.026411367896886674,0.013831011305766663
2021-12-08,0.8485470790962724,0.022527498262742654,-0.012403386453144951,0.00014953746274711226,0.011774550299046612
2021-12-09,0.8428007695047518,-0.0029747920992184815,-0.0019130198972206192,-0.005598334328982789,0.004460864339370755
2021-12-10,0.44229679636861785,0.027628329356261527,0.1450815302206193,0.02794593713049545,0.00419913233352191
2021-12-13,0.7773459546652364,-0.020891051330022836,-0.017099218225008758,-0.009209206511724365,-0.01224313034225127
2021-12-14,0.7184996953529292,-0.008055459341890572,-0.009961419273101381,-0.033130176616526064,0.00958039630852048
2021-12-15,0.6857771651631408,0.02811032278007441,0.0369502055578746,0.019035906479633546,-0.005266101703493036
2021-12-16,0.7817257177219622,-0.04005552386521484,-0.0041574017047087035,-0.02956780799906503,0.02264802005121712
2021-12-17,0.9443882717764001,-0.006523039923225507,-0.06607672042708006,-0.0033913324709953473,0.011605532850759916
2021-12-20,0.3830215869992949,-0.008155178995355948,-0.05291787060420294,-0.012086475349461182,-0.002672248658860576
2021-12-21,-0.6879926283146628,0.01890709828291517,-0.0014196807583736167,0.022807206607885818,0.014920173358526698
2021-12-22,0.4424448933779934,0.015202422715223065,-0.01819524130354152,0.01789596941964643,0.00602990053279695
2021-12-23,0.506723410553399,0.0036374543147737457,-0.0015591343909101658,0.0044619976665441555,0.006759505235598664
2021-12-27,0.8589526857557643,0.022715105293762458,-0.002008270769695529,0.02292103645197613,0.0075498813958675285
2021-12-28,1.1969213289103786,-0.0057843116758779616,-0.009989357483948086,-0.003510572264964595,0.007644142080924424
2021-12-29,1.3026213973704344,0.0005019987365723092,-0.0049757827944555705,0.00204949338240609,0.005414267668437484
2021-12-30,1.5007263882668957,-0.00660019942699718,-0.002270081269501687,-0.007721149793463264,0.00419063802356589
2021-12-31,1.3339342674671664,-0.0035413225015605986,-0.009131372090359965,-0.00888038041937574,-0.0018686750770977706
2022-01-03,0.39859640238238325,0.024696672982830938,0.007880826246914711,-0.00467925930067517,0.017649448900370925
2022-01-04,0.7847147255933831,-0.012772777679278398,0.010637157174527638,-0.017295726720942435,0.01444978630766994
2022-01-05,1.0857970672660295,-0.02696027709283342,-0.027155012123695584,-0.03914408827518715,0.0014479547428416484
2022-01-06,1.1712187505104295,-0.01683428494535024,0.002318989283486357,-0.00793337881646236,-0.021056317046648038
2022-01-07,1.8267123600662236,0.0009880679858832672,0.01346023164033002,0.0005096765752905918,-0.003775360862948166
2022-01-10,1.608496089745372,0.00011630176886534217,0.020024309283823677,0.0007322241723632565,0.0014820528480176118
2022-01-11,1.3303654788988624,0.016644444659664026,-0.009000946416292082,0.0022564257238738253,-0.016125825929114903
2022-01-12,1.9150423655033215,0.0025668055360389347,-0.001923282975231376,0.010391087788389238,0.005404243039967964
2022-01-13,1.7292246389095545,-0.0192112501957029,-0.0059057574131161665,-0.043244140121475566,0.00871992612903864
2022-01-14,1.8114630149144946,0.005097620283344989,-0.001139348254872248,0.017561218047652337,-0.004089422589681129
2022-01-18,2.3185079087122062,-0.019074925661364477,-0.02470690770935139,-0.02464010680471781,-0.009507889740753542
2022-01-19,2.7654120298304092,-0.021249049290595057,-0.025692731119942115,0.002244369435735131,-0.010282975683056726
2022-01-20,2.9855103324184338,-0.010401096096151127,-0.007947104855497506,-0.005719708333719244,-0.005792589928898117
2022-01-21,2.7092014947212513,-0.0128469843535546,-0.006062757925700529,-0.018640822628477962,-0.011300550646834384
2022-01-24,2.1072427171939743,-0.0048765217727197805,0.002429417477935877,0.001147641701133172,-0.0041057400836468005
2022-01-25,1.6450639593218932,-0.011449879539143287,-0.016514802493445176,-0.026948287645866455,0.054973806483664636
2022-01-26,2.1484077723880852,-0.0005634979073141647,-0.01842482799803097,0.028094827320242478,-0.013611780626951163
2022-01-27,2.3876790016879434,-0.0029475327512252865,0.002384575041654123,0.010493765219782812,-0.013044526044338247
2022-01-28,1.2184793442022108,0.06745089803067163,0.008735857022027949,0.027694906811857958,0.014830699794871536
2022-01-31,1.1616908031203483,0.02579018523226859,0.008413728863591097,0.008784679442842112,-0.006938504283567056
2022-02-01,1.291469617267004,-0.000973127309427269,-0.0014798174904917724,-0.007164149990225238,0.014567248693316034
2022-02-02,1.2127776331741937,0.007019876084895035,0.017855659238325206,0.015107343456975435,0.012611054931375244
2022-02-03,0.7052930318153638,-0.016861362094470093,-0.006810979556627243,-0.03973117939311981,0.0038541790860285863
2022-02-04,1.6603428605012955,-0.001680629541025243,0.00207254451571735,0.01544854708558854,-0.004583109963983987
2022-02-07,2.2300348762401323,-0.004243484704261346,-0.016825724676523397,-0.016444835313383713,0.000656121053820262
2022-02-08,2.022020077461752,0.01829811527910305,0.0006189222553236169,0.011923835032814733,-0.001604281825151275
2022-02-09,1.302339214117246,0.008259524910084167,0.0323945074868644,0.021599967526996,0.005603663826943375
2022-02-10,1.3276006485819545,-0.02388159442011363,-0.019359214669217882,-0.028783354493349903,-0.019505699656960442
2022-02-11,1.0883274395906681,-0.020425443207929543,-0.02599165444674588,-0.024573401488631293,-0.006235784563325471
2022-02-14,2.0085560416299266,0.0014219077385481773,-0.010082086288092828,-0.00013594830892543603,-0.019328108228568636
2022-02-15,2.086988949607264,0.022888442404039665,0.010332815262561497,0.01837270983298251,-0.0016148120530589595
2022-02-16,1.055277725504828,-0.0013898904245893524,-0.007297399640226119,-0.0011680734564180832,-0.005865819084224874
2022-02-17,1.2808784039533323,-0.02149855197945032,-0.04732021083629886,-0.02971940718363717,-0.0331332683807325
2022-02-18,0.7287045102460912,-0.009399679411158761,-0.012791538725611382,-0.009677466682687033,-0.0049735019900628424
2022-02-22,0.6031917099959087,-0.01797294289725865,-0.006053081337484676,-0.0007295664873297012,-0.0034639371400597557
2022-02-23,0.7799645926372933,-0.02620450304652706,-0.02251262018187087,-0.026234820041680578,-0.015041660997461332
2022-02-24,0.6845906993839268,0.01654271186537094,0.031779012734022,0.04983178075211052,-0.0008192409561176592
2022-02-25,1.024179455015196,0.012881864152706337,0.020376183227429564,0.00919060776772077,0.01795685125185628
2022-02-28,1.1230428408508766,0.0016366021971362702,-0.004989256032374869,0.00496571729416017,-0.013539500469471487
2022-03-01,2.663529675311554,-0.011695949801868251,0.0005262295698980035,-0.012935137468892794,-0.009513787816621443
2022-03-02,4.948600549541094,0.020379263631549436,0.029427440827444293,0.01760937529332066,0.02047315608283389
2022-03-03,6.090427619735009,-0.001983403841077318,-0.0003833810225315181,-0.014326136861532661,0.01657417654120996
2022-03-04,4.996189550845353,-0.018579742083015823,-0.022748903447403202,-0.02069147130285879,0.005464331529615254
2022-03-07,6.104322323128208,-0.02400353614921881,-0.028779934977877734,-0.03850862451054176,-0.004353111741478721
2022-03-08,6.768163125738301,-0.011744505753115076,-0.013410144773948529,-0.011031771767410988,-0.00309830725689444
2022-03-09,7.239118461724145,0.0343988883552212,0.037078380954078435,0.04483769862747256,0.004287374319780829
2022-03-10,3.9294143534846357,-0.02756267423123976,0.007201308499838657,-0.01013791090146064,-0.014926343347191352
2022-03-11,2.741802260689978,-0.024199378408936042,0.01514882038498135,-0.01951763054670283,-0.0031411584784470834
2022-03-14,3.5210727767022285,-0.026921462710181594,-0.009683990623974386,-0.013046052013250035,-0.00016134022676891503
2022-03-15,1.9701043096517572,0.029245722037583362,0.04478439077669998,0.03801113768022951,0.013622964828799706
2022-03-16,0.5449593624083187,0.02860221107592912,-0.007972206265475274,0.024900853701867773,0.011081415306337604
2022-03-17,-0.07486177955735507,0.006433241417001483,0.007972206265475372,0.0028151779005078322,0.007215881095180876
2022-03-18,1.549282672404102,0.020703535822555897,0.013310187592088333,0.017493871793124477,0.0062323235937510974
2022-03-21,1.9071417959728283,0.008501208582125499,-0.008853844900517653,-0.004236057822714375,-0.005139072226174857
2022-03-22,3.5529359779384495,0.020587195595222305,0.010322075901625965,0.016246583003135542,0.007466198606402339
2022-03-23,3.0938523364222927,0.008199877563859424,-0.01738753882205582,-0.015144002050602977,-0.005906073034845288
2022-03-24,3.449958228399831,0.02242455497904261,0.022752191497832162,0.015275315759189122,0.007377312770660035
2022-03-25,2.5444733674453883,0.0037272793338611015,-0.006220784403280957,-0.0013818929927070726,0.01611699837045975
2022-03-28,2.942496956248726,0.005023916458102988,0.022622445178615037,0.02285332092757763,0.0009130868098104725
2022-03-29,0.8760071460427354,0.01895346983025435,0.00821962673289006,0.015045317559242847,0.0035687251700085576
2022-03-30,0.4936662043928887,-0.006671567686105236,-0.011094787505602808,-0.00492613194820975,0.001439012810959811
2022-03-31,0.5878899175708889,-0.01793562002768648,-0.0075860690916872715,-0.01784135554560079,-0.016098126766070104
2022-04-01,-1.2291703513732573,-0.0017196264984603046,-0.008741077407805043,0.0035940314693715474,0.000999252878015548
2022-04-04,-1.2440729541253732,0.023417087549483018,0.02480853513572466,0.017777713088952693,0.0009218451387802175
2022-04-05,-0.2690030078811153,-0.019123464170153134,-0.013532433510872036,-0.013070556133411352,-0.010649995480546117
2022-04-06,-0.6713368091124631,-0.01862341224155837,-0.00993572625835041,-0.037292510356751934,0.003871823577083462
2022-04-07,-2.076067029367929,0.0018024709520099152,-0.003183694407681149,0.006224228611846541,-0.006513247078367509
2022-04-08,-2.1959428621718438,-0.011980417636507425,-0.007385205508579975,-0.01470762382612171,-0.006399299864667384
2022-04-11,-1.4818375601184255,-0.025846901699323115,-0.014686192356329326,-0.04022990340678027,-0.010704529591728405
2022-04-12,-2.3494091430735766,0.011457542652120251,-0.005405806622439428,-0.011281291294830938,-0.003091011800317824
2022-04-13,-0.6211634232807861,0.016210435309158566,0.005280416809483845,0.019520534079479544,0.0012693307048165217
2022-04-14,0.44886690258345396,-0.030447105025267946,-0.003768820911916721,-0.027457969203119926,0.0033241443530703323
2022-04-18,0.9137565023287892,-0.0013318377727017062,-0.015602634584558983,0.0024628586560023775,-0.003086222214732202
2022-04-19,0.967424218152024,0.014016503180035085,0.01698625977785309,0.016895945887282368,0.023344084145114314
2022-04-20,-0.1665028023859384,-0.0010160616108424645,0.00913324351921505,0.0037085818778802154,0.06859530834054896
2022-04-21,0.10265719565289882,-0.004855474792191151,-0.010139529592759676,-0.019571473836721455,0.011000830886568592
2022-04-22,0.2364855910020029,-0.028215610371966928,-0.04201261184958475,-0.02444086959696699,-0.011506919662623448
2022-04-25,-0.04242245459178953,0.00671456086312018,0.010052900990150418,0.02412040026317311,0.006129398904043111
2022-04-26,-0.4756956919917921,-0.038042479548909325,-0.03261232997051407,-0.03812142933022199,-0.02114209365686169
2022-04-27,0.4501337587637812,-0.001468115320657323,0.003349685823869417,0.04698788608764639,-0.00833198681161747
2022-04-28,0.3955541413076613,0.044165796629829404,0.018290869695049006,0.022380235611292387,0.005022356276607628
2022-04-29,1.8593802301762539,-0.037291428048256914,-0.03664989912879708,-0.04271148208152034,-0.02634958277687068
2022-05-02,1.3353277729722048,0.0019644368001754124,0.008141207513563677,0.024734945506129806,0.006258218116727848
2022-05-03,5.027618911311265,0.009576575902410383,-0.009641039010059135,-0.009501518797108595,-0.003916293348602051
2022-05-04,3.7344402169383004,0.04018988982971477,0.025860357596907524,0.02868536489541989,0.03616271795052109
2022-05-05,4.794801460924477,-0.057328544200365296,-0.03256855727112782,-0.04453152753961691,-0.010829800878044875
2022-05-06,4.357659165294269,0.004715764172486688,-0.004267087646079205,-0.009491242753863118,0.012792948845541307
2022-05-09,4.770147312541287,-0.033752205270153234,-0.013191938454080733,-0.03764546923506583,-0.011683826455961346
2022-05-10,3.533561223455066,0.0159835929081401,0.013743278210820817,0.01842463064849997,-0.040298290932176045
2022-05-11,2.4238477969316254,-0.05323318623025362,-0.020898135608885423,-0.03377348542526283,0.012467299136428422
2022-05-12,3.5626345649184827,-0.02726273725183698,-0.00423236818859008,-0.02015952240103692,0.016309750796475682
2022-05-13,3.999105244964972,0.03141767639066299,0.006201631995097474,0.022344951071483383,0.005253575029229281
2022-05-16,4.729654569858232,-0.010729568521572164,-0.020727767543673614,0.0014544446098644843,0.010646283365691076
2022-05-17,5.1404057643661725,0.02510474913044203,0.030654347107407838,0.02013980400355793,0.0244343374236589
2022-05-18,4.25849485249638,-0.05807327887536829,-0.05108802577699295,-0.046598723294769495,-0.040033041758052924
2022-05-19,3.521861530509207,-0.024949988754911723,-0.018620220114152652,-0.003706559834828705,-0.024982242349073702
2022-05-20,3.8109607794946636,0.0017458228932016012,0.023440080951985003,-0.0022939268987141838,-0.00914253563258842
2022-05-23,3.9898706053581634,0.039335247328071185,0.0203369966264817,0.0315297442519677,0.02072095739018397
2022-05-24,2.9690701439318543,-0.01940319820956127,-0.014525524815098024,-0.0039593966294443625,0.01985197164642742
2022-05-25,2.8146314543527,0.0011394531093776167,0.011522363764906013,0.011107948839934873,0.004399713063054919
2022-05-26,2.7395930744080323,0.022934638805705843,0.025869061183475744,0.012793215528070204,0.01843185460514735
2022-05-27,3.5846335025384235,0.039948014427405615,0.015508421591075341,0.0272304299347468,0.01723674378629794
2022-05-31,1.5983266203584718,-0.005360396309914229,-0.01188657472837458,-0.005026558358948742,-0.0030923845431548892
2022-06-01,1.4900564229765638,-0.0008742192114136192,-0.00445929839084157,0.002020719107182392,0.004240528808359818
2022-06-02,3.6478925424116575,0.016671732235088235,0.021280213109671917,0.00789767545594327,0.005150524299139009
2022-06-03,3.5533194794023526,-0.03931838450687806,-0.018630423290685844,-0.016746533768853947,0.00732271866541133
2022-06-06,4.007891676290642,0.005213721140666643,0.016303299851657762,-0.0047144227740575475,0.011969343337592987
2022-06-07,3.628868836485813,0.017432931131123135,-0.003844309930741963,0.013856979747888262,-0.0007000907260990526
2022-06-08,3.436882335576048,-0.005055742549141367,-0.018186052637503204,-0.007698982673319695,-0.013751535901026051
2022-06-09,3.8186331145159693,-0.03661794930645394,-0.030727927294011134,-0.021002476899067642,-0.020589712079560875
2022-06-10,3.4107490233159594,-0.0393949080987748,-0.03051014233609338,-0.04558707080807542,-0.012912993437680936
2022-06-13,2.934358660446163,-0.03903683646938418,-0.047115885081860105,-0.04333852378981049,-0.007961762792650415
2022-06-14,2.80069941059096,0.006650480672012475,0.09906445057183282,0.009162917347801358,0.00450488969106537
2022-06-15,2.9208088985582394,0.019911957884311167,-0.014528087201138237,0.029301781456799368,0.009824681166729498
2022-06-16,2.2849915944894708,-0.04045918025862438,-0.014305769586338099,-0.02734043321803696,-0.01019319745524651
2022-06-17,2.640037512127163,0.01146720501292313,-0.014513040950160764,0.010880633584765835,-0.004802522065473531
2022-06-21,1.0553350520199527,0.03223569153758212,-0.0005909291389347125,0.024293833238300696,0.02074327687150129
2022-06-22,1.1100771275854084,-0.0038345208994991654,-0.017137699356526,-0.002407052145759365,-0.005601539259041484
2022-06-23,-0.003925593768079549,0.02134425413145362,0.016398919493122697,0.022384227650105046,0.009872392723433009
2022-06-24,-0.09576966311583272,0.02422163656551161,0.0443938623044158,0.0335796946337922,0.025812363371619202
2022-06-27,0.5823037170509252,0.0,-0.0041102364789364155,-0.010552470629645252,0.005195518510141183
2022-06-28,0.9429766864218632,-0.03024265089893695,-0.02633429573366167,-0.03226387031708055,-0.006604281293499234
2022-06-29,1.3928655003559118,0.012940133505546784,0.009144136191579501,0.01463024766598619,-0.008139504259584417
2022-06-30,0.44639350089469376,-0.018192401116686786,0.009491221319523103,-0.013266726584536955,0.003405147882862708
2022-07-01,5.286715650343332e-05,0.016035356672317883,0.014210698298453698,0.010650815394944032,-0.0004958037700268621
2022-07-05,3.8743489129622053,0.018753356472805204,0.01567994752613999,0.012518405738979511,-0.02511433625553591
2022-07-06,1.9171474403215867,0.00956148821669103,-0.004594498121664848,0.012701782222540509,0.0033369803292859885
2022-07-07,1.580325010900469,0.023716099494689155,0.0023699516751109844,0.008193048732274597,0.0197204021216618
2022-07-08,1.9851365207790264,0.004703119805007027,0.0005564041808142051,-0.0027608805913190014,-0.0025597940811940747
2022-07-11,2.4882636274725423,-0.014867713516378576,0.0002792649186123904,-0.011838580728840633,0.0037660471778727346
2022-07-12,2.3558898112994626,0.0068104860182010216,-0.016340345490024295,-0.04184464043450152,-0.012991855258700693
2022-07-13,0.49082111100008396,-0.0025395666769570282,-0.005411877874934308,-0.0037520006685637045,-0.014474150542128215
2022-07-14,0.2778712084637696,0.0202753467693856,-0.008316417958174536,0.005367007221381936,0.013611714054295732
2022-07-15,0.4272105121409044,0.01138499228636764,0.01840373140803278,0.010336769651408268,0.00616524272083756
2022-07-18,0.7330424782603879,-0.020859051551818494,-0.007520020625040549,-0.009667937824457339,-0.012875200807419303
2022-07-19,1.5986385460317432,0.02637085780995829,0.02850280652600613,0.02055429285508851,-0.05391461607140897
2022-07-20,2.012552867950438,0.01341954309017048,0.004833493663976723,0.010502167044074948,-0.013074117713694192
2022-07-21,1.208252887240727,0.014981313528772222,0.02650891000586566,0.00975123068235416,-0.01583951953126403
2022-07-22,-0.2509145366477996,-0.008143753341915212,0.004817845119346835,-0.017060524155180543,0.008613958287838744
2022-07-25,-0.8431986569090232,-0.007425695886437524,-0.0005341951551117457,-0.005893836157325382,0.002258767669605504
2022-07-26,-0.4624865022948375,-0.00886554335067968,-0.011149272435235684,-0.027139156746887477,-0.0035849514121224033
2022-07-27,-0.8977127653625996,0.033661619208855166,0.02455093763042403,0.06471212435254252,0.008087101166132411
2022-07-28,-0.24453989878063442,0.00356520111997041,0.015303359245488486,0.028140712783750528,0.0007741952906849295
2022-07-29,-1.6577345755047839,0.03226702037650167,0.010330497908228632,0.015543833454251593,0.012076542817344438
2022-08-01,-1.2621595836037964,-0.006172448709082232,-0.005151649705751967,-0.009771633347203807,0.009511821034796841
2022-08-02,2.1779293500036934,-0.009330702213506903,-0.014175757305077441,-0.011540840006202344,-0.0017433236165782452
2022-08-03,2.41447061241908,0.037534355947575045,0.013271255189024719,0.02745583432635127,0.004012982596356481
2022-08-04,1.1776805297997452,-0.0019279828903099737,0.0003878329330813535,0.004168859536105139,-0.005303727459972914
2022-08-05,0.44977478303113394,-0.0013900054782438479,-0.0006462640416477523,-0.002612251782493922,0.006360959002842207
2022-08-08,0.36447677300598114,-0.0029070540489635707,-0.011442222386582965,-0.009197165192676916,0.000980753255853047
2022-08-09,0.9300616253685285,0.00030296140763584763,0.003915379469546643,0.007038397318104603,-0.011442534624070149
2022-08-10,0.8232655150097088,0.02585735672844627,0.009980178781313416,0.02401013160486129,0.01555745151692694
2022-08-11,0.9522376292428498,-0.004441363672990517,-0.004912809531308547,-0.007428286357787574,0.007877612370932305
2022-08-12,1.3209262126416976,0.021199089148149036,0.025463476584187714,0.016893723467559914,0.011030121319990894
2022-08-15,0.7077875469998369,0.006313577661935182,-0.0005054025219190007,0.005329943462591743,0.006841556236244783
2022-08-16,0.1311142554372059,-0.0009242061435373462,0.005169291657473564,-0.002593369649892749,0.012008080579093118
2022-08-17,-0.8711332774248949,0.00874632969509748,-0.0034010429437794742,-0.0026396553392652334,0.008966774008489177
2022-08-18,-0.12228083408576262,-0.0022943954574681682,0.0008828519191893112,-0.003955346830094299,0.009246515563739167
2022-08-19,0.7343647938315027,-0.015217165970862293,-0.008355647997739196,-0.013950907251314247,-0.00504634510233942
2022-08-22,0.8741070162052578,-0.02329876031887502,-0.028366898316563378,-0.029794504624057798,-0.02059040955603057
2022-08-23,0.701477408029852,-0.0020309633849174913,-0.0006543170174306657,-0.004727678783144556,-0.005993641666262413
2022-08-24,1.874566502542891,0.001792360564709958,-0.003145935522004965,-0.0023541583543386776,-0.011270043763301136
2022-08-25,1.9544654322880068,0.014812464734314657,0.009408270609858375,0.011034121781413378,0.005613610400648585
2022-08-26,0.9944279711222771,-0.03842823983986999,-0.029565381957914142,-0.03935120819032378,-0.027237367949879576
2022-08-29,1.2798044210841382,-0.013784773704508842,-0.006181020257983144,-0.010725103859405892,-0.0005370708198909676
2022-08-30,2.5442769585310385,-0.015423847015383655,-0.0006744523824416882,-0.00855760595926017,-0.005617666520455464
2022-08-31,0.24863548872075425,-0.010691898262572825,0.00013514360762863301,-0.005720207064274801,-0.008758815913557226
2022-09-01,-0.19038413677807328,0.004695609521225908,0.015390108892572689,-0.004100894671157937,0.009375976892420593
2022-09-02,0.573159305558235,-0.01370417977206141,-0.008267818390038578,-0.01680694008275746,-0.0145272623892829
2022-09-06,0.7328032255211103,-0.00824931343045969,-0.011447154715797462,-0.011034624302867755,-0.008408353498784783
2022-09-07,0.7958377044876425,0.009211527989985552,0.008899636536675491,0.018931134059978472,0.007782021930329576
2022-09-08,-0.6712938686268524,-0.009664467329513897,0.0021455567093840045,0.0016647951597840256,0.005933385474487957
2022-09-09,-0.3112355902165889,0.018664511213375413,0.016737914777882817,0.0227168605424416,0.00558879455644489
2022-09-12,0.5543713518382041,0.03778519070807336,0.015295670899144943,0.008246523171155104,0.01131446054460753
2022-09-13,0.5818742479315342,-0.06047186029229171,-0.013584611251622303,-0.056546927771733264,-0.02644507986322054
2022-09-14,0.5313869071925837,0.009509792280986078,-0.05292806882174386,0.0009121401028309759,0.0034519488498831433
2022-09-15,0.7281937566804657,-0.019111297745143266,-0.026413578065281208,-0.027493818235570993,-0.017379526393033227
2022-09-16,-0.1764109073923399,-0.011020528681162777,-0.020278120848703927,-0.0026112586208710026,0.01408474620354928
2022-09-19,-0.1765447673420612,0.024773495325157394,0.003480833137900492,-0.000899547247402213,0.0036079415408265467
2022-09-20,-0.03825804663694585,0.015543920667003715,-0.013996271667669626,-0.008501622038856639,-0.011258666339866993
2022-09-21,-0.2591907309836589,-0.020475690534892114,-0.020169955799227597,-0.01454124791929959,-0.010906383684679869
2022-09-22,-1.5413285462315245,-0.0063955506912285595,-0.010845076237478851,0.008459750698263005,0.00303700241651434
2022-09-23,-0.5696550280534133,-0.01523935891872037,-0.022668998987586272,-0.01277945261369151,-0.020966898084712964
2022-09-26,-1.583867278990761,0.00225762806215519,-0.017188026329653532,-0.001977398585276469,-0.0057207786900095965
2022-09-27,-1.8674416678402288,0.006544911251471417,-0.016366420321209624,-0.00438951841077323,-0.002215312764353324
2022-09-28,-1.3342098896418704,-0.012732343445880078,0.010359493742467063,0.019519849536108747,0.00834364154575515
2022-09-29,-0.17601144550687486,-0.05036656564015393,-0.026835355030227697,-0.014919792077997518,-0.009247744684126553
2022-09-30,-0.2829746938704016,-0.030499489317723838,-0.005389159696585813,-0.019558440296690502,-0.023458052844514275
2022-10-03,-2.2272613949400735,0.03028891850967505,0.03238299456408938,0.03310821066349908,0.022471119172244258
2022-10-04,3.95491703627086,0.025300499382996992,0.04054323159604672,0.033253547838418655,0.032309214846097514
2022-10-05,4.163220265038496,0.0020509995739125693,0.014357934931587124,0.0012848261681978666,0.001910369011869197
2022-10-06,4.336853366681303,-0.006647679737669013,-0.020312868306601343,-0.009718125508974957,-0.028311683001410928
2022-10-07,4.232955006927979,-0.03740970933611073,-0.03126474062940272,-0.052191433133289444,-0.02829470328157834
2022-10-10,,0.0023527774611926274,-0.011441434486007053,-0.021533064974017847,-0.009046073214351514
2022-10-11,5.395955428458695,-0.010307649617694536,0.0025669720366333134,-0.016892177203107515,0.0004245655306196727
2022-10-12,4.482166787873997,-0.004615754283170985,0.02171412432959511,0.0015071168116529586,-0.0019544956939077773
2022-10-13,3.6969868032777797,0.033060458505384166,0.02201967910494057,0.03691812536547248,0.035264495955633156
2022-10-14,3.5052797388935244,-0.03277140500864697,-0.013744097620942124,-0.024547379257056554,-0.014473291020059719
2022-10-17,2.5220328350910393,0.028706778519446953,0.041275920822718075,0.038495082429887285,0.012253900505756603
2022-10-18,2.5734392029369633,0.009365281109215542,0.00014915265545463726,0.004075474075511129,0.011617461273907803
2022-10-19,1.841816542857173,0.0007652586785536612,-0.010950167645670339,-0.00850590154039396,-0.0035037837028444965
2022-10-20,2.6365600398317732,-0.003272769882217886,0.043533204998376006,-0.0013962990659760006,0.046178583922870664
2022-10-21,2.4992829557263185,0.026699668390919945,0.048618250587497504,0.024966288426946353,0.01239377112374026
2022-10-24,2.24744683003184,0.014694095239728195,0.003021414048168493,0.020966512039996426,0.02125062333540988
2022-10-25,1.896173823721312,0.019153106695090075,0.0030123125976654667,0.013697461814319387,0.001807012158232022
2022-10-26,1.921407366716536,-0.019822184918916026,0.022710037958778816,-0.08029549714335199,0.015526066207564953
2022-10-27,2.4147183055347705,-0.030939193365950163,0.004400667526117256,-0.019953889898305755,-0.0017791482632693212
2022-10-28,2.79268318257894,0.0728346753747768,0.028984087153963268,0.03943266727861827,0.027372999736168756
2022-10-31,0.27400264973826394,-0.015530539863528476,0.00913585055575204,-0.015983298654712666,-0.0015896977437115589
2022-11-01,-0.40868156192619154,-0.017698554386505146,-0.012373036427956426,-0.017206619319030916,-0.0006509968330559704
2022-11-02,5.089776155875833,-0.038018462481769606,-0.026146007888365966,-0.0360087127566026,-0.009962637151972126
2022-11-03,4.805419835241994,-0.043330406919978984,-0.0011987026229053279,-0.0269386006216479,-0.017397982776531942
2022-11-04,3.9929232570325204,-0.0019492016312606425,0.012845155022627206,0.03278237318803226,0.01834774045383484
2022-11-07,4.324705195191378,0.0038948346714416777,0.009689726959845301,0.028849462831879995,0.010025330140918285
2022-11-08,3.604302337133944,0.004166426298271154,-0.014437749083759905,0.004378807488330169,0.012213954704442594
2022-11-09,2.6907193005626286,-0.03375327417096288,0.00026429495301354545,-0.019233990885179013,-0.007252381693614223
2022-11-10,1.6871208570219869,0.08523633999756282,0.019761163523820884,0.07905893411660561,0.027566217509155628
2022-11-11,,0.019085487017167033,0.0073591246728004385,0.016854513591914536,0.01364288992227795
2022-11-14,1.7205000682037026,-0.009531014173600366,0.010110835778423479,-0.02275714071793393,0.007168568643686901
2022-11-15,0.67188718536517,0.01179950580699778,0.008243201547940686,0.0017371958463048216,0.0009703281977312263
2022-11-16,0.8912424138959893,-0.00836592219442342,0.008926792291922284,0.0018218944210944066,0.0012465409688761544
2022-11-17,0.4260503437457394,0.012887937253705614,-0.008674614862666458,-0.00020679258190210253,0.010804637090424625
2022-11-18,-0.7541117338662885,0.003774498744715435,0.0066698620451724686,-0.001905216521738848,0.01055410742218981
2022-11-21,-1.0962408800305956,-0.02191872520123503,0.0011282806223118346,0.003434923799651215,-0.006523619795046237
2022-11-22,-1.1422425874441173,0.014555076022754757,0.02840743440320777,0.012236315625500113,0.01636419395937288
2022-11-23,-0.7892494822527393,0.005908666015924516,0.005343539691982246,0.010353180751767985,-0.0023504307463012544
2022-11-25,-1.740651055624276,-0.0197881542904435,0.0019360037676181617,-0.00036352326587834894,-0.0025581005116372285
2022-11-28,-2.0247159928015,-0.026615282047927343,-0.016208691074811137,-0.023424702956954587,-0.014870299188820343
2022-11-29,-1.385827965020099,-0.021374970171430703,-0.006656971274445129,-0.005932627419346645,0.0021185890500725244
2022-11-30,-3.002461347910623,0.04745000723053576,0.02660621159045011,0.05979958458716679,0.01631771537590174
2022-12-01,-2.025850386823838,0.0018896342463739183,0.012923849930884614,-0.001765303007435044,0.00174465510130958
2022-12-02,0.7357803460501839,-0.0033769983795224417,-0.009077053769688611,0.0012948396471112792,-0.0032905942882757856
2022-12-05,0.180546235794664,-0.008015165193049022,-0.048172357316863444,-0.01908145868210929,-0.00851090086909155
2022-12-06,-0.3489784461435852,-0.02569731634055066,-0.0065680870309900025,-0.020512817386340948,0.0006103378885633439
2022-12-07,-1.1690500114670561,-0.01388098204931107,-0.0016488606604919093,-0.003064324303618654,-0.0015607406696921445
2022-12-08,-1.9533390057025557,0.012059779821243198,0.016241932383703386,0.012322963761096714,0.0034571001366218313
2022-12-09,-2.080139216040164,-0.0034404888952489707,-0.0026261011284523426,-0.008035214413240762,-0.004951898157827559
2022-12-12,-2.1336333974075434,0.016256952135534113,0.0176249751812002,0.028479544795542176,0.01458196902425332
2022-12-13,-1.2825815210952505,0.006759532467889506,-0.008897793339473698,0.017314045144123824,0.00907337436079443
2022-12-14,-0.48227041952299043,-0.01565784454577573,0.015519173954209613,0.0011672063268136899,-0.0047267492492273685
2022-12-15,0.3394572475154469,-0.04798762268428824,-0.021620254667483775,-0.03243894042713611,-0.051342415083935264
2022-12-16,0.08852880675161479,-0.014686056810199648,-0.00613813068452419,-0.01750097298682384,-0.01557439586988327
2022-12-19,-0.374041137083066,-0.01603734447246152,0.011494076332663543,-0.01748007060247484,-0.009246383184372363
2022-12-20,0.37956750316886007,-0.0005290826730650797,0.005450979979260431,0.005598797907573287,0.017205432508654733
2022-12-21,0.622923945343264,0.023530710172869684,0.006894751660056787,0.010818119449887175,0.006068710270551011
2022-12-22,1.688555087255825,-0.02406007292259986,-0.012469974815053339,-0.025860244923390733,-0.008903887166661347
2022-12-23,1.4419809764197908,-0.002802002026342055,0.004462662400592222,0.0022644767172382706,0.005450739543548498
2022-12-27,1.9740914206093894,-0.013975519559807461,0.0016067777590997887,-0.007441803295376386,0.0054210083217074365
2022-12-28,1.3542135844609784,-0.031165673521713608,-0.008059234152693464,-0.010307754472461636,-0.016994716265548375
2022-12-29,1.1734029699738102,0.027930691543319126,0.013232395253172217,0.02725478001167915,0.007399860076761182
2022-12-30,-0.417101662269038,0.0024654210235082667,0.004167916358283514,-0.004949713771468166,-0.0012059478651311791
2023-01-03,0.13200478557814138,-0.03812203353728981,0.023934576215210425,-0.0010013000583086865,0.004673574433064694
2023-01-04,1.4354618599843432,0.010261453565257619,0.009036928031746261,-0.044728753193298894,0.007390323157269884
2023-01-05,-0.22311436803652906,-0.010661171422641665,-0.0020145301685550753,-0.030085937681202945,-0.010503672378817653
2023-01-06,0.12823665633152892,0.036133251737483975,0.01588568851797573,0.011716479888302132,0.01818803016310373
2023-01-09,0.19302769071456494,0.004080728857367622,0.012575880908256464,0.009689339227284816,-0.0010443963631582595
2023-01-10,0.34811263529466663,0.0044464339873921494,0.000925230929251377,0.007588191982731522,0.008670214361286656
2023-01-11,0.4950474003744679,0.020892593700356354,0.02398753761897175,0.029790143244725217,0.003171694659600969
2023-01-12,1.0615737285461,-0.0005995472411986637,0.0020292471878288624,0.011554414122476169,0.0019946619532416185
2023-01-13,1.1916613356716297,0.010068431021485056,0.0047198205063414414,0.0030142740024945635,0.002333240512288725
2023-01-17,1.4726335023162704,0.008717747938306875,-0.0067490676941705345,0.004670660507474965,-0.004809727590861959
2023-01-18,1.5432633581531177,-0.005384044606258245,-0.02156264190143027,-0.019069897615397104,-0.03347665560022751
2023-01-19,1.4090675755811573,0.0004434793661729107,-0.00891993242277056,-0.01659065751832399,0.0014944184268761258
2023-01-20,1.659025359782138,0.01903821454552035,0.015128015792940703,0.03511945574962771,0.0041161590953763824
2023-01-23,1.87134134531614,0.02322863280277328,0.01952183318994718,0.009776465867797677,0.004663276924654361
2023-01-24,1.5991256034901518,0.010012881816195196,0.00817147284338282,-0.0022285617590749166,-0.0026116249527568768
2023-01-25,1.2653268776078062,-0.004711921731995965,-0.0006691710646976247,-0.005925679198236775,-0.005172669281046725
2023-01-26,1.35225384944323,0.014695067214839978,0.0021174482538065093,0.030251446992307935,-0.0458639451813575
2023-01-27,1.607963866104242,0.013591325791589264,-0.00939499316570885,0.0006450476717268598,-0.00044645617418061055
2023-01-30,0.9941463903193716,-0.020282330887774227,-0.018600905761450067,-0.02220648183544652,0.006748794943304116
2023-01-31,2.176206167606887,0.008980367338685728,0.012627488943181804,0.020795021933243056,-0.004221913452982825
2023-02-01,2.3891847592918634,0.007869687958289327,0.017814524734132375,0.019738516705578964,0.002668369944164183
2023-02-02,3.5318976136732028,0.036392528442152065,-0.007468103793698392,0.045818527885702315,0.009577105958789921
2023-02-03,3.263875233732449,0.02410676012676371,0.002681591584932449,-0.023903994123965936,0.004024671871850415
2023-02-06,2.2163372776908536,-0.018091461288340605,-0.012237367137126864,-0.006134778300212531,-0.005565347446452329
2023-02-07,2.152508353685606,0.019061930228865227,-0.008963300529838352,0.04116307328810193,-0.002499878850565044
2023-02-08,2.8080215815393896,-0.017810696795450543,-0.012039452615688503,-0.003106859755079469,0.0010302046402712096
2023-02-09,3.2708158543421826,-0.0069353865307906805,-0.0004612188250766779,-0.011727931872469323,-0.004327181701787018
2023-02-10,2.8939723635754877,0.002453478718928295,0.00563863863664465,-0.00197487759937264,0.01373705062955785
2023-02-13,3.398780739063713,0.01863198864804646,0.025828421727022308,0.03076474317754375,0.012822992551884673
2023-02-14,3.4687592054067364,-0.004233901159768926,-0.0036972897399794495,0.0031281874460037653,-0.009804089620061443
2023-02-15,2.615102820013798,0.01380756564662595,-0.00845410361232871,-0.008024989395409446,0.002863366192929628
2023-02-16,2.6156382857135547,-0.010484187599764256,-0.00704313641301081,-0.026983728357489568,-0.010316931810087752
2023-02-17,2.3723613181849,-0.007575281372056692,-0.005028753128213313,-0.0157245987269128,0.00014815830047383476
2023-02-21,1.6440837412025089,-0.027042192073950404,-0.012450826877872568,-0.021107802254948294,-0.024820341030007798
2023-02-22,1.4888149144271081,0.0028917769827321517,0.0013913412157755903,-0.0046014419274845765,-0.005634401672334254
2023-02-23,0.5728792156618615,0.0032851839317049984,0.02584440403916257,0.012878317819222565,-0.0013751765684228891
2023-02-24,1.101649246216564,-0.018169383147989698,0.0009029492865650199,-0.02202510925732147,-0.0016835465841279068
2023-02-27,1.4280390595588737,0.008213716458239373,-0.00792684564324187,0.003764758300674977,-0.0006129081009552995
2023-02-28,-1.3306195554257303,-0.003453689388865697,-0.006386702677253514,-0.0029625326702715916,-0.009161107164942749
2023-03-01,-0.9601661890565686,-0.014348385579192527,-0.01220242575229477,-0.012709676346822631,-0.008621917589432777
2023-03-02,-0.34589546111343195,0.004120559148917289,0.007270334865661612,0.019462557867251203,0.005755976596623692
2023-03-03,0.15610600391374857,0.03448857883016953,0.025878167571972716,0.016508954662230468,0.0054919470798877965
2023-03-06,0.6078654038739674,0.018369615340087183,0.005475180862608158,0.006169978646528612,0.004233360547627888
2023-03-07,1.0256055712480385,-0.014602449128498304,-0.015497147507874322,-0.010645431241366009,-0.015013271776192985
2023-03-08,0.17203567699509048,0.008342345771288258,0.0014701343053032693,-0.0017721967101315312,-0.0015606944637155588
2023-03-09,-0.12325905480414179,-0.015027103103539797,-0.018476661571725717,-0.005454250352246009,-0.014869777505474696
2023-03-10,-0.19387160945579002,-0.013975953093830538,-0.03276324733428983,-0.014893290023879811,-0.0056438650519333
2023-03-13,0.5255130755344604,0.013178654520524106,0.010177592125863456,0.021214211274559698,0.0010358127326269687
2023-03-14,0.84364816553374,0.013990937173737077,-0.0043661282517790945,0.026696168941563573,-0.007433166099496635
2023-03-15,-0.2221221958657975,0.0026178454148472604,-0.01886151444572495,0.017673339407651017,-0.011051544792522138
2023-03-16,-1.1521015040006177,0.01852151646574669,0.02193173929693845,0.039736581897104876,0.011452508038967173
2023-03-17,-0.8240670953241731,-0.0054688325944600895,0.005174034845659756,0.011626723629510786,-0.008132342337853411
2023-03-20,-1.19205850342555,0.015365158985256653,0.019742822044225814,-0.026104688259278197,0.018027144310776216
2023-03-21,-0.32458596218694213,0.011873376872675902,0.00710447191523777,0.0056776610054685645,0.004989881120319523
2023-03-22,-0.7255307405476228,-0.009145059899725114,0.0036471179499337615,-0.005457334657099361,-0.020110748981241305
2023-03-23,-0.3919086195291101,0.006945276731599348,-0.0013663150879738568,0.019529908912625144,-0.005496835342944328
2023-03-24,0.3218609294607684,0.008271175664923209,0.002616838641612209,0.010425722910315243,0.015443158574824218
2023-03-27,-0.21323087618542186,-0.0123693700982498,0.02391351648529312,-0.015046429021481149,0.03158152484128675
2023-03-28,0.6132718850078235,-0.003988267372466307,-0.003222443122444517,-0.004169405102845478,0.00023213852582054976
2023-03-29,0.7683799675679259,0.019597396032139416,0.0085335050154504,0.01900223383371449,0.002856408624096801
2023-03-30,0.750110044407175,0.009841160418412634,-0.0012145725023947373,0.012540538028929469,-0.0037848247424254714
2023-03-31,0.1824285170086961,0.015523204934463563,0.026278423690185838,0.014851410686018151,0.014367817615471819
2023-04-03,0.4785385263544857,0.007672070802872854,0.010704609054754493,-0.0037182493061383524,0.0073722696838472886
2023-04-04,4.113930397655319,-0.0032548861207348503,0.000851377907820687,-0.00017430556201513656,-0.003489261591519434
2023-04-05,4.158297626858556,-0.011354533404474988,0.00942347370215601,-0.009938299631970165,0.004094820798146969
2023-04-06,4.070320629025898,0.005481026647915101,0.01079619955680906,0.0252124103132287,-0.012488704150618595
2023-04-10,3.777685774183752,-0.016101335894822596,-0.018597248292613364,-0.00760794740998999,0.004053134410559482
2023-04-11,2.8887429776153706,-0.007620047674002422,0.0022373063921064477,-0.02292953966520435,-0.0046662407011161065
2023-04-12,3.14534193301128,-0.004362787598621209,-0.0007452127646052688,0.002331292173757004,-0.014520166223427363
2023-04-13,3.5490254574927187,0.033534851919587126,0.01741921830538845,0.022152105894063023,-0.00499127980989255
2023-04-14,3.0190740941067586,-0.0021163469926734906,0.001673176525511231,-0.012847865448776296,0.0018747087904367556
2023-04-17,2.854723365770746,0.00012125578810791872,-0.0012546613519621977,0.00925326825004083,-0.0025003491093819486
2023-04-18,2.0103652524932896,0.007476630179554256,0.00916387136418921,-0.0014899719332049453,-0.0003131003455516374
2023-04-19,1.6568257666971562,0.0069439480439034695,-0.006864956619317861,0.0002772460174500275,-0.011491560788283171
2023-04-20,1.006334442227502,-0.005863286069851588,-0.010281311863659751,-0.0081453672341252,0.0003165162791244265
2023-04-21,0.523692400895293,-0.009829005361303062,0.003368985016144592,-0.0012239158464737107,-0.004998059314211957
2023-04-24,0.8252921930407164,0.0018766471073775035,0.0030430970149269328,-0.014061312121524974,-0.002628021840460219
2023-04-25,1.08122799182987,-0.009480430848474464,-0.014564866126982474,-0.02279372230910572,0.0038997591024099946
2023-04-26,0.9073214850682173,-6.111924669686321e-05,-0.003728136935587268,0.06993157081877975,-0.00031776580115862714
2023-04-27,0.03080695876559081,0.027999533412488772,0.014093011145616842,0.03152526752067298,0.00885989732741802
2023-04-28,-1.4594718439521461,0.0075128605162986676,-0.003372807683297717,0.007940147557050688,-0.004420069080593773
2023-05-01,-0.7308777179167928,-0.0005303992554624196,0.0015824932762181566,-0.0055483104189981034,-0.0025346787403261874
2023-05-02,0.3985432297358713,-0.006210767759122393,-0.0007382242717939049,-0.0004909083162834366,-0.007402989118872371
2023-05-03,-0.8568285565524287,-0.006488280853671655,-0.00021093767564405683,-0.003312698502049703,-0.013756745056390692
2023-05-04,-1.6586223346358198,-0.009962917754203337,0.002002740067805176,0.0033126985020496985,-0.007154040489415253
2023-05-05,-1.1885692583799012,0.04585910426257203,0.020840451137419523,0.017011579996759476,0.008772773683145245
2023-05-08,-0.35306225104082045,-0.00040339052150733954,-0.0018578117841464897,-0.006458875637953716,-0.0020238952817062095
2023-05-09,-0.005602931648593212,-0.010021194566573697,-0.006738394562550404,-0.0053600736823137,-0.004693188404529502
2023-05-10,0.12827032859632148,0.01036700609202588,0.014251991187006692,0.017148491835914083,0.006990429244667018
2023-05-11,0.02128213541952924,0.0010940586272517004,-0.0008205484661055095,-0.007069344918877308,-0.009221145582862203
2023-05-12,-0.2732348130190727,-0.005432360085587513,0.0041988906957126535,-0.003682740255871417,0.015918892690546166
2023-05-15,-0.7910108056495755,-0.002901403544378107,-0.006047896008604742,0.0015844586472642326,0.004224241685141648
2023-05-16,-0.5220834373773763,0.0,0.010127439922245934,0.007340872783891611,0.0008104171319791588
2023-05-17,-0.4878448707161402,0.0035965684123051033,0.015352364943573029,0.0094071539588151,0.018060538310249938
2023-05-18,0.021922111497741426,0.013573775187592512,0.025433060213981375,0.014292296323811668,0.003494014705510037
2023-05-19,-0.47044131017548085,0.0006280801692587247,0.00487366681088371,-0.0005653807879251718,0.008760556513874867
2023-05-22,-0.5413139232716083,-0.005495800049775814,-0.010459118627107777,0.00888181147055703,0.0018839865051480194
2023-05-23,-0.14446514643300035,-0.015271000400094504,-0.03225258980469267,-0.018603952151645828,0.005319029117723727
2023-05-24,0.21247613686877745,0.0016308071367819841,-0.002235314477171267,-0.004482437945021644,-0.01969642593030463
2023-05-25,0.631072380909611,0.006669938823896736,0.05894818157193551,0.03773670778184979,0.008556570333743208
2023-05-26,-0.21370466063368188,0.014006219810820841,-0.0020155385026644004,0.021160077360217442,0.01666375324664507
2023-05-30,0.0023748456504874838,0.010603111551840546,0.010228013547356902,-0.005059510102230313,0.004567200982483563
2023-05-31,-1.5188061271916404,-0.0002820042921570048,0.007484956609501168,-0.008550607900385563,-0.006897535409986534
2023-06-01,-1.737278433536781,0.01589538595761246,0.0004716185604235943,0.012678565973625133,0.009520013557094137
2023-06-02,-0.33844901577404096,0.004764046365382689,-0.0009437592546878062,0.008443336291235365,0.019829811231781656
2023-06-05,0.2130397205947568,-0.007599786134180162,0.009773505336865908,0.0016088424920802338,0.0016598466737635814
2023-06-06,0.2520217084479423,-0.0020625680919677592,0.001588704084261983,-0.006750315929580767,0.0003771303466520748
2023-06-07,-0.08648276566684895,-0.007786446579341533,-0.017424552209009722,-0.03135444172556628,0.012655917869664683
2023-06-08,0.4259869595180711,0.015346768425696582,0.020966321351079488,0.005797154538874613,0.0002232528690074631
2023-06-09,-0.11210944187834282,0.0021576111596923074,0.021810981078683844,0.004692689020924028,0.006599727586504993
2023-06-12,-0.48407586555822557,0.015517640740461745,0.05817447281025019,0.015365336888274895,0.008243646580242285
2023-06-13,-1.2579527198574938,-0.002615145749255909,0.002144997625212984,0.007325648423356598,0.008612811502722898
2023-06-14,-0.8431901488151821,0.0034852593152566516,0.046796538679980425,0.009082510773820156,-0.0029114828380541642
2023-06-15,-1.1864469902273052,0.011136481507107915,0.034405782825220034,0.03139847971338709,0.008708473068051585
2023-06-16,-0.39603941049932134,-0.005877167231089616,-0.008650607389077095,-0.01671460327061387,-0.0066694597846556946
2023-06-20,0.3729933824034597,0.0004866877448831992,-0.02763809027887535,-0.012581341998593263,-0.011117820588113178
2023-06-21,0.18297377497880135,-0.005691666080102581,0.0004915229607851145,-0.013371097728197997,-0.016837266111396163
2023-06-22,0.6242056343102852,0.016390356510805087,-0.012526881826724826,0.018269451851393094,-0.019029414047048568
2023-06-23,0.03557461140399554,-0.001712647602992401,-0.01621994643161998,-0.013901928740148237,-0.013354004451816028
2023-06-26,-0.0041975016391676626,-0.007581765539922535,-0.01580186420060977,-0.019348933593282668,0.01464911316173142
2023-06-27,-0.04875173285759815,0.014946714171706309,0.009036093650387106,0.018004711919608257,0.007585188766680445
2023-06-28,-0.6971970342788519,0.006307862618061928,-0.011179116875942603,0.0038186416110205703,-0.0043923695496912475
2023-06-29,0.26018184339479433,0.001794857395449529,0.010669887829215931,-0.002384999907302438,0.017305384233950963
2023-06-30,-0.15792465815740808,0.022839655455900214,0.011060925002590141,0.016252900824665958,-0.0018667683878606002
2023-07-03,-0.22784803580082352,-0.007815152708066674,-0.016424221820960486,-0.007516191814878175,-0.0010465095641331067
2023-07-05,-0.5741936340916756,-0.005888345193831502,-0.010209952288708846,0.00047321063667357254,0.004255179128783375
2023-07-06,0.3079764250161984,0.00250534057294942,-0.0044078865091694555,0.00918427439697394,-0.015616032239827772
2023-07-07,0.4959507463036162,-0.005908439434814323,-0.007302362985558122,-0.01193824370246715,-0.0006054650946180632
2023-07-10,1.244375714575134,-0.010915486438242113,-0.002008748057493393,-0.016112927754285706,0.006188864849256386
2023-07-11,0.7808106415846512,-0.002813833599266906,0.007865121661285342,0.0019268621532790957,0.01152146933245942
2023-07-12,1.2764290080340903,0.008945359612224686,0.009874420932618824,0.014126589711421588,-0.011972910150761384
2023-07-13,1.5032960526211243,0.004049491988127199,0.01225010181062679,0.016062586103520276,0.008097364320465662
2023-07-14,2.0108284869650284,0.0007868866491384136,0.015377240225853506,0.007501006329168427,-0.003890561139142687
2023-07-17,1.1727512823421749,0.01715763302598293,-0.0031912911189462346,0.0014183697963892547,0.006277270122168548
2023-07-18,0.7665458174822206,-0.0013413509906857737,0.015689234585324,0.03902809185522808,0.00830847130931869
2023-07-19,1.0616700697539276,0.007046967886518392,-0.01737287348651826,-0.012343097667405451,0.0008861903319663395
2023-07-20,0.9726588896525858,-0.010148870653554942,-0.02395985967529966,-0.02339296390982946,0.021179546832173317
2023-07-21,0.9144716689455752,-0.006180744189468578,0.01515894853325088,-0.00897734757600507,0.004038663650744535
2023-07-24,1.3914903990465524,0.004211249578229845,0.0035636437001136567,0.0038902704494083043,0.004309094345892829
2023-07-25,1.932255283923073,0.004503379092467524,-0.00101699399898517,0.016866202582507296,0.0056454785946722045
2023-07-26,1.9089418141710688,0.0045347400529305035,-0.020990128881102233,-0.03836406417231242,0.005259545454215384
2023-07-27,1.4624739297756777,-0.00660254110544011,0.00776194784099811,-0.021093223113358414,0.013378752986973405
2023-07-28,1.9552419788845778,0.013417249349230474,-0.0035286634879488983,0.022867971428881407,0.0033514745262171546
2023-07-31,1.4019747318586553,0.0031610447970865595,0.010633940976663937,-0.007266940913504547,0.005075964065810559
2023-08-01,1.5504169740986786,-0.004284895174503038,0.0057838543302113155,0.001249382406988098,-0.005912956162194438
2023-08-02,3.1062627698249763,-0.015611330423548914,-0.01883463964105466,-0.026634446419880765,0.005843819779926739
2023-08-03,2.5207032613787868,-0.007348549745672455,-0.01007562207295139,-0.002568095346642977,0.001940065237728166
2023-08-04,2.886990711244309,-0.049211355338161684,-0.0009606860521334801,0.0034227907118074747,-0.0014548124879357792
2023-08-07,3.287671384493782,-0.017404100451898573,0.014401143035915992,0.007083217565977875,0.013360120552197641
2023-08-08,2.819570254283065,0.005297272969941674,-0.007521683877891432,-0.012375095237254292,-0.0018487664554691283
2023-08-09,3.028147888960707,-0.008994535691081362,-0.018657813036455778,-0.011785124553607645,-0.012275882534309205
2023-08-10,3.1097361007164706,-0.0012354359019452474,-0.0009730085477146246,0.0021700620642143087,0.005319164261729271
2023-08-11,2.7228917879558487,0.0003376178260901949,0.000619347629360734,-0.005963371007494747,-0.0009079222141079814
2023-08-14,2.729958437057948,0.009349112465827192,0.02195770679342554,0.009394681665914945,-0.008490196824389508
2023-08-15,2.212869644208726,-0.01126332463595863,0.014773184439912289,-0.006750482706058223,-0.0002819012672076797
2023-08-16,1.9136667182113711,-0.004971292612874838,-0.01676531440471008,-0.0024314870791448348,-0.008707456731029075
2023-08-17,1.3716018708465172,-0.014662252133979217,-0.0039961365525632295,-0.011046687041335683,0.00014189789342061693
2023-08-18,1.7306991425593354,0.0028121840506568226,0.01365968610788664,-0.001263267713406803,0.0053179108074704546
2023-08-21,1.9565640963447435,0.007706859599477013,0.0011156880865161563,0.01691874186092339,0.006133521607910268
2023-08-22,1.5486032890984331,0.00787384036315373,-0.00042885917034233797,0.0018000554369240363,-0.005567965287616965
2023-08-23,1.2682565728384199,0.021711390405392307,0.011092941652172915,0.013981290078145435,0.013478620407841558
2023-08-24,0.891385614627084,-0.02651890100631933,-0.042736520466870154,-0.021733038926201275,0.000975778590873344
2023-08-25,0.7017961984568173,0.012563952693518975,0.02751612432763687,0.009363174338173463,0.012461129762820343
2023-08-28,0.898277745317557,0.008807174523849243,0.006698125613856028,0.0022269115219539348,0.004599052879722834
2023-08-29,0.9141326073524533,0.02157589811447382,0.032088404981175,0.014445468631325934,0.0029405975347131822
2023-08-30,1.2890369940372848,0.018990825066797074,0.0038881330638898095,0.0011563477911450384,0.0027955215783526353
2023-08-31,0.03967766365277692,0.0011716438863540856,-0.006045609980982067,-0.0031374537305182055,-0.0002042634947328601
2023-09-01,0.8906363359007767,0.008427819081291879,0.004475609212130143,0.0027422885855605955,0.007531222031940397
2023-09-05,1.4124585245766599,0.001265782716853593,0.024908370730436998,0.014768791949666491,0.001283531650180758
2023-09-06,1.7450477752829652,-0.036449659731144626,0.0028190026694081397,-0.0020105740799017044,-0.00047251712407192986
2023-09-07,2.1879049135233166,-0.029685641923149528,0.00609413959212897,-0.008962294322335867,-0.003653911478278228
2023-09-08,2.1355881244457517,0.0034857238687891366,0.009785004351617214,0.013129193252873404,0.001083982997946316
2023-09-11,2.237633808982357,0.006600657216493295,0.0030825848383957163,0.010919538815260388,0.004728714438993696
2023-09-12,1.935793375118207,-0.017207723880619027,-0.14497240848334977,-0.018426640379665956,-0.014117331657392517
2023-09-13,2.375495792512677,-0.011925622136593103,0.020140697005515604,0.012847650278485136,0.0017073437843766449
2023-09-14,2.19263663337706,0.008744043536441662,0.01614231416191392,0.00782505750360335,0.005444241378699834
2023-09-15,2.4392830924320985,-0.0041625532876615684,0.002196964289731097,-0.025355523516622805,-0.00927245647466846
2023-09-18,2.653988156714327,0.016771973392602623,-0.015036257350007532,-0.0035190037591429028,-0.006184126744038787
2023-09-19,2.7403117106671018,0.006161799434708031,0.004978004658338363,-0.0012466433086432281,0.009807759605514383
2023-09-20,2.425215311553965,-0.020194849732033476,0.0008864001426632464,-0.02426924221636921,0.02233944911928313
2023-09-21,2.139420762738765,-0.00892906664960366,-0.03095168998459198,-0.0038730760713769196,-0.016487308300046275
2023-09-22,2.433002000686587,0.004932262861497642,-0.003662063536653363,-0.00791770301035264,-0.003193907857323317
2023-09-25,2.286379305074269,0.0073533418386241955,-0.006717736331788385,0.0016704232384575457,-0.002931376923182697
2023-09-26,2.0490825588458494,-0.02367655061167537,-0.03208847954598453,-0.01715217393452056,-0.02236735536274471
2023-09-27,2.6994076939013585,-0.008937477080366272,-0.0024819810783825967,0.002080439908314437,-0.0004887682047993876
2023-09-28,3.3678382516949963,0.00152452877903432,0.01451838858201806,0.002713732070330669,-0.011167841401270381
2023-09-29,1.0996265149602973,0.003041922159143849,-0.0021691082692210017,0.006704896226883157,-0.009081707259886683
2023-10-02,0.6952559007537235,0.014726367974337953,0.0074310016091222115,0.018979466087150804,0.0035573056996930654
2023-10-03,-0.5192183431292515,-0.007799837265464797,-0.020736614165784085,-0.02648171366639172,-0.0029161341917070846
2023-10-04,-0.37666748124606114,0.0072819441908898675,0.024197781304656375,0.01761713724360326,0.004831950658439013
2023-10-05,-1.513494410128547,0.00717223351913359,0.01179049296058614,0.0012531589445870898,0.003185011030757887
2023-10-06,-2.0121045791859187,0.0146427631490524,0.014749946233820171,0.024436160029105473,0.003596896604288828
2023-10-09,,0.00841559695202414,0.003268703855570896,0.0077921268247316934,0.001196446817708973
2023-10-10,-2.1523919683307606,-0.003357831516593659,-0.005544821597816723,-0.0043451193283490855,-0.0006331246431268985
2023-10-11,-2.1747758963616475,0.007872761911028384,0.003014233779384651,0.01219713484684668,0.007850122336105625
2023-10-12,-2.7518620416087716,0.005048614950893036,-0.004845664082449554,-0.0037975188257624087,-0.013991003773292423
2023-10-13,-2.751775550315718,-0.010346068916991786,-0.007913108771960276,-0.0104114705975762,-0.019879178558869632
2023-10-16,-1.1863484110723934,-0.0007271962636241381,0.004240372250270116,0.014870748993843509,0.005402179677987747
2023-10-17,-1.3627153848143396,-0.008823502115768714,0.0030311340573315783,-0.001745106442942913,0.007942006954919196
2023-10-18,-1.3402357438026538,-0.007422380468769411,-0.007271506307601608,-0.005889950363635374,-0.002497439177252842
2023-10-19,-0.6780694739017071,-0.002163346457004119,0.0008309940593260781,0.0036589494976584053,-0.014102263581859167
2023-10-20,-0.12259971377979106,-0.014813348150959462,-0.06177317459303924,-0.014134342846591251,-0.006177648674794388
2023-10-23,-0.14571471220537136,0.000693876430100429,0.017615021279985873,0.00807965813947229,-0.0057030553352507875
2023-10-24,-1.1343065679480868,0.0025401616967437534,-0.004447334280245927,0.0036673325489379664,0.010285566328163305
2023-10-25,-1.7151275206611452,-0.01358351150598355,-0.017300148071771847,0.030216880292997343,-0.005165865871938321
2023-10-26,-1.1790660443185323,-0.024913408154249774,-0.010206541494974058,-0.03823603823990307,0.04758003357742306
2023-10-27,-1.8249065923420351,0.007937927786710553,0.005859284156298243,0.005838596363900667,-0.008662447278358567
2023-10-30,-1.0844684390978703,0.012229979183971819,0.006514090635733424,0.022485405936544713,0.0007713581973925953
2023-10-31,-2.1621759172277946,0.002815003888803207,0.017069448597206913,0.002368926616924978,0.013993933199388471
2023-11-01,-2.5923200454999025,0.01856515003427813,0.02247280508006159,0.023269896160704476,0.005240877407805216
2023-11-02,-2.3395837483628084,0.020482028885076907,0.010535400281453744,0.0064805030342949725,0.011011678921879276
2023-11-03,-1.5773937687214432,-0.005194450221950415,0.010980846654151888,0.012779722384627481,0.006035969985928247
2023-11-06,-1.8330645693746117,0.014499572676749025,0.009762416467773644,0.010517039304007854,0.0072085844829120095
2023-11-07,-1.6415809127757504,0.014347237666851484,-0.0011002969282948463,0.011156832320470557,-0.0009401484216225022
2023-11-08,-2.4448652147552496,0.005867656552344172,0.030184890744180973,0.007378370978260417,-0.005389956594028852
2023-11-09,-2.7887588110396893,-0.0026279561001748336,-0.001336365901494336,-0.006934811225517514,0.0017066831607177831
2023-11-10,-2.6177341535238305,0.022954378616003933,0.00790239648290271,0.02459205187099314,0.01623635906760022
2023-11-13,-1.802232571270746,-0.008620830848386113,0.009506246699760898,-0.008121242044816209,-0.0061926599066512355
2023-11-14,-1.4709545690235908,0.014184923139020825,0.016938494426202454,0.00974290988658128,0.015477029482206865
2023-11-15,-1.03242497208175,0.0030362426423715338,-0.017727175881200215,0.0004058900406858189,0.01432414239841623
2023-11-16,-1.8252282787351288,0.009001502162645624,0.0053337499344819255,0.01743040800297264,0.0031408100751324705
2023-11-17,-2.820846045477706,-0.00010550694612771151,0.005999237331835232,-0.01694367508306267,-0.0011110744664852943
2023-11-20,-1.7254749050083582,0.009235488850911848,0.013432209303498765,0.02031402270190273,0.00950402392399681
2023-11-21,-1.090100705952883,-0.004239845035571962,-0.007210248765819751,-0.011645384528694597,-0.0028548449670892603
2023-11-22,-0.8993964597435791,0.0035084246699063474,0.0013774012549504088,0.01273123981265565,0.007895565183623622
2023-11-24,-0.9962919149836755,-0.007029039271027228,8.603308431271045e-05,-0.0011121492315860813,0.00032215768403878574
2023-11-27,-1.5772150642348717,-0.0009480123071442153,0.0018907224165996463,0.0031213419177516383,0.0025100559452551634
2023-11-28,-1.4265276423834041,0.0032088834845209854,-0.0019767555009122593,0.01074484099245543,0.0005140296520752673
2023-11-29,-0.788185446018883,-0.0054241418940854545,-0.00025814367200477465,-0.010111015333252068,0.004871093867736574
2023-11-30,0.9914599568351717,0.0030579894132548883,0.0,0.00015839366359934827,0.013652316012624257
2023-12-01,0.3364038335861307,0.006768450023789573,0.008141693460611282,-0.01168026601092042,0.012472302906077327
2023-12-04,-0.19558188723931458,-0.009509743165551181,-0.011848686211313858,-0.014442409292224416,0.0034197205140420617
2023-12-05,-0.14712741347259262,0.020844357048957807,-0.010855215325030868,0.009114506825852848,0.001798596092499549
2023-12-06,0.020974404044160927,-0.005703281295547278,-0.02207004291290186,-0.010036009560144093,-0.006901560455231354
2023-12-07,-1.030357526015739,0.010088306498941074,0.0074700756333838745,0.005812836070344166,-0.0003742569505260993
2023-12-08,-0.8813548366708469,0.007385061938063006,0.0065348587785657025,0.008803083818052514,0.010801448988439927
2023-12-11,-0.1438439302577772,-0.013011553418824526,0.013290234994552985,-0.007860107094708392,0.009524710929789657
2023-12-12,0.18190674564876644,0.007888891725194963,-0.13282435161412404,0.008260972813760993,0.0073122190695102795
2023-12-13,-0.7473022892433765,0.016553557218572146,0.021394368705216025,-2.675816296564031e-05,-0.006639752934943974
2023-12-14,0.09589869153295882,0.0007575688279504922,-0.02636659947152944,-0.022802651206538967,-0.004348775043120634
2023-12-15,0.8931896171263793,-0.0027293755272473842,0.029565659506167206,0.013032091538112297,-0.004182806525003698
2023-12-18,0.491128401233127,-0.008539818486857958,0.016129424001652095,0.005165651626430848,0.0031387439878411854
2023-12-19,1.3622944208937715,0.005345946348899338,0.011834424118708619,0.0016355433743371495,-0.007277078085997762
2023-12-20,1.654242643056013,-0.010771869833268137,-0.019962598432220435,-0.007097969261471916,-0.009390516568346547
2023-12-21,2.385681626172871,-0.000770169077495975,0.016285365625833496,0.007847821138381051,0.004550696374497922
2023-12-22,1.8560797857352096,-0.00556311582172999,0.0032065647957052862,0.002780287255730604,0.008423162640626515
2023-12-26,1.4650362562855768,-0.0028448435837252774,-9.410086574179097e-05,0.00021359312716590504,0.00657774271214841
2023-12-27,2.6981824282015374,0.0005177667260558396,-0.002357113757509459,-0.0015760317511170879,0.0015305209775989459
2023-12-28,1.7273470167625478,0.0022240088218735484,0.002921882633933016,0.0032295018318263505,0.0017725508803274042
2023-12-29,-0.5419498335508539,-0.005438909318902071,-0.00774747366853723,0.00202310368315627,-0.0012220398197235324
2024-01-02,-0.8235684371429954,-0.036442911934107744,-0.0130796401906249,-0.013843862283965924,-0.012613815366629502
2024-01-03,-1.0523864915434167,-0.007515496086874648,-0.015495148147624153,-0.000728305106676623,-0.008706151849525386
2024-01-04,-0.13073638726702663,-0.012781572178406772,0.001267946160349681,-0.007203463710485667,0.004735611049228925
2024-01-05,-0.450379958900299,-0.004021063228399282,0.0013639266842915727,-0.000516584592402358,-0.010624504627251003
2024-01-08,0.17922261931109074,0.02388711341800546,0.01861261906892654,0.01869568607687812,0.012363479927600571
2024-01-09,-0.8705802686067451,-0.00226589783953653,-0.009890060757008249,0.0029315574251858618,-0.006599805470373461
2024-01-10,-0.401489967078513,0.0056553125483447585,0.006661750800794676,0.018403693795773238,0.0071582403178445265
2024-01-11,-0.5377940098158944,-0.0032277611589548913,0.008146147296137015,0.004847558821604702,0.005751596920510521
2024-01-12,-0.03480793347516736,0.001776632481102481,0.01731617462377411,0.00993396006149219,0.022198659543589686
2024-01-16,0.28778933928493783,-0.012393554174829855,-0.0002816559045311094,0.004622921668984649,0.006972172356234296
2024-01-17,0.35242918145596136,-0.005186929790691885,-0.001314535140053871,-0.002051984986405921,-0.0052847678910001835
2024-01-18,0.26286991793812103,0.032051376981902094,0.02110440662302148,0.011234124928334784,0.0045656840814383105
2024-01-19,0.9027424163219359,0.01541371246877086,0.008883918202976106,0.012113207731459888,0.02743138889578645
2024-01-22,0.5838047215139305,0.012089851551099371,0.003913288269879191,-0.00543275387500136,0.007841746879443038
2024-01-23,1.3655676882935044,0.006631286055701204,0.015590737450378372,0.006009349949784849,0.006402006695272553
2024-01-24,0.9706512858837393,-0.0034900718248852196,0.021934233877847945,0.009133388964949604,-5.76259325168617e-05
2024-01-25,0.9141270133093742,-0.0016980341938199147,0.006018107049006988,0.005721919757434664,0.0906319600156623
2024-01-26,1.8895042731392786,-0.009053714591755734,-0.00313534803257408,-0.002324443250656726,-0.015932616190085003
2024-01-29,1.7303867192756421,-0.003592293996848444,-0.007793754731502563,0.014232429385906607,-0.0014949539652577076
2024-01-30,1.4186585988689053,-0.019433334055051557,0.0035980546191739155,-0.0027617823975827245,0.00389287684538174
2024-01-31,0.5677086711853225,-0.0195473933066884,-0.021784415851848045,-0.027315992214388386,-0.02266370745908881
2024-02-01,0.08325160821050465,0.013252354261655748,0.033713461736877864,0.01547396483726675,0.017487471912818634
2024-02-02,-0.5841073642741269,-0.005419817924290132,0.0022481109138401457,0.018258221865241286,-0.005956842340590944
2024-02-05,-1.2684587971881571,0.009798444628467374,0.00516839793767025,-0.013637776588241005,-0.012838231818153654
2024-02-06,-1.0109660691807603,0.00859467289313586,-0.009409148342234502,-0.0003944332949151812,-5.464746696461355e-05
2024-02-07,-0.6337473358556562,0.0005808972972661242,0.016941443918416826,0.020890597141388235,0.0017976778248478063
2024-02-08,-0.25056674932087125,-0.005771195410336894,-0.0050437260889544455,0.0001448538530087852,0.012444163440194656
2024-02-09,0.7020736535723625,0.004085597444395371,-0.0003429293746360807,0.015431670918415148,0.010682643075317523
2024-02-12,0.9864726195755449,-0.009042714796935058,-0.006882384210291718,-0.012658553776023904,-0.0009663122539994187
2024-02-13,0.99466611162162,-0.011338442159473924,-0.018822464863449722,-0.021763683290514924,-0.01330260480338297
2024-02-14,1.1931876408120867,-0.004821308717307259,0.0050890940265564686,0.009618891366049428,-0.0007079436015702318
2024-02-15,0.9942929365961041,-0.0015759021530277954,-0.013037463670622747,-0.007180847702837957,0.017817143493542176
2024-02-16,1.2951105339303592,-0.008466146556635626,-0.013119970893980428,-0.006168193546996265,0.004112073620762805
2024-02-20,1.312519820394702,-0.0041223677452774075,-0.026029790978097874,-0.0031479940280488335,-0.022637751019652156
2024-02-21,0.9767482241314194,0.004177230404991396,-0.0026777464088660686,-0.0015157565245698696,-0.020598769856091794
2024-02-22,0.5747284917606492,0.011181089705893892,0.026008732215635415,0.023273837110592804,0.02478774841048382
2024-02-23,0.7068604150429891,-0.010084805876248626,0.008432083750949258,-0.0031874038430955596,0.008163669243622215
2024-02-26,0.10964198335910724,-0.007479067437108602,-0.008792390554178513,-0.0068469100581776835,-0.008598040836202175
2024-02-27,0.47662251763199215,0.008081697307032643,0.003687814711876634,-0.00014722234441143104,0.0040106460530124725
2024-02-28,0.8850782477672412,-0.006647627960962899,0.0026897816077089735,0.0005887593757897269,0.0023231736468672074
2024-02-29,1.3770514290468805,-0.0036998339187235213,0.0,0.01441542453987374,-0.0014580060422927066
2024-03-01,1.39613676647169,-0.0060486138299709795,0.018629128839896356,0.004486478302304744,0.016987344379365932
2024-03-04,1.8249978190379328,-0.025709078720566617,0.002457899614132301,-0.0013967575304035709,0.02549559188545615
2024-03-05,1.0170539554586226,-0.028853158889817144,-0.027735046158587635,-0.03001813081166552,-0.00576606774418021
2024-03-06,0.7791864103360626,-0.005895624501278824,0.011917171726709965,-0.001391705535946596,0.021695702975619832
2024-03-07,1.034674312863954,-0.0007096960314824941,0.020017314383288354,0.017381488483891917,0.001935298207353632
2024-03-08,1.1216421293090044,0.010184615972638245,-0.01868214579222108,-0.007162702101761629,-0.003006267612515548
2024-03-11,0.7800167561694555,0.011762098626482346,0.01509618640579782,-0.004193556942045338,-0.021771518550140617
2024-03-12,0.6314030531033397,0.0027747394530746408,0.1110919901671305,0.026251789489429758,0.031067264924029964
2024-03-13,0.5977844007031645,-0.0121967036707364,-0.015965028208586297,-0.0004335720989599591,-0.0054755786818857805
2024-03-14,1.2840979587516184,0.010868248325728023,7.967764242390695e-05,0.024087268890578852,-0.016764175685705363
2024-03-15,1.7986191674952443,-0.0021990936021901667,7.967129440288695e-05,-0.020912420128993484,-0.012275692147810779
2024-03-18,1.6272633092458515,0.006352189234399431,0.01784224712686921,0.002159050320592562,0.0032395801975557852
2024-03-19,2.166803680199683,0.013493630317425565,0.010817537182697675,0.00975285174119132,0.008570824091102505
2024-03-20,2.4618992140381915,0.014602127997851762,0.0003869506967834407,0.009024032904415663,0.003201689268798943
2024-03-21,2.3754159398471555,-0.04171568168830152,-0.0017811899677363276,0.009688815931532174,-0.01067758662702391
2024-03-22,1.9019105423513318,0.0052962330317992525,-0.009501621627137722,-0.0014682831779522835,-0.005539133876506346
2024-03-25,1.959039988280574,-0.008335190560867282,-0.013471570113652008,-0.013809584526228645,-0.010799973536728912
2024-03-26,2.160506899300968,-0.006694872804286853,0.0030884767097673744,-0.0028656780021892292,-0.001537191212110662
2024-03-27,1.7291818789513616,0.020990837206533778,-0.009533810358284534,-0.0005218488211044947,0.012127846430764332
2024-03-28,0.42842717598869984,-0.010615269986465035,0.002710501751857637,-0.0016860823032886576,0.0008379484752375482
2024-04-01,0.1479650023209828,-0.00849179602793668,-0.00103551937877437,0.009109421211707826,-0.0059347334895999805
2024-04-02,0.769195596671293,-0.00702343120724357,-0.00912665423017181,-0.007399465231997987,-0.005017284977077764
2024-04-03,1.0309441067246239,0.004786063194725126,0.015165120260252822,-0.0023519348233977146,0.010637923376690332
2024-04-04,0.9451766234402404,-0.00490427877855235,-0.016372150954152988,-0.00613122096833595,-0.015626964046169773
2024-04-05,1.3509576953456206,0.004491666803089698,0.005700759415213982,0.018117550569217985,0.006364577501361057
2024-04-08,1.0876532215903079,-0.0066858914435537625,-0.004413358047179443,-0.0021878284290348018,0.0035888226044288557
2024-04-09,0.7368461393376913,0.007216322362504115,-0.00582572392751861,0.003972342944427677,-0.0026903657581830325
2024-04-10,0.3542782151367887,-0.011201781108572253,-0.012082645130122837,-0.007109775706253872,-0.017424150218650503
2024-04-11,0.313645176792773,0.042361075429006606,0.012163796103495416,0.010973013695115944,-0.0007528148168502769
2024-04-12,0.07531306199491467,0.008589550297288771,-0.017434413969728505,-0.014191345280276157,-0.01971967255867252
2024-04-15,0.42145556148290086,-0.022106155271407312,-0.010207985301386611,-0.01977221206457094,-0.005611887139819144
2024-04-16,0.20882439423989385,-0.01935310657808253,0.00615393400003902,0.0022698741189054296,0.01369869707425505
2024-04-17,0.19825213520345958,-0.008180865845109892,-0.016298572401818052,-0.006631037382452943,-0.003543507997161257
2024-04-18,-0.5472019941012529,-0.005730604588054372,-0.022756328733292135,-0.018552028088972876,-0.008942226263026236
2024-04-19,-0.7749054913950248,-0.012287854212070501,-0.00970223235371225,-0.012820772675326539,0.0006059301232679517
2024-04-22,-0.6047198682953644,0.005078036739106793,-0.0030511622611582296,0.004599520864564351,0.0017607187333167217
2024-04-23,-0.43615601105402946,0.006371244083984767,0.004877536867481205,0.01635116082794843,0.001593190228377072
2024-04-24,-0.0985068717205605,0.012622170360422387,0.0021699281323418525,0.003648969884907198,0.01042894707671013
2024-04-25,-0.0917548106375385,0.005134109465653681,-0.003909185541273371,-0.02480001670949963,-0.08611310155237024
2024-04-26,-0.10476154652744951,-0.0034789483860954754,0.01999204764465555,0.01807927234621725,-0.010594010732482966
2024-04-29,0.03957189827279341,0.02450542950859617,-0.006161825127263616,-0.010067252989128007,0.0017933853008038957
2024-04-30,-1.3606347094248656,-0.018439689199200415,-0.02380233604194109,-0.03264650636299681,-0.007373368089473402
2024-05-01,-1.2525547787244231,-0.006065740309395723,0.007706574317816287,0.014306595731865787,-0.01070697947174582
2024-05-02,-1.8887757793897055,0.021792822413363538,0.0028746710664153304,0.007316103723585407,0.0015799113254343269
2024-05-03,-1.6347867603994517,0.05809547478488187,0.0072803144872923865,0.0219275660816255,0.006174340032698637
2024-05-06,-1.8521917887516466,-0.009148389445791903,0.021697257034910183,0.016776636959823305,0.017349063974860968
2024-05-07,-1.7927078000272951,0.003789918728909885,-0.003470698902753978,-0.010208046798446401,-0.0013650077107892707
2024-05-08,-1.655319465003766,0.0018624724800574552,-0.004589398190804781,0.002927298202442315,0.008986596270410055
2024-05-09,-1.2209289929965337,0.009964345817121639,-0.006409398536569246,0.004326291653333221,-0.011719111188481221
2024-05-10,-1.2170641050656295,-0.006913959913941638,0.0002571179836490287,0.0058521430536760165,0.00527857388813264
2024-05-13,-1.7063589148925677,0.017491631357885003,-0.002574697158549317,-0.002462403727265469,0.0024499183395755198
2024-05-14,-1.4326253753102904,0.006154347117898206,0.03794093507433948,0.0068410725966660466,-0.0011942477274484939
2024-05-15,-1.79843376763324,0.012143813516335204,0.006267946430284163,0.017332903218961856,0.005363302158446674
2024-05-16,-1.561084992680639,0.0006324100368689736,0.0043480327665914795,-0.004952170634164503,0.004210716127016012
2024-05-17,-1.3186008222808507,0.00015808056823901515,0.010909492514446398,-0.0018545252837547067,0.0003549904408808132
2024-05-20,-1.3795590644423235,0.0061431530916872725,0.008225148168113242,0.012134269487585884,0.005251626644910474
2024-05-21,-1.5310178667232786,0.006833810449374253,0.0008829332635279637,0.008661400595336214,0.0206767996245976
2024-05-22,-1.4901397056486214,-0.007566890230336493,-0.0002405686467078543,0.0034433896726600265,0.001267504284484789
2024-05-23,-1.7512358257474312,-0.02128293545534445,-0.004101634098680646,-0.008209644515551878,-0.017540423295417756
2024-05-24,-1.5367331703730234,0.0164519531354596,-0.009554579784408716,0.007373165574004877,0.0012883799733597705
2024-05-28,-0.9942308952262618,5.273847788014997e-05,0.01277287966674352,0.00037190282540219984,-0.007223648565017268
2024-05-29,-0.45862229342933997,0.0015777080161790671,-0.006042810077227017,-0.002675996787600862,-0.015503231774201352
2024-05-30,-0.44285297773750293,0.005241362969396643,-0.05523968287014354,-0.0343700562558549,-0.008536746725414405
2024-05-31,0.34717479325817413,0.005006147740576882,0.0008537339997873254,0.0011086220115062476,0.007338754283956428
2024-06-03,0.26172528288993063,0.009216157135327798,0.017677061221525715,-0.003885678493150215,-0.009454014029627339
2024-06-04,-0.8886106737401543,0.0016478379595413265,0.006601200688840017,0.006147519304464222,0.0032014067511907706
2024-06-05,-0.6725633687451757,0.007790262807876231,0.021096846843217974,0.018903575939180073,0.009424227194647389
2024-06-06,-0.5051200897053487,-0.007121709839103275,0.0070694716254124075,0.001201925109609314,0.00488685213494145
2024-06-07,-0.04010227863198074,0.012315918860200182,0.01940561562881259,-0.001579363510908498,0.010703555102968736
2024-06-10,0.18717301038465284,-0.019333530531070463,-0.011340981800230854,0.009439704959640471,0.002174006469408486
2024-06-11,0.8931336438512887,0.07013152022917707,-0.0049923648758402545,0.01117898673593037,-0.006240543233305769
2024-06-12,0.9464882909641823,0.02817764018570634,0.12503960889735308,0.019182698775038656,-0.0018920320105928691
2024-06-13,1.1474488082414223,0.005476159164108876,-0.0037825744309713883,0.0011781627855186256,0.0007099196593606474
2024-06-14,1.5111305101749943,-0.008202093713378019,-0.01237515219853457,0.0022394830426732413,0.0005320139158196209
2024-06-17,1.2277587957635852,0.019480611782520574,0.022760566086032195,0.01302001754710143,0.0017123019616588746
2024-06-18,2.105324211260456,-0.011045353153185266,0.023291963038181776,-0.004537803907546877,0.006175706863617881
2024-06-20,2.137757980167519,-0.021747509935582866,-0.012032898700157193,-0.0014348415226715088,0.019566799927134358
2024-06-21,2.166128702442661,-0.010499468152421077,-0.009915374995849581,0.00911243543480856,-0.00843006817685505
2024-06-24,1.878954226065154,0.003127742803415755,-0.011443105116115848,-0.0047021032470530005,0.014677702786621045
2024-06-25,2.1388488392465432,0.004458411086547714,-0.005160410213360512,0.007300041473192482,-0.01386618342915847
2024-06-26,2.0490582163088913,0.01979585168465647,-0.006777000100402365,0.002679644452261746,-0.004238480075329554
2024-06-27,2.1528392512631487,0.003977995099310788,0.014008286729165206,0.0015249079017873265,-0.005952212029805069
2024-06-28,1.3683096606411793,-0.01638766020397002,0.0072499219910199504,-0.013114221893965735,0.012216241058609236
2024-07-01,1.0433898839009095,0.028689158075891143,0.013296503726719084,0.02164570653581623,0.012354932174568286
2024-07-02,1.1532656327674824,0.016109410326762216,0.0013269851156962054,0.0055676701373565075,0.01248590767683032
2024-07-03,1.0471744776440262,0.005794254495032921,0.007648008994055367,0.003238763054228431,-0.008894587077191792
2024-07-05,1.1146171989962563,0.021389961215863902,0.0031117487419207337,0.014628803517491672,0.0016490988263934336
2024-07-08,0.9292455296193258,0.006517665039135876,0.0013801729602612688,-0.002827192050142243,0.009161397011539046
2024-07-09,0.6768371891489489,0.0037676726715342584,-0.03045272896548958,-0.014474489199425473,-0.006551632414635075
2024-07-10,0.3965639752368192,0.018629056412095963,0.009831995076704314,0.014496029564208288,0.007676807933801007
2024-07-11,0.5264117058680989,-0.023494669223065496,0.007664396975468266,-0.025084211085380843,0.0026393344005013666
2024-07-12,1.0161560983284526,0.01296627614216065,0.013981466027951655,-0.002532402328666327,0.02503312755994799
2024-07-15,0.8119335635211199,0.016604843544585562,-0.011812365652762868,0.000903570908292449,0.00027351340302419965
2024-07-16,0.9007853952862878,0.0017902228749936485,-0.0032202613391539418,-0.009828617150593022,0.015894455554702168
2024-07-17,0.5067159291775805,-0.025621368332217582,-0.023771204973739555,-0.01343752173599228,0.008787448619539952
2024-07-18,1.4089446093624873,-0.02074882568253236,-0.008871463855064628,-0.007127534336720991,-0.011967798192151227
2024-07-19,1.3331592520773434,0.0005798252285931748,0.003832276873734712,-0.007430413721886623,-0.010693026823117641
2024-07-22,0.5947358297614179,-0.0015615172877677308,0.01155279547619033,0.013249398532511367,0.00489937584576396
2024-07-23,0.4301127908700593,0.004677392639804134,0.02075750478463415,0.004302721485241687,-0.00027162684418140156
2024-07-24,-0.32822111248939995,-0.029175821015094007,-0.030795808644244502,-0.03651329648655339,-0.00043465133580122194
2024-07-25,0.10444176477074202,-0.004816274439492128,-0.006869385614116075,-0.02478584698930658,0.04234682596641035
2024-07-26,0.5076564056486899,0.002158801063218201,0.008597445258267519,0.016286419235863592,-0.0011988935516252092
2024-07-29,0.12558909464787726,0.001283780474592782,-0.005048271614050332,0.0034272294098673752,-0.0013047262475142543
2024-07-30,-0.11144635369857211,0.002562697568781216,-0.019272207120642943,-0.008968576402966237,-0.0024048257112524907
2024-07-31,-1.6268250997600422,0.014879606517217859,0.02748064805434743,-0.010864578568425714,0.005741454610472276
2024-08-01,-0.5203605024666689,-0.01689258636386748,-0.014009549383451631,-0.0029685283450865928,-0.012991251847045039
2024-08-02,-0.5164452878132053,0.006845850096571665,-0.031244360446064715,-0.02088240949724456,-0.002851201930716649
2024-08-05,-0.7672476303284437,-0.0493655588984285,-0.04151627658665753,-0.03320194133833243,-0.031203059143707343
2024-08-06,-0.6318675117846047,-0.009796124186903758,0.0027336585205475637,0.011223473050852752,0.018859725817854636
2024-08-07,-0.6817206780391383,0.012420842045709223,-0.018181589303204536,-0.0029572496994305004,0.0
2024-08-08,0.1290267038839581,0.016496386269200504,0.024014342548765288,0.010635378472877977,0.03062901280875831
2024-08-09,0.27726281860631696,0.013642581062569447,0.023754083737258905,0.008235146035992498,0.0026673809314620702
2024-08-12,0.32704838443426787,0.007104483981836763,0.003929900512411384,0.001944041239954451,-0.010343117039647229
2024-08-13,1.190739317799534,0.017047117063076014,0.012591813054153666,0.017543719299515165,0.00793745546860454
2024-08-14,0.8076041973844008,0.00203138752678089,0.00993133625600921,0.006860393250989826,0.006939850807807197
2024-08-15,0.342131336855381,0.013440055576705537,0.009760335083637257,0.011754428692502303,0.008439530707514428
2024-08-16,0.3016290496951547,0.00590093902569679,0.003935946383394294,-0.00609888717859512,-0.000876881050839168
2024-08-19,-0.1867118936751629,-0.0007080762759528058,0.003267879982289221,0.00728577793479293,0.004890514780453204
2024-08-20,-1.0348083425456103,0.002740939342302288,0.00902273066656144,0.0077274773099658385,0.0066536615324980985
2024-08-21,-0.8995180855338184,-0.00048565799431217927,0.007373627248395409,-0.00155490729640548,0.006001372700629565
2024-08-22,-1.4111562576092236,-0.008294122065912686,-0.015236624759740587,-0.020460614749835942,-0.00635839265611248
2024-08-23,-0.8895778874560127,0.010235611546731548,0.008006749056039522,0.0029795735240660307,0.0007140755031789162
2024-08-26,-0.1246324455375496,0.0014977689825090108,-0.0020860297121017323,-0.007949229783052039,0.009541197886129811
2024-08-27,0.7632958553940619,0.0037345361424810227,-0.0030281017066774696,0.0008461926047383867,0.003781145687588
2024-08-28,0.19966266381778175,-0.006776439034797424,-0.004342070232551476,-0.00785999479177835,-0.0013595660079024547
2024-08-29,0.0363173726197438,0.0144650113469455,0.011107133832235631,0.006118585584118893,0.002214534578690766
2024-08-30,-0.053873565747975694,-0.0034438303164210883,0.013323502798510802,0.009683867712470113,0.016108940673395092
2024-09-03,-0.69221943019092,-0.02758205926890721,-0.012749986434863147,-0.018631419009628558,-0.004213995428038703
2024-09-04,-2.5158851390979056,-0.008656048877563856,0.00892088019744065,-0.0013197194146981341,0.01396211175273493
2024-09-05,-2.38459801193737,0.006903821011409885,0.013128340062346469,-0.001248120769063496,-0.0074748875142972085
2024-09-06,-2.341955165913024,-0.007039776842194427,-0.005625589433852925,-0.0165170534518883,-0.009173768392832191
2024-09-09,-2.1931481089152682,0.00040746410195329163,-0.013631756364740833,0.0099575758630436,0.013802870067605853
2024-09-10,-1.7466844227713765,-0.0036279083487940223,0.10829430045694952,0.020685734957678312,0.008756393883432634
2024-09-11,-2.751574257211856,0.011518566410296529,0.008240902542590772,0.021117919759535777,0.022013882185590524
2024-09-12,-2.0011572831743534,0.000493882544892547,0.026370370025247388,0.009317289537231075,0.008161412458969203
2024-09-13,-1.5133185843018149,-0.0012127431128300253,0.004019555114545979,0.008372223617245787,0.014915712518907007
2024-09-16,-1.403633032854429,-0.028168237621006936,0.049956081938804735,0.0017401837104930745,0.010973722884435174
2024-09-17,-0.665417599533968,0.002170155762577218,-0.016933348120798542,0.008794305201044366,-0.014051107019603432
2024-09-18,-0.23405582859322227,0.017829952260333706,-0.01771123167028783,-0.010023564038059176,0.003775653356765325
2024-09-19,-0.6065028520211216,0.03639510459591479,0.018427598085095594,0.018125724095737827,-0.004897258105353463
2024-09-20,-0.0911782236387701,-0.002931691555953585,0.0024433801081490563,-0.007826594390933223,0.017656298051898733
2024-09-23,0.1599782043424594,-0.007609904430239669,-0.0122774187238235,-0.0040514727590144125,0.012779599155235884
2024-09-24,-0.7011185616592102,0.003966123923665201,-0.0009043924378228742,-0.010061819229364147,0.0021292501343612054
2024-09-25,-0.22548413348258423,-0.0044077920185332,0.002890993815695266,0.006827054846576801,0.0011759997388088783
2024-09-26,-1.2802204662573624,0.005067342351876022,0.01088600397967306,-0.0018531456593462396,0.00989527023599418
2024-09-27,-1.68081114222237,0.001185933518603447,0.0037997567610514637,-0.007657095627037654,-0.011659716492659027
2024-09-30,-1.2138304144398941,0.02261423247225702,0.009789645839590364,0.005312670152797718,0.0010861091696948587
2024-10-01,-1.023087106901585,-0.029574515332913682,-0.019197016778903914,-0.022586350544685573,-0.00785584351587278
2024-10-02,-2.7680467154748736,0.0025165061339125203,0.0032847150716113936,-0.00849835987973379,0.0017307413887132804
2024-10-03,-2.5139987958091927,-0.0049065817571294175,-0.005081114269685772,-0.0014152580906238933,0.013515837895759969
2024-10-04,-1.1180851011297073,0.004994839049835235,0.023689293836672724,-0.0011530750189103088,0.014619664650764393
2024-10-07,-1.217822476236783,-0.022788684907696824,-0.005222506885255951,-0.01579491575605696,0.004943520266030974
2024-10-08,-0.2601043174735179,0.01823681556009338,0.025557401029938275,0.01254490428261748,0.006582796615927295
2024-10-09,-1.1393922088363695,0.016560498850388693,0.022232074991697697,0.006609202760883299,0.024541123745791656
2024-10-10,-1.0378137031373342,-0.002180632877289542,-0.014039360690177062,-0.003888234090135705,-0.005478095813323494
2024-10-11,-0.07743839305986389,-0.006526593363848884,0.0020502816017414936,0.0011536105332604159,0.0010294357392885561
2024-10-14,,0.01634561284817792,0.001989282763048503,0.00675087353156264,0.008537508754492747
2024-10-15,-0.209583753014528,0.010964224425503072,-0.011593225773129042,-0.0009548899985789552,-0.009824400489041901
2024-10-16,-1.1940924261638117,-0.008891228931429277,0.003898413327959444,-0.006276511456857999,0.0030430404677316194
2024-10-17,-1.0448979606252424,0.0015950751966288344,0.005193308956831307,0.0014410401044442865,-0.003386555533243262
2024-10-18,-0.9287960936295215,0.012201807667000455,-0.005651100166357251,0.0034494109181167107,-0.002924170420188071
2024-10-21,-1.3830576199262246,0.006278019569125595,-0.00533787461545471,0.0014816717494000023,-0.0019400238698713912
2024-10-22,-0.994379331283243,-0.0026251645306599445,0.008880664148114517,0.020632094799607575,0.002155242883233615
2024-10-23,-0.4299300877745802,-0.02186028465352799,-0.012686091995608852,-0.006830297222272053,0.0021505391284999146
2024-10-24,-0.7378695837980145,-0.0008234927004173404,0.007367145180722999,0.00030616093375025093,-0.06368249876436001
2024-10-25,-1.0653748270310115,0.0036364823576416627,-0.0049438913995581745,0.008019822737520266,-0.017180531760245345
2024-10-28,-0.551466371203752,0.008562672405012827,-0.006359440750646597,-0.0036501022879930384,-0.008232340192693623
2024-10-29,-1.9770387930873128,0.0011562054109304253,0.005840576480398573,0.012486504584813374,-0.011716512851937083
2024-10-30,-1.891480408458924,-0.015395884425761843,0.006494476974895428,0.001341768406121696,-0.026631011544425518
2024-10-31,-1.2913776927689893,-0.018377393862728672,-0.039257490447258694,-0.06243667041997248,0.008843159093021514
2024-11-01,-0.6636067434437897,-0.013368578142622366,0.012905023564457406,0.009844110850891083,0.007374141304998199
2024-11-04,-1.9674936400847531,-0.004045708472273717,-0.002532374742101408,-0.004665235177892273,-0.009310815081323656
2024-11-05,-1.1789475291364164,0.0064653415487007475,0.012830945227462991,0.007317863883103831,0.00604015609305139
2024-11-06,-0.9597609204095684,-0.0032724142640374516,0.05360749798700014,0.020971462330288276,0.02863655910016502
2024-11-07,-0.7542483588406972,0.021146995079634842,0.027911704602569032,0.01241719528604461,0.0004211893461712144
2024-11-08,-0.677129166375806,-0.0011889038318105918,0.01533507417154583,-0.006816282097792434,0.000140381964072543
2024-11-11,,-0.012101517158939552,-0.0006343259352594736,-0.010778782620096102,-0.0007021069743556811
2024-11-12,-1.1220266656776268,0.0,0.0023765067612004243,0.011937736523986324,-0.00492002655113243
2024-11-13,-0.9357390156597966,0.0039612314210889605,0.00026374448219966605,0.005116727336836023,0.00028446758676930686
2024-11-14,-0.5099418041092822,0.013676562343713955,-0.013698986955956722,0.003966551478466372,-0.00919235861609704
2024-11-15,-0.23479080088338877,-0.014209726692821893,-0.01785409078693683,-0.028247805052685777,-0.01932533662644139
2024-11-18,-0.8477558819263963,0.013332927013838642,0.010772157165571715,0.0018296841043456608,0.015009395562023548
2024-11-19,-0.2628668432539417,0.001139656106359027,0.016923937455626408,0.004870753547193679,0.010326727373458704
2024-11-20,-0.2123947096935283,0.0031490337274675513,0.009745837384601073,-0.005520439538410882,0.02047845999538472
2024-11-21,-0.6748487148802734,-0.0020982312097700866,0.008768805606711741,-0.0043260545983542465,0.03570168008027326
2024-11-22,-0.31138490477703284,0.005890135969549004,-0.0007278108414362432,0.00995335661489223,0.0025596234539012716
2024-11-25,0.21759002909628822,0.012966437741126095,-0.022615894886819338,0.004283374777808294,0.014072847458802176
2024-11-26,-0.3720463888557119,0.009360464058107474,0.012580682721845822,0.021730283657959554,0.011869351309781872
2024-11-27,-0.33160947721687173,-0.0005532298970713366,-0.041123925157395685,-0.011751353407524907,-0.008381850230039933
2024-11-29,0.12795050255235196,0.010163924555821924,0.011645021136246263,0.001110564208251124,0.0021570970582059116
2024-12-02,-0.14986370091378265,0.009477547534045977,-0.018730808934130514,0.017602667846744,-8.793809749395851e-05
2024-12-03,-0.7881403743214104,0.012691072584695458,0.00812508241728672,0.0005103025128670246,0.007055391430965295
2024-12-04,0.02601842595201076,0.0014825074863604628,0.028567175196173918,0.014321780974673999,0.019417230891134948
2024-12-05,-0.22156976916773574,0.00012334309857299104,-0.01041577910973002,0.011817717387783236,0.005381907168669913
2024-12-06,-0.15925405670865939,-0.0008232493553872223,0.0288432319714759,0.002144105328483775,0.013917519101489422
2024-12-09,-0.5601059879516708,0.01597295266888926,-0.0064898230604498374,0.00550807300011787,-0.0343593566096986
2024-12-10,-0.20101302544076471,0.004125320928681847,-0.06906788969334512,-0.006049345266347557,0.0074503962670243685
2024-12-11,-0.1616899662955924,-0.005179500693018436,0.004714928896320068,0.012686306179952983,-0.006928730370888232
2024-12-12,0.3259716353582385,0.005945998080516994,-0.01842377570473825,0.001268656891704833,0.009256356771918335
2024-12-13,0.21126949208058954,0.0006853353430694134,-0.011069630019248886,-0.005106958117569433,-0.0062191756254179695
2024-12-16,0.885382800406944,0.011659422964560157,-0.01253565680780867,0.009612307620700292,-0.0064761018175171015
2024-12-17,0.8939357104623702,0.00967265630162667,-0.008916548730566003,0.006335171648527556,-0.0015711437682883749
2024-12-18,0.7553928890676705,-0.021654567925706178,-0.025663877079666345,-0.03828458463795618,-0.03919088806192616
2024-12-19,0.6377260168227918,0.006990182973477677,0.020228025386390156,-0.0008233902614401428,0.016888833013363497
2024-12-20,0.8441944654834913,0.018641115109464066,0.005141145175827552,-0.0009844657958410928,-0.0025040200020402803
2024-12-23,0.25164209514111846,0.003060292464665465,-0.003069500281816541,-0.003096853190786421,-0.00642291200224363
2024-12-24,0.28337787669822595,0.011412583188853985,0.013331537546309355,0.009330257954312613,0.0111128266616132
2024-12-26,0.20231083632382169,0.003170660732275668,0.0015737431366256828,-0.0027807993110015726,0.002136632885480845
2024-12-27,0.11698814392013587,-0.01333053752377513,-0.015970172544728385,-0.017453051792708445,-0.009426682311451304
2024-12-30,0.7581525273296439,-0.013352258788576578,-0.012207271168916303,-0.013327857900136086,-0.011421440911798739
2024-12-31,1.1125364946485212,-0.007082884988829897,-0.0016189410170871744,-0.007869372585478238,-0.0019087582168516816
2025-01-02,1.5551676360832725,-0.026586098737982938,-0.003667293029491559,-0.006951688737360282,0.0005003698427400766
2025-01-03,0.8236818544582655,-0.002011467786861251,0.001745196483966953,0.011331164937578955,0.012246100755073229
2025-01-06,1.175854578929579,0.0067163370439658025,-0.003795116854190552,0.010573533725816037,8.973891749976217e-05
2025-01-07,0.7904026639597178,-0.011453050751839318,-0.022337109732344162,-0.01289107536005038,0.005776737965774147
2025-01-08,0.9818635445867848,0.0020209452178193013,0.006827280047070335,0.005171661092368767,-0.003488909556317098
2025-01-10,0.545392997206125,-0.024398974008065365,-0.051959653730560135,-0.01330166154523526,-0.01548804154285106
2025-01-13,1.0010530841562384,-0.010398044634447157,-0.003761149338062914,-0.004209860775360035,-0.010751575902785955
2025-01-14,1.904505056786428,-0.004789717981251306,0.015408186844341722,-0.00365004544285091,0.0016086648467022744
2025-01-15,1.4413728615091475,0.019484822761262073,0.012713897136623424,0.025275031609136047,0.010416308423184322
2025-01-16,2.0825458888695256,-0.04123893423484123,0.007739421273980507,-0.004066406574327208,0.011882089756893609
2025-01-17,1.2771116359774197,0.007507065199941147,0.009296140197255408,0.010426470047615584,0.0095206306393847
2025-01-21,1.1904495440031113,-0.03243634190817683,0.06921233138294025,-0.0012360774086454143,-0.002360518353133842
2025-01-22,0.6281715546068842,0.005330873929507782,0.0653277027088054,0.040476622356090335,-0.004469147516104858
2025-01-23,0.3746576211356174,-0.0007597666927844427,0.012139722399841171,0.0011421419301978935,0.012374878808911123
2025-01-24,0.11586072256296737,-0.003942403722869548,-0.01551096120385679,-0.005949776460451657,-0.005500699089984857
2025-01-27,0.10547150064039991,0.031285743998031273,-0.1483937921293713,-0.021625774543383,-0.0029849072863379006
2025-01-28,0.14490664979677895,0.0358920507137915,0.035500740942425245,0.02867192208015929,0.006803174726228073
2025-01-29,0.4027414385424744,0.004606120169078599,-0.012146579097582601,-0.010949763281502843,0.013075574296076834
2025-01-30,-0.13121736269554635,-0.007422241292376141,0.050311423593532294,-0.06380179062938528,0.1219005231197918
2025-01-31,-0.8401668300713209,-0.0067145833556527005,-0.0018799060760089947,0.00016874874482936177,-0.010000679453190444
2025-02-03,-0.8896723689425442,-0.03444236049586725,-0.00862228946632981,-0.01002460953017712,0.01948062247272431
2025-02-04,-0.9639271678718703,0.020790325663487513,-0.004220105105366336,0.003522489523911866,0.014204421681862643
2025-02-05,-0.9513718486085082,-0.0014184268457239663,0.022206782542551477,0.0022285117309473797,-0.004395793479127352
2025-02-06,-1.67401644934841,0.003220900168289469,0.004011629407328937,0.006103015766888454,-0.038166993836457774
2025-02-07,-1.6564910091290361,-0.024260743875656753,0.01216824900898627,-0.01470526614826152,-0.004349662918672462
2025-02-10,-1.6576563336734986,0.0011866867973147088,0.025243142505711767,0.006009889630122055,-0.005600632894397254
2025-02-11,-1.3859266758905024,0.02159692823516533,-0.00971613023097843,-0.0018938817357956206,0.021549614113969322
2025-02-12,-0.8759338504799592,0.018105177708689794,-0.028449850067756334,-0.005850310819126719,0.004348668112143803
2025-02-13,-1.659366269154223,0.019482312057122607,0.009477474574219566,0.003660509590080086,0.013126363900399065
2025-02-14,-1.6022112448562438,0.012630468746277242,0.0017241654246315332,-0.005152984542361651,0.008031277036334283
2025-02-18,-1.3993545913338812,-0.0005315647587211058,0.031870753943556984,0.002958302176024905,0.006827663099646247
2025-02-19,-1.118852353983824,0.0016348167622983812,0.009520698156111142,0.012445419203202685,0.004740275164635339
2025-02-20,-0.9450390752866681,0.003912790097394392,-0.030882020953974017,0.005276690336826962,0.0015876471312653382
2025-02-21,-0.82798422153322,-0.001139670634083971,-0.04765148356051405,-0.01921594501299685,-0.01239046623212664
2025-02-24,-1.361303303904563,0.006292589463524479,0.012730770555784738,-0.01036699824935,0.001490345809540579
2025-02-25,-0.9679069583192996,-0.0002428776543699362,-0.008390037445341865,-0.015214124467470782,-0.015858001651261448
2025-02-26,-1.4164805801854676,-0.027412562261429088,0.02305024425299342,0.004588660213143606,-0.007437921284042591
2025-02-27,-1.383397957829356,-0.012812564573111756,-0.04573346691961527,-0.01817642015218111,-0.010254042271975164
2025-02-28,0.8380705763816777,0.01895114882838302,0.007859279592423243,0.011298163231421954,-0.003124598038372624
2025-03-03,1.0365591848510505,-0.015879649346846304,-0.024629323731946418,-0.02164370013833516,-0.008952895456049527
2025-03-04,0.07438134548821351,-0.008861550228096498,-0.02848489451858989,0.0003088523091869424,0.01199860930992611
2025-03-05,0.07621677509424343,-0.0008056225157174363,0.025641524811785818,0.031435016952119255,-0.007372838890625379
2025-03-06,-0.9333712018907081,-0.0017406837006826556,-0.06799409245306282,-0.010352028293722877,-0.01063927330016117
2025-03-07,-0.6292812331200897,0.015767651839406743,0.027574557843039065,-0.00906116940358572,0.05038006753041079
2025-03-10,-0.21663402179593366,-0.04969413952822101,-0.041921201746077864,-0.03400586656246651,-0.017900369251056713
2025-03-11,-0.33189479295367275,-0.02962380670226798,-0.03147330043422499,0.0007625343672001999,-0.031434803218578486
2025-03-12,-0.35840539597345356,-0.017633318754951263,0.045488676343520884,0.007384977626163072,0.0027277585862044524
2025-03-13,0.2054168589352114,-0.03422260507355097,-0.021638713182830654,-0.011810666859735064,-0.01546160851535724
2025-03-14,-0.406273978920316,0.018007449695951448,0.010844299802571164,0.025518564960611282,0.01032091391729558
2025-03-17,-0.19920963245195034,0.0023860442152827004,0.0312607226753828,0.00036025350404682315,0.01843181177797482
2025-03-18,-0.04560149409380709,-0.006140385937835019,-0.030055492466992878,-0.01341617833387206,-0.02408497555311043
2025-03-19,-0.3892256006677984,0.011917947358570942,0.019874797443435826,0.011149568756364818,0.021393280569978426
2025-03-20,-0.3163524981737856,-0.005310320282632644,0.0017695335291999662,-0.002530080702357101,-0.036201754959868986
2025-03-21,0.3669148650265511,0.019289508822971636,-0.003213641542353758,0.011361086475969857,0.0022578115218291456
2025-03-24,0.44550715622383424,0.01120739306756486,0.017193362188261847,0.004640793804921978,0.018606281509124415
2025-03-25,0.8008448185734527,0.01358922785636027,-0.0060881117391564776,0.005277715255324882,0.0058192952123668415
2025-03-26,0.6593059947619148,-0.009971527916650824,-0.04063790083190244,-0.013220924886847275,0.001759166186750598
2025-03-27,0.706779142772627,0.010418207785975186,-0.013761392586005925,0.0015629417165446378,-0.016635226632366898
2025-03-28,0.7764632136481057,-0.02693989649196762,-0.03426120993525516,-0.0306244962516387,-0.00901654176798995
2025-03-31,0.4211292329556968,0.019226538745356993,-0.007553084422358646,-0.009042770109046309,0.018918214125509033
2025-04-01,1.4744540323808195,0.004760696995733947,0.015120080008870966,0.01795233144834552,0.0067335542748478625
2025-04-02,1.2919871690278133,0.0031314275761356735,0.02724291155792129,-0.00013071754718633308,-0.001439110437089266
2025-04-03,1.290659458470646,-0.09701335938325019,-0.06098901818258725,-0.023913966537161362,-0.026304984626608664
2025-04-04,-0.06270935413317935,-0.07568032046579382,-0.0675207634351115,-0.03621370108621614,-0.06801364135523283
2025-04-07,-0.9058881630422827,-0.03742591488083676,-0.008691369628163512,-0.005517505670593113,-0.0075012067749243025
2025-04-08,-0.958009185348805,-0.051101920416750976,-0.021140403559352622,-0.009264443175479161,-0.02126262782896652
2025-04-09,-1.1731485765837837,0.14261744902614956,0.11511993521009238,0.09652484652660565,0.06260530930866201
2025-04-10,-0.6362246128499729,-0.04331855350053344,-0.04286245139593858,-0.023684793984475577,-0.0247829192228751
2025-04-11,-1.617622939891493,0.03979203045473116,-0.007527313192033743,0.018446933065227707,0.025505145740934453
2025-04-14,-1.3410439370623504,0.02181440036785725,0.01715444052296414,-0.0016489950808063717,0.01508855199443721
2025-04-15,-1.0148593933499819,-0.0018781365674717095,-0.005212606237957487,-0.005377771579761972,0.006836722714620172
2025-04-16,-1.1019696090547586,-0.039711625012887185,-0.03170533996385172,-0.03729292211822086,-0.00888853428038141
2025-04-17,-0.7788290554003501,0.013853250405553743,-0.008824272810986893,-0.010359919889256344,0.0010054882284171868
2025-04-21,0.10266599713955804,-0.019583443644759616,-0.04614240467601694,-0.023828312253194008,-0.010904678128958222
2025-04-22,-0.43639404741565846,0.03349786687820366,0.035355198138030425,0.021214627916156678,0.019618365218639508
2025-04-23,-0.21777993646922728,0.024040338085076402,0.03217093545782414,0.0204269224793964,0.018833591283669893
2025-04-24,-0.8893841132323099,0.018258408060773824,0.045450538834136536,0.033901343145028094,-0.06805348041808158
2025-04-25,-0.5624487686081043,0.004357700335927208,0.007101718113578824,0.01167969428318625,0.013341115649443664
2025-04-28,-0.24278004085549437,0.0041009269569146625,0.011843457078219046,-0.0017625363858295127,0.016006358856453937
2025-04-29,-0.7427285411723633,0.005078854810085536,0.004627601507842873,0.007335865252944127,0.013584562943728569
2025-04-30,-1.7318316412160533,0.006089155174673828,-0.0004971856920632992,0.0030912323987631503,0.010099599983281448
2025-05-01,-2.0776484718120103,0.003851392643997796,0.03333519872636302,0.07348606945028924,-0.008972393779265984
2025-05-02,-1.6988437453455085,-0.03807750054973233,0.03538272457764114,0.02295968553652621,0.02427931692038067
2025-05-05,-2.358298252100375,-0.03196397952264492,-0.009599486808055217,0.0020426156845589198,0.014674971444752402
2025-05-06,-2.8749862418179,-0.0019124478912930995,-0.010707377345122414,-0.006578705731860101,-0.0002408345443869905
2025-05-07,-1.9320953479550604,-0.011450050864054507,0.011243227370480873,9.238302663668128e-05,0.016916131216483117
2025-05-08,-2.1204030874385253,0.006298553278077304,0.006206861737807916,0.01106117236817179,0.0030344273993493315
2025-05-09,-0.9884973772002489,0.0052522561730470926,0.000266057568566679,0.0012772050468481692,-0.012997019795326626
2025-05-12,-0.6624971968409998,0.061232680331136,0.04474677744282757,0.023717560509351678,0.017857250619881825
2025-05-13,0.013148440723199428,0.010101034632091492,0.03161548312354329,-0.0002670145280822937,0.019130816722621815
2025-05-14,0.48976474792611024,-0.0028217892757707217,0.004181710509153617,0.008425001369417345,-0.0029821752036187123
2025-05-15,0.5558459163401791,-0.004153047235287477,-0.02202652076696589,0.0022535126613567507,0.03378781810398722
2025-05-16,0.019612792648623922,-0.0008989878747773597,0.006814823182780405,0.0025127084262960855,0.0003000498091108646
2025-05-19,0.5370856785150664,-0.011808533337582812,-0.005310349713783545,0.010075186632199775,0.00616595448737839
2025-05-20,0.5505854988978076,-0.00923883715308381,0.0041881369347350535,-0.0015266622370332876,-0.005454033880905081
2025-05-21,0.22203021250007776,-0.023329135189360545,-0.019717893356349186,-0.012297868039696264,-0.023039249735966112
2025-05-22,-0.25153861093309515,-0.0036188503375893435,0.0008267543107630614,0.00504722581041065,-0.009629593064599175
2025-05-23,-0.28645124426166224,-0.03071097063426496,-0.008554652168321308,-0.010342107124799134,0.0010058381529844944
2025-05-27,-0.5588594098031681,0.024983556398390557,0.03737706141530017,0.02307775320114312,0.017629803123916002
2025-05-28,-0.5496687894619322,0.0010483354048508517,0.011910793586149097,-0.007254420503166385,-0.011424144823734193
2025-05-29,0.037119103154869326,-0.002347813583758254,-0.005814947869975761,0.0028819046333102023,-0.005973699367851695
2025-05-30,-0.8270344620188,0.004491076551497529,0.01601593375750702,0.003655992522284545,0.0014291652933834293
2025-06-02,-0.6797631814335295,0.00422304755014603,0.0062632433915993145,0.003491200262615621,0.01851062454436802
2025-06-03,-0.5044663260771219,0.007753628371346302,0.015311097930852597,0.002162280790676564,0.004914128168553103
2025-06-04,0.00436937528692094,-0.0022162082530769673,-0.006167690576729942,0.0019420499819249367,0.001205760929773059
2025-06-05,-0.14027931569611518,-0.010856416731508965,0.017922658082313355,0.008179976484342917,0.005034117987334466
2025-06-06,0.2234295648843175,0.016265235233562988,0.01668839243687927,0.0057565439831664044,0.007503918484215027
2025-06-09,0.71619120532019,-0.01218645226259795,0.01782668397698023,0.0050259098185064304,0.011868024502611551
2025-06-10,1.0232282899790914,0.006037678889490072,0.0018611106791939557,-0.003878462387048046,0.01517387463818465
2025-06-11,0.9498555741031087,-0.0193803061435197,-0.006217249103433393,0.0036034432589252476,0.01893341501128532
2025-06-12,2.3932212097081846,0.0021107094022437905,0.12497634045843468,0.01313747140810818,-0.0017420798821156228
2025-06-13,2.201280000107336,-0.01390141153604722,0.07404367146050948,-0.008198597573722955,-0.013649949042517564
2025-06-16,3.612919910163926,0.00997806923497654,-0.019328698650275068,0.008762249888579429,0.016492616202592243
2025-06-17,2.9827713914583973,-0.014109826849418127,-0.013928983073419126,-0.0022984082372658823,0.0043195108397557185
2025-06-18,3.949041769891889,0.004793205712486797,0.012838844605408994,0.004591545905710506,0.0005649867865894782
2025-06-20,3.782688647685141,0.022235476071869577,-0.027403046679815423,-0.0059312857551390005,-0.007940682579740082
2025-06-23,3.5524190826869604,0.0024845862325690205,0.009073083880201277,0.01785392919372585,0.02880142304466782
2025-06-24,1.1327008925015547,-0.005973181188035858,0.03898116496399948,0.008421152289271351,0.01581598188926425
2025-06-25,-0.29850771336685455,0.00627085632161283,-0.02136279325266423,0.004397553030850552,-0.00933593595946552
2025-06-26,0.030034650053488154,-0.002782261366145821,0.009916489300296384,0.010467691135128966,0.002984702486264338
2025-06-27,0.1618818203660477,0.0003979945789484961,-0.0121970777924335,-0.003040060889426828,-0.007668112080700929
2025-06-30,-0.5526571121682723,0.02013605979229072,0.039131072043578595,0.002959730030135589,0.017383403391304415
2025-07-01,-0.20348799107484777,0.01283340638163014,0.0015083446876701578,-0.010834379756567498,-0.01221890599379702
2025-07-02,0.185017132339438,0.021987282881436514,0.049103218317840897,-0.0019528641263497069,-0.012265923445847128
2025-07-03,0.8163739431238963,0.005211437084864038,0.0314171654235761,0.015657954180622758,0.014906651657917075
2025-07-07,0.5040160808545657,-0.01700171208706939,-0.02155207694316916,-0.0022477122660855987,0.0017108900574560855
2025-07-08,0.9584674168128524,0.00028584204423298497,0.009598117893099197,-0.0022125750804845453,-0.007033931478671049
2025-07-09,0.4918845931497233,0.0053662683820817954,0.005570828876890064,0.01377852226966428,-0.0009644539908704044
2025-07-10,0.8796993087198981,0.005996888569178622,-0.0013183313600854266,-0.004039912377084586,-0.009384248028037468
2025-07-11,-0.04252195662125191,-0.005902208401073387,-0.019074334929691798,0.0036624036551624194,-0.013449920823473334
2025-07-14,0.4866406350285024,-0.012101749648500403,-0.005567117911159196,-0.0005961893456745816,0.0007050875873283772
2025-07-15,-0.03728300399096646,0.0023461060134709884,0.024471284583703092,0.005550923029067078,-0.0038482219401894664
2025-07-16,-0.3395382306765459,0.005008724256493555,0.02662569271442781,-0.0003954959980058848,-0.002762963437096315
2025-07-17,-0.25628148701494385,-0.0006664697157571819,0.030407460859293314,0.011953135753057375,0.0002836100863208743
2025-07-18,0.1958712039567698,0.005508060298912894,-0.013355138864793,-0.0032297704035930386,0.013630136223025504
2025-07-21,0.07646430504308692,0.006137005974840423,-0.0078121775267356195,1.9600701150821287e-05,-0.004066051670791131
2025-07-22,0.06439150662647941,0.008995641893247627,-0.02254837206167521,-0.009435430208667559,-0.009705824040066346
2025-07-23,-0.36217041921323107,-0.001166706650818722,0.015791642226667738,0.0011868401246140046,0.0001773654399765669
2025-07-24,-0.6689122141542965,-0.0018229539227858852,0.003837279133856788,0.009854963083411324,-0.0793013110020478
2025-07-25,-0.28551485096463475,0.0005613455732988572,0.009386264500443903,0.005524319090991103,-0.0030371646625712624
2025-07-28,-0.5196830074922405,0.0007945872262707551,0.010510731591736997,-0.002358307351053568,0.013348029930659921
2025-07-29,0.39964184038002437,-0.013072756763627699,0.009122193568100121,0.000136541013036048,-0.003044009877105626
2025-07-30,1.331679792278631,-0.010563550635202222,0.0024772249413238636,0.001306309824448206,-0.008226948095190666
2025-07-31,1.864963300395392,-0.0071047515593244985,0.012570244455375038,0.038715388453730314,-0.02769903064902987
2025-08-01,2.8512730021307493,-0.025321452731960625,-0.037540209972753154,-0.017757411249698596,-0.012321303085009706
2025-08-04,2.317099475657852,0.004781459275903073,0.03264203148338158,0.021760873384904587,0.0076888159907338325
2025-08-05,1.8670239929321573,-0.0021168857193060897,0.012357433979706619,-0.01483979261347463,-0.005212380278177079
2025-08-06,1.2507842449092355,0.049653465367576075,0.0029681080148625774,-0.005338574428187305,0.006402275059422965
2025-08-07,0.8461595101568671,0.03129862336367004,-0.027837780478798764,-0.007841066027680053,-0.008438843938792642
2025-08-08,0.5816245728763342,0.04148539226384542,0.0026430034899171118,0.002301202090501742,-0.02530955541158337
2025-08-11,0.4728326206499361,-0.008372376345528211,0.010463009627950942,-0.0005172617964493853,-0.024950630337564995
2025-08-12,0.7948362099744222,0.010813739262220462,0.004659067530152839,0.014215178582476768,-0.006495840849226644
2025-08-13,0.4913382329905891,0.015897409188223566,-0.0388773740952058,-0.016498427168886404,0.02232427842983608
2025-08-14,0.3518630734858005,-0.0023600172840491777,0.003189398643608533,0.0036430222204388717,-0.012406535554375037
2025-08-15,0.8229776376509306,-0.005125246266400223,0.013462173370209104,-0.0044310090625219204,0.010947484453529797
2025-08-18,0.15205964518278114,-0.0030271086609148412,0.00317684019366112,-0.0059194853074818615,-0.001127008208658541
2025-08-19,0.4506158043849534,-0.0014302831382129908,-0.05976684118465043,-0.014276569713184998,0.007613550278589002
2025-08-20,0.24196976588287344,-0.01993191516264375,0.001873624356109333,-0.007976440613924272,0.0052497427609531026
2025-08-21,0.5540447364074956,-0.004923337094260738,-0.008115875982381542,-0.0012882899129955533,-0.013072082410584525
2025-08-22,0.5798763827280867,0.012636571111288266,0.013673470560406336,0.0059122821399642455,0.01117379622152775
2025-08-25,0.7538516808463975,-0.002637850248934095,-0.00406966220044824,-0.005872572717918165,-0.011048491399530314
2025-08-26,1.0838309377834559,0.009420191929208597,-0.005110594746411755,-0.004412262225915996,0.013276635921654248
2025-08-27,0.39483867546650886,0.005132723136336729,0.006808251460939271,0.009318292757191949,0.009067136242423956
2025-08-28,0.6608243937521646,0.00894079103525418,0.018945001847576335,0.005706532947103561,0.003628566412075175
2025-08-29,-0.3761721757799261,-0.0018076532753705872,-0.060861314684717324,-0.005805202352673754,-0.00915753800517978
2025-09-02,-0.7052968160259533,-0.010479415315868323,-0.0036772150151615692,-0.00310341311922011,-0.008206403404868877
2025-09-03,-0.9625839344097744,0.03738232170686491,-0.008245220186993937,0.0004552817932497732,0.010708537108057027
2025-09-04,-1.5568678520230452,0.005478258508480344,-0.0020158446716049133,0.005171140606282077,0.012538798362601189
2025-09-05,-1.4166851841655503,-0.00037544004701183827,0.04300800230576937,-0.025864673021134658,0.005446719904519987
2025-09-08,-1.846068763764317,-0.0075800439522243105,0.02410562966075658,0.0064438594374062845,0.029965421292375123
2025-09-09,-1.5326002450648835,-0.014950592233048619,0.012625411531674742,0.00042136866674170317,0.011723639703994882
2025-09-10,-1.420846048424236,-0.03279128326264767,0.30710826017175497,0.003924911009299693,-0.008643509836028126
2025-09-11,-0.8221749361810714,0.014185282152052413,-0.0643739717988154,0.0012782031454095242,0.000505922213410544
2025-09-12,-1.0940784037803493,0.017410513088878223,-0.052275180084515004,0.017588554017360425,-0.013987878343455615
2025-09-15,-0.9312535360472729,0.011173207622585361,0.03352060713031544,0.010651038921044187,0.010987383500826474
2025-09-16,-0.6968835428165747,0.0061072678411055875,0.014816416816466726,-0.0123390602296241,0.004982817127008503
2025-09-17,-0.10285998250079775,0.0035210509004652986,-0.017235533550302697,0.001923308987091985,0.006039538245151718
2025-09-18,-0.16700520022243112,-0.00465544610939042,-0.016019510785518387,-0.0030830589173016253,0.02259292086755724
2025-09-19,-0.14946533346095442,0.03153063426328445,0.03978851536698051,0.018473354803825764,0.0052690482988028055
2025-09-22,-0.4910037625103665,0.04219290013168558,0.0612303501612877,-0.0067417886864686045,0.01848436797880265
2025-09-23,-0.6592747773607557,-0.006464126391678221,-0.044619402299353524,-0.010198618417527087,0.003200697039721487
2025-09-24,-0.3150495593986786,-0.008367236857623894,-0.017259245453324364,0.001804968828676149,-0.01745223684437001
2025-09-25,0.3050166539296444,0.01791156533826258,-0.05713550557981882,-0.006134581432704233,0.05068762666572574
2025-09-26,0.14422609196092367,-0.0055042148040742,-0.027385625012346357,0.008699166536281246,0.010145934623713382
2025-09-29,0.4579246151762342,-0.004040113676564628,-0.0024725263210742267,0.006120400534690977,-0.015990198750027267
2025-09-30,-0.7404281457711469,0.0007858087357872592,-0.005390186018875038,0.00648899388291907,0.008399256568792946
2025-10-01,-1.2365274823071606,0.0032151298202565005,0.02725298738289215,0.003392207882805762,0.015229307949630141
2025-10-02,-1.837049046394323,0.006555105475919997,-0.0007962751455595498,-0.007668185610937748,0.000802566650873501
2025-10-03,-2.1812711205826614,0.0034552785601604428,-0.009183774556434054,0.003116719229398485,0.005738219897609521
2025-10-06,-2.055430092597378,-0.005167971387568354,0.01886738949198386,0.02145578678755221,0.003634632185257674
2025-10-07,-1.6579929756509717,-0.0008183388500996244,-0.02552979246717904,-0.00872193226785278,0.015258426480118811
2025-10-08,-1.6969760772925524,0.006141440918380204,0.015326702526456877,0.0016590653905387037,-0.015120408267832654
2025-10-09,-1.2248007564433685,-0.01570053155599148,0.030185659969193906,-0.004678791333891448,-0.004258217352861155
2025-10-10,-1.3421466757657532,-0.03513201331059678,-0.01356128446398549,-0.02214234287731204,-0.03678538979604693
2025-10-13,,0.009697244813388845,0.05009626498046917,0.006029234098338622,-0.00216199660843558
2025-10-14,-1.917622835338779,0.00044402022615236544,-0.029688763806545195,-0.0009341584579576793,-0.0038673870912286573
2025-10-15,-1.913556967751289,0.006316514957929752,0.015333256436451998,-0.00027265974424972713,0.016520578175284323
2025-10-16,-1.9797492183127239,-0.007608847967879364,0.03042632680200516,-0.0035510584269329367,-0.017172494631672586
2025-10-17,-2.164125665323699,0.019370592698148312,-0.07181510198501334,0.0038432721766105175,0.01905846941895509
2025-10-20,-1.8795298585149502,0.03868092101339173,-0.04972093129638802,0.006230713172627296,0.008390538243098159
2025-10-21,-2.311468010508424,0.002018888131504994,-0.007350648926077192,0.0016820092785216976,-0.005656842570469066
2025-10-22,-1.5131141410812932,-0.016576708850049894,-0.009090823925505769,0.005547964873942636,0.01917340690961562
2025-10-23,-1.0138000149852031,0.0043625258369113535,0.026813950433290008,3.858399568198024e-05,-0.00876860028555777
2025-10-24,0.24596054864847772,0.012404704167094445,0.011572599008613637,0.005841893468855865,0.07585593846519738
2025-10-27,0.13562806940930483,0.022535353479356313,-0.006835035995415107,0.014993829501661277,0.01814566937017525
2025-10-28,0.13308104780551844,0.0007065287393462459,-0.002027605116583433,0.019654273051982595,-0.0016621705970275905
2025-10-29,-0.19124682851259886,0.002598862988010724,-0.019888102994502232,-0.0009598524103822962,-0.014047139408902832
2025-10-30,-0.2998772627493706,0.006283466664280875,-0.06921346873456356,-0.02959053720096553,0.005984495869192644
2025-10-31,-0.46497149060651166,-0.00380226296753672,0.022022024990191482,-0.015236447589300659,-0.00858355785683274
2025-11-03,-0.2952832047673992,-0.004894298833628012,-0.018291952963972624,-0.0015074686283697196,-0.008756112132713472
2025-11-04,-1.7259153955681017,0.0036729963281676823,-0.03826409248003746,-0.0052357096217623324,-0.012814514058784974
2025-11-05,-1.5544935819056622,0.00037029726863190167,0.008586142457330711,-0.014038609367540944,0.019486623538103008
2025-11-06,-1.922816018611123,-0.0013707172835239541,-0.026351902747202966,-0.02003535345157169,0.01825009924137926
2025-11-07,-1.878785629817231,-0.0048305427121975416,-0.01879745651684976,-0.0005634072263488708,-0.019522212518540655
2025-11-10,-1.5952719332296863,0.004538380514148896,0.006540556717379995,0.018308873913350867,0.014434142140614432
2025-11-11,,0.021371148071028613,-0.01962407013066731,0.00528243164540753,0.014738989549075996
2025-11-12,-1.7090064181771327,-0.006487862890758322,-0.03956124857364206,0.0048244518503963866,0.004008309166827907
2025-11-13,-2.859573560338088,-0.001903213145158224,-0.042385373071499574,-0.015476982425703174,-0.032656580425994806
2025-11-14,-2.6065622608651116,-0.001980466546235507,0.02397831011691525,0.013597020135189248,0.0027189964926978786
2025-11-17,-1.6459880334794181,-0.018338285065585238,-0.013507945522280096,-0.0052866477573552135,-0.028267210153889784
2025-11-18,-1.3196378151517436,-7.464947758260898e-05,0.002861345396806623,-0.027366597403304452,-0.024595873398733897
2025-11-19,-0.7826436800357444,0.0041789849317348,0.02260091902365981,-0.013599885055362188,-0.004909455972384708
2025-11-20,-1.4938038343690974,-0.008638554808404069,-0.06806532425102034,-0.01613073459568025,0.00646015080333666
2025-11-21,-1.320598438650157,0.01948948732721377,-0.05828985180216941,-0.013276695497639966,0.02395334433773646
2025-11-24,-1.7383021331917345,0.016185769721398423,0.007618316284746793,0.003974149543977354,0.022209823713524472
2025-11-25,-1.2119492149247006,0.0037982730766835957,-0.016360370812326445,0.006288144375202888,0.0011830528569840323
2025-11-26,-1.6062484974960256,0.0020917682533082623,0.03945886955283335,0.017683866017517248,-0.0041798596553878345
2025-11-28,-0.8145619135702106,0.004672971434540764,-0.014794709348369914,0.01331975833631881,0.01755557119653816
2025-12-01,-1.0353698413958754,0.0151262172065036,-0.0050137854019882975,-0.010769020544935939,-0.009475084542126252
2025-12-02,-1.7187095859469168,0.010855696011275954,0.0007959725102375955,0.006675349732992619,-0.012807726093697102
2025-12-03,-1.678151396347585,-0.007153684504557431,0.03243681036678786,-0.025359684307076167,0.002779606474802769
2025-12-04,-1.654886995931339,-0.012215789741831256,0.03127776787904534,0.006488876412519228,0.017589296308629505
2025-12-05,-1.2274145645264087,-0.00686355564689062,0.015049630156713548,0.004813241827990891,-0.00016223474378952368
2025-12-08,-1.1245323046347668,-0.003197540392983899,0.013512533046724694,0.016137024080980087,0.0040185943628906476
2025-12-09,-1.2828390069795688,-0.0025583326534953568,0.004478949486860601,0.002034460923044121,0.00419591209416185
2025-12-10,-1.231137880096144,0.005755873046479309,0.0066585471127989255,-0.027737718695204278,0.007028858511127993
2025-12-11,-0.9770403770636837,-0.0026938721785778564,-0.11466581751443751,0.01020763458900203,-0.006191844342164113
2025-12-12,-1.3738673440955373,0.0008988005844432756,-0.04568460881745412,-0.010270345009627218,-0.00483884845531385
2025-12-15,-1.1044165167664077,-0.015098408555415868,-0.02694294669258439,-0.007783100806013461,-0.0018772644774143576
2025-12-16,-1.2506274458401225,0.0018224664254049999,0.019970234435089617,0.0033010826256549314,-0.01791374934130535
2025-12-17,-1.7820690853694994,-0.010138247658845124,-0.05552896384626575,-0.0005669788742274988,0.00046174837675350524
2025-12-18,-1.5043471355073257,0.001286746577224654,0.008759055367010939,0.016373686322175084,-0.009507023669529813
2025-12-19,-1.1884209496664953,0.005422681951884745,0.06421550030187662,0.00400041265745044,0.0017624238860827685
2025-12-22,-0.9230170155706965,-0.009914939859583293,0.03284539188194513,-0.002060026788581246,0.005995682234423735
2025-12-23,-0.527840114041908,0.005116600880012278,-0.015442822131620066,0.003972084647752953,0.00326428602316024
2025-12-24,-0.777860423964797,0.005309660095674185,0.010946374931241822,0.0024002844975317197,0.0025643101268831695
2025-12-26,-0.6305730374877987,-0.0014985148401437073,0.0025285777470480646,-0.0006354189830467114,0.0017386609573720301
2025-12-29,-1.651527853075316,0.0013160418504418513,-0.013270154864943873,-0.0012514720137883812,0.0021282813330771424
2025-12-30,-0.3897409251356865,-0.002487138437606135,0.009322760185497965,0.0007797832477031082,-0.012142499243880712
2025-12-31,0.51913308877429,-0.004477584501558454,-0.011731253946664789,-0.007949745031117481,-0.019523904327890983
2026-01-02,0.8006656125600286,-0.0031314907649584198,0.004096064004369723,-0.022330964886835367,-0.01602864807394693
2026-01-05,0.2867316046600921,-0.013933739398968666,-0.016070481857751756,-0.00019024934875912832,0.011833619122328349
2026-01-06,0.37563541087770735,-0.018504426184870557,0.006005211669653307,0.011898856308983866,0.025108511199858543
2026-01-07,-0.23068569624254998,-0.007767587254826069,-0.004707917163381329,0.010312111434744248,-0.019159403017832123
2026-01-08,-0.5371042630405466,-0.004967410582383972,-0.016680594251524475,-0.011148447616020766,0.01998558529675901
2026-01-09,0.4569967656751184,0.0012730781005779077,0.048349614190668584,0.0024441728912703835,0.004942912294392368
2026-01-12,0.9428326341539217,0.0033871684089656568,0.03055785835929598,-0.004391217865887232,0.025828752562192584
2026-01-13,0.5616097698185614,0.003069160037768495,-0.01174549099943433,-0.013736507182654508,-0.029319276542495425
2026-01-14,1.2753563371664933,-0.004184200562639289,-0.04385638129199754,-0.02427948782313101,0.019177708170287758
2026-01-15,1.7053713611021184,-0.0067546064536927915,-0.01961158695610916,-0.005938635934431755,-0.03651261878969429
2026-01-16,0.4427131388199803,-0.01043328271118352,0.006510230683140314,0.006982916579190642,0.025580291783770758
2026-01-20,0.8118134139231192,-0.03516681140302266,-0.06023227784627903,-0.011680088952667495,-0.04798072777074325
2026-01-21,0.3673212802248676,0.0038434513252299496,-0.034146797544360216,-0.02316966895229819,0.021023430429430577
2026-01-22,-0.03551558915559522,0.002822574664753265,0.024428746732887207,0.015705451155972182,-0.009692604256521062
2026-01-23,-0.7155572264660772,-0.0012490498169329728,-0.00574089955655757,0.032300585451473816,-0.00759661891281695
2026-01-26,-0.20972096962443704,0.029280096957102087,0.02936813392460124,0.00924996996361938,0.013214195348350593
2026-01-27,-1.1003894496428712,0.011135311634926056,-0.042207103841237915,0.021665379253622736,-0.008370326719686683
2026-01-28,-0.13045567614992648,-0.007110624097650485,-0.012079514825595227,0.002182549404515211,0.0010204520318269448
2026-01-29,-0.26576402662295684,0.007149452337149825,-0.022176986441717807,-0.10528441293144157,0.049993813966807556
2026-01-30,1.528659094048351,0.004635398415236556,-0.026561112056427798,-0.0074323294442851795,-0.008247581621627031
2026-02-02,2.2899521495699475,0.039779460893500804,-0.027847998744396835,-0.016212952959274475,0.025845080352632107
2026-02-03,1.7178875441760881,-0.001964837922112354,-0.03425490789887473,-0.029142520112481862,-0.0670815819629852
2026-02-04,1.3488046100502376,0.025680287047938025,-0.053108658488198165,0.00722079445492987,-0.018034016833246742
2026-02-05,2.2625480253439543,-0.0020997961220096443,-0.07200703946643429,-0.05081179182860032,0.002901952324415903
2026-02-06,1.5712875949445597,0.00797784107081465,0.04540704917483941,0.018797518997179397,0.03070785264036166
2026-02-09,1.4329296153382547,-0.011729000497211482,0.09204571314223163,0.030588820346685523,-0.008701944680466811
2026-02-10,1.7119475543529235,-0.003428831498793266,0.02085516326752705,-0.0007982280148395168,-0.009890507130069425
2026-02-11,1.652497610194097,0.006628103245317512,-0.01722163910857364,-0.021770815373010812,-0.06715598478951142
2026-02-12,1.550768612159891,-0.05127407257936166,-0.004336246010397371,-0.006276340180921504,-0.0499419322382223
2026-02-13,1.1418132819382527,-0.022995839415095466,0.023120299239863664,-0.001294823159871587,0.010960209019352518
2026-02-17,1.0794658453458874,0.03117681438621338,-0.0392906742942485,-0.011175591191809244,-0.015633495615005245
2026-02-18,1.2049053196012416,0.0017795532383034164,0.014187450316022806,0.006880530254818123,0.00955508323852461
2026-02-19,1.9720333686458045,-0.014364224365880748,0.0023662977055050756,-0.0005771055024364743,-0.017444896048794928
2026-02-20,2.4606302311482775,0.015233823534795543,-0.05555886053880142,-0.0030916176909677397,0.0034279032621477687
2026-02-23,1.9979485128843222,0.00602904668779855,-0.046796643866914,-0.03264977069912112,-0.14095845734241422
2026-02-24,1.7365218510979443,0.022144036649487702,0.033609051436550436,0.011713641833520843,0.026378403106410698
2026-02-25,1.3287056248193563,0.007650520846136862,0.011903624634126331,0.029384055394936336,0.035217555209174765
2026-02-26,1.0240529469869921,-0.0046786052410885525,0.016231053858887567,0.002791917205408831,0.01864304366165639
2026-02-27,0.7982793350439619,-0.032657957379533524,-0.03321125342790205,-0.02260753692228252,-0.007465447800096701
2026-03-02,1.4914112236609305,0.002041924719824955,0.026134216061723316,0.01468509769894799,-0.0035031307977445737
2026-03-03,2.7217425873378858,-0.0036708976244395467,-0.0016092770511469553,0.013408647831676312,0.02438994755703997
2026-03-04,3.9680842141499375,-0.004674468498819032,0.02229827397644936,0.003139220615922468,0.01930045438073243
2026-03-05,3.7651282273441047,-0.008530831338801404,0.01575756667091515,0.013433508696627289,0.0256226831074036
2026-03-06,5.7354765260952965,-0.01093213459894777,-0.01189279809599295,-0.004196959457124567,0.008925254483571315
2026-03-09,8.24408720036504,0.009355669414157603,-0.009194955546489619,0.001099767241845775,-0.021555838386574135
2026-03-10,8.81026302868963,0.003648874557014285,-0.014354312474513721,-0.00895519345973096,-0.012432390543089136
2026-03-11,4.779035233128153,-7.670972662595488e-05,0.08785885477804184,-0.002171161078240015,-0.005329923349124092
2026-03-12,5.566004303865288,-0.0195526595655038,-0.02457597807094581,-0.007486996517855703,-0.004793078746010233
2026-03-13,7.546848610982142,-0.02229865363447962,-0.025775535914676108,-0.015826551578986114,-0.005668487233666958
2026-03-16,8.183749782813676,0.010737011185857437,0.005529130360941998,0.011062368643045354,0.011987319831718243
2026-03-17,6.443441466456784,0.005561553592463054,-0.008240536297165101,-0.0013511210133194,0.027150555728318995
2026-03-18,6.884659637078059,-0.017018440434935896,-0.011639114799179364,-0.019262435829129988,-0.017766401372193853
2026-03-19,6.7828787931089485,-0.003928637969992818,0.016990376991373235,-0.007095289098823652,-0.004900741978672046
2026-03-20,6.669966077389181,-0.0039038546496206693,-0.03827476889940819,-0.01855045253982266,-0.034952915523253775
2026-03-23,6.960803361702494,0.014014812591042392,0.030658305921183866,0.0029547673243715392,0.02721448151051962
2026-03-24,3.94797156122477,0.0005962460475602484,-0.04811333814701131,-0.027153937768180758,-0.03210713612150331
2026-03-25,4.669830877006977,0.0038868788463975487,-0.0073009203085559774,-0.004571152690792659,0.003319659155534522
2026-03-26,3.7704693550019157,0.0010682625170895263,-0.022228673669464665,-0.013758534009891197,0.0011592121214902518
2026-03-27,4.9379751309716085,-0.016305280196262602,-0.02230410317253633,-0.02546012506735926,-0.02230166393434122
2026-03-30,5.79417792762049,-0.008760109701824332,-0.006176840261425772,0.00611966014484149,0.0038429890696556872
2026-03-31,3.7696980897016825,0.02861786495948073,0.05814653801468964,0.030751447801748214,0.021433567678625642
2026-04-01,2.782758199020356,0.007223978636376895,-0.012861892347175443,-0.0021635289281511007,0.0030894171517264328
2026-04-02,2.435728975975113,0.0011338123573076417,0.007887317454659315,0.01101201335750153,0.02043628727413435
2026-04-06,5.323002301911885,0.01142239161475063,-0.005755180426955069,-0.0015542218182786648,-0.005738536524384973
2026-04-07,5.082248530558082,-0.020923456036972127,-0.01641810797591591,-0.0015835039189674074,-0.0067912356777012186
2026-04-08,4.966604749005767,0.02107802518992581,0.003416668722592865,0.0054646202714657,-0.01368115236866481
2026-04-09,-0.1262726147940807,0.006122567123347408,-0.0377242517473304,-0.003371654917970858,-0.01904350312547875
2026-04-10,0.8254980231763183,-3.8345556912621514e-05,0.0016669665946270286,-0.0059144890165382935,-0.027441132497172675
2026-04-13,0.3992022425642709,-0.0049260673756055485,0.11951148060461976,0.03575403655529446,0.03013596193293336
2026-04-14,1.0605112893957618,-0.0014286068821369137,0.04633307436474048,0.022483811465560243,0.010249199874453635
2026-04-15,-1.2442182192428912,0.028940120889102108,0.040929975917884526,0.04503888343389864,0.018678257611755164
2026-04-16,-1.0784309080553989,-0.011437796552710188,0.04901167598110449,0.021745251113201896,0.025011356372938682
2026-04-17,-0.09206757914822516,0.025599724502604514,-0.018563082537142953,0.006002043749179862,0.009792519581729492
2026-04-20,-3.1682896957003432,0.010381401662850636,0.014292512246046392,-0.011226740924225573,0.0009464264231693058
2026-04-21,-1.146420671627672,-0.02551957602598669,0.020014556552768036,0.014461871447776973,0.00773474142762042
2026-04-22,-0.22590077553193,0.025959122658055597,0.034343056292742244,0.020442188268340603,-0.015053259617061634
2026-04-23,-0.1448212463145265,0.0009512419139857489,-0.06170523356577596,-0.04046886377167461,-0.08610939528153724
2026-04-24,0.8548371682062729,-0.00870548556450589,-0.017164823275975405,0.02111053357014146,0.0038871595681936803
2026-04-27,0.6308027819987124,-0.012809554739298108,-0.0018484457922625626,0.00047093907199736843,-0.017086210245461624
2026-04-28,1.1466405061195215,0.011517520751980868,-0.041313506982030304,0.010373913089718178,0.021645187699944893
2026-04-29,2.25670081556962,-0.0019966978339397375,-0.01291751509614648,-0.01122176316871562,-0.025819619991019675
2026-04-30,3.608987001022048,0.0043581493936293405,-0.015005559873197905,-0.040089887405449304,0.016940619971436057
2026-05-01,2.792235437561687,0.03187991038650981,0.06268183841880551,0.016200380815886175,0.005267958643349582
2026-05-04,1.8730196044957585,-0.011885962197690256,0.04806101616353522,-0.0019805564528877612,-0.011783221192374137
2026-05-05,2.9810034470449454,0.026204338554427865,0.027679306633207963,-0.005430265418195371,-0.0019628314203918766
2026-05-06,1.7372347404069644,0.011649801728447845,0.045766830374350025,0.006251935224948011,-0.014469096429215974
2026-05-07,-0.4158888708416413,-0.00024353676707370125,0.0028820006848924258,0.016317029709620266,0.024374874630009712
2026-05-08,-0.6466368082210532,0.020250074126795237,0.006964746936334131,-0.013518725545446366,0.0006095145506762825
2026-05-11,-0.5008938659006937,-0.0012634684139431265,-0.010826483418866047,-0.005943620767689755,-0.02740014562025637
2026-05-12,-0.028760047331162553,0.007217281916175962,-0.036833912961889884,-0.011920778009659372,-0.01955931897536252
2026-05-13,1.1067510634715236,0.013711560991706276,0.015560941473133229,-0.006297779830460884,-0.02111359408220751
2026-05-14,0.654595714521431,-0.002210772244144634,0.030362810489311415,0.010360489291041258,0.017228646164241645
2026-05-15,0.6945289168028828,0.006750976522238501,-0.013691841510054675,0.030049788861924314,0.00424981990174221
2026-05-18,2.0839513937940155,-0.007992466908238653,-0.03341015073680441,0.003832278848626929,0.01560939701117195
2026-05-19,2.7456447676652997,0.003786820722815226,-0.02798560952176642,-0.014555068940400357,-0.001887293483789833
2026-05-20,2.50133809935978,0.010911251503184886,0.03625742677180348,0.008682378065394921,0.01193762933729124
2026-05-21,0.026878879365997754,0.009024467670268961,0.008520134858138158,-0.002526090592902171,0.11717050724266982
2026-05-22,-0.5827242323993561,0.012479649444335736,0.01209911414728723,-0.0012415277754476936,0.0034332234010088303
2026-05-26,-0.47881106776198734,-0.0015880121843198519,0.005089020544772309,-0.006086787367366893,-0.012487007053389381
2026-05-27,-0.9324008864145779,0.008139905925081868,-0.010936922399651852,-0.008109095484610435,0.017830413717626694
2026-05-28,-2.2432076384115542,0.005325999563197865,0.0645842598612266,0.03411229625288361,0.03473455455789732
2026-05-29,-0.23459263829775123,-0.0014410307239461104,0.10291274145174707,0.0530201813564115,0.11963998518897172
2026-06-01,-0.7031405073072918,-0.0185978161231111,0.09447234848112658,0.02257550971290651,0.07321059786602975
2026-06-02,0.7270520158308731,0.02860974364520492,-0.014490923777780182,-0.042608691140752344,0.02712395090750899
2026-06-03,1.0427467066731748,-0.0157967095998125,-0.0600294354838737,-0.032167630063060046,-0.07438139204300775
2026-06-04,1.7426132848810338,0.0031215368741391546,0.025758393470965098,0.0016600419254275758,-0.01271013458167666
2026-06-05,0.6979398648611879,-0.012577609274253502,-0.10079193214258295,-0.02694540884818325,-0.057737495150859734
2026-06-08,0.3408571276114098,-0.01905190902330898,-0.00874261399738452,-0.011902515359320368,-0.014213685489161283
2026-06-09,0.5419463024142952,-0.03712706918079524,-0.028783454808424633,-0.02043863488144832,-0.011929059459608888
2026-06-10,-0.11601181510614311,0.0035387281174611347,-0.022355883513296423,-0.015110789647077107,-0.018660194477030632
2026-06-11,0.6930259575590979,0.013794324313997033,-0.08911844723620244,-0.0178244891134849,0.009100849681985447
2026-06-12,0.1899261995193552,-0.015338769356976291,0.00016291970103213802,0.0010242073496361669,-0.009541522192116368
2026-06-15,-0.9822496101214552,0.018007493246393634,0.045181146080841325,0.022822039293822094,-0.013051294965845813
2026-06-16,-2.402094902989506,0.009468481540986734,-0.022627427008690693,-0.014945081454071895,0.0077847596075513266
2026-06-17,-3.7564275423180655,-0.011055331985774613,-0.02581758408593295,-0.03862059048154452,-0.03173794556547072
2026-06-18,-3.415336824940687,0.0069365133751416366,0.004132405176643641,0.0012923218845768704,-0.05182506662709761
2026-06-22,-3.0349871251896885,-0.0033612346094813285,-0.05132461820910746,-0.03230320168250443,0.012447280597158111
2026-06-23,-3.636250321899646,-0.009166227388095017,-0.058271269585449266,0.017807523534874563,0.04920166710349248
2026-06-24,-3.4747918095741213,-0.004154050285409865,-0.04729877702572917,-0.02293855257082976,-0.0075014976102316675
2026-06-25,-3.7888117608558587,-0.06312918215256177,-0.032713591977272145,-0.03517049422135125,-0.01799639006100235
2026-06-26,-3.215596891854433,0.030882904454319803,-0.026115353125861523,0.05551167425391712,0.05043535731456811
2026-06-29,-4.0209877502910745,-0.00721466060725805,-0.005197645934423523,-0.011867317971901738,0.023180249576247446
2026-06-30,-3.029201578057337,0.02668691184994011,-0.0082226021315984,0.01200133530108292,0.011480577104964898
2026-07-01,-3.41568515167258,0.017199929330940868,-0.02802470803130124,0.029739442308022564,0.017763864072847548
2026-07-02,-3.4638735619386543,0.047271697894878145,-0.015772796569542818,0.016030885383640066,0.011358786440338494
2026-07-06,-3.1216387190465285,0.012973185615845364,0.024576030905035844,-0.009649728377271917,0.0339568153006572
2026-07-07,-3.067906817241906,-0.0064172715140114545,-0.015139062118311094,0.0054153311635238436,0.02182870767685213
2026-07-08,-2.2303123809564305,0.008749389702145728,-0.007869786615171901,-0.014245624245687366,-0.01341733811549006
2026-07-09,-0.7254452435571779,0.00898970969223071,0.026203513020237355,0.0026572610086787393,-0.0226007787586597
2026-07-10,-1.2291114625296653,-0.0028501583226974415,-0.02166354114188636,0.001923481372210687,-0.02656022178655282
2026-07-13,-1.28157453802885,0.0062911868943995525,-0.06689249276434699,0.015178902564042165,0.009242224316720183
2026-07-14,,-0.0077511572511698955,-0.027749513728282413,-0.015620478686443902,-0.29045383403336883
2026-07-15,,0.039360006012478126,0.034945789236579525,0.027417962843460583,-0.027414378526450713
2026-07-16,,0.017434940338492192,-0.06453353815570191,0.01373134460185696,0.03649449080919831
2026-07-17,,0.001439222043781139,0.01755694729225802,-0.018316817278041388,-0.02955836826649799
2026-07-20,,-0.0216566670967116,-0.04060452369781135,0.021279272100756832,0.0015505057842293759
2026-07-21,,0.0035150309603428622,0.04565463600655832,-0.01134957559776861,-0.011806512586988952
2026-07-22,,-0.005660635258418789,-0.009569504137597324,-0.018805522396685516,-0.022726592179812693
2026-07-23,,-0.013064847610259141,-0.047186201449689255,-0.022697652711874124,0.004267450479595478
2026-07-24,,0.03470741679444188,-0.04297987871597792,0.00031449962254198236,0.03583697155915248
2026-07-27,,0.011613327993052387,0.041812925276690636,0.01920140394486841,0.00971037588834593
