Date,IBM,CSCO,AAPL,MSFT,ORCL,INTC,TXN,QCOM,AMAT,ADBE
2000-09-25,-0.46443638,-2.4777975,1.219443,-1.9641644,-1.1603925,-2.4426222,-4.0767174,-1.9012582,-1.568008,-0.60116524
2000-09-26,-2.078446,-1.6020141,-1.4616336,1.1505673,0.34774655,-1.9789171,-2.4996388,1.8850268,-1.253905,1.0465237
2000-09-27,-0.62486464,1.770616,-1.8182007,-1.9786212,0.20814246,0.5072532,-0.634059,-0.37956887,-1.0224353,-0.8863978
2000-09-29,-1.47505,-3.2378297,-20.189709,-1.0026037,-1.4524862,-2.7304928,0.39562616,-2.0543644,-2.884854,-1.4534165
2000-10-02,2.8945777,0.24260956,-2.232813,-1.2316046,-0.02979268,-1.5060527,2.1356864,-0.05608809,-1.8431934,2.096744
2000-10-03,-4.156211,0.670597,-4.3199153,-2.662603,-5.752868,0.16552763,-1.1567609,0.61723715,-3.8112621,0.09083042
2000-10-04,2.210212,1.9270253,2.7491403,-1.2731854,-0.9287746,1.7399578,1.7166474,3.284384,1.8309935,-1.5160542
2000-10-05,-0.6860432,-0.7657235,-2.9935157,-0.19747977,0.09385948,-1.060842,-1.7134858,2.2481546,-0.86227345,-2.7502282
2000-10-06,1.5795538,-1.0826778,0.1992975,0.05504905,-0.47264922,-1.1412125,-1.7665265,-2.75922,0.68742424,-0.28882098
2000-10-10,-1.7153436,-2.350341,-2.2092688,0.25627658,-1.5708859,-1.8521755,-2.220732,0.07584313,-5.259628,-1.8283592
2000-10-11,-1.6520373,0.10078572,-3.2617443,1.1278056,-1.9703887,-3.0876026,-1.6537981,-5.232841,1.9680467,2.1755462
2000-10-12,-5.4374533,-1.401737,0.91172653,-1.6389627,0.6046503,2.3619726,-2.677566,-3.9081378,-2.991497,-6.547221
2000-10-16,1.3236755,-1.5496961,-1.4638892,-4.109031,-1.6800731,-6.4054847,-1.076646,3.9789126,-3.9006023,-1.1753248
2000-10-17,1.1226097,0.094298676,-3.461454,-0.07677,-1.3168501,0.62392247,-3.8316195,-1.6668844,-3.839145,-2.9341435
2000-10-18,-11.119773,-2.2239695,-0.06365807,1.3699305,-0.20912395,2.6165977,-4.120091,0.26503468,-2.4111853,-1.3743399
2000-10-19,0.7204713,5.8296633,-3.2211955,10.505714,4.198559,4.6706276,10.294973,1.1220918,7.474418,2.9426017
2000-10-23,-1.2949871,-1.2996683,2.2002082,-3.0110939,-1.7928284,0.22656418,1.3202252,-0.72614473,2.2489362,0.13859883
2000-10-25,-2.8546433,-4.29248,-1.114159,-0.39984393,-2.1785166,-0.9060926,-3.5701303,-3.3065236,-0.6658461,-0.09145712
2000-10-26,3.8235939,2.982025,-0.06389942,2.8544688,-0.4881634,3.8512604,1.7371389,3.6286619,3.4118214,3.1988058
2000-10-27,0.70138127,-2.940544,0.103496626,2.791289,0.17538205,1.8188977,0.45914453,1.6633096,-4.1272793,1.4948364
2000-10-30,-0.25900367,-2.5066845,2.0408554,1.012839,-3.6482062,-1.385906,1.9129578,-4.1745424,1.1431704,-3.1894343
2000-11-02,2.2180521,3.3021038,4.4183764,0.42555678,-2.8580868,1.7697072,0.6814666,0.8171443,0.5007175,1.9614425
2000-11-06,0.12539174,-1.3497808,-1.9914464,0.89905053,-3.8026657,0.55950487,-0.27850777,-0.056260236,-0.18747868,1.3495393
2000-11-07,1.2917078,1.4097339,-0.3394619,0.6752692,-2.3352268,-0.39438048,-1.4276294,1.809156,-2.1035206,-0.55899346
2000-11-08,-1.4084392,-4.071449,-3.24196,-1.0173132,-3.243773,-3.624704,-2.7530773,-2.9295843,-3.155434,-1.1095356
2000-11-09,-0.3606473,1.0722172,0.27908248,1.0421284,4.3338957,-1.4772522,-0.5108437,2.113178,-0.14465143,1.5588776
2000-11-13,3.0873842,0.35445774,0.7771941,-0.97526705,-1.4048012,1.4895328,4.094961,0.55018663,-0.78324264,-3.2615917
2000-11-14,1.4043242,2.7922225,2.212058,1.9256346,6.9755797,3.3836296,3.5907145,2.7989101,1.1120758,5.6314225
2000-11-15,-0.055706356,0.47099724,-1.0347112,0.91786045,0.8934729,0.62270087,2.3222342,1.858692,1.2026428,-0.2744002
2000-11-16,-0.73779404,-2.6038191,-2.4545805,-1.1394987,-2.8996706,-1.9641392,-1.580252,1.8027714,-1.1871479,0.15700486
2000-11-17,2.468149,1.7572192,-1.4463395,-0.04627421,2.6485436,1.7884976,-2.9504893,0.2686472,-0.58610106,0.6782241
2000-11-20,0.8895605,-1.5350116,1.1482931,-1.8134298,-8.128431,-0.53503346,-1.6528934,-2.1085973,-0.086393975,-4.08534
2000-11-21,-3.089418,2.4864826,-0.40826407,0.3421107,-1.8871366,1.734594,-0.46304494,1.3168017,1.0897126,2.337346
2000-11-22,0.029697131,-3.190826,-0.9430933,0.28363755,-3.593602,-1.8128008,-0.32544476,-4.402021,-0.14760913,-4.777071
2000-11-27,-0.98441,-1.474358,-1.7999661,0.482949,-2.282956,-0.07136476,0.23729646,2.2931933,-2.4206083,-4.701505
2000-11-28,-0.35244742,-0.2275251,-1.9345311,-3.3671815,-1.1027747,-2.3277504,-4.3035345,-2.9799464,-3.0624533,-2.8743632
2000-11-30,-4.277403,-3.6178792,-3.3138056,-7.3355737,6.791747,-5.205432,-2.07781,-1.3536881,-2.4853306,-0.6728343
2000-12-01,1.4488529,0.6359633,1.3615614,-0.86787933,-0.13255532,-4.6605463,0.53223985,1.3356028,-1.942513,2.6121578
2000-12-04,1.3612508,-1.9194319,-0.6769706,-0.21826406,2.0652864,-1.1673579,1.4223281,2.259031,-0.11092616,0.3041437
2000-12-21,-2.8869226,2.400303,-0.6963283,1.8600569,1.164389,1.2667868,0.65126634,-0.60903686,-2.198179,1.4661672
2000-12-28,0.3269461,-1.1357361,-0.006074657,-1.9765452,0.3993286,-1.8802581,-0.20198373,-0.25965148,-0.1798752,-2.2656832
2000-12-29,-0.2078905,-1.3037728,0.12634155,-1.3353695,-2.4721508,-1.0630552,-1.7496972,-2.8820276,-1.1547607,-2.1413517
2001-01-02,-0.15571482,-6.3067403,-0.021426529,-0.13126451,-4.22909,1.3332207,-0.9946267,-6.294343,1.2242827,-9.579408
2001-01-16,-0.72766304,0.6173419,-0.24588615,-1.1882842,-0.80254537,-1.2061626,-0.22332601,-0.6113688,-1.8393527,0.36283764
2001-01-17,2.7819378,0.7193211,-1.0198278,0.26908472,2.2853167,-1.489103,2.7584703,1.1163564,3.2625196,2.301008
2001-01-18,7.6778507,3.935507,5.4749064,2.6890843,0.88002104,2.6879275,0.6179978,-0.049435712,1.4915042,2.1659698
2001-01-19,1.9067353,-2.027142,2.1905122,5.5924635,1.1829413,2.0391197,-0.939225,-1.6857375,-0.18702047,1.9287794
2001-01-22,-1.6883442,1.5037224,-0.79522043,-1.0492332,-4.616013,-0.36388496,-1.7685549,2.9219031,-0.896528,1.3760818
2001-01-23,0.357617,1.635276,3.28388,0.27338406,-0.6005535,2.866849,-3.771934,1.14031,-0.65910494,-0.454389
2001-01-24,0.8406215,-0.03853997,-0.05561654,2.1051073,-2.312563,1.1183852,-1.6153382,-1.988864,1.0635158,0.4876205
2001-01-25,0.19398889,-3.8144467,-1.5167292,-1.1838157,-0.21969078,-2.3047214,-1.5592726,-0.27593577,-0.8044449,-2.328112
2001-01-26,2.0150998,-1.1401638,-1.048992,1.8697757,0.671968,1.7506125,-0.6510842,3.8402276,-0.81912535,0.7406545
2001-01-29,0.47249177,-1.4622062,5.270213,0.30840892,0.08329385,1.5103348,2.651549,2.8656116,1.8448834,-3.253766
2001-01-30,0.9095929,0.96396804,0.098161116,-1.1230344,-0.21081737,-0.10757247,0.7215731,-0.6506953,1.6386738,-1.0574476
2001-02-01,1.2005706,1.0826617,-1.2795838,1.0887332,1.4975574,0.95526934,-0.13345833,0.51101476,0.11424577,1.7066989
2001-02-02,-2.1280034,-3.2720244,-0.66304487,-1.4559009,-3.310259,-2.3363147,-0.6163086,0.6305027,-2.2224078,-1.8118751
2001-02-05,1.1471118,-1.2320809,-1.1392788,0.9057629,-0.43939126,-1.263457,-2.2112217,-0.2811826,-1.7348994,1.7666403
2001-02-06,1.1279813,1.612525,2.0574036,0.42959937,0.17561367,0.88230526,-0.038579214,-1.8610953,-0.032025073,-1.3806792
2001-02-07,1.5887688,-6.463552,-0.7420832,1.7258521,0.070277534,-0.63322556,-2.183657,1.7468635,-1.0544447,-3.8627298
2001-02-08,-1.5843166,-1.6695077,-0.05024511,-2.3720672,-1.009204,-0.46458685,-0.33328867,-1.0355145,-2.298179,-5.092721
2001-02-09,-1.2013583,-3.0933847,-4.27105,-3.161603,-6.997458,-1.6358414,-1.7734154,-3.024444,0.15410323,-0.72574246
2001-02-12,1.6864864,2.3504953,1.4793129,-0.51068735,-1.1740018,1.3866981,0.40735936,1.9035485,1.1970165,2.9839447
2001-02-14,0.7719026,1.465772,0.9538549,0.04504737,4.6700845,2.187489,1.5122603,1.4174138,4.947825,3.24966
2001-02-15,0.9371138,2.263254,1.2571071,0.2845377,0.85584795,2.031588,2.0423267,1.0428679,2.0608463,-1.279909
2001-02-16,-0.9810919,-3.7991595,-1.4946536,-1.472453,-2.503363,-1.655599,-4.23008,-2.4506433,-1.0000155,-2.9652724
2001-02-20,-1.985138,-3.6083634,-1.0912529,-1.4998598,-1.598616,-3.6787276,-2.473819,-2.7687078,-1.9458089,-2.5522566
2001-02-21,-2.3287525,-1.6137005,0.83929515,0.23236378,-0.26010656,-0.92645806,-0.3335788,-2.4503706,0.48045412,-5.6271324
2001-02-22,0.76315236,2.2654667,-0.103104435,-1.1062498,0.6149518,-0.99933267,-1.8608384,-2.5052874,0.06642427,0.4798547
2001-02-26,0.758357,-1.5445719,0.96990466,2.4461095,2.1432612,-0.6203404,-1.4035085,0.7143075,-0.18175985,-1.2754583
2001-02-27,-1.6356081,-3.5763538,-0.18917175,-0.28379992,-2.7298183,-0.69920707,1.1009487,-4.9479127,-2.3211784,-1.623267
2001-02-28,-1.6162435,-0.5195959,-1.7949541,-0.4264825,-5.155345,-0.6028881,-0.6010146,-0.61926,-2.3275552,-1.9546914
2001-03-01,3.4803782,1.4447255,0.81054205,0.18241744,4.4662356,0.72084427,3.4050722,3.8827953,2.4035275,-1.4094043
2001-03-02,-2.1563628,-4.1107473,0.7894532,-2.349677,-9.081511,0.22382407,2.912621,-0.48621002,-0.13913403,-0.5645814
2001-03-07,0.76192504,0.033127166,-0.37474,0.83229774,1.9528297,1.59863,-1.3431398,-0.8864095,-0.07332911,0.19755241
2001-03-09,-4.4750633,-4.5402417,-0.8496021,-2.5303419,-2.8526058,-5.03169,-2.5564647,-4.1015253,-2.8983006,-0.3322943
2001-03-12,-1.8241564,-2.7567313,-2.3503997,-3.1036081,-2.3528602,-1.753169,-1.4460571,-2.0588677,-0.3011509,-1.0158622
2001-03-15,0.26487863,0.13671729,-1.1427476,-0.3173551,-3.009,-0.6523332,-0.047807984,0.42532593,-1.3545369,-1.4178233
2001-03-19,1.5602225,1.8151579,1.420901,-0.33213654,3.4995856,-1.1353718,1.3135871,5.094375,1.7524446,3.9765446
2001-03-20,-2.5331113,-3.1643677,-1.3619982,-1.3557673,-2.4920485,-3.2456574,-0.28206253,-2.3395295,-2.7143223,1.0526161
2001-03-21,0.43212625,0.53041166,0.68945354,-2.334733,0.86970866,1.3125067,1.7928553,2.290702,1.4545853,-0.30785695
2001-03-22,0.011810958,1.0879523,3.49451,4.150369,2.2180088,4.9693847,4.648289,-1.0282412,3.7484634,4.403476
2001-03-26,0.7228196,-1.0664189,-1.2680935,-0.3149568,-0.79890513,-0.42944187,-1.4329462,-0.9087576,-0.44304556,-1.4173326
2001-03-27,1.5109048,0.34859166,1.0956246,0.96735656,1.5614138,0.8568796,-0.15567003,1.1515918,0.5975162,1.8322148
2001-03-28,-2.116347,-3.5096726,-0.73880106,-1.431679,-2.4186509,-2.1703851,-2.6164536,-2.038049,-1.4604824,-1.7743387
2001-03-29,0.20453611,-0.7538073,0.37731615,-0.15716302,-1.3751422,-0.33809108,-0.7646684,-0.095066905,-0.9964438,-0.9819251
2001-04-02,-0.68754625,-1.2232256,-0.531489,0.53326374,1.0114307,-0.5079822,-2.1520627,-2.217427,-1.9205067,-0.70610696
2001-04-04,0.43284956,-0.057255153,-0.55304056,-0.55002177,0.35065222,-1.6404365,0.13678703,-0.73664385,-0.84897035,-0.76524985
2001-04-05,1.9973261,1.7368822,1.2481619,1.9181352,1.6906106,2.4033566,2.273619,1.6376238,1.8386788,3.0729256
2001-04-06,-0.1351571,-1.9714671,-0.26912734,-0.30475998,-1.6824175,-1.7485316,-2.0415835,-1.4961629,-1.0595341,-0.54103774
2001-04-09,-0.794809,1.4703314,-0.04707181,0.39683348,0.9020399,-0.42578387,-0.6062435,0.2500347,-0.64987355,1.0766066
2001-04-10,1.2336789,2.4234204,1.7821164,1.2493998,1.746025,1.7200956,1.8130718,1.724178,2.1821096,3.4627128
2001-04-11,-0.7972427,2.8156161,-0.30326384,0.1282158,1.0711153,3.0917554,3.8103418,1.1243492,1.8707834,-0.46031266
2001-04-12,-0.59126544,0.9358143,0.7397982,1.0400382,0.48844674,0.58663136,1.0677727,0.8544128,1.6888148,0.1651302
2001-04-16,0.21512266,-1.3698288,-1.2929554,-0.89500314,0.22808254,-2.0561697,-2.0608094,-2.51896,-0.9239411,-0.20107852
2001-04-17,1.2399825,-0.87185264,-1.3159235,0.29039448,0.42483118,-0.28081563,0.7622423,1.1276491,-0.21899274,0.16126531
2001-04-18,3.2894502,2.5974784,3.4073536,2.3870282,3.2826235,6.078759,1.8938816,4.210896,3.1706011,3.4582345
2001-04-19,3.2984216,1.6876734,3.4788876,1.3096931,3.8663158,1.143709,2.012067,3.154194,2.6919901,1.2321082
2001-04-20,0.07283238,0.33623722,-0.62450767,0.33294627,-0.82036227,-0.047469355,-0.8085995,-0.9011971,-0.94684625,-1.0574985
2001-04-23,-1.0528849,-2.5533693,-0.78156286,-0.39174545,-3.9790013,-1.7285805,-1.2146716,-2.1673706,-1.5211693,-1.635416
2001-04-24,0.22145964,-1.925999,-0.25609657,-0.440622,-0.37392643,-1.1941136,-0.9963606,0.5209797,-0.57873124,-0.20276351
2001-04-25,0.7592285,-0.8872503,0.74314076,0.9130238,0.42468172,-0.10731752,0.43432942,1.3171937,0.6281746,1.0816144
2001-04-26,-0.52388257,-1.0861057,-0.035739567,-0.39142904,-0.7107075,-0.44079137,-0.47277626,-2.3347251,-1.345066,-0.040209856
2001-04-27,1.2333647,1.1015841,1.7703135,-1.5622517,0.52659154,1.9810754,2.582738,-1.1958402,1.9929577,0.7952189
2001-04-30,-0.6028251,3.988778,-1.2776467,0.3899612,-2.6797242,0.98810905,1.9278978,0.7023312,0.4293156,-0.7080738
2001-05-01,1.9054742,2.354569,0.84379125,1.895184,-0.3812172,0.35694218,0.97773147,3.078557,0.23956297,-0.88816124
2001-05-02,-1.7326425,5.4209247,0.97334707,-0.45898724,2.9564734,0.98258626,0.36999816,-1.2387,-0.33422247,-1.259735
2001-05-03,-0.94854397,-3.025989,-1.7366908,-1.0512933,-1.7782875,-1.9659665,-2.060194,-0.91863793,-1.532869,-2.2476559
2001-05-04,1.2375052,2.4826784,1.5971673,1.6881331,1.7539032,0.6583368,-0.18084633,1.8782691,-0.90983546,0.7576317
2001-05-07,0.013475941,-0.8951025,-1.3294914,0.36128077,-0.6000207,0.34871048,0.6139879,-0.8586483,-0.69007134,-0.2208984
2001-05-09,-0.40902653,-2.8633084,-0.85262585,-1.4120156,0.019976243,-2.1307983,-1.7388132,-1.9991223,-1.2488341,-0.5939878
2001-05-10,-1.0004365,-0.7223334,-2.2462132,-0.4674222,-1.8938172,-1.4419351,0.2333499,-0.58538705,-0.10988827,-1.360792
2001-05-11,-1.954376,0.58598757,-0.37970302,-0.6297175,-1.4201983,-1.6978967,-0.40380865,-0.58300537,0.4572895,-0.48824733
2001-05-14,0.42871332,-1.1548823,0.82833016,-0.68810797,0.36323798,-0.8550596,-0.8300653,-0.8595476,-1.652789,-0.8182613
2001-05-15,0.59379345,0.46912792,-0.29083768,-0.5153394,-0.34265152,-0.3829128,0.24956313,1.8191553,0.07441341,-0.43313077
2001-05-16,1.2130705,2.9788413,1.1283783,0.57251185,1.1951977,1.6792369,1.5720006,3.3790662,3.0097616,2.450975
2001-05-17,-0.41767687,-0.29319686,-1.0946943,-0.9466645,-0.7970393,0.32583886,1.4002285,0.94260836,-0.23159029,2.5761333
2001-05-18,1.3539387,0.88082314,-0.09784023,-0.21465676,0.46601993,0.21291392,-0.14442496,-0.722772,0.73804903,-1.1465763
2001-05-21,0.90273106,6.1870675,0.013511407,0.45066255,5.157355,1.7816633,2.3873339,3.4453678,1.7387048,2.9736025
2001-05-22,-0.5504211,1.3740319,-0.18931988,1.1357137,-1.4824487,-0.6614707,-0.6585301,-0.7481864,-0.7558738,0.7467951
2001-05-23,-0.32597163,-2.3787315,-0.65465915,-0.6520631,-2.1414135,-1.2244283,-2.004336,-1.2130669,-2.799627,-1.7879171
2001-05-24,1.2287179,1.2209157,-0.117371455,1.5119151,1.2994927,0.6053556,-1.4050907,1.0860845,1.0301306,0.9361537
2001-05-25,-0.9926334,-1.7346379,-0.7951812,-0.76550865,-2.0811186,-0.19283572,-0.6652414,-1.6200455,-0.59804267,-0.75870925
2001-05-29,-1.4189285,-3.4457643,-2.5754306,-0.5866032,-2.5146854,-1.9060259,-1.5435598,-0.94750124,-1.4686365,-3.0991316
2001-05-30,-1.504477,-3.4638858,-4.2082453,-1.075409,-3.3621762,-2.0507243,-4.4166217,-3.0295713,-2.374345,-1.7058605
2001-05-31,-0.48774847,0.6945253,0.40337923,-0.1507207,2.5010297,0.65436095,1.347916,-0.85431063,0.7142536,-0.4112065
2001-06-01,0.6511758,-1.0301262,2.3447733,0.8233983,1.7340337,2.8718393,0.13503805,0.5038516,1.0317496,0.86748224
2001-06-04,0.4407987,2.232261,-0.63162166,0.21782823,0.5672762,-0.42293474,-0.039766356,0.15053278,-1.0864652,-0.2977642
2001-06-05,1.907464,4.348429,0.65330833,1.3307076,2.0430799,1.920684,2.2271528,0.9904728,1.8540982,1.4289957
2001-06-06,0.32543382,-1.9051573,-0.58600783,-0.35000157,0.7191505,0.08793812,-0.67827624,-0.7824955,0.03126868,-0.9272638
2001-06-08,-0.625159,-3.2472506,-0.8792368,-0.5475588,-0.97713464,-0.81938857,-1.6563438,-2.6003377,-0.64284295,-0.9065929
2001-06-12,-0.052028544,0.011039784,0.65704435,-0.17473286,-0.16900018,-0.34945726,-2.4552627,-1.4200249,0.5714953,-1.1970905
2001-06-13,-0.3926031,-3.2581606,0.36922362,-1.260089,-1.9191402,-1.6705439,-1.1843537,-2.9829736,-0.6280262,-1.1081331
2001-06-14,-0.45153165,-3.1680012,-1.0898135,-1.5491396,-1.8902861,-2.1734395,-3.2818468,-2.2542367,-2.1381214,-1.3209577
2001-06-18,0.3880123,-0.3964535,-0.32545215,-1.1064994,-0.5205536,-0.25027522,-1.4588692,0.5048488,-0.54548645,1.0505093
2001-06-20,-1.0059166,-0.641618,3.1062555,1.5804024,1.9441276,1.2581171,0.46877545,-1.6999824,-0.04496001,2.5143485
2001-06-21,-0.29586837,3.4175587,1.0345185,0.20485923,0.8652374,-0.35458666,0.575738,3.1698992,-0.6695616,-0.02377472
2001-06-22,0.08797902,-0.32162136,-0.3299245,-0.75480664,-0.89963377,0.30047247,-0.13932218,0.8719062,0.9052448,-1.4281834
2001-06-25,-0.1504458,2.4052734,2.134939,-0.103207454,0.6123811,1.4633194,0.6639689,0.13940918,0.5223069,0.8332493
2001-06-26,0.19320369,-1.1617991,-0.28729004,0.8592425,1.4939467,0.51854706,0.04382357,-0.7561594,0.1725746,0.08976475
2001-06-27,0.2264162,-0.18189347,-0.5062528,0.6005062,-0.90751785,-0.45651147,-0.032138627,1.3852692,-1.3674847,-0.3121645
2001-06-28,0.8549287,1.638068,0.2266711,1.0676687,2.5332644,1.3529261,1.0250642,1.3746774,0.76887,2.3290167
2001-06-29,-0.7829413,-0.7242989,-0.39085183,0.053247575,-0.37027586,-0.46819058,0.16342075,0.3974077,-0.36530477,0.05962989
2001-07-02,0.35455975,2.0890563,0.8655137,-1.54016,1.0126474,0.9470953,0.9422181,-0.40062425,0.48609585,-0.07653863
2001-07-03,-0.7207724,-0.028693678,-0.08547017,-0.18967092,0.31058738,0.46683103,-0.57966745,3.2440085,0.10692665,-1.3545505
2001-07-05,-0.4865189,-3.4958484,-0.87215525,-1.4165118,-1.6481068,-0.77652735,-1.1071665,-1.4183005,-1.1429155,-0.5703919
2001-07-06,-3.2132885,-1.9968956,-1.4091674,-2.0274444,-1.6156094,-1.9531095,-2.815217,-2.2123992,-2.7646284,-1.2762823
2001-07-09,-1.1004274,1.3282601,1.534865,-0.46237433,1.734956,0.6915968,0.18880515,2.45664,-0.51332915,0.5987932
2001-07-10,-1.7474251,-2.9214575,-3.5700645,-1.1910471,-3.3076346,-1.7420988,0.33180594,-1.9954143,-1.93259,-1.070249
2001-07-11,1.2003682,1.4705689,3.21186,1.6158848,1.0258684,0.3843887,0.55025417,-2.0333514,1.0855906,-1.6021786
2001-07-12,2.08755,3.1597323,3.382703,4.007739,3.8896303,2.9587226,4.1804047,4.8257427,1.9714484,1.531448
2001-07-13,0.7723741,2.2970326,0.94521195,-0.34294853,-0.30323035,0.0920468,0.04017381,1.3850696,-0.14570983,-2.742466
2001-07-16,-0.4298317,-2.637343,-1.8959804,-0.26563781,-2.0324683,-1.6053848,-2.2975466,-1.0710152,-4.0607605,-1.0640287
2001-07-17,0.43612322,0.25143197,2.4112422,0.37389365,1.9422401,1.1322268,0.21549797,0.29470852,2.3480506,1.8752754
2001-07-18,-2.6132658,-1.6947968,-9.561202,-1.1353809,-1.7401551,-1.5412104,-2.343442,-1.5426327,-0.99659336,-1.2410069
2001-07-19,-0.17473838,1.6942282,-2.154212,1.4562443,0.9215249,1.5658908,3.7090468,2.0247142,1.4673014,1.9394432
2001-07-20,1.0484672,0.6344464,0.013866459,-2.820649,-0.26037136,-0.078158,-1.7186269,-0.8937187,-0.29449093,-1.294778
2001-07-23,0.10164642,0.7834579,-1.2234828,-1.914026,-2.4228559,-1.487116,-1.0704494,-2.5946143,-1.4255692,-0.13364328
2001-07-24,-0.8163518,0.34110546,-1.2582864,-0.82760423,0.20308256,-0.25846732,-0.96095407,-2.312027,-0.68469644,-0.7027893
2001-07-25,0.2613537,0.92291784,-1.7596524,0.8723971,2.8271804,0.8514835,2.109195,1.2385563,0.7012054,2.1662471
2001-07-26,0.70925546,1.8310245,0.27896804,-0.9247245,0.36619326,0.5297119,3.1013386,-0.041306302,1.2018507,1.0548226
2001-07-27,-0.79125935,-0.80450237,0.9608051,-1.1419853,-0.92506903,-0.9688942,1.3892288,2.352848,0.8812338,0.038028605
2001-07-30,0.74422115,-0.42941013,-0.14391598,0.14599165,-1.0766889,-0.3670467,0.09654942,0.52793294,0.20651954,-2.7642272
2001-07-31,-0.38785008,0.8778526,-0.4398852,0.1990927,-1.5553975,1.1564841,-0.62810713,-0.68971753,-0.72522223,-3.472059
2001-08-01,1.1505196,2.673884,0.7073134,0.101743765,0.600504,1.3647118,2.6590664,1.343169,2.0017967,1.2707666
2001-08-02,1.0586162,-0.08264322,2.0026896,0.6977741,-0.049278975,1.8803535,1.7667086,1.8233564,1.29637,-0.09505863
2001-08-03,-0.36216122,-0.45284525,-0.9026694,-0.6285886,-0.84643507,-0.6481217,-0.8261625,-1.0348567,-0.41279018,-0.72876585
2001-08-06,-1.0040718,-1.2525014,-1.0466305,-0.8143262,-1.5215496,-2.2059991,-0.9878484,0.18872303,-0.8096197,-1.4265882
2001-08-07,-0.14251758,-0.6893604,0.26794627,0.047328796,-0.6474343,0.48129833,-1.699483,0.07312979,-1.7400223,-2.9491315
2001-08-08,-1.183081,-3.374072,-1.0073369,-1.4691076,-2.7599099,-1.6324527,-2.4255948,-1.6901639,-1.9208195,-0.48964804
2001-08-09,-0.049817313,0.90043116,0.3506801,-0.012556969,-0.9782621,0.009934725,0.70309734,0.3192434,0.014084087,0.89710927
2001-08-10,0.5508332,0.13957764,-0.12827097,0.30834553,-2.5159543,0.40939635,0.54538524,-1.3953809,-0.41882455,-0.94713956
2001-08-13,0.57442594,-0.2829967,0.14653826,0.13041769,1.6068617,0.87380195,0.12928247,1.7803991,0.23873632,2.243531
2001-08-14,0.21302064,-1.4543545,-1.0411389,-1.1393216,-0.4392203,-0.34785873,0.06264684,-0.5310342,-1.1620063,-1.7159809
2001-08-15,-0.7331561,-1.7676911,-0.8701365,-1.4805571,-1.6801494,-0.896994,-1.9311602,-1.6960407,-0.003582987,-1.2945101
2001-08-16,0.44834378,1.3286382,0.4587043,1.1093792,0.8483895,0.50495625,1.6031246,0.7546978,0.7657396,0.91576564
2001-08-17,-0.7112963,-2.4700472,-1.7054688,-2.6595292,-1.9176935,-3.3882833,-2.1680417,-2.3072357,-2.0682247,-1.9876008
2001-08-20,-0.3090838,0.849636,0.09979928,0.60924625,0.25062603,0.16318527,0.2507589,1.381074,0.5330677,1.9029838
2001-08-21,-1.4006627,-2.5693908,-0.6329282,-1.9312743,-2.233331,-1.8915341,-1.1993463,-0.9639433,-1.2471242,-1.0405927
2001-08-22,1.3345937,1.4697632,0.78227717,-0.26058823,1.7136257,1.4752262,1.54732,0.79817617,1.7067698,1.44604
2001-08-23,-0.605467,0.8364896,-1.2017173,-1.6091024,-2.0561936,-0.5029037,0.36751527,-0.63958186,0.122567564,-0.12861365
2001-08-24,2.5041516,4.1935773,2.1467097,2.6595566,3.858265,2.2481532,1.9785156,2.0171487,2.3706882,1.5813961
2001-08-27,-0.061801933,-0.6297765,0.90953946,0.09762173,-0.8752123,0.06157726,0.6100168,-0.8341461,0.2264148,0.10001286
2001-08-28,-1.1646554,-2.6221852,-1.4938958,-1.6464721,-3.2020612,-1.1306139,-0.41741562,-1.5365535,-1.8880677,-2.350523
2001-08-29,-0.49531138,0.004592894,-1.724782,-0.64647114,-2.5993118,-0.81288326,-2.341404,-0.13895397,-1.4434885,-0.550303
2001-08-30,-2.425166,-3.4321496,-0.07039213,-3.5338016,-5.632116,-1.8502036,-1.5571427,-2.23288,-0.7151804,-1.3657539
2001-09-04,1.0206481,-1.7110736,-0.89864016,-1.1284696,-0.5478683,-1.9860438,-1.4614403,-3.5321538,-1.2020817,-2.0379322
2001-09-05,-0.7419627,-2.660719,0.6607173,1.4763862,-0.06486811,0.9350272,-1.7571102,-0.9551956,0.04506508,0.079499304
2001-09-06,-1.550506,-1.5070626,-2.2897248,-1.849619,-4.5585465,-2.2595859,-1.9817921,-4.067065,-1.8868346,-2.083134
2001-09-10,-0.07418827,0.4031984,0.22791842,2.0831177,1.6128229,0.270115,-0.055543415,1.083797,-0.3371768,1.0045947
2001-09-18,2.1043303,-1.4322302,-2.139268,1.3528355,1.4704837,-0.25918013,-4.647454,0.4462036,-4.0975637,-0.2465691
2001-09-20,-1.5109061,-1.6938881,-2.5842288,-2.631133,0.2959394,-2.63067,-3.1869113,0.30439904,-1.7768362,-0.23652294
2001-09-25,-0.16668294,0.089495234,-1.1259205,-0.38786146,-0.58063376,0.36102024,-0.039421313,0.46480367,0.7075068,-0.22035567
2001-09-27,-0.62663853,-2.155388,0.5833377,-0.25125557,-0.41695207,-0.436268,-0.0059598004,0.5537749,-1.0388165,-1.1298766
2001-09-28,0.6474591,1.8812954,0.0075577735,0.57505876,1.09078,-0.1243508,1.1176263,-0.05245971,0.37071016,1.0124661
2001-10-01,0.36530733,-0.54647785,0.05206889,0.27518022,-0.04928426,-0.5213042,0.005443124,-1.3607904,-0.055620987,0.055471674
2001-10-02,0.29081374,-0.63010514,-0.51558065,0.43493807,-0.011676166,-0.41342634,-1.3682069,0.3843595,-0.5169021,0.17424695
2001-10-03,0.93852425,3.643854,-0.069843,1.1605439,1.730257,1.5049143,1.6191263,-0.45903683,1.5257887,2.267615
2001-10-04,0.07653157,0.63297164,0.99155986,0.028386332,0.16073488,0.27206755,1.2597988,-1.202228,0.31197375,0.49496529
2001-10-05,0.18175402,0.68541676,0.28854197,0.4218763,0.6030079,0.34770402,0.05032408,-1.6427817,0.2645413,0.110088125
2001-10-09,-0.453731,-0.572288,-0.21008894,-1.3818908,-0.37409085,-0.6742281,-1.3068565,-0.20355894,-1.379567,-0.716658
2001-10-10,-0.0030314473,0.7922903,0.9680014,0.34847975,0.95693195,1.4632536,1.2590771,1.8041354,0.6704674,0.26734823
2001-10-11,0.7728824,1.9943084,1.2131354,0.3330042,1.1796929,1.4411207,1.7536656,2.146083,2.0534203,1.8410532
2001-10-12,0.62102133,0.9527715,0.43938324,-0.043742236,-0.11111885,0.6223074,0.49238062,-0.15400758,-0.5933952,-0.11202366
2001-10-15,0.3693211,-0.9984462,-0.016522398,0.71174043,-0.9273418,-0.59079313,-0.7554039,0.39982206,-0.91496456,-0.59747195
2001-10-17,0.40862882,-2.4832492,-1.6184887,-1.5185583,-2.7663515,-0.46621525,-1.4218487,-1.754498,-1.8471893,-2.1023128
2001-10-18,-0.8340667,2.3349564,1.7313223,0.3969667,1.3443717,-0.69265556,-1.9973656,0.38549444,-0.5454137,0.3764468
2001-10-19,0.58974665,0.028969109,0.48293144,0.6432843,0.5639931,0.119931355,-0.28371847,0.45315552,0.75273776,0.86425054
2001-10-22,1.1556664,0.24483994,1.1486394,1.3462635,0.845646,1.4624895,1.2104143,-0.042319078,1.8023868,0.85666436
2001-10-23,0.23725554,-0.91611874,-1.4962355,0.09356325,0.09546604,-0.43177512,-0.38321766,0.58799577,-0.9069142,0.22489291
2001-10-24,1.3321404,1.8620186,1.3725919,0.5284392,-0.8716237,0.65286684,1.4073107,2.3166447,1.2853783,2.377802
2001-10-26,0.22119987,-1.0207053,-0.8574977,-0.38383523,-1.0519754,-0.36439332,-0.9876212,-0.4496929,-0.59944606,-0.44586763
2001-10-29,-1.4767684,-2.2717118,-1.5819212,-2.3579257,-0.5865571,-2.7335103,-2.6907458,-2.303277,-2.576937,-3.1963
2001-10-30,-0.005130582,0.4421592,-0.060459454,-0.8091671,0.27495387,-1.1109004,-1.8301164,-2.968106,-1.4889102,-2.3307397
2001-10-31,-0.3270801,1.1573865,-0.18885642,-0.90195626,0.215316,1.7955621,1.2142655,0.28184283,0.9699297,-4.0217595
2001-11-01,1.1474934,2.3550618,2.9014895,3.5338342,2.318123,3.0112484,2.1694221,2.0014071,3.266894,1.2824824
2001-11-02,-0.23505044,-1.0420864,-0.08913769,-0.54104704,0.8590335,0.56067115,0.8909807,1.4496017,0.94946223,-0.33696458
2001-11-05,0.24816391,1.6675235,0.7220082,1.4762491,1.4099879,1.006205,-0.07611328,-0.42241445,0.40165502,1.9794626
2001-11-06,2.1040113,1.4879798,1.049113,1.1828729,0.7312768,1.9470795,2.1826358,1.205208,1.3723314,0.47935754
2001-11-07,0.20436946,1.1683164,0.014880582,-0.5874831,0.98968226,0.026802033,0.44518152,0.19831419,-0.6544327,2.176396
2001-11-08,-0.04068078,0.41649762,-1.3945814,0.01494076,-0.38712385,-0.043735817,0.041726604,0.77962583,-1.0097536,-1.6428636
2001-11-09,0.16600028,0.31508607,-0.049314547,0.5627609,-0.23864782,-0.7035315,-1.3552146,-0.7649909,0.09235358,-0.28446263
2001-11-13,1.0974395,0.9340963,1.6276119,1.739412,-3.158475,2.8534942,2.7893472,0.8934293,1.8221703,2.6421366
2001-11-14,-1.3330072,0.8917738,0.5694649,-1.910093,1.4302996,2.045996,0.048538387,0.28371778,-0.17773733,1.0023437
2001-11-15,0.2064149,0.6031676,-0.27347744,0.011100823,-0.40457568,-0.7464445,-0.79327494,0.5371532,-1.6440029,0.5583683
2001-11-16,-0.12723313,-0.115442,-0.5462008,-0.21135685,-0.47578067,-0.11404105,-0.43430454,0.35787055,0.050917815,0.049618308
2001-11-19,0.13682595,0.98888856,1.4179518,0.31391364,0.5919416,0.32204774,0.2547275,0.9074466,-0.31561583,1.3456926
2001-11-20,0.1331823,-1.464489,-0.7071133,-0.73284435,-0.7253013,-1.0899893,-1.6002966,-1.5380644,-1.701972,-1.3551939
2001-11-21,-0.5977835,-1.3294812,0.22578683,-1.1145915,-1.3132163,1.0491906,-0.20681164,0.25640413,1.1796821,-0.05011615
2001-11-26,0.39906603,0.6667982,2.328835,0.18232197,0.7386747,0.87809247,0.7062462,-0.5290595,0.9675001,1.7228748
2001-11-27,-1.0411978,-0.40569943,-0.55474997,-1.0364316,-0.8169729,0.46871573,0.11128371,-0.2688635,1.4234085,-0.7296951
2001-11-28,-1.1757473,-1.8992234,-0.72521365,-0.9389468,-0.9276827,-0.7373845,-2.0670261,-2.0158129,-1.8830422,-2.8826919
2001-11-29,1.2686552,2.4026535,-0.18231308,1.6100934,0.17845836,0.68920225,1.3340801,0.7143233,1.2335556,2.0242393
2001-11-30,0.53203607,1.1323811,1.313418,-0.5604139,-0.4616707,0.369056,-0.049350362,0.099901594,-1.5103458,-1.7906445
2001-12-04,1.3944813,1.5413902,2.3309205,0.9103947,0.28768525,1.0283439,-0.010186693,1.7979704,2.925951,3.0966785
2001-12-05,2.4821887,2.1949,1.5907876,1.5316575,4.4029546,2.0565345,3.0950825,1.2718217,2.8779714,2.7267098
2001-12-07,0.1259452,-1.3114866,-0.39728957,-0.793896,-0.0029799088,-1.1708539,-1.0576742,-2.2913277,-0.97261775,-0.95340824
2001-12-10,-0.4102972,-0.8875379,-0.02294503,-0.7635337,-1.3902934,-0.39935166,-2.1501894,-0.048711576,-0.8619032,-0.96225756
2001-12-11,0.65233016,0.08808855,-0.97782665,0.056030408,-0.67802286,0.21159287,-0.067931056,0.17331858,0.1697137,-1.4443485
2001-12-14,0.42002037,0.91956323,-0.8208685,0.80520695,-0.31744763,0.8303231,0.54406697,0.5191912,1.0382366,1.6024857
2001-12-18,0.39954516,0.83737063,0.5200027,0.094777636,0.6552516,-0.20769377,-0.49952212,-0.027427686,-0.4637269,1.8197858
2001-12-19,0.9177913,-0.65613824,1.4295318,0.03894539,-0.44637224,-1.1328624,-3.102062,-1.1593142,-1.4264935,-0.5378951
2001-12-20,-0.6470526,-3.1341832,-2.5202742,-2.600387,-1.6499125,-1.7147515,-2.5533495,-2.4094121,-1.8652861,-3.0677435
2001-12-27,0.6579865,0.76536125,1.2891544,-0.02510046,-0.4322521,0.46157178,1.1602188,1.304391,0.38278645,1.6239053
2001-12-28,-0.3067844,0.1890133,0.7703447,-0.1522687,0.24460915,-0.74763393,-0.18611658,-0.41465515,0.68108195,0.6119692
2001-12-31,-1.0285901,-1.0210894,-0.68933153,-1.4234678,-0.78424424,-1.0360893,-0.99034184,-1.1217695,-1.669867,-1.6425257
2002-01-02,0.21059461,2.442597,1.9353962,0.44143417,0.40886775,1.7547054,1.0037589,0.95443535,1.228817,0.895894
2002-01-03,1.1353308,3.5865715,0.47507095,1.6621492,3.9272876,3.0891724,2.673736,-0.15093365,3.3488579,1.645635
2002-01-04,1.00252,0.1911551,0.16933033,-0.40112677,0.43196696,0.28735253,-0.45994708,-1.397153,-0.31869543,3.5583677
2002-01-07,-0.79520464,-0.70295906,-1.805039,-0.43966687,0.11160194,-0.7684316,-1.5897391,-2.8864832,-0.5248403,0.29911393
2002-01-08,0.3788366,1.128688,-0.7359815,0.55538857,0.86243796,0.3768717,-0.7138114,0.78332937,0.8642311,0.59501857
2002-01-09,-0.08683717,-0.2126221,-2.2965653,-0.72530586,3.0726333,-0.36806157,-1.3458736,-1.860582,0.7161067,1.1863272
2002-01-10,-1.2439021,0.37915057,-1.080792,0.334158,-0.13511239,-0.95637345,-1.1010019,0.35205036,-0.6846111,-1.4284947
2002-01-11,-0.9859022,-1.7948965,-0.49036908,-0.696166,-1.2064893,-0.17014794,-0.54331934,-0.26131675,-0.9481861,-0.53653485
2002-01-14,-1.2185128,-1.2701702,0.117317826,-0.23475832,0.27189574,0.3106913,-0.26017398,0.46165723,0.1677664,-0.5464961
2002-01-15,0.43043998,0.15299647,1.065432,0.74115294,1.5619501,-0.23004958,-1.1304158,-0.63824457,0.17307472,0.78830016
2002-01-16,-0.7998013,-1.8024732,-2.3319752,-1.5446349,-1.1649181,-1.3158245,-0.20940197,-1.0798204,-3.8274963,-1.4694684
2002-01-17,1.3741751,1.3576392,3.8530176,1.5007565,1.6905764,1.0072391,1.8177292,1.5454888,-0.03829357,1.0246234
2002-01-18,-3.0561616,-1.4326248,-0.39243564,-3.0605414,-1.8502147,-1.2698153,0.09773872,-2.1032834,-1.2322764,-1.6861979
2002-01-22,-2.0594893,-1.814342,-0.4653073,-1.3912964,-1.3566242,-2.1525834,-2.636146,-3.1973066,-0.86535364,-0.67904145
2002-01-23,-1.5574738,2.239335,2.518285,-0.77016056,2.202724,0.97262245,0.38177505,2.0655506,1.6267056,0.7905085
2002-01-24,0.51813686,0.3569665,0.3652239,0.6389622,1.4599544,1.0547491,2.5013707,0.07508299,-1.3094888,1.449692
2002-01-25,0.374481,0.26359892,0.016432293,-0.9056216,-1.7727754,0.66291076,-0.03739975,2.098367,2.0386324,-2.4009962
2002-01-28,-0.66070676,1.566061,-0.019112376,-0.13340166,0.6247669,0.2915941,1.5743053,-0.69753265,0.64126146,1.3968229
2002-01-29,-3.2054083,-1.8528109,-0.51387423,-1.5703125,-1.2667125,-1.9407201,2.5539308,-2.1841626,-1.6381904,-0.05177762
2002-01-30,1.621074,0.8929772,2.1898994,0.3483297,0.33696485,1.6325297,1.1180056,1.379635,1.7019328,-1.3299127
2002-01-31,1.4588141,1.2218639,1.275606,0.64906615,1.8647579,1.5965172,0.69767594,-0.70591897,0.37601435,-0.5895053
2002-02-01,0.093557484,-1.5535457,-0.71659833,-1.1398083,-2.6950765,-0.5947052,-1.1340711,-1.635188,-0.7543366,2.9159954
2002-02-04,-0.7406331,-2.673438,1.9327462,-1.6840669,-0.9407418,-1.1050011,-1.2548416,-1.7903084,0.8800813,-1.4989911
2002-02-05,-0.28312302,0.5928997,0.13298918,-0.12746897,-1.0457631,-0.30898637,-0.037667807,-1.1053139,0.34404048,-0.270379
2002-02-06,0.3168496,0.3454813,-1.6682928,-0.883642,0.72597176,-1.3767611,-0.43945995,0.7395811,0.10800579,-1.0492421
2002-02-07,-1.6790501,-4.3059583,-0.8373016,-0.7295685,-0.3892279,-0.94212127,0.02287197,-1.691959,-2.7610576,-0.20757192
2002-02-08,0.67984843,-0.8100851,-0.62701297,0.6678894,0.7253191,0.24665807,1.0742102,-1.9551561,1.1001952,2.5036035
2002-02-11,1.4799404,2.620776,2.0004408,0.3121718,0.46438894,1.3812485,2.3445861,4.09971,2.263761,0.8262945
2002-02-12,-0.47587124,-1.2972102,-0.6406849,-1.1374933,-0.5740926,-0.99007004,-0.23418929,-0.88507456,-0.97437334,-0.35289848
2002-02-13,0.9306496,0.77242553,0.57809424,1.4580377,-0.20065364,0.5293112,1.5051755,1.3674437,2.7673814,1.4263612
2002-02-14,-0.083344765,-0.14512633,-0.92046964,-0.28853667,0.62294984,-0.12444048,-0.62192965,-1.9860203,-0.6417351,-0.5824406
2002-02-15,-3.121029,-1.1038159,-1.5639849,-1.5734714,-2.749776,-1.6826065,-1.5494653,-2.9603071,-0.1915338,-1.7134882
2002-02-19,-1.0075165,-0.8496465,-2.9304385,-1.4605647,-2.453987,-1.5832354,-2.478164,-0.17651273,-1.3321271,-1.5334625
2002-02-20,-1.2842575,-0.33889043,1.0852749,0.8155974,2.4328933,0.09661816,0.04041881,-1.7110518,0.60165673,0.4750742
2002-02-21,-1.9518241,-4.8551245,-3.8732083,-1.9671828,-0.80687875,-3.0512152,-1.797683,-4.384331,-3.0722232,-1.3848264
2002-02-22,1.429045,0.48451117,2.827021,-0.21396698,0.7876124,0.022067213,1.0197752,0.17000253,-0.8473519,1.6332676
2002-02-25,-0.07756697,1.2370142,2.3059587,0.94822377,2.6629817,2.3619003,2.0526803,3.8747473,2.2216814,1.4417046
2002-02-26,-0.7586404,-0.28186664,-0.35951427,-0.668627,0.5407412,-1.5821815,0.16762385,-1.4795226,-0.41363257,0.8672205
2002-02-27,0.4611052,-4.0184116,-3.9920654,-0.29685467,-0.4761814,-0.23578916,-0.95579714,-1.6113086,-0.35681936,0.28172928
2002-03-01,3.216784,2.541205,3.9530666,2.8168948,-1.9353071,3.8616593,3.244156,3.265866,3.9529016,2.5415397
2002-03-04,1.8547245,5.0232353,1.7533367,1.6896178,-8.193354,1.3303311,3.5978355,3.1690855,1.6679373,2.7929363
2002-03-05,-0.12248353,0.1277472,-1.6955438,-0.35313103,0.63789487,1.2223353,-0.0395566,-0.10155109,0.6528397,-1.1078033
2002-03-06,0.4372408,0.9029916,1.1180521,0.36355498,1.1007893,0.3319979,0.26388276,1.076775,-0.43567568,0.4069191
2002-03-07,-1.6002234,0.7354555,0.5984446,-0.9993123,-0.5228452,-0.02875008,0.71160144,1.4612676,0.57573354,-1.7788682
2002-03-08,0.89375514,2.4108055,0.52641696,0.9961702,0.7051107,1.6895796,1.24708,2.25271,1.6181906,0.26618862
2002-03-11,0.12091821,-1.1004939,0.76504815,0.20791322,1.0664663,-1.1767666,-2.2230213,-0.23228402,-1.4518243,1.4697801
2002-03-12,2.041811,-1.9600275,-0.76976436,-1.8372011,-0.23231071,-0.7108462,-1.9745579,-1.1328938,-0.9976421,-2.6206553
2002-03-13,-0.79144657,-1.1763943,-0.5407412,-0.55313975,-1.8892238,-2.4250994,-0.52984905,-1.7533234,-1.0338808,-0.7128075
2002-03-14,-0.33657065,1.1986408,-0.18364054,-0.9860099,-1.6663865,-0.6304036,0.66133,-0.6661462,-0.25271422,-1.1574589
2002-03-15,0.14978844,-0.6149161,1.0260403,1.0744797,-3.4475152,1.1835899,1.6919208,1.5101056,1.0967188,3.2142732
2002-03-18,-0.26737085,-0.02291557,-0.48686114,-0.4612017,-0.023791146,-0.20999947,-0.15722612,1.6387978,0.77223164,-0.5917597
2002-03-19,0.75157756,0.7635013,0.15536244,-0.07277269,0.8682794,0.08927281,0.77017003,-0.7324755,0.50744253,0.9089498
2002-03-20,-1.2551532,-2.4380543,0.06100797,-2.286445,-1.1932683,-2.0358436,-1.5744125,-2.9635093,-1.3269005,-1.2187308
2002-03-21,0.8634461,1.6582787,-1.4945415,1.0968547,2.573425,1.3634269,0.9191569,1.5224664,0.7269546,0.7488293
2002-03-22,-0.7497367,0.30873993,-0.5037474,-1.0777158,-1.3091456,-1.3823862,-1.4876652,-1.4568441,-0.46261397,0.7588254
2002-03-25,-1.3026469,-1.2966893,-1.7459844,-1.403025,-1.4430288,-1.0768547,-1.6993932,-1.138718,-0.285886,-2.1885142
2002-03-26,-0.39695746,0.40308678,0.17221335,-0.309494,0.7806402,1.223128,2.125487,0.3362354,0.767912,0.7868726
2002-03-27,0.36263058,0.20908843,-0.065461166,0.20431727,-0.36978188,-0.68143517,-0.6519622,-2.2594674,-0.38452354,0.1461155
2002-03-28,0.42768657,1.9778457,0.36873612,0.71578044,0.6965983,-0.07181114,-0.036894996,-0.34058467,1.7039484,1.7171474
2002-04-01,-0.72074777,1.5857913,0.95564526,-0.06526251,0.099539414,0.9814946,1.1825228,1.720681,0.78610766,0.31932533
2002-04-02,-1.2269669,-3.0174341,-0.83455974,-3.1249185,-1.1341991,-1.659037,-0.47799578,-2.4178998,-1.1643139,-2.1577353
2002-04-03,-0.6295284,0.5808588,-0.7474255,-1.1245753,-0.21667235,-0.3078802,-1.0954161,0.33059245,-0.72710633,-0.058626045
2002-04-04,0.59814435,0.86131024,2.3746123,-0.024240505,-1.0822842,1.1074882,0.42813233,-1.2784176,0.610945,-0.44476512
2002-04-05,-2.370328,-2.0685346,-0.3874434,-0.7364703,-0.37099966,-0.8511977,0.09507885,-0.9160918,-1.3718503,-0.5342265
2002-04-08,-6.986645,0.12570028,-0.4334281,1.2409304,0.80433726,-0.2327936,-0.6162837,0.15777597,0.397932,1.1133766
2002-04-09,0.25653216,-4.229281,-1.0454878,-2.5669358,-1.4318926,-2.353303,-0.9831854,-1.4527137,-1.3793825,-1.4305689
2002-04-10,0.95006394,2.3573952,1.167186,1.3417857,-1.7500573,1.214942,-0.27752733,0.27442572,-0.36194545,0.39371818
2002-04-11,-3.638321,-2.0657969,0.3585654,-1.6751329,-2.4781964,-0.5142008,-1.7004975,-0.90476733,-0.53847605,-1.956117
2002-04-12,1.0337522,1.3204542,0.21425734,0.9814099,2.1000826,-0.8099336,1.0779549,1.1490116,0.044165853,3.011934
2002-04-15,-0.2054456,-0.70401686,-0.080523245,-0.29101765,-0.70138556,-0.36888316,0.32943055,0.37012255,0.46582994,0.26729673
2002-04-16,0.61146027,1.7205977,0.83931273,1.8916886,2.7142599,1.9582844,2.04379,3.6049905,1.88305,0.7697349
2002-04-17,-1.0626652,1.1751617,0.52373725,-1.2766833,-1.0554148,1.5469705,0.28834268,0.09795813,0.22985737,-0.7225778
2002-04-18,3.115021,-1.5577264,-1.4083992,-0.3989449,-0.5308588,-0.31031334,-0.59745234,-1.6356571,-0.95370036,-0.016410546
2002-04-19,0.04038877,-0.52514607,-0.9408619,0.6976278,1.0797703,-0.5571693,-0.46568608,-1.3959033,-0.43249822,-0.23859507
2002-04-22,-0.77560014,-1.267936,-0.9946318,-1.8198978,-2.146895,-0.11804413,-1.0279092,-2.7244074,-0.7412512,-0.62858
2002-04-23,-0.42876405,-3.0057645,-0.6498822,-1.8676046,-1.4043999,-0.90857524,-0.2846963,-3.6003933,-0.33971673,-2.0603647
2002-04-24,-0.60520774,1.5644219,-1.0910672,-1.2224139,-2.9479334,-1.1259567,-1.0403994,1.2520211,-1.544078,-0.38051403
2002-04-25,0.18879223,0.62212425,0.68879074,0.63823384,-0.018023862,0.24768983,-0.41658717,-1.2249117,0.29214913,1.391232
2002-04-26,-1.5155754,-2.466249,-2.4947753,-2.6679823,-1.8711638,-1.7576919,-1.6785288,-2.4262538,-2.5479932,0.095733754
2002-04-29,-0.62308294,0.89726925,2.047758,0.7002049,1.5462058,-0.21835586,0.34443808,-2.0872395,0.20820384,-1.0382242
2002-04-30,-0.0717069,2.0758364,0.59706354,-0.14341454,-2.1212728,0.94749004,0.4116541,1.2612264,0.55710304,3.5028455
2002-05-01,0.47898814,-3.7355957,-0.73102844,0.4024293,-3.345601,-0.043084115,0.3910444,-0.62021154,0.04856606,0.16514419
2002-05-02,-0.31956047,-0.20195024,-0.70986,-1.9374881,-5.3460693,-1.4444773,-2.2711074,-2.0289433,-2.7651615,-2.7951138
2002-05-03,-1.6302118,-1.8926767,-0.45394486,-2.0846386,-0.7382546,-2.3993556,-2.460628,-2.5232618,-1.3671114,-0.44468966
2002-05-06,-4.813401,-0.96881855,-1.9854234,-1.2877772,-1.3183831,-1.549171,-1.3145661,-0.70517683,-0.17978942,-1.5745294
2002-05-07,0.44774607,0.7678652,-0.46769738,0.86677694,0.16092068,0.62752265,-0.10713021,-2.8450875,0.2814103,0.09818427
2002-05-08,5.068313,11.095835,4.1268706,6.040639,5.163873,4.919741,4.9323997,7.194192,5.473826,5.800002
2002-05-09,-2.0217328,-1.6523992,-0.4446108,-3.301747,-3.916109,-1.3444698,-1.3092736,-1.6818168,-0.5734771,-1.7820246
2002-05-10,-0.18256941,-1.0606022,-1.9474243,-2.5461895,-2.930855,-2.2624807,-1.8006324,-2.4500828,-2.7137997,-1.2820139
2002-05-13,2.080574,0.98700124,1.2895081,2.9042594,2.8870695,2.6707923,2.5037053,3.35805,3.0684407,2.2858663
2002-05-14,2.6126356,2.463938,3.4104018,2.2588508,2.001968,2.6995711,1.5463387,2.156412,1.588198,2.4115524
2002-05-15,-0.73930347,0.39541364,-0.7468905,-0.29879567,2.2144525,0.083230905,0.5736514,1.7701937,0.08401151,-1.0567178
2002-05-16,0.75111276,1.3778698,-0.19833232,0.9013017,2.0353236,0.77681464,0.5560088,0.26665398,0.49012664,-0.39546877
2002-05-17,0.20478354,0.7477143,-0.46832803,0.1562514,-0.123315796,0.6179109,0.2944386,0.10615535,0.18487406,-0.6730087
2002-05-20,-0.9455565,-1.8975828,-0.62021506,-2.269999,-2.3313403,-1.5645734,-0.94888633,-0.8969323,-0.8799763,-2.269277
2002-05-21,-0.76829517,-1.2281647,-2.8275125,-2.1371367,-1.4237796,-1.8154078,-1.6428258,0.880094,-0.8061276,-2.2388132
2002-05-22,0.43041217,1.1934805,1.81333,1.4765459,-0.28471142,0.74073523,0.03276458,-1.7790072,-0.31387237,-0.27655658
2002-05-23,0.26091355,0.97711307,1.4209571,1.0290892,2.7396111,-0.32159755,-0.094029754,0.31021187,-0.97807264,0.17157556
2002-05-24,-0.95064515,-0.83118445,-1.1596265,-1.6183515,-2.3434129,-1.0201559,-0.8697762,-0.905827,-2.738818,0.5892592
2002-05-28,-0.8054648,-0.48725298,-0.22548836,-1.0922529,0.39546454,-0.47436818,-0.16048405,0.4348911,0.42635432,-1.1936456
2002-05-29,-0.38865364,-1.9406494,-0.010833906,-0.38213181,-2.5132918,-1.541561,-1.5723295,-0.41270858,-1.6596901,-0.963463
2002-05-30,0.47922933,1.0554886,0.23984918,0.4765411,0.065459035,0.19462039,0.064019024,-0.0376331,-0.9289923,0.7700326
2002-06-03,-1.849297,-1.2335465,-0.47707188,-1.6575087,-3.212704,-1.4816642,-1.3359184,-0.666666,-1.353645,-0.96804947
2002-06-04,0.93127096,2.1619198,-0.16765709,0.47149673,2.6871746,1.2794042,0.48579717,1.5036072,0.9031798,0.60951126
2002-06-05,0.9745875,-0.41960797,-0.098966576,1.6707473,4.310881,0.97557086,0.4639365,0.41452605,0.5213414,0.6034979
2002-06-06,-0.72748816,-1.2975681,-0.7876495,0.12325014,-2.61422,-1.7898414,-1.147997,-2.7917078,-2.6214309,-1.4478521
2002-06-07,-1.1239113,0.8311943,-1.3032975,-0.046610683,1.0756788,-8.604375,-2.0580401,0.057083644,-0.6459475,0.80479985
2002-06-10,-1.2494788,-0.7183681,0.09319866,0.7380696,-1.1568264,-1.7932264,-1.0322106,0.72262585,-0.38121882,1.9729006
2002-06-11,-1.1257076,-1.4285471,-2.101835,-0.39936784,-0.6299305,-1.7845529,-1.4275092,-0.33750352,-1.7881433,-0.640506
2002-06-12,-0.7350251,0.9551539,-0.80926824,2.9401405,1.2214358,2.7332728,1.1342697,2.1413677,2.0745645,0.25359946
2002-06-13,0.8395572,-1.2555513,-1.510809,-1.5348576,-0.021346105,-1.0588143,-0.19952454,-0.8982118,-0.716649,-1.3682728
2002-06-14,0.5211478,-2.0772433,1.392517,0.96323276,1.880422,0.3377518,-0.3184014,-3.4451983,-1.2157921,-6.554616
2002-06-17,0.87823224,2.883913,1.0573686,0.30757123,3.7555914,2.9131868,2.26464,-1.0634941,2.3637075,-2.5777905
2002-06-18,-1.0142485,-1.2597702,-1.0662707,0.17594124,-1.2926219,-1.2967427,-1.0399864,-0.57743955,-1.2428948,0.5373361
2002-06-20,-1.5844642,-1.4195981,-0.08736695,-0.4298145,-1.9910802,-2.1492586,-0.7594431,-2.9049892,-1.1418155,1.148618
2002-06-21,-2.6435738,-1.2556446,-0.8580953,-2.1895888,-2.1516192,-1.4150738,-3.1408753,-0.42427814,-1.0231977,-2.3531473
2002-06-24,0.9609467,1.3062626,1.2180631,1.973189,3.1376574,1.5449933,2.4626515,0.9927365,2.28761,1.2902018
2002-06-25,-1.0381094,-2.3906062,-0.47297248,-1.5200797,0.53738487,-2.8208578,-1.4832501,-0.77891845,-0.2322789,0.5511269
2002-06-26,1.4749529,-0.04674894,-1.9556324,1.1757314,2.8567078,0.7267508,1.6081408,1.0548422,-1.7989422,0.18318665
2002-06-27,1.8804623,1.646513,1.5273862,0.706657,2.954732,0.02170382,0.850122,0.524802,1.8967766,0.47213462
2002-06-28,0.1322092,0.56505316,1.9410018,-0.41131273,-1.2317916,-1.1308655,-2.0004597,-0.036944177,-2.05502,1.0431068
2002-07-01,-4.27694,-3.516598,-2.1005218,-2.4706018,-2.79485,-2.170545,-0.55330783,-1.7395626,-2.2852974,-2.690418
2002-07-02,0.95695335,-1.9961326,-0.4203119,-1.5059185,-1.771421,-2.7002048,-2.566504,-2.8313081,-2.5473495,-1.0000062
2002-07-03,1.8475821,1.9594496,1.7608714,0.30657735,4.8199525,3.3146052,1.9321214,2.5276065,2.314651,1.0372418
2002-07-08,-1.9766693,-1.3427284,-2.1087453,-2.24452,-3.467135,-2.676979,-1.6099448,-2.2072046,-2.0424664,-1.5738527
2002-07-09,-1.5058192,-1.8984914,-1.4683259,0.17333315,0.4414239,-1.4183265,-1.6725073,0.48948166,-2.9132,-0.7160551
2002-07-10,-0.8543669,1.3778658,-0.68420565,-1.2033614,-2.1866333,-3.0571575,-2.2631128,-1.8870958,-2.5494595,-1.0898464
2002-07-11,0.6434315,2.0638084,2.7715573,0.60204536,2.4247873,4.0029655,2.0239725,2.2453413,3.5999255,-1.427447
2002-07-12,-0.16407719,1.2605883,-2.3459377,-1.3453485,1.3962592,-0.7845575,1.1204854,0.21231385,0.47628668,-0.3842972
2002-07-15,1.7686461,0.2677177,2.0494428,-0.23209012,2.5468037,3.0543702,1.6973424,1.7709877,1.9173294,1.7129626
2002-07-16,-1.8510244,-0.583113,-1.1209989,-0.78506726,-0.83644503,-2.084264,0.9543454,0.5661208,-2.2709496,0.11294717
2002-07-17,1.6250639,1.9787636,-6.9806285,0.71162266,2.4399436,2.823425,1.204202,0.09523268,-1.0184879,0.5137922
2002-07-18,1.2998304,-1.6621054,-2.2462714,-1.1897148,-2.180289,-0.7262044,-1.1324747,0.4690965,-2.0647986,-1.8265519
2002-07-19,-0.017910022,-2.5891483,-0.17235662,-1.9914961,-1.7658322,-1.5083069,-0.70798945,-0.61564034,-0.9392506,-2.7643294
2002-07-22,-3.2535117,-2.5243547,-0.19590794,-2.6315103,-2.6165702,-1.0835443,-2.8734243,-0.83402973,-0.013337321,0.2686346
2002-07-23,-1.4000225,-1.7337582,-1.5196327,-5.762934,-2.178684,-1.1173935,0.1286866,-2.2592957,-3.1381338,-1.2080876
2002-07-24,2.4002366,2.2694845,2.5510912,4.0269103,3.1095698,2.1807678,0.9503996,1.5383853,2.3512044,3.1045995
2002-07-25,-0.16294152,-5.953739,-3.0003648,-4.6088777,-2.106449,-3.2617521,-3.7717907,-5.4923887,-6.255236,-4.0575056
2002-07-26,-2.836016,0.9292709,-0.12645523,3.1927633,1.6982301,0.8368165,0.37601176,0.47165218,0.17085405,1.9381627
2002-07-29,4.579552,5.9791436,2.3429315,3.4780111,1.1326306,2.7579875,2.3504126,3.2907178,2.081685,1.9621277
2002-07-30,0.578008,0.1482408,1.3369511,-0.3293061,1.61458,0.14888959,0.2556907,-0.9347442,1.5077255,-1.2031265
2002-07-31,-1.2660766,-0.53037286,-0.6282663,-0.29259193,0.6760582,-0.5073364,-1.0296547,-0.24712582,-2.3063562,-1.8040057
2002-08-01,-2.0222893,-4.199243,-1.6534121,-2.90776,-1.6896673,-3.199204,-4.256561,-3.1257324,-2.4760737,-15.614844
2002-08-02,-0.35734114,-0.78959274,-1.2276047,-1.8228627,-1.2626249,-2.1981,-2.4714332,-0.1953864,-1.001469,1.5635993
2002-08-05,-1.8389504,-2.213513,-1.74059,-0.6974177,-2.1297998,-2.3790252,-4.296742,-3.232125,-2.9772897,-1.9655365
2002-08-06,1.8694446,2.913214,2.666945,2.0003085,1.5818332,3.3059547,1.6077325,2.4273732,2.3393297,1.754905
2002-08-07,1.365904,3.565005,0.9842987,1.619953,0.92306715,1.4827255,1.385826,-0.38692167,-0.086344995,0.5526281
2002-08-08,2.186329,0.76010215,0.5051717,1.9213735,2.0846348,1.4659032,2.0079327,1.5609506,2.0772538,0.33256102
2002-08-09,0.18295628,-0.24339554,-0.69717926,-1.025847,-0.9004688,-1.2244413,0.83650976,-0.3174059,-1.4279389,-0.1785788
2002-08-12,-0.045333967,1.0972911,-0.083565846,0.27645046,-0.41183868,-0.9010876,-1.7395674,-0.22721498,-0.9112832,0.93467736
2002-08-13,0.14398478,-0.11972416,-1.4562913,-1.8993042,-3.5101318,-2.4709425,-2.327191,0.7203338,-0.45269322,-0.6067964
2002-08-14,2.746089,3.7541482,1.9466721,3.1002562,5.181057,4.491414,1.6183996,2.1380699,2.7591586,3.4384103
2002-08-15,1.4675651,0.07585316,1.436014,-0.09113738,0.3562296,0.8122441,0.98722184,0.9966547,-1.712674,1.656436
2002-08-16,2.511667,0.38214535,0.59159386,0.117476664,1.4015046,0.31074193,3.8539069,0.8190982,2.3423238,0.45518392
2002-08-19,2.629868,1.0417974,0.4848522,2.197414,2.67763,1.8283644,1.2843101,1.0643928,2.025534,1.6871262
2002-08-20,-1.0153265,0.07455671,-0.33779365,-1.303419,-0.89904016,-1.357426,-1.7769736,-0.9750087,-1.2409741,-1.7273258
2002-08-21,-0.19935676,1.4706483,0.6015598,1.2848386,-0.034089476,1.5117958,1.9714795,-0.17148674,2.5069652,0.34802404
2002-08-22,0.86555785,-0.00017125804,-0.58127356,0.9296543,2.1128333,-1.2431599,0.5203147,1.3602728,0.24591449,0.9981654
2002-08-23,-1.2708949,-2.3011374,-0.85197383,-1.2961725,-1.9199866,-3.3027043,-2.5602818,-1.1698717,-2.9721751,-0.677787
2002-08-26,-0.7856922,0.18312465,-0.7312201,-0.29194173,-1.0956572,0.41000968,0.61610746,0.5064768,-0.4169156,0.87273633
2002-08-27,-1.209591,-1.7471788,-2.4078891,-1.625491,-2.1695812,-2.8135185,-3.3566048,-1.9775246,-3.0376768,-0.14032452
2002-08-28,-1.6015038,-1.0513664,-0.5802546,-1.8528997,-1.205707,-1.0119168,-0.9263582,-2.0322154,-2.1346679,-1.8775018
2002-08-29,0.5038092,1.7933313,-0.05911221,1.2639757,0.23584434,0.80526066,-0.7167956,1.5405043,0.49867868,0.73379934
2002-08-30,-1.0541359,-1.3183053,0.121945135,-1.9047209,-1.8831655,-1.3742744,-0.6231043,-1.1145071,-0.33041054,-0.5070732
2002-09-03,-2.680218,-2.692008,-2.603727,-2.6289277,-2.7515204,-2.3507879,-2.853212,-1.3875854,-1.224521,-3.873908
2002-09-04,1.2217767,0.7418531,1.3021836,1.2670785,2.545265,0.63256836,1.4718758,0.26902074,-0.9723805,1.5161868
2002-09-05,-1.3874046,-1.8100681,-1.1519374,-2.9512286,-2.4277654,-2.9287617,-1.3681965,-0.6715324,-2.130429,-1.7913008
2002-09-06,0.9276171,1.0076612,0.6937766,2.2078288,2.5469337,3.1722481,3.2706854,2.5655026,2.7170947,2.1538281
2002-09-09,1.1664224,-0.22868909,-0.08671049,0.913945,0.7228955,-0.44939837,-0.33669698,1.9747128,-0.8775082,0.40823945
2002-09-10,0.9773778,1.8062242,-0.19806041,1.1455814,0.030506423,1.0829564,1.26249,-0.51047873,2.3465438,-0.39016575
2002-09-11,-1.2087746,0.5793782,-0.20881993,-1.6123742,0.034889247,0.39032495,0.35427198,-0.60410213,0.58238393,-0.2868453
2002-09-12,-2.0798535,-2.0422711,-0.6073988,-1.9220603,-1.7253195,-2.896204,-3.4676898,-1.6321673,-3.0542102,-1.7944658
2002-09-13,0.58816516,0.07318448,0.056944992,0.7869199,1.2556219,0.93243617,-0.54674906,0.5423139,0.8312689,5.2210016
2002-09-16,-0.13532467,-0.46888357,1.1312449,-0.32291636,-2.5549948,-1.1372623,-1.9349856,-1.9589068,-1.2446996,-1.3620096
2002-09-17,-0.49797845,-1.6143415,0.99436915,-0.7741698,-1.4628944,-0.49172094,-0.7545025,-0.6575228,-1.6504034,-0.5896411
2002-09-18,-2.0255187,-0.12711002,0.7019631,0.4201624,-4.1313868,-0.97010636,-1.0647383,-1.6481525,-0.019346662,-0.09151257
2002-09-19,-4.626426,-2.0344718,-1.5897826,-0.82854885,-1.29865,-1.0163251,-1.6042422,-0.53513974,-0.9004158,-0.7021079
2002-09-23,-0.54496616,-0.48967943,-0.13524923,-3.012925,-2.3406675,-2.7243147,-2.613128,-1.057741,-2.7298636,-1.580121
2002-09-24,-3.94195,-2.4603784,-0.82877177,0.38427544,2.4592927,0.6838041,0.4484854,0.06752283,1.8234082,1.6798095
2002-09-25,3.550883,2.4434052,0.9474152,0.97065836,3.699552,2.8730838,3.766537,1.1295999,1.8418064,0.5627836
2002-09-26,-1.0286437,-2.7524858,-0.88373756,-0.5589275,-1.9072081,-0.23780091,0.3740315,0.5590328,-1.980527,-0.14674377
2002-09-27,-1.7810863,-0.58485234,-0.0014528462,-1.4020557,0.6794335,-1.8825966,-2.7724378,-0.34905085,0.19453728,-0.12227178
2002-09-30,-2.2607567,-3.26626,-0.8352585,-2.0844233,-3.1112542,-2.326196,-2.418698,-1.6152118,-1.0114557,-1.4770702
2002-10-01,3.0804017,2.0121493,0.0024033657,2.9322717,3.5813854,2.2574277,3.671512,3.0599751,2.0744717,0.6952593
2002-10-02,-1.6682209,-3.9587774,-1.211887,-0.902307,-1.2636569,-1.1490303,-0.6682411,-1.5331937,0.84443355,1.2666405
2002-10-03,0.40879977,-1.1191583,0.43633467,-1.1662687,0.08797632,-1.4992394,-1.9001472,0.36799777,-3.424171,2.0372646
2002-10-04,-3.8119738,-1.6714451,-0.9646251,-1.4525073,-0.7366678,-0.4463133,-1.6735625,0.14088786,-0.67521834,-1.3917928
2002-10-07,0.2846058,-1.8540826,-0.7311073,0.22112395,-2.7727234,0.30284756,-1.300298,0.23667726,-1.6975219,-0.7025219
2002-10-08,0.21002984,-2.4942458,-0.32151234,1.0498536,2.0593586,-1.9308757,-0.80208737,-1.2517353,-2.0114698,-0.11699242
2002-10-09,-2.3112583,3.3806963,-0.37795255,-1.4179624,-0.024972422,0.7508285,-2.5337157,-1.2973131,0.14395766,-4.1838365
2002-10-10,2.9153035,2.5778353,1.8748778,2.8722608,2.4014008,2.2459412,3.0771732,2.8865259,2.5022702,5.152715
2002-10-11,6.7884007,2.728597,1.2113538,2.7993677,2.7085166,2.988139,5.4073405,1.9379833,3.138019,3.1598961
2002-10-15,5.02171,4.547011,1.2909727,3.224459,2.0999956,3.9037626,4.262684,3.184296,3.2507453,0.91656035
2002-10-16,-3.5086472,-5.2983823,-1.9993069,-2.2076573,-1.7839608,-8.654949,-3.839142,-1.5519818,-3.4704065,-1.776457
2002-10-17,6.9214506,1.7108135,-1.3974806,0.26422432,2.5153337,2.083213,2.6224864,2.127956,3.0603013,1.4102557
2002-10-18,1.8379177,1.6044215,0.80587167,2.484245,-1.8464055,0.6729312,-0.27331635,0.15672922,1.3076102,1.6312184
2002-10-21,1.1371804,1.9802731,0.7462031,-0.82953006,0.6960712,2.8799992,0.012338676,0.7196157,1.6548395,1.9605982
2002-10-22,-0.9179279,1.1359103,0.26339343,-0.9985943,1.0466963,-0.9107703,-8.334517,-0.013051656,-2.7570539,-1.6001323
2002-10-23,0.06030882,0.18971254,0.3298612,1.3754604,0.24486531,2.5886714,2.3540044,-0.5443162,3.446019,1.0321949
2002-10-25,2.1043756,0.14972596,1.3555313,1.3718019,1.6319216,2.3946214,2.4446764,1.1863788,2.4605746,-1.6115766
2002-10-28,1.4571465,-3.0788257,0.37734124,-0.7506192,-0.7310788,0.46762857,0.4303693,-1.1429346,1.321231,-0.46357024
2002-10-29,0.08804102,-1.0705395,-0.3510279,0.00012314357,-0.4433132,-0.91576266,-1.4657744,-1.7183675,-1.8243011,-1.289637
2002-10-30,1.3080009,1.1374149,1.0810307,0.7667545,0.13390334,1.2434685,1.8067282,-0.118291214,2.05587,1.4188384
2002-10-31,0.16176906,1.0480641,0.16343078,0.21347965,0.63577604,0.6631109,-0.07555117,0.8403404,-0.7467635,-0.054483205
2002-11-01,1.1572411,1.7539897,0.5499646,-0.61145175,-0.2836323,2.2891216,2.3415418,1.2656018,1.6416663,1.4648561
2002-11-04,1.5119405,2.5298393,0.92744696,2.7145417,0.38239953,0.9563369,0.53259313,-0.05082217,1.5519187,4.473351
2002-11-05,-0.64746964,1.3777604,0.00412515,0.41505378,-0.31491256,-0.88367945,-2.0020132,-0.16420548,-1.560822,-2.4987574
2002-11-06,-0.037977226,0.8516964,0.5869767,0.17191033,0.6220186,1.5199817,0.35690564,0.12970538,2.0274138,0.31928867
2002-11-07,-1.6599509,-1.6213537,-2.239646,-0.7934488,-0.5605327,-1.2462183,-2.8494234,-0.8002904,-2.1207178,-0.6428263
2002-11-08,-0.9010953,0.5934079,-0.30164182,-0.7103767,-2.186283,-0.5178783,0.06361792,-0.22167543,-0.043440107,0.113603055
2002-11-12,1.3222936,2.33922,0.9636415,0.45423234,1.7662165,0.9340663,1.3910763,1.4620385,1.0823421,2.5898793
2002-11-13,0.1000915,1.7060263,-0.107173145,0.6056913,0.41871357,0.657868,0.66273737,0.557832,-0.9153583,0.8723517
2002-11-14,0.96225387,1.7899044,1.3544209,1.2849481,2.7369864,2.1860259,2.6852343,2.9047878,2.361291,1.2691047
2002-11-15,-0.5366042,0.2576959,-0.6901642,-0.3429688,1.1987747,-0.79961276,0.27490884,0.9891116,0.07410515,1.0960339
2002-11-18,-0.6485231,-0.47076693,-0.5886911,-0.8315715,-1.7103517,-0.5254145,1.324661,-1.0419488,-1.2038677,-1.6134021
2002-11-19,-0.6755854,-0.8116769,-1.1561524,-1.1411024,0.49259752,-0.9705513,0.4174806,-1.6583518,-0.7591368,-0.6815133
2002-11-20,2.6382833,2.4415379,0.7701151,1.6464816,1.5500396,2.2781065,2.9943576,2.314578,1.9320538,1.5635012
2002-11-21,2.6000233,2.8432198,2.6719022,1.0879618,3.0493233,2.4064825,2.9454355,1.5185941,2.712059,2.6810148
2002-11-22,-0.36922994,-1.0418586,-0.8987011,0.23181455,0.43062526,-0.37074888,-1.0514661,-0.05195364,-0.4321325,-0.59947205
2002-11-25,1.3431046,0.034874294,-0.1423239,-0.12517968,1.222856,0.8716709,0.6302584,1.166231,0.33198285,0.6577731
2002-11-26,-0.86929196,-1.3322455,-1.162424,-1.392188,-1.048679,-0.5990321,-2.3919392,-1.6752152,-1.1616017,-2.101325
2002-11-27,2.04887,1.4044337,0.9625552,1.0666571,1.6080463,1.6459185,4.446866,1.3268211,2.17113,1.7119238
2002-12-02,0.30279988,0.50121593,-1.1355186,-0.13616371,-1.0431106,0.33337927,-0.59795284,1.4077331,-0.71416014,-1.2116523
2002-12-03,-1.5721904,-1.8038329,-0.124050505,-1.1513501,-2.2846067,-1.7749841,-2.0108883,-2.0124,-2.1372068,-1.697383
2002-12-04,-1.1664064,-0.27254874,-0.7093408,-0.3199556,-1.4117494,-1.5560873,-1.8207703,-0.97467417,-2.3404813,-2.5043173
2002-12-05,-0.49338135,-1.0302674,-1.2341472,-1.3634292,-1.549774,-1.6646061,0.13030252,-0.52836597,-0.6713107,-0.5851454
2002-12-06,-0.57735646,0.27554387,1.0915488,-0.007000571,2.5418642,-0.6554563,-0.21370012,1.9286141,-0.08645976,0.38217306
2002-12-09,-2.204844,-2.3334968,-0.7585151,-2.1916778,-3.2641163,-2.607264,-3.3408763,-2.5468397,-3.4388154,-2.15198
2002-12-10,1.0019202,1.5724031,1.799405,0.37422162,0.7518165,1.119614,0.41609916,0.3656462,2.9650154,1.9707483
2002-12-11,0.5373333,-0.25567806,0.647479,0.5537555,2.703565,0.024819816,0.25912386,-0.16639814,-0.6454108,-0.14435896
2002-12-12,-1.0154643,0.96024007,-1.068805,-0.67131704,0.41274616,0.026664607,0.5460717,-1.2231361,-0.67887414,-0.14398538
2002-12-13,-0.12673067,-2.5006616,-1.4478053,-1.9628696,-3.3094697,-1.6369417,-2.0224838,-1.1105492,-2.4140513,-0.16133144
2002-12-16,1.3249989,1.0056813,0.16455863,1.999226,2.807923,1.5967494,1.4305915,1.900539,2.5124705,1.2714721
2002-12-17,-1.0420752,-0.0019794246,0.7316193,-0.27948904,-1.2867687,-0.9523875,0.20510548,0.07114269,-1.8293978,0.4473829
2002-12-18,-0.9512528,-1.6483135,-1.831056,-1.0576708,-1.8475437,-2.1924615,-3.0098648,-1.383664,-1.9081674,-1.4066185
2002-12-19,-0.37030733,-0.82085305,-1.3833026,-0.61256933,1.7058027,-0.4286054,-1.8002396,-0.8837063,0.7416753,-0.87688905
2002-12-20,0.97170484,1.1230284,-0.28564474,-0.23240738,-1.2630084,-0.03498646,0.14388885,-0.043080714,-0.76415515,0.33483413
2002-12-23,0.45136464,0.74535424,1.202505,0.9071341,1.5772619,0.48484597,0.24787673,1.420588,1.7340693,1.4504321
2002-12-24,-0.40506694,-0.3250217,-0.5931035,-0.3645443,-0.3905733,-1.265863,-0.18085434,-0.6948806,-0.27521792,-0.5871239
2002-12-26,-1.0665095,-0.9541436,0.023064662,-0.6259099,-0.8306417,-0.33376452,-0.57607275,-0.53928906,-0.24640091,-0.9419583
2002-12-27,-0.9718774,-0.3244757,-1.3644104,-0.6147434,-0.25014588,-0.8852469,-0.98366797,-1.0377687,-0.8730692,-0.89833546
2002-12-30,-0.97006273,-0.12931982,-0.083512485,-0.40869305,0.68290097,-1.9218924,-0.59552026,-0.6514127,-0.7288379,-0.55276686
2002-12-31,1.0892694,0.54323816,0.8847732,-1.3309959,-0.66603273,-0.6468762,-0.35049865,-0.56649643,-0.8980635,-0.18649481
2003-01-02,2.5643764,2.041083,1.6239618,2.0894592,1.805045,3.232116,3.0198421,0.78224885,2.782768,1.3814996
2003-01-03,0.88543296,0.9954689,0.30254707,-0.06823602,1.4609804,-0.46710148,0.21545914,-1.7956747,1.4788724,1.1655126
2003-01-06,1.5733856,1.1101981,-0.06318322,0.9171263,1.7290565,1.8255862,2.5622487,1.8397025,2.3391206,2.0238636
2003-01-07,1.8885822,1.4501332,-0.23126146,0.94655025,2.9613955,0.45057034,-1.5478418,-0.21568662,-0.38084087,1.5971476
2003-01-08,-1.3836343,-0.5047934,-1.120801,-1.7889142,-2.234398,-1.9016775,-1.4440376,-0.8393127,-1.9027166,-2.2135787
2003-01-09,2.1594217,1.7058874,0.42431664,1.5013571,3.3110309,0.9743772,-0.4346736,2.2695398,1.0254478,1.7398208
2003-01-10,0.5289849,0.9339869,0.085208826,-0.031818684,0.20911182,0.9469504,0.5133446,-0.34615943,1.6707137,0.616936
2003-01-13,-0.11679491,0.22678132,-0.3719163,0.34157526,-0.5368403,-0.15279816,0.101501234,0.18576854,-0.8674608,-0.17907034
2003-01-14,0.81755596,1.0187103,-0.12739138,0.4523226,0.6719059,1.0712565,0.018258257,0.5859781,-0.19324319,0.84296477
2003-01-15,-0.7170431,-1.3391149,-0.7076028,-0.889546,-2.3728602,-1.3241336,-0.664481,-1.115458,-2.6107733,-1.8697999
2003-01-16,-1.1811416,-1.0052506,0.61003435,-1.1656283,-1.6137375,-0.52290434,-2.6862452,-0.0619839,-0.4000953,-1.4087223
2003-01-17,-3.8103116,-2.8930612,-1.9890785,-4.564725,-3.3576422,-2.707262,-1.7437158,-1.8589442,-2.4867618,-2.478471
2003-01-21,-0.6125049,0.23549074,-0.39264375,-0.31956545,0.595356,-0.23571086,-1.3995696,0.09997712,-0.116234995,-0.39911962
2003-01-22,-0.6945424,-0.8472765,-0.6321832,-0.56107146,0.21076505,-0.20601788,0.31182903,-0.39576393,0.6890064,0.17774892
2003-01-24,-1.6755066,-2.6619315,-1.4308901,-2.9795477,-2.967644,-2.5892885,-0.81282955,-1.3607463,-2.475196,-1.6637639
2003-01-27,-0.4553326,-0.5592725,1.1632892,-0.9867928,0.70390326,0.02494155,-1.4003192,-0.5662711,-0.055221308,-0.13961254
2003-01-28,1.4201212,1.8854378,1.5590705,-0.5675481,0.14888972,0.39943117,1.6844103,0.73191494,-0.2103343,1.4569414
2003-01-29,0.19195937,-0.46638808,1.1651895,1.1481794,0.19026291,1.8119009,1.032829,0.951808,1.0140921,0.026097039
2003-01-31,-0.05474997,-1.9548398,0.07210935,-1.1363193,1.2331526,-0.45955035,0.69686335,0.047714055,-3.3417907,-0.027194021
2003-02-04,-0.90825176,-1.0998976,-0.28719333,-1.7091407,-1.270926,-0.5240175,-1.1457142,-0.9245716,0.46061912,-1.1421483
2003-02-05,0.17992835,0.03653992,-0.61754024,-0.61888564,-0.9861011,-0.20287953,-0.03695771,-0.4533405,-0.63310283,0.13478094
2003-02-06,0.38716412,0.20536993,-0.1568207,0.42815447,0.02540575,-0.6395617,-1.409242,0.26205587,-0.15471919,-0.030789487
2003-02-07,-0.3337531,-1.6540277,-1.1457576,-1.257689,-0.94355494,-1.2823963,-0.26207638,-0.48153642,-0.7343195,-0.75572985
2003-02-10,0.76817155,1.3425072,0.6577315,0.869149,1.9329275,0.65210253,0.16293287,1.518543,0.72884685,0.8892348
2003-02-11,-0.4289132,1.3938854,-0.091641515,-1.3882017,0.7184113,0.15323754,1.2202321,-0.04941897,-0.45992503,0.09626601
2003-02-12,-0.78234744,-1.1038898,0.04564498,-0.1712616,-1.9696122,-0.70246726,-0.638131,-1.3610235,-0.5211125,0.106261685
2003-02-13,-0.5599106,0.48884812,0.43834788,0.52552724,0.14540036,1.0959128,-1.1240767,-3.4274306,-0.084653445,0.21405783
2003-02-14,1.5050907,1.5623505,0.36792216,1.4801463,0.71827424,1.8208642,1.8010497,0.93180186,1.8294455,0.84079283
2003-02-18,1.7265786,2.499379,2.020081,1.7824857,3.2110229,1.597411,2.2969568,0.7942603,0.960763,1.5054246
2003-02-19,0.19013591,0.44511998,-1.5904669,-0.9977029,-0.48413727,0.052819885,0.47347212,0.108567655,-1.0842776,-0.20674236
2003-02-20,-0.2863823,-0.56664705,-0.4027998,-1.1072389,-0.09169335,0.4137439,-1.2801208,-1.1516811,1.0357057,0.11166814
2003-02-21,0.7479808,1.6178155,0.7206144,1.0378414,0.3185114,-0.57785743,-0.33719277,0.57148796,-0.023362964,1.2175579
2003-02-25,0.47894642,-1.2999729,0.91556686,0.13787813,0.5287747,0.5085701,0.27082473,-0.5783302,-0.63435733,-0.17149329
2003-02-26,-1.4101061,-2.241116,-1.9347308,-1.6262643,-1.0220621,-1.5990978,-0.8926695,-1.6826266,-1.1779541,-2.126483
2003-02-27,-0.074742,1.0195204,1.2079488,-0.2485472,0.7554678,1.2816315,1.6468934,0.890652,0.7383029,0.18902828
2003-02-28,0.61012083,0.9396064,0.45074013,0.1467353,0.29396966,1.5861814,1.279465,0.35256207,1.2082502,0.4775999
2003-03-03,-0.506022,-0.908488,-1.310043,-0.54394317,-1.1522022,-1.7234817,-1.5913966,-0.80089843,-1.1730341,-1.2546173
2003-03-04,-0.52269477,-0.2899041,-0.37332034,-1.318582,-0.2703969,-0.16254081,-0.61024314,0.4594011,-1.3617729,-0.5563829
2003-03-05,0.8977415,0.44524089,0.1531169,0.7867878,-2.0502825,0.98726135,0.5427481,1.1727706,-0.120149486,-0.8634458
2003-03-07,0.7230116,-0.8735636,-0.16335882,0.57861245,-0.4683199,-1.9785296,-0.46702835,0.15186349,-0.39398575,0.45763204
2003-03-10,-1.893522,-0.92100024,-0.65639883,-1.7379953,-1.4902891,-0.42448524,-0.8760199,-1.2199738,-1.3500904,-0.7597655
2003-03-11,-0.28209144,0.07511406,-0.5645746,-0.537297,-0.39744022,-0.21407911,0.9793221,0.2673655,-0.051133797,0.0095606055
2003-03-12,-0.12155485,-1.3334001,-0.105427206,1.3695059,1.530074,0.94499815,0.88986486,0.68445367,0.40925983,1.454854
2003-03-13,2.9210544,3.132824,1.7442636,3.0613055,4.2309966,3.5430717,3.3974156,2.8790894,2.9916637,1.7593334
2003-03-14,0.48448315,-0.04169946,0.14724824,0.3023995,0.15380889,-0.577194,-1.3783977,-0.32500586,-1.0419426,3.4523804
2003-03-17,2.8337152,2.7135396,0.74019575,2.3231332,1.664675,2.3818412,2.1817095,1.624993,2.3257267,1.9450405
2003-03-18,0.019079296,0.27641812,-0.08487885,0.10195612,-0.41140482,0.43655446,0.45621222,0.15976927,1.1902995,-0.024829613
2003-03-20,0.11113488,-0.5072615,-0.08892966,-0.2476378,0.6092645,0.594564,0.010831495,-0.5662508,0.8873973,1.2315148
2003-03-21,1.6336117,-0.33130822,0.1855325,0.4057427,-0.49482164,1.1810474,0.6622427,0.40113184,0.635013,-2.0375504
2003-03-24,-1.4936064,-0.83478427,-1.2054633,-1.78791,-0.9247145,-1.7809864,-1.4468808,-0.78457355,-1.3201655,-1.3794993
2003-03-25,0.8008429,0.6688609,0.37588593,0.26505947,0.87038016,0.44167504,0.32132128,0.50848913,0.050855618,1.3436581
2003-03-26,-1.3163064,-0.1375604,-0.31061304,-0.52488714,0.39943355,-0.3159864,-0.31613618,-0.3520513,0.1686944,0.27604035
2003-03-27,-0.11040303,-0.4517428,0.16238637,-0.50914997,-0.30594274,-0.67548627,-0.028540967,-0.8483136,-0.6145994,-0.58388454
2003-03-28,-0.48937547,-0.93243736,0.18940786,-0.95944947,-1.0420084,-0.9039703,-0.9348392,-0.205702,-0.8724654,0.37067458
2003-03-31,-1.9487834,-0.7913845,-0.8731762,-1.1406336,-0.9898983,-2.315442,-2.497358,-1.7536939,-2.0017323,-1.351269
2003-04-01,0.23377846,0.034930877,0.029076716,0.1868866,-0.39159065,0.32610208,0.14318012,-0.1512359,0.46644482,-0.3434418
2003-04-02,2.0163302,2.1547434,0.8843134,2.6197586,2.4277184,2.4845364,2.534292,-1.9620252,2.1918936,2.8211055
2003-04-03,0.24670987,0.032203488,-0.3068553,-0.0813118,0.4391644,0.08606237,0.2978084,0.059540905,0.27897027,0.14682648
2003-04-04,-0.8767541,0.25884047,-0.107303284,-1.4206173,-0.9115721,-1.2095023,-1.9673829,-0.11952964,-0.67752105,-1.1050342
2003-04-07,-0.27219686,-0.40258184,0.15320693,0.042665973,1.1092994,0.65068716,0.6393268,-0.18992695,0.86412865,1.0923796
2003-04-08,-0.33280587,-0.40642706,-0.091464885,0.686578,-0.74308056,-0.57968765,-1.8647157,-2.0668364,-1.3148721,-0.94132745
2003-04-09,-1.0843734,-1.2558093,-0.51339036,-2.2016933,-1.2088215,-1.0060141,-0.39589736,-0.30158794,-0.9737963,-0.6953653
2003-04-10,0.2232679,0.034963164,0.35550168,-0.08388339,0.71713644,0.45873186,0.6953249,0.023531687,0.3511028,0.69193804
2003-04-11,-0.22632647,0.5349822,-2.6872761,-0.81240064,-0.29716876,-0.3141214,-0.6560419,-0.5084265,-0.5979833,-0.08351293
2003-04-14,0.9910634,0.8853337,0.7797274,1.055667,1.2557489,0.95132434,1.6483581,1.3140929,1.1678892,1.3962591
2003-04-15,2.1365705,-0.40954018,-0.51039445,-0.48782983,-0.47712752,-0.10432799,0.65353745,-0.06721547,-0.28636506,0.44731143
2003-04-17,1.0851737,1.3875602,-0.52117366,1.1778035,1.6289469,1.1678889,0.8877431,0.19481221,2.0515788,1.9952317
2003-04-21,-0.6837742,-0.0013420229,0.0175948,-0.82535136,-0.7006165,-0.08551048,-0.112178415,-0.16673352,0.4386273,-0.0633649
2003-04-22,1.778106,1.370093,1.39035,1.1128169,1.1647252,0.82727504,1.2273686,0.33581945,2.0846732,0.67150366
2003-04-23,0.08992589,0.06774827,0.22111411,-0.22558224,-0.5155541,1.0501745,-0.5266591,-0.39351597,-0.69308126,0.3449818
2003-04-24,-0.39146352,0.084567055,-0.33013117,-0.48311067,0.042490993,-0.97980505,-0.6045737,-0.40375718,-1.152976,0.114210844
2003-04-25,-0.8939257,0.006026857,-0.21657434,-0.5652593,-0.75897235,-1.2916318,-1.7517563,-1.5876124,-1.9775473,-1.1447512
2003-04-28,0.73298043,1.6563488,1.1757884,0.7694612,0.48250538,0.8707203,0.71511096,-0.12811765,0.5271522,0.4381995
2003-04-29,0.27369833,0.4070988,0.4417827,0.0016057786,0.09400049,0.29146054,0.44940865,0.71640474,0.8204622,0.078899294
2003-04-30,-0.484455,-0.27806517,0.33929586,-0.4242524,-0.4262049,-0.8972921,-0.9253934,-0.068801485,-0.5824045,-0.6526472
2003-05-01,0.5745374,0.33165097,0.30496025,0.15254593,0.07300333,0.23325135,0.08561043,0.25536916,0.2125432,2.0659113
2003-05-02,0.978157,0.39735344,0.193111,0.5226745,0.7603834,0.9105579,1.2689619,-0.16389921,0.7738577,1.0568022
2003-05-05,-0.62757754,0.2616749,3.170666,-0.42493305,-0.3627948,0.008114158,0.28718635,0.25410616,-0.1885622,-0.22679433
2003-05-06,0.60059226,1.3631887,2.630437,0.79277045,0.9483115,0.9548468,1.2458388,0.28861144,0.76702505,-0.27558336
2003-05-07,-0.45858833,-0.92105556,0.26520178,-0.7184629,-0.67044336,-0.6095051,-1.5420939,-0.9297917,-0.7144091,-0.5651045
2003-05-08,-0.4640761,-0.7206153,0.59402806,-0.57490575,-0.32160497,-0.6724503,-0.85989696,-1.8438576,-1.3939105,-1.0259911
2003-05-09,1.0266454,2.0715516,0.45372915,1.0976758,1.0043046,1.4251012,2.2401264,0.81122255,1.129756,0.6570304
2003-05-12,1.0414892,2.055167,0.45788243,-0.46500546,0.10776438,0.8297556,-0.73624384,-0.07888782,1.5210648,0.61868995
2003-05-13,0.6865529,-0.5157306,0.17316432,-0.5701894,-0.16889685,-0.3629455,0.027004104,0.24033415,-0.47871342,-0.7517658
2003-05-14,-0.9304918,-0.11276205,-0.3884895,-0.9714715,0.39845505,-0.44041675,-0.68844336,-0.82891357,-1.6484133,-0.31588042
2003-05-15,0.9007198,1.0372057,0.44264033,0.23998104,1.4666785,0.76999855,0.38952392,-0.94353807,-0.30601847,0.13530038
2003-05-16,-0.6527987,-0.32096478,0.14165497,-0.6443339,-1.3613079,-1.2425482,-0.06338338,0.006743892,-1.7048408,-0.56266487
2003-05-19,-1.8820648,-2.1124218,-2.0132012,-2.0381434,-1.5973873,-2.161835,-2.0368176,-0.13297848,-1.7242548,-3.0860872
2003-05-20,-0.5080115,0.18734093,-0.9586547,-0.4474943,-0.060635623,-0.071058966,-0.13672723,0.87826973,-0.057052232,-0.1038686
2003-05-21,0.32813498,-0.8732322,0.121981904,-1.5834092,-0.26174805,0.4024072,0.058422454,0.4854349,-0.38389274,0.22603717
2003-05-22,-0.068924055,0.7063434,1.0958803,0.16936986,0.7515109,-0.21311572,-0.3769542,-0.13542983,0.5570722,1.2624898
2003-05-23,-0.61414105,-0.6831467,0.17656608,-0.00045404086,-0.81708765,0.05008808,0.15673587,-0.713919,-0.20394388,-0.10095676
2003-05-27,1.8614532,1.4809026,1.504088,1.2133092,2.175867,2.3460262,1.3507203,1.0954698,2.3495867,0.8895761
2003-05-28,-0.076383635,0.43012616,-1.73799,-1.0429758,2.2654939,-0.14407998,2.0290945,-0.54235625,0.13430087,0.38599578
2003-05-29,-0.15911911,1.0077417,-0.52789867,-0.1602872,-1.5207115,2.3004208,0.112684205,1.399118,0.04798056,-0.62359715
2003-05-30,0.5265038,-0.6024406,-0.48542106,0.35446912,0.67062587,-0.07627071,0.5525059,1.266883,1.9063712,0.12711841
2003-06-02,-0.50891995,1.2704378,-1.5234902,-0.08074496,-0.86050844,-1.1330098,-0.9768202,-0.3397285,-0.80960286,-0.39050058
2003-06-03,-2.727489,0.7163058,-0.49905497,0.42442107,0.8931118,1.7067295,1.2005612,1.5527934,1.3485589,-0.17885637
2003-06-04,0.37802055,1.1885744,0.79595125,-0.18448053,2.244775,0.6033828,1.0806001,-0.06093322,2.0250351,2.8922803
2003-06-05,-1.8518579,0.036182452,0.04814215,-2.058598,-0.8761655,1.0116291,-0.6328832,0.15407844,0.43163124,0.6236168
2003-06-06,-1.4879903,0.0054772454,-1.5275884,-1.2034671,-1.0861839,-0.25115722,0.21379611,-1.7430317,-1.5332856,-0.44733217
2003-06-09,1.6724886,-0.38115975,-1.2059847,0.04195286,-0.9832978,-0.2883769,-1.7649184,-0.5250892,-1.2926825,-2.5743287
2003-06-10,-0.2069252,0.580684,1.1324594,2.1625605,0.6481104,0.6315738,0.3715472,0.45552126,-0.06015316,0.5172794
2003-06-11,1.9478799,0.68331367,0.7413519,0.3229335,1.0216968,-0.26660597,-3.8608837,-0.09557073,-0.26485506,-0.009170398
2003-06-12,0.018898498,0.60766625,0.87159956,0.09557485,0.21374917,0.47620648,-1.0014755,-0.121141054,-0.4394426,0.17685556
2003-06-13,-0.9687949,-1.1527264,-1.1624913,-1.0033981,0.58984643,-1.9024594,-1.3511769,-0.852728,-1.1125385,-6.590885
2003-06-16,1.4424851,1.804239,2.4256923,1.6233691,0.6529161,1.1373277,1.1345699,0.7821016,1.117132,0.19972731
2003-06-17,-0.12736247,0.03676052,-0.3150649,1.1828364,-1.2275963,-1.0716711,-0.062228672,0.027770538,0.14966905,1.1738503
2003-06-18,0.3478655,2.2551615,2.5313416,0.09598206,0.25936007,0.6392918,0.40609035,2.2301433,0.77027714,-0.6453117
2003-06-19,-0.0914292,-0.44134355,-0.0104320375,-0.15250488,-0.32627678,-1.5294241,0.44408232,1.3388641,-0.39542988,-0.7685216
2003-06-20,0.2964993,-1.6465931,0.11576996,0.4313999,-1.5133871,-1.0370762,-0.746139,-0.64609903,-0.5959694,0.46138763
2003-06-23,-1.4191858,-2.1834397,-0.49246866,-1.4555138,-0.7186745,-0.8431887,-1.1323041,-0.6174593,-0.57356054,-1.270189
2003-06-24,0.39738917,-1.5519224,-0.8581605,-0.34824443,-0.5285934,0.15307665,-0.90353036,-0.3068679,-0.7809157,-0.3251459
2003-06-25,-0.9027866,0.4348986,0.7849893,-1.210873,-1.1957265,-1.1164676,-1.2030042,-0.6638518,0.12813708,0.5530919
2003-06-26,1.5817621,0.89963543,0.46674922,1.0040107,0.5929166,1.4016285,1.7414348,1.2304996,1.2692091,1.2847999
2003-06-27,-0.71674275,-0.74122936,-1.6311358,-0.4428775,-0.40897927,-0.22294158,0.01755823,-0.57115847,0.14637683,0.6736615
2003-06-30,-0.7194371,-0.252266,0.87566584,-0.1193281,-1.6492788,0.483076,-1.0789,-0.17805432,-0.54199654,-0.7472927
2003-07-01,0.8832986,1.382227,0.022757847,1.009061,1.3040445,1.3266314,0.013697108,0.027611189,0.78564656,1.0117631
2003-07-02,0.8903124,1.6974398,0.4274865,1.4234289,0.4131034,1.5574707,1.4268827,1.8862833,0.13388023,0.9791071
2003-07-03,-0.61579865,-0.86293215,-0.3687872,-0.9367067,-1.0076783,-0.9937523,-1.1712159,-0.41260794,-0.720322,0.33607635
2003-07-07,1.5953646,1.8191131,1.184516,1.7331176,1.3143287,2.1708307,2.560537,2.5003803,3.6217074,0.9682967
2003-07-08,0.112415455,1.3168718,1.0957745,0.4341695,0.5314051,0.40856722,0.3693474,-0.51163083,0.29057443,0.32353318
2003-07-09,-0.59550446,0.21065015,-1.3050781,-0.6104827,-0.24036868,0.5790001,0.9165933,-0.5214745,-0.4217619,-0.20434777
2003-07-10,-1.0982987,-1.2838743,-0.86818296,-1.3498645,-0.29233387,-1.222358,-1.6834201,-1.133067,-0.575545,-0.7053993
2003-07-11,0.68830913,0.7490576,0.6490486,0.71775436,0.9246304,0.8437493,-0.1638541,0.44136626,-0.2043282,0.45555875
2003-07-14,0.42991465,0.145012,0.07117414,0.044473574,-0.80813736,1.3413831,0.85095006,-0.38834754,1.6477277,-0.2707835
2003-07-15,0.7965368,-0.23479904,-0.8143172,-0.4249777,-0.05823851,0.10578824,0.730057,-0.7312241,1.091056,0.81933105
2003-07-16,0.24614514,-0.7326505,0.62383634,0.38715228,-0.8929726,2.3019457,-0.5451707,-0.6363679,1.1025399,0.013920171
2003-07-18,0.31634516,0.38998383,-0.14979245,0.2891683,-0.060844727,-0.5472097,1.0417054,-0.3359704,-0.37470165,-0.96222025
2003-07-22,-0.5026669,2.0519302,0.42183298,0.6113515,1.5546005,0.65361464,3.3735251,1.4106126,1.8978956,0.94601065
2003-07-23,0.35406685,0.55952936,-0.05838698,0.013479566,0.08546229,0.64829254,0.05165608,-0.08258286,1.0360059,0.13008817
2003-07-24,-0.63367486,-0.692514,-0.43243074,-1.0618824,-1.5332978,-1.4456756,-1.1718748,0.9862791,-0.8874289,-1.2279248
2003-07-25,1.5638242,1.2425478,1.5068046,1.7042109,1.47301,1.5542474,0.57995254,0.613016,0.7196929,0.65589577
2003-07-28,-0.7958374,0.034953423,-0.86142576,-0.70285004,-0.8174095,-0.28046465,0.22604516,0.7446133,0.7253072,-0.08439713
2003-07-29,-0.5841763,0.21836247,-0.36825845,-0.3941939,0.09929273,0.19855806,-0.92898846,-0.5818865,-0.74467593,-1.2012473
2003-07-30,-0.67173135,0.31342202,-0.59839475,-0.60740674,-0.17321922,-0.6943643,-0.07798361,-0.92550206,-0.35624692,0.005628442
2003-07-31,0.24834295,0.5694539,1.9671637,0.25313672,0.42775086,0.7095504,0.37531397,0.06800105,0.41825342,0.8619564
2003-08-01,-0.0072295335,-0.7527269,-0.4739873,-0.61166835,-0.62664163,0.18321839,-0.03506196,-1.1545813,0.11017175,-0.20352502
2003-08-04,-0.101152875,0.31565648,1.1496793,-0.121667184,0.14209318,0.15561947,-0.20954102,0.9323824,0.34672064,0.6601784
2003-08-05,-1.0297339,-0.999711,-2.135585,-1.3115927,-0.9293902,-1.6423699,-1.3012108,-1.6854863,-1.9812809,-0.9413479
2003-08-06,0.059230316,-3.191182,-2.0241904,-0.16535054,-0.8071951,-0.29301512,-0.1392273,0.4417154,-0.7781332,-1.2234352
2003-08-07,0.7984839,-0.32040438,0.71787375,-0.013741944,-0.28829718,-0.37244835,-0.14299434,-0.1579756,0.421965,0.2060554
2003-08-08,0.18601789,0.1891797,-0.83287704,-0.45938623,-0.48332408,-0.94333327,-0.46208248,-1.3131567,-2.1181889,0.062301725
2003-08-11,0.13531338,0.4122339,-0.006806725,-0.08044516,1.6967478,0.6012671,1.0658705,0.52921724,0.95768815,2.0210686
2003-08-12,0.39772242,0.3566143,0.06370991,0.12804765,1.840702,0.8242184,0.9358531,0.9514331,0.15284806,0.70834136
2003-08-13,-0.25545442,-0.5949826,1.0118575,-0.4178817,-0.98574024,0.5552263,0.93025327,1.1270615,1.2107897,0.69118786
2003-08-14,0.16947363,0.43588918,-0.3185642,-0.04339624,0.5562019,0.5531244,1.121845,0.35138652,0.08989545,-0.09441777
2003-08-15,0.11633248,0.01104499,-0.4182055,-0.26748875,-0.16401242,-0.14833249,0.20300755,-0.09195499,-0.46459267,0.0040201917
2003-08-18,1.2144014,1.1638806,0.92359954,0.19402349,0.2807622,1.688376,1.3168565,0.6310306,1.382071,2.055045
2003-08-19,-0.52909166,0.7123472,-0.039599054,1.7359713,-0.13621925,0.40065742,0.3114105,-0.5292022,0.55862397,0.65126324
2003-08-20,0.15281232,0.08533664,1.5515547,-0.49751946,-0.13778012,-0.21621096,-0.6410384,-0.13867342,-0.16452244,-0.3400871
2003-08-21,-0.17165229,0.76254714,0.94053733,-0.5619437,0.10800618,0.017190993,2.5750287,-0.09123403,1.2131522,2.1603856
2003-08-22,0.108337626,-0.17430167,-2.0153952,-0.18891595,0.5350997,1.6901253,1.3058606,0.16220376,1.0161904,-1.2360976
2003-08-25,-0.78477764,0.5444371,-0.10637131,0.47521266,0.26500762,-0.32077527,-0.4505745,0.029400257,-0.27954906,0.68650264
2003-08-26,0.44459245,0.3459614,0.4213831,0.008719603,0.25408354,0.7519279,0.101929866,0.5852155,-0.569057,0.1380267
2003-08-28,-0.05817184,0.5187212,1.6140646,0.050603013,1.266623,0.42912874,0.4979883,-0.12093735,-0.23887245,0.7933113
2003-08-29,0.12614518,-0.1087855,0.91124505,-0.14046824,0.23309487,0.44723937,0.14904663,0.28397408,0.028224146,-0.106938176
2003-09-02,3.0594695,1.3197939,0.47715467,1.5021191,2.2844687,0.19484255,0.34945008,-0.20680566,-0.7403849,0.6156569
2003-09-03,0.43754888,1.5932475,0.18587305,2.0050979,1.2422998,-0.85549426,-0.76812696,-0.98378634,-0.7115937,-0.015194703
2003-09-04,1.2042073,0.8827677,-0.32531187,0.12179863,-0.16182916,0.57848376,0.9406545,0.67679,0.4153254,-0.7036575
2003-09-05,-0.7088869,-0.37063906,-0.8143103,-0.24568014,-2.318061,0.13015376,1.754363,0.021756712,0.14209333,-1.0027845
2003-09-08,1.6192969,1.0984292,0.49597704,0.7928189,1.4630511,0.7196342,1.5872148,1.2072662,1.5634475,0.87900174
2003-09-10,-1.151627,-0.7472018,-0.49653557,-1.866678,-1.9565189,-1.9821234,-3.6716576,-1.3326044,-2.711929,-1.9885913
2003-09-11,0.08157232,0.6569555,0.81512433,0.46706071,0.49041927,0.59220684,0.49892458,0.30486754,0.7198622,3.6166272
2003-09-12,0.59916145,-0.08678053,1.1637826,0.8960345,-1.6989836,0.47564012,0.3326574,1.7597306,-0.3593424,0.05491907
2003-09-15,-0.13882016,-0.62185144,-2.0899715,-0.10519282,-0.41354972,-0.6439679,-0.52687573,0.5330135,-0.85346794,-0.32832152
2003-09-16,1.3364455,2.1781876,0.29706183,0.95407856,0.29362833,1.4759187,2.0937083,1.3058113,1.4678968,0.60263073
2003-09-17,0.24154957,-0.29684886,-0.55563194,-0.9240054,-0.9347796,-0.081906594,-0.9465326,-0.7200438,-0.56953764,0.6837153
2003-09-18,0.976265,0.65276825,1.6084007,1.8142833,0.2669991,0.3807956,0.23039852,1.3272935,-0.70898396,1.0983044
2003-09-19,0.9104721,-0.8683233,-0.7411712,0.7478962,-0.938914,-0.02708304,-0.44479114,-0.7414934,-0.6889773,-0.17161356
2003-09-22,-1.3352672,-0.5190992,-1.2305595,-1.8791658,-0.6099362,-1.0659388,-1.4013519,-0.5083129,-1.7114153,-1.4204788
2003-09-23,-0.016421994,0.9283294,0.7540159,0.91207415,0.23123945,0.6512992,1.2555254,0.06150334,-0.04495454,1.4872658
2003-09-24,-1.3921438,-1.9632728,-2.6844923,-2.4407725,-1.8121957,-1.9984882,-2.0597613,-1.3133085,-2.6769497,-1.052568
2003-09-25,0.041000407,-0.6761237,-2.3324804,-0.63092405,-0.2074841,-0.68813705,-0.078336924,-0.69663113,0.33583224,0.92142034
2003-09-26,-0.24310745,-0.2444649,0.58652437,-0.2736593,-0.74074495,-0.41572186,-1.0647243,-1.3254535,-0.6378311,-0.8330721
2003-09-29,0.3398174,0.7024642,1.4572855,1.1983134,1.0628176,1.9554437,1.1804954,1.5881613,1.016934,-0.5763508
2003-09-30,-0.82043004,-1.4382398,-1.5046471,-2.2325003,-1.620911,-1.413147,-0.722792,-1.7916058,-1.8000054,-0.9219812
2003-10-01,1.5066458,1.59709,0.1153861,1.3544874,1.911327,1.8679382,0.8759454,0.59727037,0.8761801,0.4399021
2003-10-02,-0.17155771,-0.5133926,-0.6145088,-0.19474964,-1.3186166,-0.080823995,0.47056514,0.54303354,-0.10884229,-0.1752805
2003-10-03,0.44079432,2.0567174,2.6815708,1.047666,2.588758,1.656045,2.2542446,0.87741363,1.8945297,1.3653553
2003-10-06,0.428919,0.1410575,1.3520948,0.068683736,0.90628374,-0.15658194,-0.43088672,-0.14303854,-0.4065193,0.16997796
2003-10-07,0.4116409,0.55593807,2.0615962,-0.26091775,0.024743086,0.59935516,0.49305606,-0.24832655,1.1169771,0.2611603
2003-10-08,0.70228434,-0.47091097,-0.4129795,-0.794459,1.7037907,-0.5058701,-0.115049794,-0.59133047,0.42519906,0.84116656
2003-10-09,-0.1380881,0.40903246,0.832385,0.09753028,-1.1733433,0.108237036,0.5279074,0.31308755,0.7496855,-0.20328738
2003-10-10,0.17829075,-0.35729256,0.44275144,-0.21079709,-0.018157829,1.0157714,0.8731537,0.5366074,0.31174496,-0.04571612
2003-10-14,-0.314962,0.3979865,0.35327464,-0.367538,0.19755107,0.3920754,0.45162526,-0.38520664,-0.2838554,0.050323654
2003-10-15,0.03764858,-0.25847343,0.5015481,0.9773556,-0.8938805,1.0085746,-0.57196265,-0.5468915,1.2706093,-0.0666929
2003-10-16,-2.4850976,0.08566295,-3.433987,0.17301707,-0.66052014,0.6709549,0.054131784,0.6215604,0.42631364,0.049859997
2003-10-17,-0.01618381,-0.9408644,-1.1779467,-0.75508505,-1.0785941,-0.92372406,-1.2245439,-1.6437556,-1.5193844,-0.4859346
2003-10-20,-0.14671716,1.1236976,0.99139947,0.7002463,0.8008016,0.71295756,1.283782,1.1060554,0.83892685,0.230478
2003-10-21,-0.025933633,0.11055482,-0.15395589,-0.15291153,0.28521195,-0.1253043,2.855649,0.6896548,0.42648822,0.45588824
2003-10-22,-0.33448747,-1.097196,-1.0069602,-1.062729,-1.0836875,-0.9299535,-0.49551755,-1.3635573,-1.1026098,-0.59123456
2003-10-24,0.21493399,-0.8556837,-0.9439142,-4.9717026,-0.102976464,-0.26124495,0.19506922,0.22911356,-0.086551346,-0.39126453
2003-10-27,0.09244804,0.36427382,-0.05566176,0.5091708,-0.14601895,0.46822244,1.0480695,-0.05277563,0.0519626,0.0076306523
2003-10-28,1.0302244,2.3938534,2.4613109,0.47941366,1.1377854,1.7917346,1.9659247,2.502578,3.3636703,1.4157901
2003-10-29,-0.3960542,-0.15427512,-0.11784519,-1.1373427,-0.38680544,0.13649504,-0.27369133,0.37990212,-0.032427616,1.21977
2003-10-31,0.25440896,0.19066894,-0.40797725,-0.091536276,-0.8355878,0.042877488,-0.92242444,-0.56640816,0.06612267,-0.54769814
2003-11-03,0.15706055,1.8196238,0.544724,1.041177,0.8513526,1.4537884,1.5210838,0.59076977,1.9936457,1.3536221
2003-11-04,-0.3857769,-0.2578091,-0.59761965,-1.4822328,0.05725344,-0.53643316,-0.17676862,-0.93263704,0.4699797,-0.43691745
2003-11-05,-0.46485445,0.538752,0.21836668,-0.07855036,0.53862005,0.061094142,0.862718,-0.75885427,-0.0047648777,0.3306296
2003-11-06,0.781171,2.6461585,0.13428366,0.14156525,1.4399782,0.49929062,0.52387327,-0.024461715,0.99285394,0.7281663
2003-11-07,-0.7791904,-1.2830682,-1.4775475,-0.4514179,-1.0175686,-0.43797293,0.16366535,1.1358188,-0.6719981,-0.8451846
2003-11-10,1.2875637,-0.3227981,-1.4696677,-0.38404962,0.4423499,-0.78776866,-1.3417574,-1.2652401,-1.4857727,-1.7197608
2003-11-12,0.99724454,1.4533516,1.7923826,0.25983992,0.9111968,0.95124555,1.5901603,1.1572641,0.79773235,0.017928233
2003-11-13,0.31269422,-0.5738049,0.14610896,-0.81295115,-0.8210684,-0.523562,-0.8290323,-0.18700053,-1.2355317,0.091676
2003-11-14,-0.58908474,-1.0243343,-2.357896,-0.6031469,-1.2156411,-1.5720682,-2.2618477,-0.35031918,-2.2489364,-2.0481412
2003-11-17,-0.30402645,-0.48009047,-0.886378,-0.9896733,-0.8948893,-0.9676167,-0.8662834,-0.6909312,0.36907485,-0.83562785
2003-11-18,-0.6058754,-0.75711495,-1.8851893,-0.15794115,-1.2655492,-0.6918153,-0.86226034,-1.2586651,-1.3424717,-0.3812576
2003-11-19,0.38850868,0.86351365,-0.068367906,0.3147666,0.99070674,0.99128205,0.61388713,0.4774902,0.6135227,-0.6620062
2003-11-20,-0.74248356,-0.24250536,-0.1887088,-0.76527023,-0.981589,-1.1778923,-0.679707,-1.252692,-1.1172771,-1.6733772
2003-11-21,0.21818954,0.6158227,-0.342222,-0.13803977,0.25325102,0.7095913,0.8136358,-0.88962185,0.11180988,1.3029493
2003-11-24,0.7852784,1.4879488,2.1005685,1.2908052,0.70867103,1.6555961,1.7447857,1.1150031,1.3772305,2.268066
2003-11-25,-0.17167747,-0.33670777,-1.1112626,-0.8652352,-0.70402384,-0.5433295,-0.02400849,0.34045514,0.29428136,-0.42299572
2003-11-26,0.34212747,0.42491472,0.055860072,-0.024556095,0.6065193,0.32545683,0.25413728,-1.1561745,-0.54687244,0.06726462
2003-12-01,0.33896258,1.0254494,1.8855095,0.14904147,1.8051921,0.61086136,0.57888275,0.90932584,-0.13541465,0.79595006
2003-12-02,-0.19604762,-0.10469591,-0.33065918,-0.5209085,-0.41552973,-0.2686467,-0.13663152,-0.74634147,-0.32742476,-0.9547252
2003-12-03,-0.3226528,0.4253136,-1.3000419,-0.11723546,1.8090278,-0.71679324,-0.95013624,-0.5100233,-0.62184876,0.45155117
2003-12-04,0.80865085,1.4012926,0.25397775,1.0278883,0.2958614,0.2240855,-0.58321595,4.1781254,-0.96983206,-0.037414998
2003-12-05,-0.5545535,-0.43051338,-0.8023085,-0.62773126,-0.94038147,-2.0369596,-1.262448,0.2388287,-1.6429682,-3.0334945
2003-12-08,0.41369152,1.1281,0.4545601,0.43325993,0.23995367,-0.70865893,-0.23217107,-0.3209833,0.11211615,0.5712479
2003-12-09,-0.3940784,-2.1996655,-1.5511394,0.16443343,-0.79707545,-2.1991653,-1.2878716,-0.7744468,-2.1215456,-1.9820794
2003-12-10,0.80482554,1.1876626,-0.2306021,0.31651992,0.6292734,0.21278085,0.67140496,0.1813136,0.46166116,0.38335502
2003-12-11,0.49433222,0.34919953,2.0138705,-0.10247829,0.17316,0.7082925,1.0738512,1.1109618,1.0484973,1.9137825
2003-12-12,0.24265751,0.37766546,-0.8423905,-0.0614482,-0.018103946,-0.13783054,0.15767841,0.6307051,0.20809627,0.44888395
2003-12-15,-0.40284356,-0.20825988,-1.8887496,0.045938272,-0.55269724,-1.0942287,-0.6768567,-0.85892856,-1.5702785,-2.884736
2003-12-16,1.3845209,-0.4450735,-0.20696902,0.55715483,1.7237368,-0.038042568,-0.7604523,-0.32029685,-0.683117,1.2490861
2003-12-17,-0.38425398,-0.6105865,-0.70469636,-0.2034695,0.50782937,-0.22382,-0.4549566,-0.4828442,-0.71173006,0.30351126
2003-12-18,-0.45505786,1.6175737,0.34261903,0.638577,0.30478138,1.1534036,2.0299673,1.7144959,1.5318187,1.2238733
2003-12-19,0.34297344,-0.8586715,-1.0102955,-0.2565108,-1.0273077,-0.6274556,-0.95953906,-0.4570121,-0.048480615,-1.6005582
2003-12-22,0.20936137,0.46638796,0.32272312,-0.55300343,0.4250518,-0.31987792,0.60456175,0.9035269,0.17768994,1.1377125
2003-12-23,-0.40865663,-0.05701528,-0.19556898,-0.23249812,-0.64977384,1.0708646,0.7261993,0.9314171,0.52437735,0.52378315
2003-12-24,-0.34812808,-0.1256459,1.4962025,-0.40768903,-0.35399753,-0.12442741,-0.35431057,-0.6214457,-0.23423788,-0.39426893
2003-12-29,0.5026165,1.5644835,0.8517629,0.38828516,0.7305835,1.1745842,0.9612343,1.3414441,0.9053193,0.3875508
2003-12-30,-0.61283237,-0.598218,0.24409343,-0.028586337,0.02079986,-0.24873841,0.04584773,-0.42286125,-0.50667816,-0.5736535
2003-12-31,0.017128283,0.24173093,0.11287041,-0.4263176,0.0970096,-0.016874798,-0.16362156,-0.43419564,-0.16977371,-0.6262663
2004-01-05,1.0249676,1.0017498,1.2900642,1.2263764,1.2819446,0.92175895,0.8374824,0.7725838,2.311341,0.73804504
2004-01-06,0.004529168,0.5824148,-0.21544005,0.06409713,0.14092128,-0.050947167,0.048627783,-0.50455874,0.58223855,0.016298035
2004-01-07,-0.18804982,0.9954527,1.1310899,-0.20416361,1.2590388,1.4496979,-0.10042562,1.1063411,-0.22190006,-0.455361
2004-01-08,0.19877134,1.5264275,1.6898808,-0.24897957,0.9166843,0.29502228,2.7938492,2.2934265,0.6588539,-1.6707146
2004-01-09,-1.284804,0.30419254,-0.85793465,-1.2003284,-0.26531595,-0.43938306,-0.14241235,-0.07631647,-0.12040757,-1.0716017
2004-01-12,0.27244693,1.1175798,1.5474879,-0.34687963,1.7440033,0.2013173,1.4661984,0.70343566,0.5387206,0.2710904
2004-01-13,-1.324705,-0.23868199,0.77587664,-0.4569141,-1.0943878,-0.89648575,-0.9348511,-0.54466325,-1.4167087,-0.2360277
2004-01-14,0.48024794,1.0433936,0.10171065,0.42963076,0.8183532,-0.3704386,0.39289123,0.38314623,-0.8921844,-0.07660162
2004-01-15,2.7728004,-0.45202973,-3.120433,-0.51328707,1.0824747,-0.5855134,1.6888703,-0.2174585,0.9922141,1.6503226
2004-01-16,0.9775341,3.9608872,-0.39021125,0.4285765,-0.16997275,-0.3420808,-0.20978148,-0.2602407,0.5925333,-0.22514738
2004-01-20,1.3454862,-0.48763308,-0.08109342,0.45680702,-0.55813116,-0.5074909,-0.1775918,-0.663389,-0.18291298,0.21402942
2004-01-21,0.47190478,-0.4727562,-0.3894887,0.25797355,-0.035215322,-0.71008176,-1.700018,-0.16375518,-0.6767568,-0.0031443613
2004-01-22,-0.098613314,-0.70398706,-1.095052,-0.7847539,-0.6866327,-0.9918083,-0.9178541,-1.2871982,-0.84996945,-1.7389735
2004-01-23,0.31593442,-1.7768198,0.81636655,0.8453497,0.009171761,0.10930412,-1.2227746,-0.21815959,-1.8951789,1.0763462
2004-01-26,1.4007046,1.8030919,0.9661994,0.5142787,-0.2900925,1.0036848,1.5535376,1.0339242,0.687271,0.35688937
2004-01-27,-0.6776914,-1.3322638,0.061291616,-1.3175726,-1.023767,-1.3479835,-2.3434954,-1.0644517,-1.7785393,-0.969219
2004-01-28,-0.9336744,-1.3822246,-1.3217845,-1.3082578,-0.98903996,-0.46891397,0.30862957,-0.48542652,-1.2673494,-1.2212808
2004-01-29,0.44224182,-1.5328223,0.30916426,0.27390224,0.8662565,-0.8122439,-0.20682292,0.64124626,0.10426998,-0.64880824
2004-01-30,0.8187113,-0.43231282,-0.3273907,-0.6811541,-1.1337528,-0.591431,1.0659295,0.70149386,0.24936688,2.5429473
2004-02-02,0.121565886,0.97431284,-0.6087638,-0.67586267,-0.8046596,-0.36296666,-0.69228023,-0.8667106,-0.2751311,-0.58305466
2004-02-03,0.4442648,0.4742908,-0.21843068,-0.40212014,1.0316869,1.7218012,-0.27263936,-0.17273077,0.08560634,-0.06647691
2004-02-04,0.1568697,-4.9504313,-1.184425,-0.7751522,-2.5134559,-2.2935147,-1.1307567,-0.8592149,-0.6629569,0.13528965
2004-02-05,-0.8568629,-0.5200816,1.407787,-0.2586323,1.0742948,-0.2209382,-0.101914935,0.2619878,-0.12508939,-0.23813878
2004-02-06,0.18325679,1.9924301,0.6002566,0.11154155,-0.5468804,1.4984708,1.9306604,0.5234447,1.8349661,1.3684368
2004-02-09,0.026428878,-0.1081846,-0.1481663,-0.5397123,-0.5431995,-0.54382145,-0.17400537,-0.48371232,-0.69591075,-0.07007072
2004-02-10,0.45508763,0.25935683,0.64523304,0.11329966,0.3915332,-0.10152313,0.15364768,0.5971169,-0.123763844,-0.19632453
2004-02-11,0.25693184,-1.1158798,1.7433562,0.13215566,1.1615274,0.6671615,0.36838454,0.837004,0.41621616,0.87465626
2004-02-12,-0.41159397,-0.38427296,-0.22230554,-0.5969009,0.058427926,-0.4769504,-0.5259831,-0.6272498,-0.5528384,-0.07326369
2004-02-13,0.30085716,0.058114197,-1.6847193,-0.95549816,0.24765265,-1.059075,-0.85494506,-0.7590187,-0.61491466,-1.1304889
2004-02-17,-0.19788179,0.46796668,0.28688946,0.7402167,-0.1365118,1.0547438,0.58953595,1.2443056,0.23514473,0.7881198
2004-02-18,-0.62759346,-0.33567348,0.14118849,-0.66399807,1.1586374,-0.42901236,0.38780445,-0.43327752,0.598874,0.69616205
2004-02-19,-0.40392822,-0.9334832,-1.9463968,-0.8777141,-1.055213,-1.2756708,-0.8835158,-0.2783569,-0.41546863,-1.9136137
2004-02-20,-0.31890723,-1.1428006,-0.27069983,0.08087343,-0.39509165,0.09854432,-0.47792628,0.36587802,-0.77682096,-0.50604075
2004-02-23,-0.95251846,-1.0422909,-0.6105333,-0.08006032,-1.5457376,-1.7649494,-1.460137,2.0836399,-1.0861081,-1.807865
2004-02-24,0.62294215,0.76792914,0.32101884,0.44923827,-0.34956136,0.27649662,0.24277657,-1.0042523,-0.027959477,-0.46271557
2004-02-25,-0.14240198,1.3082155,0.9740715,-0.571955,-0.3112263,0.6561471,1.1747752,0.64848423,0.88944304,-0.41333795
2004-02-26,0.21871355,-0.51352525,0.43232703,-0.62583655,0.33836976,-0.28472608,0.90142334,1.0456417,-0.1578394,2.2160392
2004-02-27,-0.17071441,-0.4197908,1.9068944,-0.09503042,-1.7314575,-0.6016393,-0.98233443,-0.48931113,-0.96687573,-0.6355376
2004-03-01,0.42247787,0.9307574,0.13242412,0.22259872,0.8644829,0.77021337,0.5539611,-0.31270298,0.8828244,0.25897396
2004-03-02,-0.12403511,-1.176437,-0.5740925,-0.8805706,-0.45679235,-0.23544429,0.37734365,-0.5962103,-0.2512538,0.06595352
2004-03-03,0.050761625,-0.7801534,0.1504112,-0.21549076,0.09826666,-1.0466858,-0.88748825,-0.25621215,-0.9907046,-0.84008026
2004-03-04,-0.2809773,1.1967907,2.5673835,-0.15808867,-0.059892874,0.9917928,0.55625385,0.45985377,0.62965345,-0.3630746
2004-03-05,0.078184724,-0.69508314,3.1620655,-0.21151614,-1.2599475,-1.3024845,0.512733,0.79243064,-0.35296342,-0.34470344
2004-03-08,-1.3380599,-1.2865112,-1.6113728,-1.382281,-1.5761986,-2.2880335,-1.4068842,-0.25904202,-1.416026,-0.90225786
2004-03-09,-0.008767557,-0.5666916,2.117791,-0.42307693,-0.24355945,0.4393215,-0.5812034,0.0019716513,0.48538756,0.32467923
2004-03-10,-1.0178518,0.25653464,1.032013,-0.9800222,0.4111323,-1.3067486,-0.9714797,-0.2506049,-0.08643005,-1.4134574
2004-03-11,-1.322014,0.3573123,-1.0945749,-0.82950795,-0.7172237,-0.50646967,-0.82791847,-1.2359868,-0.42202052,-0.9447783
2004-03-12,1.5986443,1.9918573,0.7116985,0.5339144,-0.8813532,1.0617201,0.97779846,0.7573341,0.80819947,1.836349
2004-03-15,-1.0619934,-0.81718034,-2.2741334,-0.69336873,-1.8649112,-1.1826333,-1.1800194,-0.2179589,-1.2003359,-0.9669876
2004-03-16,0.5131658,0.87449354,-1.388139,-0.11963078,0.16160512,0.031116404,0.71885324,0.79788005,0.7101382,0.40358603
2004-03-17,0.73614395,0.95586336,0.6708101,-0.28747737,0.6748924,1.0922743,0.2631081,0.30503985,0.26064903,1.2306479
2004-03-18,-0.36473116,-0.7588311,-1.1599059,-0.7498409,-1.1462442,-1.177499,-0.7976467,-0.0117080705,-0.45254096,-0.019502899
2004-03-19,-0.8704866,-1.5860635,0.3089949,-0.79630953,-0.5348669,-1.4324545,-2.593842,-0.3900452,-1.6588632,4.5431533
2004-03-22,-0.40930408,-0.32755488,-0.07471843,-0.47639796,-0.7660334,-0.57483655,-0.8794754,-1.4415491,-0.37207493,-0.7137233
2004-03-23,0.23575695,0.05798387,-1.2063042,-0.9925742,0.24524754,-0.18462417,-0.31387174,-0.5857579,0.23694782,-0.79245234
2004-03-24,0.37221757,0.8081913,0.3540263,0.48643768,0.59640807,0.64316267,0.733161,0.3385372,0.73290807,0.24860051
2004-03-25,0.49304646,2.2278626,2.6907053,1.7441928,1.8765596,2.3076766,2.0924718,0.3927929,1.775072,1.4849402
2004-03-26,0.291564,-0.35650462,0.2654358,-0.52467555,-0.10286271,-0.7843365,-0.39937413,-0.87948924,-0.65816176,-0.6424817
2004-03-29,-0.05258398,0.9655379,1.6141255,0.50137943,0.61912984,0.47307774,0.7495028,2.5120516,0.026782863,0.4416758
2004-03-30,-0.24274296,0.19946696,-0.03219372,-0.3971995,-0.020497601,-0.48803324,-0.10282889,-0.11275506,-0.27593148,-0.39113712
2004-03-31,-0.3492083,-0.6240306,-0.91233903,-0.6698326,-0.30222845,-0.3534072,0.19538194,0.32709333,-0.18415727,-0.3282447
2004-04-01,0.30444703,0.3367452,0.068441376,0.18007551,0.879298,0.23136611,0.8340866,-0.08028131,0.56440854,0.93476605
2004-04-02,0.9619339,1.0559609,0.44197038,1.139272,0.7447672,0.89001346,0.52093554,0.79774433,1.0786049,0.4574663
2004-04-05,-0.06171932,0.52950424,0.8681685,0.05824957,0.42992774,0.46661752,0.49187428,0.32303143,0.076240785,0.28172308
2004-04-06,-0.30298358,-0.18849187,-0.5279661,-0.31116322,-0.8512041,-0.32874137,-1.8215765,-0.42424056,-0.48803768,0.041350048
2004-04-07,-0.41288427,-0.6242618,-0.6006984,-0.47118118,-0.36426625,-0.8574902,0.1416616,-0.004900343,-0.32711944,0.30767018
2004-04-08,-0.0051609296,-0.1263195,0.21716392,-0.33756754,0.058702093,-0.37812567,-0.1916871,-0.6825652,0.5072969,0.090706065
2004-04-12,0.41464755,-0.0030951516,0.63426775,0.14934734,0.07475476,0.31756175,0.38048723,0.38972497,0.4620328,0.51623976
2004-04-13,-0.49473432,-0.9592328,-1.8076824,-0.48594797,-0.3871363,0.07308224,-0.7611664,-0.73007035,-0.67450243,-0.25691506
2004-04-14,0.44474712,-0.67229754,-0.42868453,-0.0017200904,0.18213466,-0.4896411,-0.47910994,0.025865382,-0.25829494,0.25772163
2004-04-15,-0.18369624,-0.84675705,3.6910338,-0.7678399,-1.0673362,-1.1398649,-1.0295599,-0.916471,-1.7379997,-1.3976117
2004-04-16,-0.8130387,-0.7049778,-0.26590255,-0.28320116,-0.38329056,-0.4195439,-0.6328969,-0.8676844,-1.3757269,0.26360893
2004-04-19,-0.22101569,0.8929454,-1.544647,0.7100275,1.3532895,0.36566523,1.200311,1.0265532,0.6383183,0.3528515
2004-04-20,-0.9075495,-1.6653637,-1.1971308,-0.611627,-1.3433952,-1.1839571,-1.805154,-1.4908211,-1.9728457,-0.7690517
2004-04-21,0.45704654,0.61945313,-0.054443255,0.129711,0.26766995,0.32966423,-0.022903083,0.83413833,-0.06639435,0.80827457
2004-04-22,-0.37855494,1.6320297,0.04966479,0.95748854,1.065643,0.35343787,0.4013459,1.2077225,-1.0694474,1.0455154
2004-04-23,0.40116313,0.3934537,-0.20149198,3.3067703,0.5984783,1.6866469,0.45276955,-0.66791016,0.4242369,0.6571019
2004-04-26,-0.60992897,-0.33481368,-1.1343291,-0.7666556,-0.8453544,-0.6600252,-0.81071246,-0.6329015,-1.182459,-0.92205024
2004-04-27,0.5017362,-0.388028,-0.41906857,-0.18553725,-0.6471022,-0.5067535,-0.6394185,-0.3157839,-0.4418715,-0.024972739
2004-04-28,-0.48988828,-1.2184665,-1.0060154,-1.5790792,-1.0413485,-0.99699044,-0.656496,-0.55004495,-0.7916341,-1.2739656
2004-04-29,-0.9545168,-1.0102313,0.565423,-0.3240612,-2.0209613,-0.4567888,-2.3408897,-0.5525924,-1.2042108,0.007943053
2004-04-30,-0.6533961,-2.3533568,-1.9990671,-0.93279433,-0.8197119,-0.81152713,-0.6526194,-1.394412,-0.44504866,-0.18633589
2004-05-03,-0.08614436,0.5618306,0.5119021,0.3448562,0.34940284,0.53674936,-1.2885242,0.92339957,-0.42714727,2.6638777
2004-05-04,0.7791016,0.6830818,0.06318449,-0.20581192,0.07491909,0.39785594,0.45699492,0.35140297,1.1049811,2.0080526
2004-05-05,0.0017469941,-0.24585979,0.9371731,-0.22800817,-0.019493062,-0.14990261,0.37325767,0.147206,-0.2418043,-1.0415381
2004-05-06,-0.28738272,0.653264,-0.21605489,-0.5742266,0.63875365,-0.50509804,0.29334217,-0.8003313,0.02471409,-1.1564851
2004-05-10,-0.97397995,-0.14005382,-0.84802794,0.19015083,-0.019358745,0.08306515,0.36135912,0.16536547,0.8335226,0.038084943
2004-05-11,0.21404172,1.5298392,1.5956048,-0.12885924,1.1831092,2.1699033,1.255402,0.62783164,1.021861,0.71173316
2004-05-12,-0.21658573,-0.69295394,0.22873825,-0.16258118,-0.3948726,-0.4468705,-0.70677125,-0.6202527,-0.636121,-0.47501662
2004-05-13,0.3279875,-0.46740466,-0.29142186,0.21070008,0.94685364,-0.315883,-0.5629074,0.28731695,-1.0363238,0.015130858
2004-05-14,-0.5713071,-1.2800494,-0.3255417,-0.71366096,-0.9305339,-0.82140607,-0.6810427,-0.62190837,-0.90370554,-1.2372905
2004-05-17,-0.6578561,-0.7709208,-0.9000583,-0.91095746,-1.1428802,-0.45331118,-0.4401391,-0.8090094,-0.2874276,-0.6063498
2004-05-18,0.45444438,0.22235648,0.7459412,0.52169085,0.026358327,0.5145024,0.11897938,0.8849329,0.797783,0.82988185
2004-05-19,0.7935177,0.95337415,-1.2204071,-0.6460283,-0.39232877,-0.14381556,0.36163864,-0.38845673,-0.54995286,0.56164587
2004-05-20,0.30975443,0.4335182,0.39901698,0.1005859,-0.29706994,0.49017215,-0.5492652,0.33322093,-0.8704436,0.9253917
2004-05-21,-0.1916454,0.33802626,0.7025846,0.2143316,-0.018850887,0.19020411,-0.48052788,0.68966806,0.11664399,-0.05923783
2004-05-24,-0.0048054955,0.058414683,0.3815335,-0.4416099,0.55117893,0.27557248,-0.20759876,0.0063135102,0.6632391,-0.90364254
2004-05-25,1.2561804,1.5074524,1.9372847,0.6303369,0.63633585,0.58876395,0.889901,0.7685432,1.003437,1.1996949
2004-05-26,-0.23439069,0.29785603,0.11416239,-0.06326737,-0.108882576,0.4168942,-0.5889705,-0.23227243,0.405288,-0.4736591
2004-05-27,0.20589858,0.4815278,-0.6851392,-0.039720368,-0.017882016,0.077571236,1.459754,0.057069547,0.23084398,0.12010407
2004-05-28,0.023164077,-0.35488063,-0.2624803,-0.060479913,-0.37398836,0.113537416,0.45100397,0.08116939,0.68358094,0.21934201
2004-06-01,-0.32897654,-0.2609459,-0.0579888,-0.41820022,-1.267226,-0.43225408,-0.48978028,0.5260789,-0.68719584,0.26583287
2004-06-02,-0.07520163,0.4519656,1.5057639,-0.11276781,0.12468851,-0.6524426,-1.3266051,-0.12872487,-1.431867,0.39574835
2004-06-03,-0.45844626,-0.096922316,-0.9998267,-0.68060577,-0.80862975,-1.0597497,-1.5934272,-0.30861342,-1.1015809,-0.43571383
2004-06-04,0.17294298,0.9814373,0.63762367,-0.01066229,0.2918412,1.1911838,1.5792011,-0.3211205,0.306514,0.48555428
2004-06-07,0.8000861,2.2789788,1.730269,0.9033035,1.5147804,0.8980101,1.7025067,0.7916231,1.2867458,1.8125433
2004-06-08,1.0305835,-0.26605803,0.90057296,0.22756976,0.6633368,0.32923955,-0.36363518,0.32473096,-0.7306727,-0.24995059
2004-06-09,0.019142296,-0.31176096,-0.17559126,-0.39699143,-0.21608192,-0.87894875,-1.3721924,-0.62672985,-0.95982885,-1.1226083
2004-06-10,0.24004743,0.5299794,0.49277276,0.47962314,0.581431,0.31449604,-0.18276808,0.7346285,0.40208206,-0.12669754
2004-06-14,-0.2798464,-0.97745013,-1.1132402,0.13776529,-0.66219014,-1.0638973,-1.2425475,-0.8049385,-0.61854887,-0.5770435
2004-06-15,0.31752044,0.6562807,0.5842954,0.89684826,0.55727625,0.61422837,0.2527253,0.3166253,0.44777584,0.35945
2004-06-16,-0.10593543,0.52679676,3.355765,-0.33328226,-1.5139117,-0.5508093,-0.914765,-0.49943012,-0.6242814,-1.0299479
2004-06-17,0.05111136,-1.0286756,0.06583501,0.8003516,-0.9050706,-0.84328556,-1.7706,-0.40925574,-0.80466485,-0.074797794
2004-06-18,-0.25440133,0.16740632,0.09631916,1.0687946,-0.018071568,-0.04089816,-0.18128395,-1.1961728,-0.5603501,-1.9659398
2004-06-21,-0.4004776,-1.14864,-0.97627735,-0.14605667,0.02465246,-0.25827914,-0.3999973,-0.7410773,-0.33483186,0.777628
2004-06-22,0.39326134,0.7652903,1.0386224,-0.2628711,-0.1492719,0.8011542,1.5892236,1.4984574,1.0567156,0.46726552
2004-06-23,0.59576154,1.7390559,1.0199597,-0.1347066,0.123529084,0.79371244,0.8991905,-0.117680974,0.8396851,0.40780708
2004-06-24,-0.5606192,-0.62006336,-0.88195395,0.03333115,1.6168724,-1.0964309,-0.45532185,0.3921941,-0.30512026,-0.71084714
2004-06-25,-0.29700997,-0.5324933,0.73750657,0.22189553,1.3372147,-0.3768215,-0.19756038,0.15669611,0.78125864,0.8564597
2004-06-28,-0.597368,-0.2509521,-1.9425992,-0.7523139,-0.75572383,-0.77277184,-0.5320704,-0.34159878,-0.99389863,0.22807918
2004-06-29,-0.30599952,0.87144494,-0.028830023,0.30459994,0.53667694,0.3167258,0.4656707,1.6802195,1.5412049,0.6172442
2004-06-30,-0.11464578,0.015523662,0.022589346,-0.015598496,0.5577943,-0.03236334,0.19102411,0.7392682,-0.10492067,0.9190848
2004-07-01,-0.4704648,-1.215474,-0.43781903,-0.0028163274,-0.5141933,-1.0533155,-1.2755731,-0.642456,-1.3952988,-0.59916997
2004-07-02,-0.32991153,-0.31063756,-2.0520725,-0.26835722,-0.6891445,-1.2776734,-1.0712078,0.03844114,-1.1747135,-0.75430894
2004-07-06,-1.0017506,-1.2410349,-0.27124935,-1.281255,-1.957053,-0.45057607,-1.5087451,-1.1050646,-1.1825432,-0.8769827
2004-07-07,-0.24326724,0.15559022,-1.0173751,0.014667711,-0.018195556,0.3775609,0.6244798,0.44444606,0.2793691,1.0477474
2004-07-08,-1.301077,-0.5415747,-0.48578113,-1.1239612,-1.3044215,-0.28356197,-0.71081716,-0.584085,0.38647854,-1.9781079
2004-07-09,0.21641204,0.48611894,-0.2551095,0.31777123,0.50269186,0.60176575,0.87270033,-0.14147258,0.5381699,0.9307353
2004-07-12,0.19617568,-0.13230862,-1.635994,-0.09200031,0.2679451,-0.7032411,-0.849033,-0.7510898,-1.1646222,-0.42034054
2004-07-13,0.9235634,-0.31860498,0.07642957,-0.7734508,-0.43938988,-0.25412482,0.13139492,0.40585813,-0.6584307,-0.3077258
2004-07-14,-0.8479096,-0.05912169,0.5665622,0.9764381,-1.0157785,-5.650513,-0.102411,-0.4731364,-2.7262373,-0.3626753
2004-07-15,-0.055560708,0.111481845,5.57406,-0.72168374,-0.3711088,-0.5810126,-1.2006516,-0.53906333,-0.1845953,0.060149003
2004-07-16,0.24327931,-1.4863366,-1.2656271,-1.0145025,-2.6052856,-1.0150491,-1.6667469,-0.4518482,-0.40705395,-0.27711934
2004-07-19,0.87721866,-0.41182768,-0.48044068,0.86540353,0.5629101,0.31816617,-0.52314657,-0.15193488,0.20560464,-1.2280887
2004-07-20,0.9068737,1.3953658,0.28486976,0.62959933,0.8706871,0.63224834,1.8754858,0.77142334,1.0702989,0.19537714
2004-07-21,-0.80778897,-1.8000218,-1.0465825,0.98235786,-0.8034049,-1.6013223,-2.6369545,-1.2181599,-1.6425014,-1.8079784
2004-07-22,0.6317435,0.60578537,0.021208568,0.13168749,0.031887837,1.5168667,1.401501,2.79888,0.6771015,-0.11164633
2004-07-23,-0.94911486,-1.1916177,-1.7776283,-2.2413907,-1.4265101,-1.4110245,-1.1071304,-1.0333477,-1.4805009,-0.6003414
2004-07-26,0.23493452,-1.0275486,0.87341875,1.183978,-0.13998649,0.57835037,-0.4116789,-0.3262973,-0.48141223,-0.8460884
2004-07-27,0.6767695,0.50187486,1.8761318,-0.6363531,1.5875471,0.58241326,-0.12925246,-0.12548262,-0.13623919,0.6755831
2004-07-28,0.009984754,-0.52885735,-0.34325713,0.13523997,-0.70395064,0.3427119,0.41903636,-0.30574346,-0.90988356,0.16341418
2004-07-29,0.7850637,0.8584852,0.514825,-0.3831061,0.66669637,1.56508,1.3195268,-0.119556546,1.4124967,1.2027538
2004-07-30,0.27387086,0.36060697,-0.58251935,-0.1444671,0.6583925,0.21576239,-0.05748042,-0.56409043,1.1631532,0.8337382
2004-08-02,-0.2745739,0.8853849,-1.3835645,-0.10834436,0.7957838,0.95040697,-0.3298412,1.6861907,0.123950794,-0.2847487
2004-08-03,-0.759254,-1.2280436,-0.6040535,-1.0863545,-0.6049856,-1.4650456,-1.945186,-0.7656313,-1.457327,1.2083209
2004-08-04,0.24303812,1.0070502,0.7186192,-0.19209537,1.3608345,-0.39846677,-0.123581775,0.1208372,1.1664509,0.2520911
2004-08-05,-0.60519284,-1.3458706,-0.7807739,-1.3309524,-1.0604857,-0.71559286,-0.78636354,-1.0242798,-0.5615215,-0.1873127
2004-08-06,-1.2509135,-1.8130964,-2.9217796,-1.0217472,-2.405279,-1.9486859,-0.8876511,-1.502418,-1.187005,-1.2098632
2004-08-09,0.094528556,0.37045494,0.82007295,-0.08330679,0.9257063,-0.5165811,-0.20482133,0.6277834,0.34656486,0.09377745
2004-08-10,1.2443789,1.1763977,2.019474,1.0222688,1.1781802,-0.15043072,0.73739415,0.5652714,0.84561837,1.0840783
2004-08-11,-1.0489453,-6.3029246,-0.9773229,-0.854663,-2.2120345,-0.9365525,-3.5301855,-0.80676675,-1.6378183,0.12143294
2004-08-12,-1.2296046,-1.502931,-1.2262586,-1.3419557,-1.6249689,-2.1413975,-0.39982396,0.34131804,-1.6808718,-0.7509001
2004-08-13,1.4811563,0.25078458,0.7065949,0.13691941,1.8562713,0.63122135,0.07579537,-0.087905854,-0.010163651,0.5856072
2004-08-16,0.12149827,1.1223872,-0.22170113,-0.02141602,-0.050478525,-0.38976514,0.82372576,0.35249487,-0.08445377,1.350254
2004-08-17,0.052892637,1.4111507,0.05426797,-0.26069614,0.1281691,0.12448124,0.56527513,-0.03268171,0.9980546,-0.15024675
2004-08-18,0.9483914,0.95305145,1.3814168,0.732757,1.1788998,1.4985468,2.008304,1.2316439,0.13467604,0.7571293
2004-08-19,-0.1633875,0.36186773,-1.8772838,-0.9274954,-0.50868607,-0.55681044,0.06711829,-0.70135695,-0.78341585,-0.24653764
2004-08-20,0.33471474,-0.60912055,0.047322515,0.004687256,-0.62257326,-0.9550897,0.09235099,1.9666357,0.25935274,0.75350714
2004-08-23,-0.45064697,0.9216215,0.39514983,0.10363305,-0.076544225,0.55826634,0.84223825,0.781409,0.42305398,-0.5289284
2004-08-24,0.07002598,-0.53283197,1.3597426,-0.15071575,0.13023832,-0.55794007,-1.3859453,-0.044880524,-0.82975715,0.07461508
2004-08-25,0.3029298,0.9811747,1.6808103,0.5176145,0.32669878,0.5743509,0.76948386,0.33198225,0.7582587,0.477897
2004-08-26,-0.28383797,-0.3442883,2.4573584,-0.3742024,-0.808155,-0.42444664,-0.06257487,-0.5349286,-0.7888541,-0.10136427
2004-08-27,0.20660284,0.7996941,-0.5208151,-0.10214602,0.26326212,0.48451814,0.6867016,0.47008896,0.8687537,0.21404651
2004-08-30,-0.39858866,-1.1258599,-0.40392646,-0.4919181,-0.90382856,-0.9909797,-1.5111423,-0.8948747,-1.0256126,-0.8513374
2004-08-31,0.19272332,-0.603813,0.28224805,-0.1251622,-0.6118027,-0.60974634,-0.3864788,0.27124494,-0.31992376,0.25487536
2004-09-01,-0.37315565,0.81286556,1.0496184,0.049761184,0.29569715,0.237033,0.43872777,-0.15171014,0.2939542,-0.089719705
2004-09-02,0.2894708,0.5828759,-0.34417468,0.34227607,1.1470484,0.39058962,0.796715,0.832188,0.62045026,0.96345454
2004-09-03,-0.12603,-1.3913747,-0.68487746,-1.2291033,-1.2638844,-3.604179,-2.2820795,-0.45959893,-1.6869168,-0.3179126
2004-09-07,0.46350402,0.81927574,0.7262971,0.3893932,0.22205901,-0.42614093,-1.1555803,0.83445823,-0.112487204,0.64505637
2004-09-08,0.7019953,0.7162759,0.79025704,-0.3615668,-1.1135229,-0.46524593,0.25728223,0.10348692,0.17342024,0.52803147
2004-09-09,0.45632794,1.5992112,-0.9920303,-0.10245471,0.32523608,1.0114436,4.46998,0.059230182,1.4322414,0.9994079
2004-09-10,0.27461818,1.440377,0.1767656,0.3024271,2.715202,0.92839354,2.5922382,-0.25642443,1.181047,0.8440156
2004-09-13,-0.18848121,-0.47864318,-0.46031883,-0.6578514,0.7263116,0.4756543,0.44185072,0.8836291,0.20219365,-0.16667907
2004-09-14,0.19954297,0.29178154,-0.2076725,0.2595674,-0.35693324,-0.13261674,0.4285382,0.4302208,0.39519668,-0.1711997
2004-09-15,-0.2407758,-2.0521514,-0.49005976,-0.69769937,3.686185,-0.91723365,-1.2027321,-0.4284939,-1.1807728,-2.029521
2004-09-16,-0.1717399,0.112418376,1.6041627,0.0031827935,-0.45959738,-0.7895963,-0.59659845,-0.27043244,-0.062172096,0.3963265
2004-09-17,-0.26522368,-1.1491325,1.04588,0.38968304,1.2745097,1.1277404,1.0381808,-1.7495476,0.20822722,0.21688677
2004-09-20,0.0011968653,0.43751666,0.72321624,-0.16048732,-0.5370091,0.7427188,1.372628,-0.5300302,1.5666876,-0.21997328
2004-09-21,0.052306067,1.0524838,0.33169395,-0.7242249,0.021660011,0.30693635,0.3103828,1.0440823,0.006715264,2.4994087
2004-09-22,-1.1335876,-1.9829689,-1.6664258,-0.4836492,-1.3560884,-1.6745161,-1.137308,-0.9351338,-1.2857938,-1.6464527
2004-09-23,-0.32534373,-0.1352124,0.37638727,0.31686267,-0.48491597,-0.17830609,0.1215078,-0.034075137,0.025828157,0.32017076
2004-09-24,0.49783444,-1.4545683,-0.08101821,-0.30384222,-0.08943318,-0.68522596,-1.7103605,-0.6202599,-1.2668139,-0.91366005
2004-09-27,-0.19292606,-1.0437676,0.22648242,-0.38891733,0.68944067,-0.58551127,-1.2747447,-0.36158526,-0.6441945,-0.51724964
2004-09-28,0.29660267,0.122591965,0.59416604,-0.00030174205,0.7633233,-0.6542603,-0.85664344,0.013475971,-0.5508374,0.72269446
2004-09-29,0.4535763,0.77372015,0.7882432,0.5098972,0.30122992,0.8767368,1.4065913,0.89686286,0.32682893,0.9143274
2004-09-30,0.6179828,-0.57604045,0.025872903,-0.003445553,-0.7076294,-0.090431936,-0.30725798,0.009450494,0.190197,-0.20317759
2004-10-01,0.76344997,2.2825766,-0.16189227,1.1089953,2.6284363,1.793617,2.8751009,1.4244256,1.8744867,0.4405367
2004-10-04,0.34364346,0.11244213,0.11244297,-0.41120666,-0.14227043,0.57051826,0.7185263,0.4567787,-0.4159718,0.6929389
2004-10-05,0.13813049,0.40432683,0.71221685,0.3915832,1.3797363,0.37505335,-0.46477804,0.13716774,0.31665897,0.24627276
2004-10-06,0.5604423,1.1691576,1.5767391,0.16102284,0.10506112,-0.492334,0.5111493,0.5544887,-0.30045778,0.4554111
2004-10-07,-0.4409787,-1.0484523,-1.3755696,-0.90603364,0.1926439,0.1967119,-0.68106425,-0.5337452,-0.27860573,-0.5776355
2004-10-08,-0.5130851,-0.94692606,-0.80609894,-0.53721917,-0.5317069,-1.7348037,-1.6190155,-0.55637926,-2.4418259,-1.2436106
2004-10-12,-0.459169,0.5534671,-0.4863019,-0.22389765,-0.23962426,-0.89901435,-1.3610383,0.24875446,-0.41757858,0.96934015
2004-10-13,-0.7691833,-0.82354605,1.8836725,-0.15859771,-0.72669524,1.6892899,0.9296168,-0.07558835,0.49807894,-0.711338
2004-10-14,-0.1296073,-0.72146857,6.3134074,-0.6422038,0.025290582,-1.2210633,-0.811506,0.5251991,-1.8630065,-0.051884115
2004-10-15,0.084600516,-0.28284705,0.52671444,0.25117868,1.026933,0.17923392,-0.39910528,0.22046149,-0.086479105,0.19309033
2004-10-18,0.87179655,0.53512144,2.4507034,0.7369388,0.75960094,0.37392488,-0.33431312,1.0141108,0.33298028,1.4223248
2004-10-19,2.617758,0.17445108,-0.41917568,-0.63183033,-0.472843,-0.03657337,3.1258576,-0.87139416,-0.008711361,0.38398463
2004-10-20,-0.3872659,-0.6406505,-0.0009252243,0.9231866,0.42208597,1.4208908,0.61472297,0.5127924,0.501456,0.07541283
2004-10-21,-0.51181215,0.54342794,0.4437352,-0.44228184,0.065078475,0.49269906,0.33348352,0.55685735,0.5738662,0.6765208
2004-10-22,-0.50957596,-0.9695252,-0.6328906,-1.8693494,-0.5521868,-0.9522416,-1.577228,-2.1353128,-1.15611,-0.6585276
2004-10-25,0.80643755,-0.5687666,0.087818,-0.38795924,-0.77725554,-0.038883902,0.30059412,-0.96014845,-0.2940135,0.00066843897
2004-10-26,0.437791,0.17288905,0.40238166,0.42164332,0.5446491,0.14818741,0.815865,-1.8340894,-0.57791823,-0.06547909
2004-10-27,0.75400966,1.2530698,2.3868415,0.37544835,1.2713418,1.2843729,1.7233418,1.5157435,1.0736665,1.8183712
2004-10-28,-0.3654551,1.0415772,1.821647,-0.42079622,0.5140383,0.49445266,1.0481943,0.39575934,0.061359324,-0.41433883
2004-10-29,0.16743647,0.6614839,0.12424311,-0.21075872,-0.30346602,-0.05091683,0.15347093,0.018327156,-0.32543957,0.39206395
2004-11-01,0.27421,0.16218992,-7.902096e-05,0.0840296,0.3200783,0.3254817,0.6450383,-1.1836524,-0.36448783,0.21862537
2004-11-02,0.26399466,0.10899688,0.9953887,0.18568753,0.15731129,0.29433993,-0.98081225,0.24472709,0.5587094,0.5092319
2004-11-03,0.53581905,0.009749307,1.7085991,0.32624295,0.08941231,0.15656789,-0.7526139,-1.1735953,-0.41066438,0.07504823
2004-11-04,0.85825795,0.6479764,-0.8682099,0.929435,0.99730515,0.3839179,0.6096936,-2.0746293,0.21557693,0.7049482
2004-11-05,0.63316584,1.1110747,0.2116467,0.46665776,0.21771055,0.86959827,0.75121677,0.13099968,0.011713746,0.2518006
2004-11-08,0.1912335,0.034823064,-0.36576563,-0.19736189,-0.23482244,-0.2870741,0.0322658,0.342841,0.18255505,-0.49591056
2004-11-09,0.0016315217,-0.4915829,-0.35819805,0.80887324,0.81182426,-0.32682022,-0.02150013,0.28317538,-0.13488413,-0.38577658
2004-11-10,0.14901939,-3.097275,0.40090045,-0.2035474,0.06508707,-0.42695642,-1.3772581,-0.26272735,-1.0620698,0.11943899
2004-11-12,0.35980672,1.3179873,0.13826258,-0.155026,0.8220344,0.92206645,0.7085217,0.023086134,0.13467322,0.37615895
2004-11-15,0.41880038,0.75615054,-0.29503298,0.92029715,-1.381577,0.10864471,0.19673425,-0.10486582,1.4051613,-0.3478041
2004-11-16,-0.7039162,-0.38233268,-0.33010128,-0.70745873,-0.34624603,0.08953256,-0.7454158,-0.68953985,-0.1340177,-0.30542475
2004-11-17,0.37975863,0.41611537,-0.05799047,-0.030885555,0.6827265,0.81112975,1.3093373,1.1408086,1.2458516,0.29316252
2004-11-18,-0.24529602,-0.01391762,0.4216085,-0.3499494,-0.5906465,0.8257856,0.22383864,0.3578043,0.6216883,0.399371
2004-11-19,-0.44388223,-1.237596,-0.25601763,-0.5887754,-0.8255864,-1.2216595,-1.1319093,-1.2836086,-1.617956,-1.0419226
2004-11-22,0.47602767,0.40512604,5.424635,-0.60761905,-0.2928149,-0.17415968,-0.41744238,0.8236012,0.17777903,1.2221792
2004-11-23,0.13821599,-0.36511734,-0.1255564,-0.41430384,0.060957324,-1.5540024,-0.46116513,-0.3607668,-0.5698635,0.87874657
2004-11-24,0.14629187,0.5992174,2.2240515,0.09399408,0.33942485,0.44263864,0.5368725,0.8669845,0.059194867,0.1238923
2004-11-29,0.5639688,-0.7509386,2.9506073,0.22545588,0.06267118,-0.3807556,-0.07754548,0.1042809,-0.2080627,0.035254683
2004-11-30,-0.8553213,-0.46719137,-1.118197,-0.0588981,0.21261139,-1.4724954,-0.77918804,-0.061228946,-0.815927,-0.15580824
2004-12-01,1.1423956,1.0646313,0.52794105,0.7996713,1.2774026,1.4134331,1.8029882,1.3725119,2.4595888,0.7185852
2004-12-02,-0.09286895,0.1549889,-1.4724177,-0.45808974,-0.49780512,-0.74635357,-0.4949018,0.45066524,-0.57075316,0.4772356
2004-12-03,0.7825143,0.5398353,-1.1826535,0.14015882,0.19994897,1.957393,0.25763223,-0.18280527,0.70957065,0.3770159
2004-12-06,0.32247773,0.87047714,1.4422601,0.06583127,0.86515665,0.13893498,0.253243,-0.15565675,-0.13833222,-0.65687126
2004-12-07,-1.0280174,-0.16466223,-1.2511089,-0.6153816,-0.89154994,-0.9063143,-0.45716497,-0.51798475,-0.7080953,-1.2064699
2004-12-08,0.28390783,0.176707,0.18608068,0.38871154,0.38121238,-0.7654397,-1.447532,0.51185405,-0.64416033,0.004732635
2004-12-09,0.5524334,-0.8962105,0.34374455,-0.3905126,0.22747637,-0.4824275,-0.6501891,-0.25414822,-0.35324514,0.32674646
2004-12-10,-0.5709186,0.08219285,0.610609,-0.4355434,-0.062820725,-0.39958894,-0.16199891,-0.21806811,-0.35687837,0.09058866
2004-12-13,-0.16732217,-0.3097311,-0.11291306,0.2061085,3.9426463,0.09806274,0.06764504,0.45877495,0.20228049,1.1691768
2004-12-14,0.5395179,0.058258213,0.14877385,-0.16548721,-1.190241,1.0505173,1.0705931,0.039156165,0.48631474,0.91087437
2004-12-15,0.0038748712,0.32223868,-0.045739938,-0.37974352,-0.46380046,-0.21631524,0.10243823,0.19413733,0.004264744,-1.0734254
2004-12-16,0.10103352,0.035357147,0.9899751,-0.0402026,-0.018489443,-0.62473637,-0.7919937,-0.9533599,-1.0135384,-1.1369891
2004-12-17,-0.82693475,-1.0600021,-1.3193014,-0.58533645,-0.41501024,-0.27299374,-1.2082621,-0.17780018,-0.6446584,-0.5131416
2004-12-20,0.2692685,0.20407268,-1.9106977,-0.17703511,-1.5378475,-0.22157829,-0.11997248,-0.49568847,-0.28346306,0.22734594
2004-12-21,0.35676637,0.91493815,0.72806287,0.10864066,0.79902977,1.6783441,0.43560892,0.9165347,0.15965414,0.15237331
2004-12-22,0.45570618,-0.07744546,-0.06792217,-0.3871092,-0.4012614,-0.16696222,0.49884227,0.38529712,0.20793645,0.71897745
2004-12-23,0.11396161,0.41522703,0.12652612,-0.0765143,-0.2670323,0.11550425,-0.09563963,0.021715047,0.010148924,0.4234356
2004-12-27,-0.11974024,-0.39684623,-0.7975904,-0.52536654,0.01714541,-0.4493731,-0.15825474,-1.1479104,-0.62016547,-0.27693298
2004-12-28,0.5530521,-0.06845238,0.77567184,0.070823684,0.6620817,-0.2361262,0.15422419,-0.02300534,0.17986621,0.9617839
2004-12-29,-0.05594827,0.17058119,0.14529145,-0.26160437,-0.4646875,-0.12518875,0.8057321,-0.7436989,0.18066657,-0.35436967
2004-12-30,0.12169919,0.35240665,0.19052087,-0.4860593,0.5999482,-0.08559398,0.20969884,-0.23605831,-0.06180975,-0.09646653
2005-01-03,-0.5644161,0.035315506,-1.0406528,-0.12709971,-1.295574,-0.75642735,-0.9107797,-0.16496252,-0.7330386,-0.85419667
2005-01-04,-0.72692055,-2.1397982,0.4254057,0.047395162,-1.47923,-1.038092,-1.203453,-0.2820517,-0.8206169,-1.2690877
2005-01-05,-0.11280188,0.064206004,0.35160962,-0.30504102,0.12380383,-0.55462414,-1.5138535,0.1078926,-0.7477249,-0.30323625
2005-01-06,-0.18621945,0.8628661,-0.06969132,-0.23917557,0.4586993,0.06458349,-0.22195347,0.6336904,-0.37443498,-0.8374559
2005-01-07,-0.26481068,-0.31228843,3.4548538,-0.32824716,0.36260572,0.5778088,0.21853803,0.15190807,0.027922882,-0.026034644
2005-01-10,-0.044448186,0.031145137,-0.34159157,0.10132681,-0.6067033,0.069419794,-0.67082214,-0.15226732,-0.0391003,-0.024188275
2005-01-11,-0.46124262,-0.19060028,-3.556573,-0.31793833,-0.014063683,-0.771909,-0.5373146,0.013954393,-0.13056342,-0.5613707
2005-01-12,0.17504531,0.81579965,0.5884271,-0.06399711,1.0351913,1.1329274,0.014491293,-0.20471767,0.7709307,0.55302906
2005-01-13,-0.5141722,-0.37280005,3.18345,-1.235484,-0.058047,-0.7526618,-0.4310232,-1.1602279,-0.71270573,-0.5853755
2005-01-14,-0.2147736,0.28049034,0.15392815,-0.46030167,0.48272908,0.29024532,0.5303958,0.040193472,0.5213277,-0.048894048
2005-01-18,0.53488886,-0.3132854,0.18067867,0.22656828,0.46048883,-0.23574993,0.03310381,0.35503727,-0.085319735,0.03597594
2005-01-19,-1.1468672,-1.4308106,-0.6748886,-0.81219953,-1.171902,-0.72271687,-1.2160345,-1.724712,-1.2000133,-0.3670173
2005-01-20,-0.04686986,0.4956277,0.29545638,-0.4191897,-0.7915782,-0.1269564,-1.2002388,-3.8485956,-0.31260985,0.078704126
2005-01-21,-0.4371597,-0.8845584,-0.094795294,-0.6475537,0.07387648,-0.42084196,-0.8254609,-0.05721004,-0.8592725,-0.83117247
2005-01-24,-0.41211918,-0.7269479,0.07757238,-0.12544572,-0.3330592,-0.9748901,-0.6224503,-1.6075766,-1.1052116,-1.3324555
2005-01-25,0.32788894,-0.67851454,0.8205516,0.60086167,1.3292655,0.4718483,0.7701188,0.0677263,1.0800172,0.09705357
2005-01-26,-0.15018573,0.55848914,0.02009083,-0.19043967,0.059904765,0.23743732,3.3178122,0.21478342,1.0122693,0.2727849
2005-01-27,0.05739699,1.5468417,0.17672716,0.0571765,1.3498034,-0.32374293,0.49437654,-1.0018114,0.77689266,0.090920776
2005-01-28,0.7308502,-0.8217673,0.86437887,-0.0124714095,-1.190034,-0.23762351,0.4569018,0.17499322,-1.1379622,-0.62862265
2005-01-31,0.34601325,0.3888709,1.171627,0.07846607,0.24695745,0.35683292,0.14305557,0.9062252,-0.42059115,1.0615172
2005-02-01,0.31287038,0.27330896,0.38583365,0.09944326,-0.43208224,0.315712,0.66767067,-0.5725921,1.1559297,0.74087447
2005-02-02,0.32191306,0.08976728,1.3370245,0.008910072,-0.343234,-0.15521945,-0.21601874,-0.60788465,-0.43595523,3.2103536
2005-02-03,-0.5191385,-1.6948032,-1.2630864,-0.76082844,-0.8082831,-0.29578283,-0.7444026,-0.42595404,-0.33667612,0.7683465
2005-02-04,0.6898288,1.0906733,0.63632506,0.1655974,1.1277157,1.2266698,3.1520646,0.895884,1.4674379,0.37055796
2005-02-07,0.03308591,0.76363325,0.008829366,-0.5054569,-0.421953,-0.24402252,-0.22796087,-1.2246554,-0.2578331,-0.3529586
2005-02-08,-0.14067025,0.25078827,1.2333171,0.0332074,-0.30661634,0.95646095,1.1475194,0.21669157,0.2760881,0.10026185
2005-02-09,-0.9866459,-1.6749325,-1.4538833,-0.52785105,-1.1369655,-0.27990127,-1.3789837,-0.74415904,-0.96956104,-0.8064578
2005-02-10,0.058414046,-0.106268086,-0.30465278,-0.16833824,-0.1314916,0.35355797,0.48216343,-0.5506899,0.28251332,0.039423037
2005-02-11,0.40254533,0.38229072,1.7809991,-0.3525639,0.7801098,1.3129518,1.7147801,0.91986585,1.0803401,0.69977343
2005-02-14,0.2104993,0.8054715,2.066732,-0.05835364,-0.16914333,0.2243448,0.12309597,1.0804071,-0.11057261,-0.18615153
2005-02-15,0.55189115,-0.10625781,2.19315,-0.14865631,-0.09391224,0.26235944,0.12242828,-0.4235729,0.7672307,0.9801201
2005-02-16,0.21776152,-0.55243117,0.94539154,-0.4622589,0.12838411,-0.69673884,0.048816193,-1.1379758,-0.06324861,-0.23649622
2005-02-17,-0.58455884,-0.73099375,-1.4048228,-0.47304773,-1.4576457,-1.1176536,-1.1578364,-0.84699404,-0.48899674,-1.1121845
2005-02-18,-0.320572,-0.39518428,-0.6478837,-0.53441846,-0.09533252,0.7253768,-0.3309937,-0.96077305,0.07798833,-0.19327416
2005-02-22,-0.6561195,0.06380997,-0.9708571,-0.72090536,-1.0919532,-0.5662716,0.4134004,-0.21617864,0.053824052,-0.9647392
2005-02-23,-0.13200016,-0.05491182,1.683054,-0.22305563,1.1500983,-1.0164368,-0.22497503,-0.5060323,-0.58607054,0.15321314
2005-02-24,0.4120345,-0.26840264,0.34288305,0.24621299,0.22095107,0.76646876,0.8673853,1.5806514,0.6958814,-0.29277688
2005-02-25,0.14261305,0.09797189,-0.03341726,-0.4374927,0.46227914,0.7585563,1.3073041,1.6379166,0.7056026,0.0045553306
2005-02-28,-0.12815343,0.7249653,0.35304666,-0.37185705,-0.75198907,-0.2818765,-0.45487043,-1.1755738,-1.1859523,0.21908264
2005-03-01,0.50917554,0.25268084,-0.46159542,0.13283965,0.6827634,1.1069552,1.0851631,0.27488616,0.41399503,0.39175913
2005-03-02,-0.24313608,0.788397,-0.53152084,-0.20874155,-0.43204197,-0.28262436,-0.35974374,-0.17726557,-1.1513959,-0.021434091
2005-03-03,-0.34230185,0.22567475,-2.9705667,-0.38078824,0.14433615,-0.11895948,-0.74702704,-1.1067666,-0.37351793,-0.031631924
2005-03-04,0.0056988434,0.79138803,1.1995066,-0.16617347,0.7665674,0.29495,0.5337311,0.024104625,-0.61544216,1.0859756
2005-03-07,-0.54593456,0.6595187,-0.16763793,0.5549632,1.2849272,0.7997923,0.83376807,2.1238477,0.5609164,0.9710859
2005-03-08,0.44156992,-0.33696622,-2.96611,-0.33725783,0.051294737,-0.7085598,-1.9150786,-1.3668858,-0.8692461,-0.12973177
2005-03-09,0.20016718,1.2961686,-1.6676383,-0.3819021,-1.1227854,0.0035013107,0.520109,0.43819967,-0.4771698,-0.3709172
2005-03-10,0.07209733,0.55347335,0.5595338,0.12691288,-0.37383863,-0.046622265,0.7482986,0.29937467,0.33345678,0.5499033
2005-03-11,-0.62059915,-0.69328785,0.5026936,-0.94898224,-0.6808451,-1.3794168,-1.6050713,0.2172537,-1.1543748,-0.64984107
2005-03-14,0.30439404,0.28817043,0.0015551752,-0.10420105,0.21622097,0.082474075,0.069168895,0.035118997,0.23892678,0.61935276
2005-03-15,-0.34858924,-0.8123255,0.7480141,-0.63531756,-0.018444095,-0.89220285,-1.0375733,0.63440686,-0.92076164,-0.6059763
2005-03-16,-0.5056048,-0.4998147,0.20646258,-0.8352919,-0.5457732,-0.8004906,-0.54642963,-0.47264725,-0.52288854,-1.0268207
2005-03-17,-0.566415,-0.08744202,1.279884,-0.38726437,0.5615627,-0.36185667,0.3287877,-1.0791065,0.2709144,0.5125348
2005-03-18,-0.4133789,-0.68778986,0.8009499,-0.74071425,-2.6803029,-0.08003932,-0.41795695,-0.55823696,-0.5426349,2.9315112
2005-03-21,0.21563137,0.47974727,0.82234234,-0.4445708,0.45441666,0.113718465,-0.45963737,-0.012876058,-0.03488709,-0.8591884
2005-03-22,0.02776229,-0.025986461,-1.1631342,-0.69634515,-0.72244996,-1.1353159,-0.46362647,-0.7021919,-0.6005967,-0.28701255
2005-03-23,0.79203475,-0.48322037,-0.4187388,0.31577668,0.06618167,0.74477905,0.61640584,0.2734876,0.9469213,-0.09251748
2005-03-24,0.15083511,0.40601227,-0.11835477,0.09386122,-0.4614353,-0.49380985,0.2731457,-0.73974705,0.9633235,0.16655703
2005-03-28,0.27674848,0.06591575,-0.032182414,-0.3519164,0.10852161,0.1949224,-0.075752005,0.4143673,-0.5366111,0.3711026
2005-03-29,-0.2957609,-0.36956823,-1.0137528,-0.8375054,-0.63601506,-0.37764025,-0.61631083,-0.60699385,-0.43859333,-0.62781745
2005-03-31,0.5119223,-0.3417462,-1.4613963,-0.11782309,-0.022177923,-0.55030406,-0.49732643,-0.422873,-1.0421636,-0.3910936
2005-04-01,-0.66398233,-0.49305132,-1.0366861,-0.26568523,0.17494039,-0.4975933,-1.005826,-1.3773836,-0.69237,-0.29515043
2005-04-04,-0.0648454,-0.051591136,0.19090925,0.11820916,0.6255159,-0.2295524,-0.24715659,0.53706634,0.01609884,-0.14600076
2005-04-05,-0.5251228,0.4761281,0.93011254,0.43175018,-0.9988335,0.37033662,-0.000799544,-0.59443915,-0.1637721,0.15969303
2005-04-06,-0.4009077,-0.10597164,0.4843566,0.32939574,-0.29871872,-0.22001098,-0.3020867,-0.73082316,-0.13773549,0.80019116
2005-04-07,-0.397436,1.091956,1.4296439,0.8632748,0.2586368,0.685382,0.592155,-0.031047553,0.29462326,0.16436154
2005-04-08,-0.62261826,-0.62583226,0.17310603,-0.5051404,-0.35972553,-0.26917255,-0.32393897,-0.4272011,-0.28471637,-0.75989133
2005-04-11,-1.0551881,0.26986784,-2.063553,-0.068225585,0.11875555,-0.35302812,-0.40732118,-0.60089296,-0.25826594,-0.33004442
2005-04-12,-0.33541048,0.7021737,0.8774215,0.6611452,0.32028428,0.15161006,-0.92531383,0.043436605,-0.28849712,0.04047063
2005-04-13,-0.90832335,-0.58129656,-1.7254195,-0.7576724,-0.85283554,-0.77579194,-1.0826678,-2.2398255,-1.2618606,-1.2465291
2005-04-14,-0.70946366,-0.4292329,-2.691517,-0.5338736,-0.59779936,-0.598286,-0.45161313,0.69328666,-0.5379887,-1.0618473
2005-04-15,-5.555493,-1.5495026,-1.6491513,-0.9684954,-1.4276892,-0.71274376,-1.1727442,-1.1883255,-2.0453212,-2.0000978
2005-04-18,-0.05512778,-0.44821075,0.25112405,0.29556212,0.33880058,0.13771112,0.25874117,-0.31138912,0.8660056,-4.4874825
2005-04-19,-1.0066524,0.46758106,1.5934753,-0.1782812,0.26768073,0.75745887,2.2297611,0.26928857,0.2807249,2.5545628
2005-04-20,-3.0794296,0.062918924,-2.3484805,-0.8711007,-0.42093506,0.015938308,-0.31993362,0.44230396,-0.73572254,-0.6745437
2005-04-21,1.818867,1.3829373,2.382016,2.0834227,1.5006257,1.3239378,1.1737412,1.8138005,0.90754247,1.7005829
2005-04-22,0.17543572,-0.6740807,-2.4528573,-0.8428784,-1.0391556,-0.2960546,-0.5290411,-1.0781846,-0.5477497,0.5305842
2005-04-25,0.38019443,0.18551938,2.0414467,-0.12862557,0.62647456,0.30123547,0.34842703,0.83306736,-0.0038920606,-0.21464907
2005-04-26,0.73864615,-0.5497025,-1.1703746,-0.69204235,-0.81515276,-0.24348924,-0.19184159,-0.29952928,-0.05921837,-0.71551067
2005-04-27,1.4059162,-0.05017679,-0.39920345,0.3926813,0.060332306,0.32861748,0.2751814,0.9545996,-0.27624595,-0.5275726
2005-04-29,0.42027366,0.41010267,0.70203143,1.8469182,-0.27303973,0.6164036,0.6108685,-0.03087278,-0.113967255,0.7264311
2005-05-02,0.11310065,0.0072687976,0.48941892,-0.29716042,0.13496034,0.015983408,0.26144093,0.102810755,0.47359025,-1.7781128
2005-05-03,-0.0041334527,0.19351713,-0.3905635,0.15064235,-0.0648173,0.5335829,0.09702031,-0.5424727,-0.059006125,0.08892545
2005-05-04,0.54964167,1.051779,1.2570883,-0.5038585,0.5565144,0.6876515,1.0412503,1.0862391,0.7794922,0.18195976
2005-05-05,-1.3401974,1.0485778,-0.7164059,-0.10373794,-0.27935115,0.24630165,0.4341036,-0.6749472,0.07343299,-0.52203536
2005-05-06,-0.009881936,0.093753554,0.7171433,-0.17568062,0.4216562,0.408077,0.6306251,0.41195175,0.33804128,0.59636664
2005-05-09,-0.22012335,0.58699256,-0.44079864,-0.4125675,-0.061895862,0.56649786,-0.07471643,0.4524406,0.04536948,0.7401629
2005-05-10,-1.4982113,0.036644723,-0.86786264,-0.6675804,-1.0844134,-0.3429234,-0.984403,-0.6117643,0.25475276,-0.985572
2005-05-11,0.014839317,1.0601499,-1.2678053,-0.13711278,0.81718624,0.13345984,0.3756749,0.5703832,-0.24315453,0.31563282
2005-05-12,-0.57175153,0.4582593,-2.2545907,0.061215553,0.8146328,0.07824549,0.3604745,-0.6274311,-0.24420445,-0.14376716
2005-05-13,0.503022,0.5402008,0.9080124,0.5506052,1.8921204,0.48131225,0.27568787,-0.5619533,1.1192684,0.22090276
2005-05-16,1.068671,0.56507546,1.0902404,0.47632754,-0.059068408,0.34572098,0.7604705,-0.043055017,-0.23917812,1.3414884
2005-05-17,-0.0256019,-0.043954037,-0.33271664,-0.21644662,-0.5857315,0.64293206,0.7304891,0.8045587,-0.16309983,-0.12088375
2005-05-18,1.8311715,0.51925373,0.63338464,0.40318108,0.47879648,0.37927058,0.21781377,0.44653648,-0.3440545,0.961269
2005-05-19,0.70101273,0.3977176,2.358882,0.35166618,0.37942493,0.09416641,-0.34332332,-0.02166303,-0.6545547,0.71083057
2005-05-20,-0.62436247,0.2664276,-0.054185882,-0.5534358,0.45393848,0.56556284,0.49777773,0.74149925,0.24980928,0.054277778
2005-05-23,0.1063433,0.24377158,2.8883746,0.101926565,0.5779017,0.21943125,-0.58315456,-0.25035393,0.37694687,0.32689473
2005-05-24,-0.59849507,1.3166853,-0.1691935,-0.40146893,0.40582177,0.80260557,0.23286963,-0.18611719,1.0482103,1.6163377
2005-05-25,0.21297316,-1.0418915,0.0029933134,-0.2656059,-0.25146407,-0.01163704,-0.10242753,-0.36610988,-0.2782779,0.4691712
2005-05-26,1.0893152,0.8211242,1.1656622,0.2688034,0.6867219,0.57342255,0.7788281,0.70359194,0.60067064,0.4483063
2005-05-27,-0.0034078648,-0.26888403,-0.34954676,0.21540287,-0.34002635,-0.0517829,-0.37807873,-0.40336078,-0.1773429,0.052283503
2005-05-31,-1.3269967,-1.0405296,-1.1120557,-0.7817706,-0.22557789,-0.87626153,-0.22901964,0.03767769,-0.66191685,-0.09833986
2005-06-01,1.160968,0.70051,0.6306461,-0.13389537,0.35266465,0.5509157,0.22324266,0.8364583,0.414428,0.05864223
2005-06-02,0.5039577,0.71959865,-0.45215192,-0.21830156,0.34984562,0.45724818,0.40726018,0.08881381,0.4855593,-0.17431168
2005-06-03,-1.3802649,-1.3437624,-2.5576768,-1.0241618,-1.7059739,-0.56301486,-0.13893314,-0.8124649,-0.06158599,-0.8704081
2005-06-06,-0.7032775,-0.022022404,-0.5536503,-0.31423426,0.23041473,-0.37704763,-0.43680543,0.13582808,-0.2041862,-0.17662828
2005-06-07,0.07360766,0.12413482,-2.088143,0.16670029,-0.29104796,-0.66283697,-0.87139595,-0.6878291,-0.6676077,-0.32964295
2005-06-08,-0.18941213,0.036359,0.4565175,-0.43322623,0.3189558,0.36281753,1.0702313,-0.4665348,0.65913993,-0.0387393
2005-06-09,0.15471819,0.21012537,0.9565556,0.097869284,-0.023576409,1.0443268,0.19259264,-0.5322366,1.1341811,0.31923616
2005-06-10,-0.11449196,-0.63516915,-2.7964568,-0.36151424,-0.16284443,-1.4018706,-1.1830977,-0.72608644,-0.66606027,-2.159531
2005-06-13,0.28915575,0.21023235,0.049736664,-0.44973847,-0.19403116,-0.03792164,-0.089134015,0.06731966,-0.4964008,0.7815319
2005-06-14,-0.111538425,-0.31274578,0.061721772,-0.044523016,-0.54592717,-0.65085024,-0.62866545,-1.3280427,-0.2799734,0.4803953
2005-06-15,1.2722498,0.42716718,1.5362086,-0.3927464,0.57025003,0.38685355,0.17529234,-0.35025346,-0.135462,0.0029429335
2005-06-16,0.6780601,0.6125909,1.1044815,-0.6771011,-0.6869387,0.27055657,0.102917925,0.045046024,-0.111025594,0.5669602
2005-06-17,-0.5502272,0.036716033,0.37616813,-0.16164722,-0.5442454,-0.07452408,0.14237684,-0.16873395,-0.012937039,-1.6636181
2005-06-20,0.18149842,0.23886016,-1.0811503,0.0027988108,0.28523564,-0.49553218,0.5372976,0.29317492,-0.64401025,-0.43429637
2005-06-21,-0.091832526,0.5252794,0.2601072,-0.07168344,0.5910656,0.44262356,0.6018018,-0.19243646,-0.03698629,-0.5202451
2005-06-22,0.78689533,0.122223526,0.8724726,-0.36385775,0.32081795,-0.21267125,0.55970865,-0.34091836,0.39440626,-0.41116777
2005-06-23,-1.5114136,-0.019268561,0.3117703,0.3406124,-0.54493415,-0.6380482,-0.22451739,-1.2663901,-0.042433206,-0.6985957
2005-06-24,-1.1747158,-1.1443583,-1.6117172,-0.72573847,-0.10616717,-1.1888587,-0.37327087,-0.6360905,-1.0672913,-1.0908165
2005-06-27,-0.09171368,-0.6519015,-1.0200965,-0.14249597,0.096305706,-0.4914899,-0.8312997,-0.0642459,-0.5672945,-0.58459
2005-06-28,1.221295,0.35044232,0.14991246,-0.120145194,1.0664064,0.6910992,1.1790932,-0.19730866,0.089329265,-0.2375957
2005-06-30,-0.44743723,-0.76325595,0.55436593,-0.7637539,-1.5042695,-0.5237808,-0.29524255,-0.7526839,-0.13737388,-0.84601897
2005-07-01,0.44481722,-0.21361975,-0.503408,-0.46576613,0.33523595,0.3013062,-0.10655453,0.65687495,-0.18886505,-0.2838067
2005-07-05,0.14659,-0.46960738,2.0349228,0.4957552,-0.10727377,0.830058,1.5306284,-0.09608482,0.24234541,-0.8613976
2005-07-06,0.9728778,0.036798798,-0.9274252,-0.8528024,0.18168078,-0.42552269,0.40388387,-0.32393864,-0.46455643,-1.9544727
2005-07-07,1.4871913,0.095509306,0.23861693,-0.2942133,-0.15996341,0.026759127,0.30294377,0.009240855,0.4528905,1.0191677
2005-07-08,1.7666613,1.4268868,0.777094,0.9043822,1.0791044,1.2502033,0.54838663,1.5441258,0.69077814,0.7093998
2005-07-11,-0.25839794,0.6943484,-0.28987393,0.3186528,0.57516307,0.7096401,1.4164007,0.4559984,1.2288436,0.07461064
2005-07-12,0.9390829,0.6976063,0.11812511,0.59683776,0.32871658,0.022465078,-0.13198766,-0.20526187,-0.32763803,0.74510074
2005-07-13,1.2120908,0.5628926,0.072681,-0.042730138,0.60029954,-0.36980692,0.026954211,-0.3005516,-0.013892819,0.97913367
2005-07-14,0.8244363,-0.0452928,3.0993168,0.5633206,0.3233319,0.46395415,0.18308476,0.42676288,0.5366918,0.103409715
2005-07-15,-0.010932216,-0.092524074,0.9426802,-0.5580802,-0.05416567,0.67147386,-0.0547111,0.18507189,-0.18120717,-0.3796111
2005-07-18,-0.4337175,-0.59155595,-0.13580029,-0.70293593,-0.52892756,-0.18196318,0.31246382,-0.6395822,-0.39644206,-0.11848994
2005-07-19,1.5212107,1.3638824,2.0104558,1.2379211,0.12597552,0.7630903,0.24655217,0.72458464,1.0190389,0.69974154
2005-07-20,0.73968226,-0.09646423,0.45636925,-0.087045535,0.31981587,-2.3586123,0.4517956,0.2514152,1.5187438,0.21225458
2005-07-21,-0.13098077,-1.4378184,-0.4669683,0.41077778,-1.1679077,-0.811716,-0.9822208,3.1909504,-0.5378836,0.083550595
2005-07-22,0.047271933,-0.58002484,0.79004115,-1.8488728,0.2663886,-0.5461735,-0.21974878,0.22508246,0.15953112,0.34949994
2005-07-25,-0.16030635,-1.2831634,-0.29495567,-0.13257626,-0.05641308,-0.5053321,-0.28840655,-0.0974625,-0.35865104,-0.23089464
2005-07-26,-0.034957092,0.62575454,-0.28176302,-0.50408965,-0.01805744,0.63411885,2.5507789,0.17892781,0.09506384,0.13074502
2005-07-27,-0.16838466,0.37707254,0.35536727,0.26378193,0.17366473,0.25179288,-0.7907255,0.55527884,-0.42765954,0.084327735
2005-07-28,-0.026919058,0.36906302,-0.2936835,-0.085713215,0.019778624,0.45455325,-0.1362707,-0.4753856,0.29993376,0.42519614
2005-07-29,-0.24175072,-0.37850577,-1.4456887,-0.47953564,-1.085502,-0.43613127,0.037118,-0.40515184,0.36340928,-0.75558966
2005-08-01,-0.0026480453,0.32734865,0.062137827,0.5585654,-0.20409325,-0.11070719,0.15190642,-0.6099967,-0.6235716,-0.29728907
2005-08-02,-0.06659555,0.67285895,0.4615493,1.8624636,0.21493034,0.7681192,1.1083868,0.60619134,0.67754847,-1.3814443
2005-08-03,0.620638,0.1714876,-0.030893195,0.8146258,-0.7900641,0.22746193,-0.27290428,0.20801851,-0.4664831,-0.8718787
2005-08-04,-0.71901727,-0.25027934,-0.6690533,0.0024793146,-0.31817955,-1.1692554,-0.9089943,-0.48744652,-1.1241021,-1.7571973
2005-08-05,0.20759995,-0.30241206,0.28183553,0.78839695,-0.09362468,-0.48244286,-0.907639,-0.5250976,-0.31530276,0.09098237
2005-08-08,0.17619976,-0.095318876,-0.46595547,-1.4923254,0.018573629,-0.16205639,0.28603512,-0.0477603,-0.59443104,-0.6196729
2005-08-09,0.13958654,1.0225819,1.3336743,0.32680348,0.2569516,0.29224655,1.4276725,-0.5500992,0.26384515,-0.32226732
2005-08-10,-1.1540312,-3.6687772,-0.58029836,-1.0199673,-0.056083664,-0.09586259,-0.010234261,0.38798508,-0.97621304,-1.1607608
2005-08-11,0.5456583,-0.5235388,0.6668162,0.54943794,0.06046407,-0.18015993,0.24149093,1.2498256,0.8304141,1.3594186
2005-08-12,-0.35028616,-0.7399333,2.3505905,-0.63964653,-0.294248,-1.0404801,-1.4221864,0.23302668,-0.95593554,0.23588063
2005-08-15,0.29238352,-0.24661946,1.706212,0.19535743,-0.06349662,0.35056695,0.5907138,0.6022835,0.50085396,-0.013155714
2005-08-16,-0.97122765,-0.21698996,-1.7082809,-1.0447632,0.018015627,-1.1128203,-0.50812775,-1.3336021,-1.1948613,-1.2810693
2005-08-17,0.03398985,0.6953247,0.93824166,0.31154117,-0.26687846,0.10196977,0.42070746,-0.220355,2.3597174,1.169492
2005-08-18,-0.10185964,-0.47736087,-0.9950978,-0.43166167,-0.58751947,-0.4453848,-1.0057861,-0.29317296,-0.31222156,-0.40835166
2005-08-19,1.3428671,0.52395517,-0.60473317,-0.3812833,-0.09972255,-0.52421933,-0.6066454,0.20650357,0.027547035,-0.81532735
2005-08-22,-0.09802365,-0.37479562,-0.041730903,0.2658384,0.05982614,0.73380315,1.190933,0.27239528,0.6959317,0.004968908
2005-08-23,-0.44102308,0.2584542,-0.2384569,-0.25532052,0.01840226,-0.75138605,0.041572936,-0.355385,-0.37502414,1.5853757
2005-08-24,-0.5607326,-0.72422254,-0.05042875,-0.2997378,-0.6507284,-0.45764527,0.23880284,-0.6963563,-0.9216159,1.722342
2005-08-25,-0.15291856,-0.09258777,0.24456821,0.33013877,0.057702605,-0.22078365,0.17951502,0.38855538,-0.15335272,-0.82525426
2005-08-26,-0.5867587,-0.22282507,-0.46944728,-0.30386436,-0.32641378,-0.18125625,-0.42966256,-0.30764326,-0.15334941,-0.14480317
2005-08-29,0.8528312,0.80639166,0.028690517,0.23954964,0.7351017,0.5629779,0.64735544,0.043383125,0.2776804,-0.44846097
2005-08-30,-0.6460923,-0.37910238,0.7549429,-0.09826592,-0.23393297,-0.39812082,-0.54937917,-0.200181,-0.13119394,-0.36114582
2005-08-31,0.106177256,0.39046177,0.26854017,0.27615094,-0.20105726,0.210204,0.7393202,-0.24525213,0.40037066,-0.18539314
2005-09-01,-0.880982,0.1308279,-0.7945118,-0.5602968,1.2943922,-1.0010806,0.082769826,0.22059397,-1.437139,-0.40851027
2005-09-02,-0.034043532,0.25913614,-0.13386278,-0.56904495,0.30443376,-0.037698608,-0.42475143,-0.12596573,-0.15541756,-0.38474035
2005-09-06,1.3380166,1.4963825,2.770837,-0.2035645,0.6552759,0.77216333,0.9509023,0.5283767,0.10009253,1.23037
2005-09-07,-0.008333759,0.6027079,-0.18914004,-0.48080158,-0.5872641,-0.1377777,0.1460087,-0.03700755,-0.48268297,-0.29096752
2005-09-08,-0.13243438,-0.04544572,1.1148783,-0.6669346,-0.1652601,0.7285933,0.57568747,1.0971538,0.28127116,0.6527781
2005-09-09,0.5290537,0.59104246,1.539019,-0.20900926,-0.34567922,-1.5631652,-0.053440854,0.9968607,0.3672135,-0.5228064
2005-09-12,0.037709434,-0.22429448,0.047199875,-0.07587677,0.71223515,-0.5087819,-0.8843761,-0.35746792,-0.5132844,-0.10660279
2005-09-13,-0.5899574,-0.55548,-0.6059671,-0.41526204,0.47704315,-0.1956074,1.0728996,0.20762804,0.5998686,-0.7274031
2005-09-14,-0.21478942,-1.053885,-1.3164438,-0.5101307,-0.71313083,-0.7870085,-0.05281597,-0.8878994,-0.6670841,0.5770731
2005-09-15,-0.37690648,0.54606616,0.22958744,-0.22920299,-0.26878187,0.06670589,-1.2361172,0.09025674,0.34051704,-0.49772474
2005-09-16,0.23386833,1.0011915,0.7509297,-0.53959376,-0.4121808,0.401291,-0.36101723,0.93058985,-0.2960834,3.8355994
2005-09-19,-0.68621653,-0.5208315,0.85107565,-0.23412374,0.07032541,-0.21284339,-0.060512953,-0.5658691,-0.948332,-0.9596255
2005-09-20,-0.60808015,-0.47100228,0.32737368,-0.46897373,0.32343173,-0.3683871,-0.12670723,0.5944589,-0.9561304,-1.5415311
2005-09-21,-0.94680786,-0.26758087,-0.60826427,-0.86294854,-0.37967625,0.0047578104,-0.6833017,0.20002957,-0.66862273,0.16831638
2005-09-22,0.5281918,0.7015872,-0.17811997,-0.4596795,0.71950054,0.07001924,0.66956156,0.16625656,0.099511705,-0.014746312
2005-09-23,-0.18963084,-0.11555321,0.72920483,-0.2786254,-3.527653,-0.33119333,1.4199514,0.613277,0.006246171,0.2764809
2005-09-26,-0.49085605,-0.27496052,0.33808663,-0.11662598,-0.19628765,-0.27668968,-0.17863852,-0.38402507,-0.22962491,0.063698374
2005-09-27,0.44908738,-0.468365,-0.22048558,0.021889392,-0.26936918,-0.68434685,-1.0746726,-0.13490768,-0.5121815,0.3442807
2005-09-28,1.1725701,0.5330126,-1.2392308,0.55733514,-0.5031863,0.17507307,-0.13203767,0.054904245,0.0068852855,0.87767273
2005-09-29,0.67144066,-0.11760817,0.74391276,0.44099027,0.42049152,0.87191963,0.39251482,0.35184276,0.32683656,1.0589985
2005-09-30,-0.1259367,0.18876316,0.821842,-0.5790398,0.24961767,0.25688118,0.8682816,-0.3164449,0.05232958,0.100568004
2005-10-03,0.15991773,-0.41890153,0.41678193,-0.60780114,-0.100817345,-0.11022873,-0.05961724,0.18097213,-0.03896679,1.0300275
2005-10-04,-0.28766555,-0.14509088,-0.4216502,-1.2537585,-0.517014,-0.19819167,-2.4052,0.4198159,-0.22060344,-0.97754204
2005-10-05,-0.25148186,-0.39606223,-0.5092343,-0.78595525,-0.27111647,-0.7383049,-0.8253875,-0.49336898,-0.6655777,-0.9806207
2005-10-06,-0.120190024,0.6112305,-0.5755619,0.004402592,-0.5064142,-0.5408363,-1.1414019,-0.9662796,-0.060070008,-0.525146
2005-10-07,0.56106097,-0.20547298,-0.24015412,-0.39592606,-0.2008654,0.075868994,0.09336866,-0.27346218,0.36853728,0.2511677
2005-10-11,1.4468185,-0.7321822,0.6377469,-0.23087335,0.20275788,-0.025737012,-0.96572924,-0.28740865,-0.1271318,-0.7660837
2005-10-12,-0.79282004,0.6717363,-1.6894829,-0.38082415,-0.3180989,-0.35420296,1.0003728,-1.1777529,0.19052853,-0.49117318
2005-10-13,-0.007936485,-0.30666625,2.8216267,0.51928693,0.25358653,-0.101818874,1.047444,-0.73439723,0.8362563,-0.016360424
2005-10-14,0.08839007,-0.042067032,0.11869629,0.04733655,0.7373406,0.02587303,-1.3012832,0.13003005,-0.14745721,2.3430243
2005-10-17,0.15790263,-0.22355536,-0.29627985,-0.42498118,0.1987348,0.36907157,-0.25078034,0.15795414,0.003595941,0.59794366
2005-10-18,0.6881547,-0.48193735,-1.0258282,-0.04293217,-0.063886695,0.43418714,0.0050947806,0.16739653,-0.40272433,-0.07279054
2005-10-19,0.5239361,0.6307156,2.045212,1.0336585,-0.67325884,-0.087184876,0.34777793,1.444758,-0.38126123,0.8274078
2005-10-20,-0.78346866,-0.7086669,1.02179,-0.8175985,-0.21192908,-0.16583934,-0.4771128,-0.7530656,-0.31810325,-0.71520674
2005-10-21,0.116478935,0.30827868,-0.3933774,-0.15659921,0.40665653,-0.8883546,1.0305475,1.4937829,-0.24713944,1.0084891
2005-10-24,0.09944081,0.38707954,0.79786146,0.5820296,1.9375112,-0.1253092,0.51935035,0.5606861,0.19072066,1.5421963
2005-10-25,-0.099855214,-0.071663566,-0.42464432,-0.2833227,0.46865162,-0.012859116,-3.3808274,-0.58679825,0.23078111,-0.5181142
2005-10-26,-0.37524888,-0.019452365,0.6833287,0.0443431,-1.1002487,-0.108489625,-0.5233972,-0.38705784,-0.683377,1.1747196
2005-10-27,-0.46286902,-0.094368406,-0.7977406,-0.66581905,-0.71602637,-0.42366076,-1.0792001,-1.6944808,-0.56924963,-1.449433
2005-10-28,-0.7096419,0.2720606,-0.49968874,1.323721,0.83305365,0.83516175,0.74838275,-2.0038087,-0.888377,0.66329205
2005-10-31,0.39280617,0.9552337,2.8068025,0.24124333,-0.13784006,0.2977701,0.8755945,-1.4635922,-0.086605616,-0.10798893
2005-11-01,-0.21222296,0.122925885,-0.13897046,0.4429502,0.1796804,-1.8505627,-0.03949906,-0.3798775,-0.923634,0.73386395
2005-11-02,-0.4113156,0.51423377,2.1322966,0.9945413,-1.1031746,1.530011,1.7946671,0.8544592,0.8274075,0.07355855
2005-11-03,1.5129994,-0.33563867,1.5580219,-0.20399082,-1.2300465,1.2301713,1.8352605,3.529264,1.1564466,-0.30414963
2005-11-04,0.14156072,1.172769,-0.68860644,0.33945388,1.7775413,0.13801241,0.18586218,0.6551389,-0.18367599,-0.37831292
2005-11-07,0.529683,-0.025255114,-0.8806361,0.627343,-0.020657595,1.0060878,0.12075746,-0.23482864,0.5697964,0.030307706
2005-11-08,-0.17840049,0.06644309,-0.35738766,-0.06796085,0.02343893,0.035401367,0.086091325,0.51924384,0.7981345,-0.34612796
2005-11-09,-0.21921414,-0.29819724,0.109347284,-0.3575048,-0.48366374,0.44736162,0.14817955,-0.66346616,0.918362,0.20718776
2005-11-10,0.92568696,-1.7091991,0.8517847,0.13405003,0.73680425,0.7965961,0.5104905,0.8418708,-0.06368316,0.29185793
2005-11-14,-0.12725474,-0.31504807,-0.13334587,0.044805445,0.020769315,0.4054989,1.0895637,0.012234359,-0.17816766,0.13879652
2005-11-15,0.92210466,-0.19691685,0.63799065,0.3016328,-0.60256726,-0.60470545,-0.64101297,-0.64839673,-0.4311477,-0.2672202
2005-11-16,0.7901171,-0.11118092,2.1088169,0.36171538,-0.7325243,-0.3831392,0.07870667,-0.08157373,-0.01732744,0.58283406
2005-11-17,0.28637892,0.4777771,-0.40064856,0.33660474,0.4633127,0.33280882,0.4483008,0.4540849,-1.0930457,0.64433885
2005-11-18,0.6665348,-0.94333255,-0.012868713,0.064346984,0.014370874,0.29644316,-0.039725617,0.28352216,-0.3187624,-0.4183365
2005-11-21,-0.35003877,0.14906548,0.2768372,0.042452794,-0.706896,-0.13698936,-0.15381455,0.046897832,0.31025678,-0.24925932
2005-11-22,0.5470385,0.69144106,1.1620833,-0.6747398,-0.22178814,1.6745875,1.0556121,-0.22832039,0.21931736,0.15079555
2005-11-23,0.6242653,0.507211,0.3951653,-0.12850997,0.9914409,0.83171785,-0.54717153,-0.016274383,0.86348534,0.51004064
2005-11-28,0.2493521,-0.16772753,0.1793217,-0.16984293,-0.29782504,0.03422343,-0.27288812,-0.21970706,-0.53772295,-0.9577832
2005-11-29,0.006527174,0.11965197,-1.2333913,-0.29178876,0.7110625,-0.1895314,-0.24115281,-0.5618586,0.04811369,-1.115756
2005-11-30,-0.16438568,0.111496784,-0.12643263,-0.12525976,-0.45958647,-0.17789094,0.7476484,-0.1507395,-0.18739365,0.24139573
2005-12-01,0.21265483,0.4268462,1.9917102,0.2862764,0.85908896,0.7457001,1.7143089,0.027077394,1.035856,1.638439
2005-12-02,-0.40058723,-0.10400633,0.6969122,0.10525241,-0.39771527,0.37778977,0.30991042,-0.47222683,0.3252271,1.3730859
2005-12-05,-0.14932401,-0.35800776,-0.63706553,-0.478013,-0.98155946,-0.9636197,-1.2666595,-0.6874364,-0.7178249,0.32792085
2005-12-06,0.5378171,0.20348963,1.5466533,-0.47940317,0.018442234,-0.45023036,0.0703072,0.1479809,0.80244607,2.1034431
2005-12-07,-0.29415935,0.65416116,-0.12357995,-0.019535515,-0.05878084,-0.98356396,0.33286655,0.15605594,-0.0005467467,-0.6514301
2005-12-08,-0.8966456,-0.35221118,0.04186792,-0.2693169,-0.29094267,-0.85299486,-1.322087,-0.8559153,-0.645653,-0.43794328
2005-12-09,-0.38085422,-0.22155894,0.118852854,-0.10483408,0.21945378,0.64948547,1.0015544,0.13966617,0.066055015,-0.6813448
2005-12-12,-0.7655942,-0.04565588,0.3471749,-0.67107797,1.1900054,0.85313237,0.22251193,0.6244583,0.5620767,-0.44998208
2005-12-13,-1.7297024,-0.020716043,0.00013844973,-0.82175016,-0.058556523,0.12595904,-0.12113613,0.51261187,0.103642195,-0.934319
2005-12-14,-0.43966472,0.57406473,-2.1488867,-0.23249543,-0.09615404,-0.21269909,0.23544717,0.27060533,-0.5357292,-0.0499075
2005-12-15,0.3430951,0.24307668,0.056721948,-0.52641785,0.06278973,-0.1569449,-0.6351061,-0.53685135,-0.021381162,0.51625705
2005-12-16,-0.102387965,-0.66895896,-0.83082575,-0.19505003,-0.57860404,-0.43388182,-0.35249442,-0.825268,-0.28209358,4.7632504
2005-12-19,-0.467332,-0.10636011,0.14497527,-0.29689744,-1.4628624,-1.1325265,-1.5091503,-1.313007,-1.1765693,-0.4479429
2005-12-20,-0.21472776,-0.40951478,0.4908807,-0.077269115,-0.17587936,0.008342653,-0.3079983,0.29943377,-0.3716235,-0.46286547
2005-12-21,0.52805895,-0.2588745,0.92599607,-0.4335416,-0.4285536,0.07534358,0.2970181,-0.18720898,-0.42441398,-0.75878924
2005-12-22,0.10954603,0.28541082,0.29560915,-0.47041854,0.5844337,0.108555205,0.9269511,0.29273844,0.32178214,-0.026380649
2005-12-23,0.23381968,0.21923551,-0.53693956,-0.04220889,0.066531904,-0.06459189,0.26700887,-0.08768463,0.07099922,-0.4465569
2005-12-27,-0.36306858,-0.27638698,0.5490936,-0.5639961,0.02427904,-1.0807482,-0.9392448,-0.79992265,-0.5613285,-0.24420783
2005-12-28,0.07188375,0.16276401,-0.5429118,-0.3179909,-0.32269788,-0.11119006,0.5431689,-0.07602536,-0.04094251,-0.11826047
2005-12-29,-0.48655745,-0.12012475,-1.596959,-0.4304169,0.024485502,-0.815808,-0.48168,-0.19194804,-0.42864522,0.03715808
2005-12-30,-0.13392738,-0.33281326,0.2508179,-0.42605624,-0.3573718,-0.28518873,-0.54166394,-0.53424585,-0.3620796,0.024653517
2006-01-03,-0.08961949,1.016409,1.9475806,1.385476,1.5766772,1.1269984,1.6472284,0.8052812,0.79842293,1.8391414
2006-01-04,-0.059212226,1.2626987,0.080305524,0.1323738,0.065455794,0.6042809,0.39581186,1.253612,0.27309886,-0.14997046
2006-01-05,0.48528865,1.5602026,-0.49550077,-0.11597477,0.7009145,0.63476014,0.82526934,-0.28849068,0.38012585,-0.47210863
2006-01-06,1.998759,1.2733284,1.2600455,-0.33779934,1.343414,0.0063851816,0.40077147,1.8606291,1.3691508,1.1274372
2006-01-09,-0.9369217,0.867117,-0.24470209,-0.26924223,-0.99945176,0.23972209,-0.41711372,0.09927112,0.23269324,-0.786447
2006-01-10,0.2916318,-0.21028176,3.0957978,0.15605974,-1.0634131,-0.7215325,-0.51238006,-0.25784138,0.47993404,0.24708273
2006-01-11,0.09968662,1.1812791,1.8408061,0.47947377,-0.09828952,-0.020107545,-0.09495104,1.1628463,1.662068,0.8057874
2006-01-12,-0.45157713,-0.48525366,0.18425222,-0.46975476,-0.3347898,-0.36635217,-0.6344711,0.08313964,0.24891785,0.1451733
2006-01-13,-0.2928847,-0.720649,0.72709656,-0.04174919,-0.058676332,-0.40110198,-0.52176535,-0.4018067,-1.4332247,-0.7620536
2006-01-17,-0.1107263,-0.6262846,-0.5943578,-0.58777773,-0.30493423,-0.58173233,-1.1840316,-0.54304826,-0.8922845,0.6712446
2006-01-18,0.68060523,0.183809,-1.4765158,-0.5193657,-0.454494,-6.308254,-0.24788198,-0.40859932,-0.1281563,0.32501963
2006-01-19,-0.54259676,0.8842449,-2.330834,0.26543945,0.7603587,-0.52990824,0.5655305,0.71535045,0.4334305,0.85254216
2006-01-20,-1.3694558,-1.4150976,-2.0422182,-1.5185152,-0.99120677,-1.5340928,-1.2937832,-1.5872805,-2.0353467,-2.4262362
2006-01-23,0.075570494,-1.023176,1.0055485,-0.29993787,0.0229226,-1.0522836,0.02558123,-0.12029196,-0.2812314,-0.85007495
2006-01-24,-0.4329006,0.54796636,-1.1919214,-0.32020438,-0.4579883,-0.24081491,-1.607346,0.9294362,-0.08632931,1.6481744
2006-01-25,0.07694688,0.7266778,-1.3357378,0.11687923,1.2924207,-0.2315942,-1.3016843,-0.51762986,-0.10833054,-0.22741404
2006-01-26,-0.13621543,0.062278427,-1.3745676,0.07418885,-0.29727662,0.57521164,0.3781368,-0.16327834,1.5211016,-0.24165387
2006-01-27,0.26332203,0.57740533,-0.27138385,2.6413696,-0.13930714,0.34798753,0.115043744,0.37266248,-0.045057897,1.4600748
2006-01-30,0.53582805,0.3556504,2.041981,0.29407075,0.8357645,-0.11874192,-0.32618478,0.39152843,-0.44382185,-0.90768605
2006-01-31,-0.24221978,-0.8549066,0.28575233,0.16448116,-0.18118586,-0.96600676,-1.3509375,-0.6216683,-1.2188251,0.41339687
2006-02-01,0.5353655,0.062702216,-0.1191626,-0.3785487,0.021423098,0.6013082,0.81638443,-0.11726315,0.51224774,0.8456446
2006-02-02,-0.5512284,-0.57866335,-2.4211924,-0.9324052,-0.8262059,-0.9043657,-0.053672522,-1.0140136,-1.1047934,-1.353418
2006-02-03,-1.0061839,-0.59176207,-0.2421755,-0.4520924,-0.769561,-0.91692716,0.34176365,-0.81478465,-0.48220283,-0.24493329
2006-02-06,-0.3547608,-0.91493464,-3.4648037,-0.96338814,0.15367413,-0.38545644,0.8180166,-0.22365521,0.7898953,0.3536272
2006-02-07,0.31305975,0.8119019,0.16079973,-0.66401905,0.4947925,0.08014344,0.0876734,-0.269743,0.81425434,-0.3351134
2006-02-08,0.9755345,3.7255106,0.8503059,-0.21990152,0.8154912,-0.06415113,0.11700283,1.0368668,1.165805,-0.5684402
2006-02-09,-0.30526397,0.42770144,-3.0315266,-0.6977392,0.4595559,0.71424955,0.46097958,-0.8294812,-0.12750989,-0.81661093
2006-02-10,0.77276534,0.57147306,1.7898823,-0.08120885,-0.01899213,0.60332346,-0.24956511,0.3686039,-0.33182964,0.63584787
2006-02-13,-0.70455754,-0.50052017,-2.0925126,-0.80828387,-0.8053767,-0.41415027,-0.6898118,-0.7467337,-0.29202452,-0.6023148
2006-02-14,0.5492697,0.4239428,2.2233696,0.42741397,-0.38151592,0.49239498,0.08312646,1.4092587,0.7941236,-0.094543874
2006-02-15,-0.18873322,0.61643565,1.1748104,0.5477481,0.014928027,-0.085270025,0.048194155,-0.33090702,0.30831757,-0.58359134
2006-02-16,0.038013566,0.12756862,0.7484697,-0.278283,0.07711946,-0.03346231,1.5098437,0.5804538,-1.0512075,1.0385249
2006-02-17,-0.16441344,-0.24836093,-0.23188649,-0.36962935,-0.17179973,-1.569192,-0.41237465,0.09259195,-0.56500286,-0.926288
2006-02-21,-0.16432361,-0.6489221,-0.96439916,-0.48723423,-0.25080645,-0.021859191,-1.2407323,-1.3367066,-0.9733272,0.32237634
2006-02-22,0.7029477,0.26130024,1.6130776,0.2484963,0.52827144,-1.1304399,0.5107889,0.7516566,-0.21328528,0.7345373
2006-02-23,-0.9158543,0.16333385,0.25393492,-0.27942085,-0.3390455,0.27884504,-1.8146235,-0.85645133,-0.4503991,-0.012630377
2006-02-24,-0.06765545,0.3597868,-0.2632609,-0.21056674,0.21509963,0.111750886,-0.3177017,0.1445612,-0.6455977,-0.5175196
2006-02-27,0.4537577,0.34174237,-0.39786163,0.77086985,-0.018413687,0.3239538,-0.10262439,0.94185674,-0.96950823,0.9574366
2006-02-28,-0.32443663,0.6554264,-1.4436,-0.5042091,-0.16996206,0.13078868,0.2632729,-1.1467521,-0.2552496,-0.7509048
2006-03-01,-0.2800699,1.9023436,0.3997922,0.42943504,1.3735195,0.3820321,3.2481205,0.6907386,1.0436448,0.5275923
2006-03-02,0.037326433,-0.37616184,0.34329298,-0.5008293,-0.05972505,-0.7148679,0.1957755,-0.27466467,0.2737461,-0.2862318
2006-03-03,0.023210097,0.40274963,-1.5019519,-0.22678676,-0.059271086,-0.4210642,-0.123264395,-0.27517298,-0.94183135,0.24581526
2006-03-06,0.036500834,0.057520323,-1.8135145,-0.18246414,-0.09636418,-0.08569724,0.015598959,-0.4495417,-0.21554257,-0.73077357
2006-03-07,0.22852735,-0.36513308,0.53024083,0.17715076,0.35396528,-0.5433866,-1.4911323,0.46198985,-0.57562757,-0.39621797
2006-03-08,0.67224264,0.012741276,-0.42070815,0.2563579,-0.09708852,-0.13882308,0.07126832,1.3577862,-1.0556297,-0.41087624
2006-03-09,-0.11139557,-0.89096826,-0.85969234,-0.6321232,-0.09792126,-0.5694444,-0.734273,-1.303923,-0.4733791,-0.4239388
2006-03-10,0.43531322,0.8954644,-0.5710313,0.21787211,0.18147528,0.18094525,-0.10899779,-0.18324412,0.11409679,-0.29946405
2006-03-13,0.28249347,0.12470463,1.7920088,-0.2605789,-0.02675814,-0.29779196,0.1304802,0.09262319,0.22356643,-0.11124088
2006-03-14,0.76419157,0.93096185,1.2556976,0.11292206,0.19780764,0.024286896,0.43985444,0.8273803,0.8693012,0.28187284
2006-03-15,0.41038918,0.47778288,-0.90108114,0.13206623,1.0288634,0.33042797,0.048733335,0.3922619,0.37737507,-0.40494597
2006-03-16,-0.39923555,-0.38930756,-1.5829453,-0.32789582,0.87630165,-0.6473038,-1.6747723,-0.04258609,-2.0045438,-1.4132293
2006-03-17,0.35936067,0.9086332,0.22297506,0.34472197,0.35010397,-0.32652158,0.022247015,0.6707831,-0.57600325,0.037950244
2006-03-20,0.24199179,0.17697519,-0.5951851,0.6794258,0.42484123,0.1421383,-0.14837067,-0.47653583,-0.08660656,0.681488
2006-03-21,0.19090493,-0.5764556,-1.8723669,-0.4555599,-0.37164924,0.3276432,0.0053670416,-0.71484876,-0.0402115,-0.2668098
2006-03-22,0.50497144,0.057320233,-0.16574706,-1.3778723,1.2364451,0.4105275,-0.24868427,0.044856194,0.27935478,0.30004025
2006-03-23,-0.9595335,0.011657371,-1.3351225,-0.8006644,-0.7031369,-0.73921835,0.6403495,-0.23645124,-0.2494617,-0.37948945
2006-03-24,0.15719531,-0.08918168,-0.24363828,0.19920778,-0.05651221,-0.3259554,0.6515161,-0.28162408,0.705079,0.17966877
2006-03-27,-0.19492456,0.8556795,-0.46048346,-0.15550718,0.17194858,0.319436,0.54855156,0.21789132,-0.29454502,-0.93024814
2006-03-28,-0.492898,-0.84546924,-0.7646927,-0.395877,-0.9633496,-0.49727833,-0.5287775,-0.38516536,-1.1177311,-0.3734585
2006-03-29,0.596897,0.6435668,3.0514235,0.10937842,0.48747692,0.55212563,1.5584579,1.0524582,0.33908418,0.54395473
2006-03-30,0.0806934,0.9949019,0.28237665,0.30656934,0.20671089,-0.3643009,1.5509934,0.019285396,0.33355683,-0.8444678
2006-03-31,-0.56104445,-0.6533425,-0.0795616,-0.18970816,-0.34300748,-0.6384358,-0.9026823,-0.29392663,-0.68919057,-0.47939536
2006-04-03,0.48558825,-0.15028018,-0.11290376,0.60085386,0.34128746,-0.32454932,-0.29772425,0.38686377,0.58530587,0.9196518
2006-04-04,0.33663455,-0.03733906,-1.300869,0.01880623,0.170002,-0.19377132,0.03518343,0.42653412,-0.17952633,0.6278614
2006-04-05,0.5926739,0.3503294,4.7906957,0.061670195,0.39038175,0.40083942,1.2365263,-0.20244634,1.0595477,-0.30349678
2006-04-06,-0.25621316,-1.259957,2.9728744,-0.5499904,-0.5960837,-0.33406806,0.5561519,-0.012809369,0.29685506,0.11790763
2006-04-07,-1.0376583,-0.9146469,-1.1434788,-0.83473706,-0.21072339,-0.43802038,-0.84652936,0.075259335,-0.97133577,1.0709378
2006-04-10,-0.27869937,0.49085325,-0.9025875,-0.066530265,0.2837345,0.24818127,-0.48792613,-0.3963096,-0.8962767,0.65617573
2006-04-11,-0.7370857,0.13816099,-0.5869581,-0.50718814,0.019782055,-0.5938804,0.15220702,-0.24154344,-0.5095557,-0.3014033
2006-04-12,-0.3085672,0.010543782,-1.0719357,-0.003925729,-0.25167942,-0.17838423,-0.06643141,-0.42925996,-0.29945916,-0.42740104
2006-04-13,1.0339653,0.4417248,-0.25677437,-0.4417351,-0.4009254,0.8002712,-0.31622657,0.33058792,1.5203314,-0.20325156
2006-04-17,-0.24742442,-0.7803192,-1.3846829,-0.6661846,0.2122409,-0.75067264,-0.037895363,-0.46298933,-1.1508653,0.050002333
2006-04-18,1.3758751,1.5792867,1.0474924,0.6842934,0.9677486,0.45861006,1.8630544,0.73510575,1.0462899,0.5533455
2006-04-19,-1.1514632,-0.5032214,-0.5321516,-0.5824255,1.156577,0.3750619,0.6012961,0.2916486,0.344242,0.2542805
2006-04-20,0.15521093,-0.53542745,1.4681484,-0.15299784,-0.59973264,-0.34542376,1.4706246,-0.6206079,0.47294053,0.10912868
2006-04-21,-0.26358896,-0.8722604,-0.53034747,0.10820626,0.4667653,-1.1027303,-0.33683887,-0.4512783,-1.2607853,-0.30428198
2006-04-24,0.42153016,-1.0408006,-1.1414855,-0.25898284,0.73930144,-0.4814652,-0.46530458,0.6702106,-0.46795827,-0.38438106
2006-04-25,0.5105734,0.53619313,0.24725755,-0.16817829,0.6164258,0.5590678,0.63426906,-0.74126345,-0.15383264,0.5771729
2006-04-26,0.5941661,0.74120396,1.481151,-0.18575571,0.23740646,0.82734036,-0.97946525,-0.42880565,0.028940335,0.60419226
2006-04-27,0.4522396,0.6812699,0.8443171,0.17386523,0.72969747,1.4483291,0.4300118,0.6857197,0.8950953,1.5488025
2006-04-28,-1.2052644,-0.034807406,0.7266686,-7.1349416,-1.1234217,-0.27656293,-0.599307,-0.66918874,-0.95630705,-0.30518603
2006-05-01,-0.078751154,0.058022037,-0.643719,0.19163881,-0.05430422,-1.1812919,-0.47220144,-0.67774016,-0.8357962,-1.1982358
2006-05-02,0.17802061,1.0986603,1.4108262,-0.8400742,-0.5513355,0.1930177,-0.024988495,0.2512083,0.07709094,0.19032064
2006-05-03,0.2501394,0.28070325,-0.41200733,-2.2668521,-0.4136295,-0.91735727,0.5388605,0.47675464,0.7683482,-4.1383076
2006-05-04,-0.20096785,0.87656945,-0.058983076,0.52917284,-0.12202456,0.38827622,-0.31741527,0.39434972,1.0020521,-0.96700215
2006-05-05,0.66964674,-0.20325471,0.49790803,0.728337,0.48187912,0.34395644,0.40314257,0.08596987,0.970385,-0.20736466
2006-05-08,-0.06832197,0.05671798,-0.04289007,-0.3079637,-0.7344754,1.305184,-0.5769993,-0.012502699,-0.38118136,-0.66208524
2006-05-09,0.27489668,-0.14248103,-0.6825301,-0.40861693,-0.4209782,-0.51811004,-0.28771412,-0.028665561,-0.7296494,-0.61775553
2006-05-10,-0.25636274,-2.061581,-0.3638591,0.22298875,0.40349463,-0.76645,-0.8790019,-0.9880589,-1.0008957,0.15876245
2006-05-11,-0.33674493,-1.6494054,-1.9003115,-1.5033821,-1.1528537,-0.57412064,-0.50336874,-2.0181148,-0.26546255,-1.0276158
2006-05-12,-0.03898736,0.75231236,-0.39758626,-0.27234334,0.22810803,-0.84576553,-0.24837388,-0.4485013,-0.13171178,-1.0003518
2006-05-15,0.40332878,0.5530334,0.024031142,0.033115495,-0.05622362,0.6164452,-0.4476874,-0.41276264,-0.8497829,0.34519354
2006-05-16,-0.5746387,-0.7890838,-2.281549,-0.48913223,0.70843,-0.651915,0.028297197,-0.4869573,0.25250825,0.12422735
2006-05-17,-0.703298,-0.03765647,0.1760654,-0.85314876,-1.1857486,-1.0281898,-1.18739,-1.2624044,-2.2307248,-1.5528119
2006-05-18,-0.49672902,0.28846297,-1.5023358,0.111606926,-0.2858192,-0.05854883,-0.49852178,-0.5979174,-0.43586534,-1.5033712
2006-05-19,-0.29406342,1.4371418,1.0280782,-0.8400856,-0.26961792,-0.793861,0.20621428,0.56825155,0.44484693,0.18085001
2006-05-22,-0.19589226,-0.61578995,-0.96970016,0.67669284,-0.5623792,-0.96995634,-0.5496212,-0.49354747,-0.4002727,-0.61390525
2006-05-23,-0.13572422,-0.5353034,-0.24516763,-0.38025615,-0.31566885,-0.21834186,-1.0415326,-1.2458338,-1.5985018,-1.3763248
2006-05-24,-0.009178839,0.3616032,0.07826818,1.6938378,1.2086902,-0.24614635,1.3278645,0.22006364,1.2620791,0.38723865
2006-05-25,0.3420115,0.11841866,0.73919666,0.45320287,1.1116267,0.38084218,-0.21990654,0.34744322,-0.25795814,-0.24983227
2006-05-26,0.55125564,-0.5361412,-0.72997594,-0.21397957,-0.09901052,0.40560183,-0.14347146,-0.11169091,0.35459417,-0.30059776
2006-05-30,-0.47053927,-1.4792666,-2.0836697,-1.6463416,-0.14141008,-1.2440972,-0.9248172,-1.3053346,-0.57317126,-1.1241574
2006-05-31,-0.1887856,-0.2033067,-1.3010284,-1.4482356,0.71376735,0.523046,0.20545831,0.37053314,0.40469432,0.42519286
2006-06-01,0.6701837,2.1364026,1.9655607,0.29083237,-0.018047057,-0.004384394,1.0050048,1.5992082,0.5175629,0.1173037
2006-06-02,-0.9385507,-0.11714196,-0.48812115,-0.3080999,-0.27176207,0.45985773,0.25737798,-0.13345607,-0.3761632,0.41788468
2006-06-05,-0.36099076,-1.5074681,-1.5274199,-0.8585922,-1.1448472,-0.7847825,-1.42085,-1.2813833,-1.1395254,0.75574464
2006-06-06,0.6336174,0.84134096,-0.32971594,-1.1667403,-0.17800929,-0.6210309,0.27526012,0.36377272,-0.33510557,0.5793874
2006-06-07,-0.49300924,-0.69155735,-1.1331819,-0.41283575,-1.1436439,-1.2439492,-1.152869,-0.7197499,-0.4352967,-1.7545241
2006-06-08,-1.8004723,-0.0186739,1.8623767,0.030994937,-0.059787747,-0.9058566,-0.036565546,-1.0452797,0.51495695,-1.6815833
2006-06-09,0.5529584,0.25573945,-1.4034995,-0.6783402,-0.25696298,0.07803092,-1.7043263,-1.0483181,-0.43638667,0.21194158
2006-06-12,-0.5035222,-1.3460174,-2.1257432,-0.7463112,-0.916009,-0.9817593,-1.23347,-2.3201528,-0.69086134,1.4346458
2006-06-13,-0.047623243,-0.2984366,1.1305702,-0.7130124,-0.4212364,0.71129763,0.012541128,0.5697955,-0.31649503,0.2023933
2006-06-14,0.71642894,0.74567544,-0.735143,0.8697728,0.14341928,1.723681,-0.18753906,1.3055456,0.67397404,-0.72085595
2006-06-15,0.7619994,1.7077832,1.5094988,0.36134413,2.00747,1.0423244,1.8190204,1.4732796,0.88320816,0.61994845
2006-06-16,-0.49217457,-0.6161703,-1.7082651,-0.07736307,1.8608981,0.43465295,-0.80088145,-0.9719561,-1.4094039,0.23582354
2006-06-19,-0.21056858,-0.3926659,-0.39429998,1.0477144,0.35009402,-0.23249893,0.67002565,-0.62508464,-0.061154857,-0.5728904
2006-06-20,0.2953059,-0.20059447,0.179958,-0.12522493,-0.1615096,-0.30605283,-0.19705114,0.41393718,0.2658367,1.1443385
2006-06-21,0.28173983,0.9063701,0.28977412,1.1912043,0.9612828,0.609588,0.6605705,0.18919848,0.6558531,0.5041689
2006-06-22,-0.9167336,-0.94772273,1.4471676,-0.6635468,-0.72188824,-0.46121252,-1.1065414,-2.8811357,-0.5810582,1.3291297
2006-06-23,-0.062803626,-0.16583772,-0.71286863,-1.119134,1.8753594,-0.695953,-0.47496456,-2.0905385,-1.1321423,-0.29800743
2006-06-26,0.05606891,0.009859994,0.09021206,0.676733,-0.775469,0.6731016,0.90209484,0.54428697,0.13974015,0.10525704
2006-06-27,-0.4226179,-0.7557451,-1.4392895,-0.046674717,-0.60847723,-0.67905986,-0.59123707,-1.5963047,-0.8029869,-1.1383338
2006-06-28,-0.038961988,0.24638401,-1.3385718,0.6177989,0.25879657,1.562923,-1.1432006,0.7572741,0.24711047,0.15522276
2006-06-29,0.9118863,1.4618232,2.5859313,0.63719124,0.5498634,1.6832181,1.6455476,1.036368,1.1298684,0.4937271
2006-06-30,-0.6452108,-0.9001157,-1.5916843,-0.5624392,-0.83540535,-0.80969274,0.3955847,-0.59701556,-0.7507554,-0.08320143
2006-07-05,-0.19856718,-0.95529896,-0.91691285,-1.0073285,-0.8083365,-1.53482,-1.2297156,-1.5240952,-0.87962985,-1.1624779
2006-07-06,0.27398005,0.10812606,-1.1960886,0.17839025,-0.24814971,0.1960703,-0.6718933,0.24374945,0.33225793,-0.42591262
2006-07-07,-1.4035757,-0.5742552,-0.3990798,-0.59365684,0.9139739,-0.7808661,-0.557557,-0.6199633,-0.8395402,-0.2792689
2006-07-10,0.22902016,-1.0492932,-0.4297615,0.35267186,-0.65137196,-1.024596,-0.43589163,-0.31899694,-0.82785493,-0.26561013
2006-07-11,-0.15309796,-0.7129296,0.55103797,-1.1529093,-0.18940565,1.2232499,1.0881144,1.0997802,0.8109809,0.41491807
2006-07-12,-0.84192044,-1.1097442,-2.6419783,-1.3132464,-1.0978103,-2.0662794,-0.69342196,-1.5788567,-1.2612449,-1.5292524
2006-07-13,-1.0739021,-0.6154158,-0.7571328,-1.1276916,-0.43043104,-0.46780267,-1.5042573,-1.2423085,-0.6604703,-0.7414791
2006-07-14,-0.5742557,-0.19228499,-1.6399411,-0.07026084,0.6585113,0.3820001,0.7183297,-0.31100726,-0.19313538,-0.16850118
2006-07-17,0.13243653,0.118518956,1.6561745,0.3494958,0.4266615,-0.15876028,-0.6553263,0.13102621,0.019219931,-0.6944172
2006-07-18,0.51151484,-0.21375588,0.47122604,0.52474254,0.98616576,0.9169921,-0.48009175,0.88207525,-0.007563047,0.1357409
2006-07-19,1.5931437,0.36442316,1.1204246,1.51893,1.1192923,0.66412187,0.1228729,-0.87000275,0.8473709,1.1093222
2006-07-20,-0.5060227,-0.2852508,5.8492293,-1.5046045,0.1310378,-3.5394125,-0.2778164,-1.141845,-2.5370977,-0.6346291
2006-07-21,-0.5351059,-1.1070687,0.14629984,2.370105,-0.022859858,0.08835761,-1.7502972,-1.8274753,-0.4925888,-0.61107224
2006-07-24,1.0008633,1.422485,0.53789395,0.17083491,-0.47933283,0.8580427,1.3814888,1.0590209,0.92591876,-0.46025088
2006-07-25,-0.062204923,0.3823266,0.3630101,0.38839397,-0.18942904,0.10898404,1.8130373,-1.4215739,-0.19576749,-0.29133385
2006-07-26,-0.03496177,-0.32571357,1.543004,0.21435975,0.2772485,-0.16138785,0.7688375,0.77276,-0.19504595,-0.56561226
2006-07-27,0.29149106,-0.6612326,-0.4369565,-1.3540642,-0.51074064,-0.13193996,0.038352817,-0.6600617,0.04864178,-0.721175
2006-07-28,0.7072096,1.1081128,1.7238454,0.77357733,0.62692904,1.8112481,-0.24231265,1.4605678,1.2111815,1.8695515
2006-07-31,0.38875154,-0.5006368,1.8307767,-0.5939305,-0.33576852,-0.49334008,0.6137452,-0.7386357,0.3499117,1.354713
2006-08-01,-1.0765764,-1.0609933,-0.6573485,-0.31034943,-0.78882897,-0.9152372,-1.0061525,-1.0594897,-0.83588207,-0.2887336
2006-08-02,0.16978972,0.035063997,0.70087254,0.60284525,0.24479091,-0.23781517,0.41575298,-0.22957677,0.22824703,5.7354865
2006-08-03,0.024313994,0.2621364,1.0248785,-0.36229822,-0.15219843,-0.48641962,1.2277304,0.51440954,0.2261938,0.3174702
2006-08-04,-0.34394762,-0.88957167,-1.0223505,0.04589954,-0.52568984,0.3871454,-0.3943878,0.45602396,-0.63747936,-1.1463878
2006-08-07,-0.31766406,0.53493667,-0.8868218,-0.31853268,-0.018358886,-0.5318027,-0.11756448,-0.9536077,-0.3524056,0.0746001
2006-08-08,0.12406803,-0.3299636,-1.9710966,0.14011629,0.6193115,0.05139863,0.31076863,-0.99595684,-0.491136,0.20657173
2006-08-09,0.07336104,6.894902,-1.013269,0.09208363,0.48941612,0.05521279,0.40839937,-0.50632304,-0.43832165,-0.73155445
2006-08-10,0.3231903,-0.52936393,0.3315251,-0.09982608,0.5779819,0.9053475,1.0778098,0.37664688,0.745122,1.0268548
2006-08-11,-0.21119621,-0.015531297,-0.394949,-0.21659103,-0.47303876,-0.9594198,-1.0970131,-0.8463884,-0.7784422,-0.50769603
2006-08-14,1.0438312,1.3824611,0.191509,0.093669236,0.9217107,1.1482888,0.52050453,0.2673269,0.52144456,0.87846684
2006-08-15,0.35176066,1.3754096,1.976532,0.28183767,1.3067877,0.618848,1.6069757,2.2296722,0.8003347,1.8856403
2006-08-16,1.7085029,1.1207066,1.1195717,0.042586055,-0.5913884,1.2018312,1.0792974,2.6807709,-0.034439974,0.028306223
2006-08-17,0.24613744,-0.5541259,-0.35203856,-0.14502665,0.8190338,-0.17644061,0.14175273,-0.81377524,0.171729,0.0015893304
2006-08-18,0.4414939,0.057830364,0.2043568,2.3403163,-0.31994298,-0.43179205,0.15010907,0.044730715,-0.1879916,0.051621597
2006-08-21,-0.4927387,0.1558702,-1.0927804,0.59746027,-0.24095061,-0.44802654,-0.577222,-0.343443,-0.50427276,-1.2032849
2006-08-22,-0.25387847,0.82997257,0.7566526,-1.2836368,-0.53383476,0.18259913,-0.355003,0.3768462,-0.13921036,-0.56655574
2006-08-23,-0.21386988,-0.4190545,-0.2938086,-0.03359538,-0.53746784,0.050055332,-1.5127057,-0.94241905,0.74641377,-0.53078884
2006-08-24,0.60252136,0.12842198,0.33558732,0.013839306,0.16903333,0.40609136,0.01823811,0.6283398,0.3958808,0.27420992
2006-08-25,0.43006653,-0.06009954,0.65627164,0.10250532,0.077627674,0.8160805,-0.15776074,0.034336604,-0.010416515,-0.16066012
2006-08-28,0.37924913,0.8893042,-1.402771,0.07873485,0.39895606,1.1515973,0.43148416,-0.3201286,0.41806653,0.42543253
2006-08-29,0.88950825,0.652134,-0.44289696,-0.39149928,-0.08272671,0.6688101,0.7325757,0.37853664,0.7998233,-1.3895681
2006-08-30,-0.13719192,0.012542859,0.3327176,-0.23128739,0.704759,0.32382083,0.48810533,0.27194813,0.53691673,0.2364831
2006-08-31,-0.19679062,0.7382942,0.6523271,-0.36378476,-0.3209822,-0.65887606,-0.16320395,-0.3686771,-0.20492454,0.50650615
2006-09-01,0.3701528,0.6613317,0.3527,0.17125098,-0.5208892,0.6892946,-0.9809047,0.6752742,-0.23141104,-0.17461434
2006-09-05,-0.44255793,-0.3604802,2.2848516,-0.66052586,1.01656,0.20736492,0.10215481,0.84056574,-0.15863091,0.43613356
2006-09-06,-0.45885456,-0.84123677,-1.126937,-0.14046623,-0.6769364,-1.5961432,-1.2861837,-1.3808756,-1.0039213,0.041303582
2006-09-07,-0.71819496,-0.29721704,2.0002491,-0.54471135,1.1259292,-0.25111356,-0.98117846,-1.3267077,-0.13509542,-1.6988474
2006-09-08,1.0463759,0.5131058,-0.25281233,0.24284007,-0.32428297,0.50716406,0.70550936,-0.5957417,0.2097071,0.40811953
2006-09-11,0.23034187,0.50445765,-0.064241186,0.5542647,1.1124824,-0.16635382,1.0917771,0.22375998,-0.3323848,0.016737271
2006-09-12,1.0954356,1.5419064,0.045248028,-0.09831437,0.008079441,0.77626693,0.97765774,0.87922275,2.3273947,1.2439749
2006-09-13,-0.052900087,0.03482433,1.0778561,-0.029241625,0.23121536,0.13858712,-0.6595573,-0.49776396,-0.31621838,0.982614
2006-09-14,0.21318227,0.14091802,-0.06724892,0.6289451,0.20602214,-0.1573628,-0.63192046,-0.21021771,-0.22570893,0.13151512
2006-09-15,0.38372162,0.077899545,-0.09925692,0.98990464,-0.43062717,-0.6820043,0.3897787,-0.5476226,-0.27444875,4.1597667
2006-09-18,-0.54870903,0.28902078,-0.19676416,-0.2704065,-0.25407365,0.27997333,0.5486045,-0.34120885,1.2491875,0.5772523
2006-09-19,-0.28907913,-0.13416755,-0.13225493,0.009014388,-0.37145412,-0.5762988,-0.8106524,0.49179387,-0.840179,-0.22566724
2006-09-20,1.2359158,1.1006043,1.0113401,0.54035634,4.9463744,0.118900634,0.7160628,1.0658982,-0.5032072,0.39665258
2006-09-21,-1.4354308,-0.49293923,-0.43311968,-0.72254515,0.35021585,-0.7098393,-1.2298818,0.32029963,-0.8494292,-0.3794127
2006-09-22,-0.31918544,-0.23518455,-1.2131616,-0.65218467,-1.4278413,-0.31977886,0.7167077,-0.79575765,-0.32293862,-0.42850947
2006-09-25,0.62950796,0.7485859,1.7808019,0.47589242,1.0699527,0.72968477,0.9469713,0.8147645,1.095622,1.2930493
2006-09-26,0.41123882,0.602296,1.2193956,0.3921262,0.56723297,1.2520063,0.6253786,-0.36103794,0.40192068,-0.6297499
2006-09-27,-0.3183834,-0.27525395,-0.8706778,0.3650867,-0.7050048,0.9272126,0.02812716,-0.43220064,-0.13240872,0.42837718
2006-09-28,-0.061182808,0.31518716,0.347489,-0.23311113,0.14756404,0.8344237,0.82002336,-1.3509111,0.3547554,0.29089865
2006-09-29,-0.060555562,-0.93035823,-0.02461108,-0.22345315,-0.6163335,-0.41895238,-0.81258756,-0.82640815,-0.083521746,-1.0148513
2006-10-02,-0.06756746,0.034928646,-1.0512412,-0.111651935,-0.22626264,-0.2977265,-0.4086172,-2.0937257,-0.3488191,-0.57032526
2006-10-03,-0.19284353,0.86071455,-0.29793906,-0.10506103,0.5216802,0.228235,-0.91387403,0.75409716,0.066003606,-0.32181513
2006-10-04,1.0327662,0.97973907,0.49113718,0.92153186,0.5518386,0.44708517,-0.13944836,0.36033258,0.75119096,1.0647764
2006-10-05,-0.15490687,-0.022277726,-0.25600088,-0.16906372,0.18042101,-0.1100103,-0.7715567,0.4149369,-0.105922475,0.44861785
2006-10-06,0.154895,0.39672837,-0.29027322,-0.2284744,-0.19585037,-0.33104962,-0.42344165,0.03394247,0.38186362,-0.06574112
2006-10-10,0.11837881,0.071652144,-0.31481323,-0.18226281,0.3868705,0.49692804,-0.29331902,0.81761026,0.1404087,0.39586535
2006-10-11,-0.035154216,0.1562772,-0.24392065,-0.38356027,-0.37188664,-0.020963596,0.8687664,0.5966914,-0.0024233009,-0.7294341
2006-10-12,0.3058342,0.11706143,0.8436884,1.0368863,0.7722621,1.035103,0.544953,0.98950136,0.07118032,1.0556914
2006-10-13,0.92197853,0.17194493,-0.10519277,0.14611503,0.12229644,0.17459667,0.33852834,0.75122464,0.5241269,0.8424132
2006-10-16,0.38744482,0.13540784,0.14625508,0.024044456,-0.20025738,-0.0017712255,0.25150323,-0.09632656,-0.15130363,-0.85985374
2006-10-17,0.1490232,-0.16474831,-0.41644755,-0.14295308,-0.82317364,-1.367814,-0.89857346,-0.9793642,-0.68168235,-0.17864092
2006-10-18,1.9733615,-0.5054612,0.07759721,0.02423933,0.20072113,0.37064484,-1.0087738,-0.9108393,-1.823316,0.40933138
2006-10-19,-0.009559941,-0.0005060681,1.7318976,-0.5116383,0.22706212,-0.1656449,0.029422047,-0.023234105,-1.0298331,-0.07863291
2006-10-20,0.3612277,0.69545454,0.36320043,0.12540278,0.17884421,0.51390475,-0.32069185,-0.3197531,-0.27890995,-0.32977965
2006-10-23,0.6206578,-0.16045582,0.5832645,-0.07272562,0.28179756,0.18807605,0.5411779,0.06726412,0.23504059,0.322345
2006-10-24,-0.066950575,-0.1323865,-0.16831717,-0.45361102,-0.6115224,0.2945251,-1.8433939,-1.5976617,-0.90657395,-0.5847695
2006-10-25,0.2215806,-0.058799066,0.22998233,-0.07175506,-0.64700025,0.16032226,0.24980663,0.8021523,0.31985214,0.9260307
2006-10-26,-0.2062679,-0.16080526,0.280591,-0.05799777,0.22136772,0.061549302,-0.0825148,0.4536837,0.96451026,0.44510823
2006-10-27,-0.5642646,-0.87451935,-0.9371016,-0.15334417,-1.5133424,-1.3588473,-1.1137462,-1.0537714,-1.0259814,-0.91846514
2006-10-30,0.53268325,0.3935356,-0.0347072,0.24256603,1.0302098,0.29330274,0.34360498,-0.5615876,0.1212017,-0.64745885
2006-10-31,0.54441476,0.46277398,0.21037608,0.209042,-0.14607945,0.12449834,-0.008015676,-0.47247767,0.0035248832,0.2114878
2006-11-01,-0.38268858,-0.02275242,-1.0135306,0.060411114,-0.028582714,-0.6735608,-0.33699384,-0.8696372,-0.40142947,-0.59482783
2006-11-02,-0.105088055,-0.057986703,-0.076096706,-0.19943638,-0.48583248,-0.68548197,-0.34824097,0.61373365,-0.41320732,-0.14688924
2006-11-03,-0.21113263,-0.46103683,-0.27110636,-0.18317169,-1.0916873,-0.1513706,-0.24710526,0.029698236,-0.120959215,0.05752627
2006-11-06,0.7616611,1.6695842,0.4932649,0.076049656,0.6753824,0.5653206,0.19165854,-0.4331717,0.36707395,0.8178776
2006-11-07,0.088472255,0.33001423,0.30906376,0.07843992,0.20532593,-0.07044848,-0.03685279,0.19458571,1.0361274,1.1584973
2006-11-08,0.0752898,0.5039416,0.66075546,-0.07120935,0.33378136,-0.20452741,-0.5772632,-0.21310146,0.022823073,0.18304376
2006-11-09,-0.12831706,2.9162126,0.4179588,0.4029612,0.40153396,-0.6315222,-1.0574427,-1.8239858,-1.039292,-0.16206983
2006-11-10,-0.47293794,0.08721385,-0.15070122,-0.17341815,0.54590786,0.2986221,0.08203246,0.40541574,0.3633084,-0.33988386
2006-11-13,0.18770383,-0.06524097,0.3873456,0.074302375,0.8351712,0.78561634,0.27357334,0.98505235,0.92787325,0.6922411
2006-11-14,0.78650427,-0.031100404,0.19890994,-0.15712218,-0.057203066,1.6019417,0.91351634,1.3513882,0.83087766,0.39989117
2006-11-15,-0.14487669,-0.03213048,-0.3200688,-0.32489765,-0.14225888,0.7747162,0.65559226,0.060235664,0.22091028,0.8797101
2006-11-16,0.22854291,0.9637916,0.54187536,0.52033645,-0.07640469,-0.011053317,0.08730867,0.017868968,-1.4860843,0.44558996
2006-11-17,0.18194984,-0.31095788,0.073162645,-0.2329509,0.6861632,-0.419008,-0.30760217,-0.24746515,0.19830507,-0.42079237
2006-11-20,-0.3926991,0.3174288,0.20320845,0.7040601,0.00079268916,0.27350363,0.13328415,-0.55467683,0.15698315,-0.17241491
2006-11-21,-0.12351412,-0.50369424,1.1187202,-0.07932402,-0.02671337,-1.4135008,-0.76544017,0.43279096,-0.15079038,1.2715759
2006-11-22,0.3175288,0.23313752,0.9622882,-0.1420031,0.41409552,0.29177254,0.74483144,-0.39343977,0.31035468,-0.7980735
2006-11-28,-0.06879951,2.254954,1.2691344,-0.31447846,-0.07288348,-0.12585676,0.17187034,-0.8111171,0.24600942,-0.3670746
2006-11-29,0.1238531,0.12275505,-0.047888115,0.20985417,0.58262193,0.5051129,-0.5534236,0.85787547,-0.04213871,0.07243871
2006-11-30,0.31352192,-0.29373547,-0.1430096,-0.5751349,-0.2878743,0.31216347,0.55980223,-0.15746239,-0.40624392,0.15770881
2006-12-01,-0.4572471,-0.39890352,-0.25957793,-0.64295524,-0.6790482,-1.1836289,-0.72246957,-0.36395937,-0.7342988,-0.9681945
2006-12-04,1.6492919,1.1373389,-0.18103905,0.2736556,1.2698607,0.62843055,0.79146403,1.2205043,1.2894087,-0.096190564
2006-12-05,0.70338815,-0.3646113,0.022954775,-0.5552887,-1.1424059,-0.2934992,0.0563774,1.4211255,0.40504363,-0.18620096
2006-12-06,-0.22540946,0.13405599,-0.8904764,-0.44127095,-2.802341,-0.59298325,0.55357504,0.38681194,-0.01974435,-0.752742
2006-12-07,0.10604735,-0.3790138,-1.7050215,-0.44414735,-1.1445961,-0.675276,-0.5509658,-0.1299591,-0.42176828,-0.99071956
2006-12-08,-0.23287736,0.23415312,0.65264875,0.9717447,0.87297153,0.0071291416,-0.60532784,0.3394667,0.003148207,1.3476449
2006-12-11,-0.12963381,0.2867953,0.22155373,0.12932897,0.75711805,-0.013778292,-0.20055903,-0.74392635,-0.24330372,1.2487507
2006-12-12,0.35641256,-0.020886853,-1.5956577,-0.3678984,-0.24113943,0.014056692,0.7049996,-0.1561533,-0.46766305,-0.035352692
2006-12-13,0.4706792,0.35079592,1.6586775,0.09085944,0.064195305,-0.124234684,-0.5745225,-0.576615,-0.7435164,0.3422968
2006-12-14,0.41892385,0.14268582,-0.34559533,0.8683141,-0.020751817,0.10869654,0.7287751,0.99094504,0.49710697,0.53006995
2006-12-15,-0.02177446,0.49635714,-0.54255414,0.08561079,-0.97036654,0.384833,-0.4467281,0.0062216655,-0.24465711,2.1119537
2006-12-18,0.1227124,0.13080202,-1.4047035,-0.74508524,0.64946544,-0.34943593,-0.10289767,-0.5493222,0.29879236,-1.6798897
2006-12-19,0.41032153,0.07340081,0.44082388,0.04600885,-2.3921406,-0.49188334,-1.2698171,-0.71998686,-0.42605957,0.15133359
2006-12-20,0.024163999,-0.4168998,-0.9954122,0.045548733,-0.017912734,-0.20470296,0.33631638,-0.28702486,0.27527136,0.4331975
2006-12-21,-0.043756668,-0.1483417,-1.202468,-0.36136693,-0.019000983,-0.59108716,-0.5853928,0.16411394,-0.785196,-0.5475857
2006-12-22,-0.44286135,-0.6117227,-0.4955236,-0.8030529,0.0066478844,-0.7060373,-0.37265828,-0.9182091,0.27156132,-0.7011805
2006-12-26,0.28451484,0.4931423,-0.48548713,0.53250724,0.03035982,0.11356173,0.053884897,-0.31205842,0.95749134,0.71259147
2006-12-27,1.0396745,0.22449131,-0.030033516,-0.080030024,-0.10538416,0.49724716,0.49215674,-0.15157336,-0.21351482,0.34181902
2006-12-28,-0.16422595,0.23734628,-0.3357839,-0.20671184,0.22583854,0.008243222,0.035710365,0.04132991,-0.14818637,-0.3033357
2006-12-29,0.13232847,-0.12547283,2.4709604,-0.3755103,-0.18859215,-0.43256018,-0.37031144,0.020680087,-0.30533746,-0.4623068
2007-01-03,0.08704367,0.7336092,-0.6979352,-0.14098555,0.9804121,0.17883937,-0.41535434,-0.47312415,-0.15177594,-1.3297187
2007-01-04,0.65570897,1.2079239,0.6177744,-0.21772654,0.37364244,1.5826997,0.7352692,1.7102468,0.69404286,0.9262984
2007-01-05,-0.57647055,0.049227215,-0.22299801,-0.39586878,-0.12705413,-0.1474628,-0.47383568,-0.5129339,-0.32637396,-0.23237173
2007-01-08,0.94492716,0.28936228,0.13316916,0.4003536,0.4943351,-0.20514287,0.16528718,-0.5515752,0.36462033,-0.21371199
2007-01-09,0.72015476,-0.21635729,2.1965842,-0.072376385,-0.12704696,0.0111152185,-0.11995571,-0.5347176,0.63086116,-0.90882206
2007-01-10,-0.7611621,0.3576542,1.2728316,-0.6434016,-0.14975928,0.8873531,0.63383067,0.6374002,0.47186005,-0.4691446
2007-01-11,-0.18004887,0.04930104,-0.37770444,1.5947192,-0.879895,0.6873772,-0.4215574,0.798185,-0.097882606,0.630406
2007-01-12,0.3210966,0.32724813,-0.3923793,0.5985686,0.1733647,0.31750977,0.012120714,0.042026326,-0.11742143,0.027784782
2007-01-16,0.7021916,-1.0551212,0.7969413,-0.1558085,-0.43198165,0.24431722,-0.21508645,-0.17535557,-0.096173756,0.031785
2007-01-17,-0.42147228,-1.1715865,-0.64072186,-0.14955214,0.34498084,-1.7695409,0.23104317,-0.24475923,-0.16746053,0.06567761
2007-01-18,-0.3326649,-0.63965416,-1.9327793,-0.211729,-0.802311,-0.6148129,-0.8752086,-0.5717668,-1.8330908,-1.3094726
2007-01-19,-1.5711828,0.31185418,-0.17700754,0.043444075,0.21782096,0.23549321,0.05592442,0.19829859,-0.1119001,-0.16135073
2007-01-22,0.42968404,-0.18597667,-0.5907154,-0.57446486,-0.5631903,-0.056473088,0.19651425,-0.32555652,-0.46413755,-0.500005
2007-01-23,-0.06613464,-0.59643424,-0.3808808,-0.06255397,0.1819101,-0.38368562,1.0346696,-0.34065768,-0.87675405,-0.29133373
2007-01-24,0.16421059,1.4077965,0.3289145,0.4496238,0.0070691667,0.5199766,0.48250902,0.39310253,0.20795552,2.2289279
2007-01-25,0.044944238,-1.0839326,-0.15374288,-1.216663,-0.41911244,-0.4887244,0.5894496,-0.56182474,-0.33862785,-0.63421243
2007-01-26,-0.06910955,0.24839695,-0.29999188,0.13089572,0.3568234,-0.15545769,0.6616134,-0.7345721,0.53923565,0.09913118
2007-01-29,0.6913514,-0.20661655,0.18025723,-0.2526985,0.26342535,0.68379396,-0.08979782,-0.48759362,-0.4520122,0.066495985
2007-01-30,0.47341174,0.100045316,-0.14216776,-0.19936912,-0.2894745,0.0521549,-0.15597945,-0.06271672,0.28775388,-0.38818574
2007-01-31,-0.13844234,0.7096607,0.06459,0.5723396,-0.022417933,0.020820182,0.46800232,0.4714152,-0.2223782,-0.18390958
2007-02-01,-0.08224549,-0.021231627,-0.65594596,-0.7177036,-0.3366794,0.28736907,0.22681727,-0.37662065,0.3946547,-0.15001845
2007-02-02,0.116048746,1.0128157,-0.037516303,-0.83789265,0.9743622,0.21122417,-0.011172061,-0.3491765,0.31352144,0.21151432
2007-02-05,0.8131268,0.7127662,-0.55181074,-1.2808164,-0.76191545,0.3140586,0.25450224,0.7280663,-0.064064264,-0.63229537
2007-02-06,-0.3360168,-0.37549973,0.081343375,-0.33961833,-0.41454744,0.017706051,-0.576686,-0.3555425,-0.04179371,-0.0018695501
2007-02-07,0.0117521025,1.506967,1.1576672,-0.4258502,-0.3408945,0.39447984,-0.3085352,-0.2047911,0.13835226,-0.3843707
2007-02-08,0.062418327,0.121388294,-0.030371858,-0.35981262,-0.5892775,-0.36757296,0.01851481,0.67970675,0.04626208,-0.14072672
2007-02-09,-0.6890541,-0.7468693,-1.8275747,-0.7134808,-0.04846788,-0.81190544,-0.28093407,-0.035092052,-0.8559925,-0.4614101
2007-02-12,0.034261387,-0.26917237,0.94570273,-0.22545159,-0.16607147,-0.56683576,-0.6533328,-0.38503066,-0.2681817,0.45411268
2007-02-13,-0.19128604,-0.59047765,-0.15214282,0.19671449,-0.1074669,0.10823862,-0.3893733,-0.07190356,0.6673019,0.36430162
2007-02-14,0.6214754,0.54699856,0.31147906,0.6338548,0.42350727,0.5594786,0.9883279,1.6587546,1.478357,0.17164513
2007-02-15,-0.17323947,0.21322751,-0.1059045,-0.025606439,0.3804217,0.32401827,0.26894614,1.661261,0.3408924,0.7122216
2007-02-16,0.06498841,-0.037893288,-0.28675354,-1.5971669,-0.6402293,-0.23510244,-0.61063606,1.1301893,-0.23703443,1.1185346
2007-02-20,0.26336828,0.2989194,0.5830924,0.03360225,0.8330109,-0.17734705,0.37405288,0.09924563,-0.6540377,0.50225556
2007-02-21,-0.15163526,-0.48199052,1.8838928,0.9017876,0.6280758,-0.7495814,-0.14514598,-0.7426361,0.37043932,0.2060417
2007-02-22,-0.3704048,0.07305168,0.11843304,-0.06972038,0.18784918,0.15261461,1.6173065,0.6492268,0.40929827,-0.17863438
2007-02-23,-0.49249238,0.24747401,-0.32107857,-1.1535934,-1.3902959,-0.569924,0.13954997,0.4684324,-0.10807289,-0.22908404
2007-02-26,-0.5329618,-0.49805167,-0.40265813,0.19428836,-0.018791366,0.15107915,-0.7011833,-0.77756923,-0.30259168,0.101026244
2007-02-27,-2.060064,-3.156573,-2.8822055,-2.709086,-1.74847,-2.1340184,-1.7499121,-2.5141916,-1.4715918,-2.2463188
2007-02-28,-0.7240407,0.5400989,0.33944815,0.48508298,0.44488472,-0.5145748,0.42792964,0.09701104,0.15606174,0.3857476
2007-03-01,-0.4688571,-0.15989545,1.4378027,-0.3416026,1.1024735,-0.776377,-0.3035889,-0.29552177,-0.34893936,-0.023273138
2007-03-02,-1.018754,-1.1786511,-1.1304904,-0.88923323,-0.23016553,-1.0373955,-0.07994613,-0.75641185,-1.1201472,-0.8024899
2007-03-05,0.7411188,0.38730276,0.4601876,-0.62912303,-1.1697549,-0.36598983,0.19122261,-0.4619238,-0.5031451,-0.21812479
2007-03-06,1.5291109,1.1359295,1.0562218,0.4488296,1.6639221,0.6857111,0.6754393,0.36086085,0.79690653,0.63344055
2007-03-07,0.14066523,-0.15989289,-0.38336897,-0.652685,-1.3194029,-0.81776893,-0.3629342,0.06847682,-0.041039612,-0.42150763
2007-03-08,-0.6746872,0.64303803,0.06849537,-0.81200933,0.63280934,0.20114985,0.8419504,0.51529914,0.43783525,0.39074796
2007-03-09,0.24846625,-0.115044326,-0.12090595,-0.23764524,-0.23229171,-0.4219057,1.1296761,-0.1795483,-0.3243113,0.07349942
2007-03-12,0.6310604,0.22630526,1.0462215,0.17043813,1.3854378,0.93769574,0.15759222,-0.11637661,0.45106792,0.5472921
2007-03-13,-0.97727627,-1.3853737,-0.94323343,-1.7622162,-1.3559499,-1.0283139,-1.3182048,1.6635077,-0.6014863,-1.2438499
2007-03-14,0.7823215,0.77266514,0.8624461,1.3492264,0.70830065,0.22331357,-0.14398138,1.273501,0.026183419,0.76067895
2007-03-15,-0.19081897,-0.047740605,-0.32469654,-0.42182824,-0.5261567,-0.3100241,-0.19008318,0.38644704,0.29421464,-0.85750103
2007-03-16,-0.11259618,0.41379514,-0.06231224,-0.047984887,-0.08260374,-0.04340835,-0.4830249,-0.10509673,-0.24272683,0.6443759
2007-03-19,0.54575855,0.6525047,0.8149094,0.9213449,1.435986,-0.16498436,-0.12993772,-0.8393316,-0.13122892,1.2017094
2007-03-20,0.37641034,0.11279868,0.13914706,-0.12773858,1.0531174,-0.363142,0.15509732,0.038085923,-0.019957684,0.529178
2007-03-21,0.6153873,0.8956062,1.2711674,1.2690126,1.7227002,0.8300656,0.47961357,0.5857667,0.7478985,2.7023275
2007-03-22,-0.10305109,-0.745217,-0.001968182,-0.65729386,0.8292315,-0.48847106,-0.69634587,-0.46763983,-0.23767123,-0.47589567
2007-03-23,-0.08054155,-0.34515768,-0.33283338,-0.70202136,-0.7624584,0.21783808,0.13592272,-0.84806937,-0.12993877,-0.11118306
2007-03-26,0.0132329855,0.35683045,1.2239362,0.26786885,0.4244172,-0.024350608,-0.36363924,-0.23277202,0.11022142,0.3932459
2007-03-27,-0.16296226,-0.8511275,-0.31532636,-1.2586206,0.27096644,-0.6890501,0.07704101,0.12866692,-0.17147061,-0.33813515
2007-03-28,-0.30436435,-0.45768815,-1.3262134,-0.3370615,-0.9669297,-0.61685747,-0.8542204,-0.2127959,-0.50417,-1.5548489
2007-03-29,0.25819924,-0.55167675,0.2058716,0.07788592,-0.05169078,0.5465962,-0.53083175,-0.3323908,-0.41865584,-0.089800194
2007-03-30,-0.18891531,0.25061032,-0.54685545,0.10078561,-0.107568264,0.036014415,-0.5010522,0.31887603,-0.4907007,0.16735609
2007-04-02,0.7068977,-0.24297307,0.33963156,-0.44107848,0.010000932,-0.07193487,-0.35992685,0.32510847,0.0038079908,-0.085774064
2007-04-03,0.6570272,0.9960763,0.39762393,0.122341566,0.6254382,0.40805876,0.23751396,0.52260065,-0.10892411,0.7697151
2007-04-04,0.107477546,0.55891967,-0.20125535,1.1843002,0.557525,0.114730425,0.8064156,-0.14346643,0.5843953,0.36359447
2007-04-05,0.24163407,-0.045542415,0.15635964,-0.0503673,0.29119685,0.45284405,0.30483195,-0.42509675,-0.020024082,-0.12379364
2007-04-09,0.09007778,0.31000626,-0.6225932,-0.108456776,-0.28983504,1.225523,-0.039378323,-0.7014963,-0.15274575,0.070670515
2007-04-10,-0.1012288,-0.3537267,0.29064363,-0.48567173,0.68488204,1.2473564,0.5990341,0.22845341,1.522899,0.28281343
2007-04-11,-0.88273525,-0.33781925,-0.9862451,-0.73288447,-0.67763805,-0.50692207,-0.73647475,-1.0075994,-0.46154818,-0.95698005
2007-04-12,0.3618178,0.374882,-0.27720582,0.73654777,0.26241386,0.020327548,0.28447667,0.41521773,0.16558224,0.2883115
2007-04-13,-0.48871556,1.4168141,-1.1599401,-0.005355193,-0.20781258,-0.15349425,-0.29775333,-0.1398197,-0.66448957,-0.83775294
2007-04-16,0.8728308,-0.07635935,0.6298499,0.0986024,0.68191993,0.47565728,0.9634026,0.7465235,0.253511,0.77560157
2007-04-17,0.65538627,0.44686958,-0.6698265,0.09706855,-0.045322757,0.6110875,-0.3347782,-0.11152229,0.16753761,0.5997198
2007-04-18,-1.5680609,0.09292697,-0.03168483,-0.6631546,-0.44947997,0.7997876,0.91300935,-0.48229632,0.5880158,-0.0557568
2007-04-19,-0.33408606,-0.3250527,-0.1318883,0.0360309,0.061819017,0.9783915,0.74423814,0.29359213,-0.2747549,-0.6321859
2007-04-20,0.2126187,0.5994976,0.35600442,0.51945853,0.5895417,0.688768,-0.025900364,-0.014012455,-0.31464145,-0.28567454
2007-04-23,0.45530486,-0.7383971,1.363686,-0.6350642,-0.17652486,-0.602773,-0.16897352,-0.6338349,-0.7442255,-0.0029571177
2007-04-24,2.301084,-0.47744098,-0.2257085,-0.13735403,-0.3576825,-0.0004993564,3.5676506,1.3256261,0.5983541,0.35479668
2007-04-25,1.9926145,0.92979956,1.0898138,0.25799295,0.20243032,0.66297907,0.53161526,0.83084023,-0.086558975,0.20182875
2007-04-26,-0.3392123,-0.42707586,1.7981185,0.07029426,0.12097845,-0.45728344,-0.17439976,-0.123588145,-0.49177015,0.57408756
2007-04-27,0.20133878,0.9701895,0.49643746,1.8887601,0.38758862,-0.5598176,-0.48615655,-0.71699566,-0.08658653,-0.41641888
2007-04-30,0.704585,-0.53464156,-0.12907945,-0.51072353,-0.8423295,-0.9232395,-0.67333144,-0.8764012,-0.25822344,-1.4806273
2007-05-01,0.64621186,0.27272087,-0.23800153,0.75327605,-0.60249805,0.6324069,0.60995185,-0.11649927,0.341301,0.16311507
2007-05-02,-0.58520776,1.5879097,0.41061258,0.25576213,0.72475815,0.23425311,0.32759368,0.3901668,0.01954853,-0.2661889
2007-05-03,0.39616534,0.09165611,-0.056478027,0.5398372,0.41312033,-0.23456986,-0.06605418,-0.07976871,-0.023154685,-0.36393216
2007-05-04,0.11802137,0.41106036,0.15791349,-0.9237461,0.0063412427,0.29599681,0.052151255,-0.26665956,0.43325537,0.11535429
2007-05-07,0.13742393,-0.13988815,1.5509208,0.14046183,0.02889509,0.07931886,0.011756353,-0.24055627,-0.004621855,-0.046335183
2007-05-08,0.34346706,0.9768846,0.53090364,-0.06613968,-0.27000728,0.34534192,-0.07803747,0.12143697,-0.8038307,0.038133863
2007-05-09,0.7046938,-3.321336,0.8380383,-0.08898182,-0.3312836,0.6280814,2.089208,0.0046785795,0.43478194,-0.14223605
2007-05-10,0.19492812,-0.36664957,0.18070993,-0.51669747,-0.88070285,-0.57056767,-0.29693612,-0.4468553,-1.1424665,-0.6706334
2007-05-11,0.8262967,0.6759574,0.61785823,0.44281903,1.2676594,0.097453065,0.061078787,0.8242586,1.1505039,1.0958303
2007-05-14,-0.2408825,-0.5981124,0.24541606,0.0058352244,-0.122613646,-0.3864391,0.24645689,-0.68137676,1.3479487,0.091865756
2007-05-15,-0.45032346,-0.2633523,-0.94121164,-0.08709708,-0.27512184,-0.27773148,-0.3616331,-0.171365,-1.376662,-0.49136513
2007-05-16,0.66104066,0.6906254,-0.13905047,0.17445107,0.36453238,0.31059745,-0.36608824,0.75498873,-1.360093,0.9471179
2007-05-17,-0.3358049,-0.33670843,0.965017,-0.31225052,0.13147032,0.056449283,-0.6331811,-0.31353247,-0.5762563,0.110736
2007-05-18,1.6731616,-0.100774124,0.21322563,-0.43490815,0.5084,0.96391577,-0.13091044,0.27748597,-0.28235745,1.1972123
2007-05-21,-0.56243044,0.3971582,0.85852927,0.26911098,0.16046265,-0.2008046,-0.45542726,0.7692206,0.021724487,-0.3721235
2007-05-22,-0.18443708,-0.023652874,0.6489949,-0.8441389,0.115482256,0.7253198,-0.11904754,0.13926993,0.49900272,0.3333095
2007-05-23,-0.67647994,-0.72563356,-0.3515623,-0.35548142,-0.5546792,-0.71599,-0.66858375,-1.5387182,-0.08657354,-0.39175317
2007-05-24,-1.0047168,-1.0707619,-1.0746464,-0.93420064,-1.0828414,-1.5408775,-0.5708557,-1.3027444,-0.38576713,-1.3144947
2007-05-25,0.7777487,0.2617151,1.3353393,0.44724935,1.1906153,0.34539866,0.32221636,-0.33269683,0.33411613,0.38132504
2007-05-29,0.47428975,0.78485966,0.272653,0.44580418,0.16336037,0.24936533,0.04070276,0.8124492,-0.12929137,0.48974776
2007-05-30,0.6363833,0.94069713,1.9572548,0.45457482,0.24660791,-0.4954777,0.037536953,-1.4049053,-0.6782296,0.33265248
2007-05-31,-0.19454876,0.9971493,1.0180936,-0.92646796,-0.119712494,0.16092177,0.4093743,0.03685373,0.27419016,0.82245034
2007-06-01,-0.027923688,-0.07338012,-1.2771598,-0.3309579,0.66070443,0.32417315,0.6713644,-0.27507442,0.41787383,0.4422613
2007-06-04,-0.18260022,0.304673,1.2430563,0.10270044,0.0022564852,-0.45540497,-0.31753635,-0.69347286,-0.27468416,0.024149839
2007-06-05,-0.2216266,0.3907518,0.50874776,-0.41651648,-0.5045123,-0.49487746,-0.68526053,0.22083397,-0.4935394,-0.26542506
2007-06-06,-2.1469123,-1.0685662,0.35782322,-0.7001038,-0.3464089,-1.067929,-0.26243848,-0.3560505,-0.15069142,-0.7281684
2007-06-07,-0.37582725,-1.3900412,0.1262735,-1.452019,-1.620383,-0.45119643,-0.9051136,-1.3369232,-1.4608439,-0.96884555
2007-06-08,0.8326253,1.2484113,0.118413515,0.696994,0.8500626,1.1052984,2.050887,0.7835023,0.7724563,0.30831715
2007-06-11,0.105879836,-0.26052332,-1.8987973,-0.2009105,0.35408747,0.16379067,-0.26794323,-0.59063685,-0.45434782,-0.076181725
2007-06-12,-0.54895234,-0.45299292,0.031626433,-0.47420388,-0.96122855,0.52172023,-1.0088767,0.34124884,-0.34914553,-0.29241827
2007-06-13,0.49609277,0.8796552,-1.2712352,0.88189805,1.0765759,0.87903535,0.9545467,0.71157056,1.2245936,1.3712254
2007-06-14,0.4751474,0.586845,0.5034795,0.10381419,0.8227004,1.0868913,0.956523,-0.07296497,0.5454675,-0.17499161
2007-06-15,0.80003667,1.0844073,0.6960525,-0.20633939,0.5402411,2.009118,0.2531428,-0.080658324,0.8122838,-1.2728782
2007-06-18,0.17364052,-0.30496997,1.862845,-0.1120245,-0.19799371,-0.2024527,0.77336824,-0.3880036,-0.12812237,-0.10920102
2007-06-19,0.7608671,0.21164918,-0.66364837,-0.25250253,0.2192264,-0.21211874,-0.71952134,0.26817062,-0.1909508,-0.23285529
2007-06-20,-0.28404924,-0.16144995,-0.9679434,-1.0481654,-0.9579123,-0.40753984,-0.32506126,0.2849009,-0.40138984,-1.2737464
2007-06-21,0.40128344,0.2690451,0.9231916,0.26099917,0.38066408,0.6658384,0.9011374,0.38765523,1.0147096,0.153014
2007-06-22,-1.3290608,-0.69318086,-0.43218175,-1.567914,-0.742143,-1.2031709,-0.49536383,-0.6585504,0.0947052,-0.76496553
2007-06-25,0.4324255,0.24088758,-0.3339515,-0.14763935,0.21178615,-0.503498,-0.08991122,-0.54990375,-0.8420509,-0.5731178
2007-06-26,0.1692582,0.26684296,-1.2092712,-0.09181995,-0.8697915,-0.27417937,-0.07729584,0.21754892,-0.39913145,-0.5935706
2007-06-27,0.08240108,0.25909477,0.8983839,0.54376405,1.3486459,0.78678095,0.8848961,0.481394,1.1829885,0.6773961
2007-06-28,0.35406408,1.1534045,-0.6357467,-0.2343812,0.4046764,0.2094861,-0.08896701,-0.048736524,-0.8658882,-0.08289792
2007-06-29,-0.41407353,0.035482403,0.56869996,-0.86449593,-0.37584248,-0.42718717,-0.17650832,-0.1584416,-0.29304287,-0.3255257
2007-07-02,-0.12164365,0.116988584,-0.42541033,0.39001718,0.5551945,1.0569799,0.5195573,0.43673512,0.53028333,-0.019102404
2007-07-03,1.0547606,0.45754394,2.448573,0.40511623,0.38693696,0.59396416,0.1446058,-0.15111102,-0.004676994,0.6403955
2007-07-05,0.9682515,0.56934893,2.1934319,-0.2235139,1.1037514,-0.055002894,-0.13795017,-0.39221358,-0.41350996,0.23345919
2007-07-06,0.6420847,0.23016988,-0.25692275,-0.20054448,-0.25674048,0.09363727,0.24280016,-0.046590585,-0.21011522,0.077225804
2007-07-09,-0.0051923487,-0.0018728625,-0.86317724,-0.36047915,-0.6530086,0.50612783,-0.15077819,-0.075859375,0.28423828,-0.37982324
2007-07-10,-0.1787065,-0.22869004,0.7287569,-1.2475708,-1.1821253,-0.04744461,-0.21413054,-0.45362765,-0.7689555,-0.44304827
2007-07-11,0.32514277,0.9070055,-0.06354443,0.16777125,0.68605494,-0.9027259,-0.0363747,0.5221749,0.26603022,0.54361725
2007-07-12,0.14212333,1.9735675,0.58493525,1.012752,1.3527763,2.823333,0.7686442,1.2402662,1.4154193,0.79515046
2007-07-13,-0.386206,0.19525889,1.3253967,-0.65038246,-0.2722085,-0.12237341,-0.10010882,0.005020177,-0.6278438,-0.43792772
2007-07-16,0.6786619,0.03634247,0.067465246,0.26347676,-0.5403062,-0.10809128,0.42083383,-0.38294843,0.19540486,-0.16447467
2007-07-17,0.71915674,-0.2614829,0.2273922,1.3320906,0.45980656,0.67144895,0.101184145,-0.084441654,2.2075236,0.4435269
2007-07-18,0.21875846,-0.4973463,-0.3733739,0.11433468,0.05937825,-2.5988102,-0.8586851,-0.020691447,-0.35286567,-0.085120164
2007-07-19,2.8907483,0.96886694,0.6333487,0.98180896,0.4801969,0.33389953,-0.18801656,-1.7454746,0.14174394,0.88938963
2007-07-20,-0.5889969,-0.62105495,1.3203131,-0.8424768,0.0038435531,-1.5405936,-0.5341078,-0.4256051,-0.69449073,-0.6902357
2007-07-23,0.97016037,1.294326,-0.10619629,-0.10656619,0.4260745,0.27544874,0.1835429,-0.33008248,-0.12420223,0.81655145
2007-07-24,-0.08907388,-0.88630545,-3.423777,-0.923099,-0.3865548,-0.47087735,-2.2802513,0.2381416,-0.33713275,-0.70100003
2007-07-25,1.1223776,0.30405167,0.83392984,-0.32963324,-0.17063975,-0.12806478,0.39354107,-0.70529354,0.7587242,-0.09269022
2007-07-26,-0.8776113,-0.41143608,3.1876178,-1.6207472,-1.546356,-1.1348523,-1.1349282,-0.45232752,-0.37130833,-0.6562861
2007-07-27,-0.49979615,-1.2907746,-0.8681104,-1.3668886,-1.0895253,-1.0696251,-1.079275,-0.4958446,-0.1625542,-0.9897055
2007-07-30,-0.6304471,1.0426643,-1.0045662,-0.1472264,-0.13971643,0.5837712,1.0984104,0.7885175,0.77245635,0.57805634
2007-07-31,-2.2387235,-0.9606183,-3.7182517,-0.96848434,-1.1955552,-0.5166621,-1.0311205,-0.98499036,-0.049447846,-0.6811429
2007-08-01,0.85205567,1.5789697,1.1885467,0.4786563,1.7678047,0.3169781,-0.14702111,-0.35142034,0.6749009,-0.84258497
2007-08-02,0.7120406,0.6402695,0.51101094,0.29078454,0.7288714,0.9448248,-0.42549148,0.57350415,-0.32442054,-0.09168834
2007-08-03,-0.761265,-1.111855,-1.8395069,-1.275849,-1.1083192,-0.61873937,-1.5167323,-1.392781,-0.28958595,-0.9069608
2007-08-06,1.1636047,0.09951092,1.2913963,0.99535483,0.9554892,0.36610448,0.31491393,0.96194136,1.0499153,0.68332994
2007-08-07,-0.22216615,0.32219324,-0.058150508,-0.10734515,-0.8687123,-0.027052963,-0.03503141,-1.3395702,-0.4819909,0.009442208
2007-08-08,-0.09816609,3.0177882,-0.2997226,0.70360386,1.1029181,0.9108464,-0.38745135,-0.45742545,0.5113084,0.85729045
2007-08-09,-1.2810194,-0.35883445,-1.6025728,-1.3647921,-0.25877753,-1.2761905,-0.7545676,-2.0377488,-1.0232596,0.50744206
2007-08-10,1.0504465,0.02071521,-0.314929,-1.2036468,-0.24054351,0.0741411,-0.08369071,-0.4355815,-1.0023607,0.28806132
2007-08-13,0.016422516,-0.7706592,0.593505,-0.27403352,-0.5983336,0.040196802,0.06310298,0.98934054,-0.27395946,-0.27334553
2007-08-14,-0.39281705,-0.80845094,-0.8854912,-0.62205064,-0.83097345,-0.40459132,-0.29790023,-1.3061897,-0.8662822,-0.4782221
2007-08-15,-0.48453465,-0.4679577,-0.9336845,-0.44285446,-0.39787868,-1.0161467,-0.8252965,-1.9105976,-1.6716882,-0.27619085
2007-08-16,-0.89105684,-0.8869089,-0.67023003,-0.66156423,-0.12058793,-0.23035334,0.22366443,0.8124806,-0.13692468,-0.26483068
2007-08-17,0.5679605,0.9496973,1.3154336,0.60564953,0.35301507,0.9149959,0.57202035,0.47142097,0.6884431,0.2866506
2007-08-20,-0.9673213,-0.30140018,0.02517887,-0.10209105,-0.5374985,0.6515116,0.4158509,-0.20880097,0.1654379,0.39340767
2007-08-21,-0.12843555,0.5384425,1.1515553,-0.47769833,0.30601722,-0.39193097,0.21661802,-0.6409656,-0.26167524,-0.6709348
2007-08-22,0.51501185,0.26807493,1.0291609,0.15526752,0.06894435,0.4045026,0.49325272,0.30299246,-0.56602734,0.6260702
2007-08-23,0.80707383,0.04980089,-0.32034776,0.025295766,0.074588105,0.10639481,-0.011476317,0.5464936,0.15531497,-0.2123954
2007-08-24,1.0380689,0.744094,1.5271637,0.87474364,1.2869275,0.95479316,1.0987438,0.32329673,0.2190554,-0.2342479
2007-08-27,0.12605394,0.61811924,-1.2491934,-0.78964514,-0.21357867,-0.6825867,-0.8112447,0.29928273,-0.6137129,0.40920573
2007-08-28,-0.82067144,-1.0908028,-2.222815,-1.3088443,-1.2823845,-1.0229313,-1.4625391,-0.8848687,-0.9906532,0.041172724
2007-08-29,1.5034332,0.9875954,2.8431835,1.2157499,1.8862464,2.1223664,1.1433955,1.2396439,1.0506778,1.4452018
2007-08-30,0.48884714,0.76656145,0.76320124,-0.44672394,0.18897226,0.3150925,-0.3320219,0.084781125,0.38979685,-0.058404427
2007-08-31,0.78589153,0.86470276,0.7729235,0.4294856,0.16365471,0.86709446,0.1869588,0.77330106,0.71526295,0.5574167
2007-09-04,0.8741387,0.6963388,2.0123558,0.011251572,1.101795,0.7694979,1.3241653,0.038649045,0.7184912,0.72643864
2007-09-05,-0.15289702,-0.121484615,-2.7742221,-0.8241025,0.005527492,-0.4074456,0.18502876,-1.2561537,-1.0004522,0.28310156
2007-09-06,-0.119847864,-0.5868775,-0.7295355,0.73664325,-0.49407017,0.2440038,0.8269901,-0.2073218,-0.02843335,-0.05645069
2007-09-07,-1.1460465,-0.48958468,-1.3140317,-1.1217384,-0.9757855,-1.3693011,-1.0347689,-1.1121061,-1.1442072,-0.8224383
2007-09-10,0.16672249,0.39675406,1.8327154,-0.06829724,0.0075037144,-0.29481107,-0.14642397,-1.35586,0.1507078,0.24953195
2007-09-11,0.9000197,0.71704155,-0.52362794,0.7756261,0.71209705,0.5412861,0.62748426,1.3118553,0.1297054,0.5181106
2007-09-12,-0.738272,-0.58359957,0.45123416,-0.15191971,0.18267795,-0.45066398,-0.84208953,-0.24434787,-1.0195487,0.016950376
2007-09-13,-0.002017918,-0.41316104,0.066134006,0.3171987,-0.24556263,-0.2806699,-0.33797252,1.3317125,-0.06649668,-0.521348
2007-09-14,-0.44347695,0.12165166,0.5356409,-0.40343195,-1.009416,-0.9179987,-0.34205487,0.19075814,-0.55188525,0.08194003
2007-09-17,-0.32617617,-0.06284945,-0.21035244,-0.7852009,-0.1453266,-0.21898407,-0.17555718,-0.55265456,-0.12716362,-0.3913404
2007-09-18,1.2359542,0.93441874,0.8622561,0.25882488,1.7953417,1.0561374,0.18188001,0.7656116,1.471031,0.6662065
2007-09-19,0.04654542,0.116446,-0.116817415,-0.6847478,0.2525524,0.46268636,0.6095319,0.1648068,-0.0670655,0.09982797
2007-09-20,0.12608814,0.2238937,-0.22551441,-0.66155696,0.45792407,0.18870148,0.68281317,0.43770635,-0.24229628,-1.0850972
2007-09-21,-0.04281808,0.16754238,1.3656242,0.32151562,1.9934587,0.062262267,1.002249,0.21303278,0.44223297,-0.9095893
2007-09-24,-0.298903,-0.58230406,1.3795296,0.7083171,-0.4204558,0.14681958,-0.23125727,0.7505495,-0.5734623,-0.5021042
2007-09-25,0.14636666,0.8592826,1.6280339,0.7942256,0.2893641,-0.19193006,-0.30632094,-0.18785888,-0.14293551,1.2684174
2007-09-26,0.42464265,0.8090775,-0.12375368,-0.24461642,-0.36840302,-7.128188e-05,0.032634217,0.60012907,-0.700611,0.6491355
2007-09-27,0.22418004,0.37503916,0.5094198,-0.1555797,-0.3173341,-0.28838924,0.5459633,-0.104611844,-0.047651198,0.012321255
2007-09-28,0.06366223,-0.11356067,-0.4008541,-0.20383584,0.024674496,0.13192272,-0.28986663,-0.062346987,-0.08653909,0.18851048
2007-10-01,0.642956,-0.15679914,0.5332441,0.43866375,0.5880431,0.77063125,0.21184984,-0.25619203,1.0618418,0.3021432
2007-10-02,-0.37769943,0.06265474,0.42156368,-0.25904253,-0.26598352,-0.0149906,-0.2422168,-0.20083712,0.4359893,0.19495672
2007-10-03,-1.0908773,-0.7816214,-0.219246,-0.6237173,-0.6222494,-1.0142624,-0.676048,0.20271723,-1.6142951,-0.275917
2007-10-04,-0.3930844,-0.4147113,-0.6125468,0.3653243,0.39386576,-0.4174526,0.07259688,0.42373213,-0.39778444,0.24423382
2007-10-05,0.35604918,0.7887825,1.6739136,0.10964232,0.89661765,-0.15570179,0.38571018,0.48679957,0.8444345,0.3620842
2007-10-09,0.29641137,0.57020897,-0.05794016,0.35680866,0.1193924,0.2692358,0.17942525,-0.21582799,-0.5667616,-0.046224147
2007-10-10,0.18782248,0.31426254,-0.3857268,0.10642409,0.694872,0.02442629,-0.28912148,-0.44872418,-1.0181302,0.5690597
2007-10-11,-0.30096948,-0.6704765,-1.4946033,-0.76573557,-1.0109878,-0.8783718,-1.5319202,-0.94242346,-0.22811976,-0.11180963
2007-10-12,-0.12090127,0.21438058,1.5440998,0.35858962,-0.06354735,0.17069386,0.16733152,0.61685544,1.7290933,0.58253473
2007-10-15,0.1371784,-0.16091871,-0.1367075,-0.39691514,-0.8316244,0.31678185,-1.3188114,-0.987227,-0.59309196,-0.41942164
2007-10-16,0.890633,-0.75111777,0.7359207,0.3967659,-0.75644433,-0.573516,-0.0530273,-0.5548242,0.051685788,-0.063604966
2007-10-17,-2.1154587,0.30868447,0.8910741,1.3134307,-0.634543,2.2973478,0.8066256,0.4960609,1.4090096,0.27314767
2007-10-18,-0.53560233,0.39103258,0.15817407,-0.000447714,-0.1626642,0.40307143,-0.9027715,-0.11859807,-1.5449518,1.0998954
2007-10-19,-1.4520421,-1.9499451,-1.0059787,-2.092297,-1.7270409,-1.3506596,-0.71475154,-1.1837891,-1.6417651,-0.87629217
2007-10-22,0.678574,-0.18843228,1.1206645,0.5150834,1.1241603,0.58604044,0.45883697,0.49202824,0.6478787,0.8388643
2007-10-23,0.8007203,0.33014137,3.348621,0.6048721,0.60524976,0.23566246,-4.2166634,0.17975119,0.03469842,0.6041249
2007-10-24,-0.97790843,-0.41936332,-0.122290306,0.5134315,-0.65627277,-1.515421,0.10944487,-0.038738903,-0.8954119,0.21004596
2007-10-25,-0.05390261,-0.10053478,-0.9550828,1.2415427,-0.46573773,-0.30042264,-0.34315094,-0.48628932,-1.6790929,-0.8089188
2007-10-26,0.588874,1.3098539,0.47069502,5.3441772,0.87730557,0.02286008,0.56822306,0.46910465,-1.1632874,-0.239433
2007-10-29,0.6631261,0.9066037,0.0335036,-0.95658755,1.0256152,0.5562621,0.8296794,0.21775906,0.15403737,-0.028406397
2007-10-30,-0.37081182,0.379246,0.46113718,1.5659883,-0.3720578,-0.056227416,-0.08121986,0.06688633,0.3458674,0.5392727
2007-10-31,1.1573168,0.720757,0.7557178,1.8566504,1.1983037,1.077638,0.5897863,0.86963123,0.44297507,0.30145454
2007-11-01,-1.3924806,-1.3616883,-0.7467822,0.24894214,-0.97190195,-0.8014772,-0.769685,-1.537517,-1.4677709,-0.96189445
2007-11-02,0.5354037,0.51463896,0.076224156,-0.13686165,0.532347,0.45135185,-0.025348654,-0.042522535,0.10344723,0.86290807
2007-11-05,-0.68369365,0.8553813,-0.49549332,-0.645875,0.057316598,0.2113769,0.056574356,-0.6078568,-0.8727398,-0.19321153
2007-11-06,-0.14603409,1.3933953,0.94232434,-0.60845363,1.4184353,0.9590815,1.2935474,0.6233781,-0.3142779,-0.09553009
2007-11-07,-0.9876593,-1.799633,-1.1259545,-1.5041229,-1.4470148,-0.94371855,-1.2703644,-0.46989906,-1.1142424,-1.391527
2007-11-08,-2.8940647,-4.424999,-1.6431901,-1.2991587,-3.4347427,-1.501481,-0.39919227,-1.4977874,-0.08305551,-1.0948616
2007-11-09,-3.5579674,-1.558891,-1.6267127,-1.6650186,-2.0666342,-1.2412385,-0.2968247,-1.7634697,1.545672,-1.738682
2007-11-13,2.3500679,1.6183113,3.150881,1.788245,2.2766519,1.2034074,0.5702523,1.9339746,0.66647416,-1.4210124
2007-11-14,-1.1376255,-0.6175106,-0.7167919,-0.97124076,-0.74165064,-0.48806733,-1.0662209,0.8245206,0.32546514,0.13677846
2007-11-15,0.10291871,-0.6256127,-0.6117699,-0.4257828,0.520707,-0.5914049,-0.29690406,0.72727054,0.040926505,-0.2419067
2007-11-16,0.75747144,1.0812426,0.61992145,0.4194739,0.8527764,-0.08089456,1.1867089,0.48387423,-0.7765281,1.4287094
2007-11-19,-1.6113788,-0.8312148,-0.8187361,-0.37162542,-0.66943854,-0.70074147,-1.2737073,0.30896065,-0.6425052,0.27070025
2007-11-20,0.7846097,-0.6362215,1.4650162,0.91239417,0.36699027,0.6094063,0.03546366,-0.5123845,-0.3109497,-0.20273174
2007-11-21,-0.746659,-1.4345349,-0.18883026,-0.7621506,-1.2485502,-1.8618946,-0.5360619,-0.98984146,-0.54353505,-0.53499436
2007-11-23,1.1852064,0.8183432,0.8767988,-0.35439807,0.22839265,0.80144095,0.3700845,-0.01727945,0.65858763,0.05055021
2007-11-26,-1.3087622,-2.0762787,0.24757951,-2.1309085,-1.5189201,-1.3966385,-0.7935594,-1.5425147,-1.2385074,-1.1058097
2007-11-27,1.2119439,0.01686177,0.612312,0.010588445,0.46915907,1.4112092,0.42294136,0.5964477,0.7139553,0.1627477
2007-11-28,2.1953244,0.9911341,1.5329496,0.9548271,1.3852136,1.8159096,1.6271893,1.6768534,1.2298621,0.9898164
2007-11-29,0.06527843,0.19844839,0.78679067,-0.31222075,-0.09348244,0.20674855,-0.07722712,-0.16369563,-0.2091814,0.710527
2007-11-30,-1.415035,-0.20648217,-0.64691466,-0.13488434,-0.77924716,-0.5577342,-0.4733109,-0.744297,0.15528268,-0.68241614
2007-12-03,0.42787737,-0.79661363,-1.0181525,-1.3557061,0.13254875,0.26051033,-0.039302733,-0.9500493,-1.4871109,0.56036454
2007-12-04,0.48693383,-1.0133367,0.21789365,-0.39382365,-0.4955995,0.061840966,0.14006174,-0.7426762,-0.32522702,0.6156261
2007-12-05,0.86348313,0.88194436,0.8339186,2.044408,2.3274763,1.3331665,0.81720847,1.0556905,1.2175965,0.526505
2007-12-06,0.8714246,0.53851914,0.6457614,0.49673182,0.3575557,1.0880574,-0.17427714,-0.049501006,-0.2254098,0.5856823
2007-12-07,-0.5087251,-0.52953404,0.7716338,-0.16302338,-0.59901845,-0.40554494,0.23627152,-0.39390674,-0.86033255,-0.19779803
2007-12-10,0.29339018,0.3814647,-0.031719998,0.23243336,0.9635337,0.044346336,0.20625225,0.3691662,0.64317274,0.21119577
2007-12-11,-1.4102566,0.608483,-0.81723404,-1.1315018,-1.1284549,-1.2682388,0.28392985,-0.47015405,-1.1620396,-1.3314295
2007-12-12,0.88994706,1.3182007,0.5352653,0.47222722,0.60599715,0.5189327,0.53711903,0.78033346,0.49752533,0.2446697
2007-12-13,-0.16945615,0.46703646,0.22213137,1.097341,0.50181586,-0.24231286,0.12139136,-1.3227972,-0.7702023,0.33674565
2007-12-14,-1.4735484,-0.6293662,-0.38364422,0.0081627,-0.8848671,-1.4358066,-0.29851964,-0.61257255,-0.7456736,-1.8579379
2007-12-17,-0.774041,-1.1186396,-1.4764829,-1.6183916,-0.57761854,-0.9739479,-0.14251494,-0.3769104,-0.530906,-1.3093922
2007-12-18,1.0852066,0.3649734,-0.3418758,0.4310055,0.61771107,0.2775835,-0.03797391,-0.52901214,0.22478794,1.1641304
2007-12-19,0.48825163,0.100129776,0.0055611394,-0.05209149,-1.0409017,0.41696265,-0.25416228,-0.5718481,-0.34858942,-0.19733137
2007-12-20,1.0272493,0.18506162,1.0675066,1.0411772,2.817314,0.3265722,0.50191253,0.83907515,0.76202905,0.28640744
2007-12-21,1.1951302,0.52259374,0.98442227,0.6497389,1.0453287,0.78326106,0.37300035,0.72487015,-0.14211874,-0.026453227
2007-12-24,0.31917346,0.22303198,0.6815059,0.64028436,0.058318105,0.49530515,0.34976435,0.26325223,0.35756123,0.6313027
2007-12-26,-0.065762214,-0.51096964,0.0053413524,-0.0859288,0.4227741,0.18148969,-0.061890595,-0.12366163,0.00030543533,0.25275472
2007-12-27,-1.146335,-0.91422683,-0.070963554,-1.0795559,0.040536273,-0.961531,-0.59582794,-0.7038831,-0.9964155,-0.81896955
2007-12-28,0.2763365,-0.34781474,0.21379785,0.0983354,-0.16214196,-0.14209211,-0.22722235,-0.2099177,0.15497266,0.57419556
2007-12-31,-1.1928672,-0.79739946,-0.39876348,-0.94413924,-0.7846182,-0.19313802,-0.1536339,-0.3305604,-0.3272575,-0.23436786
2008-01-02,-2.0973506,-0.9027885,-0.8923716,-0.75041014,-0.20809326,-2.2601213,-1.4511563,-1.1595889,-0.87934023,-1.0902703
2008-01-03,0.1578332,0.44814727,-0.04046352,0.09952363,1.3845632,-1.4190971,-1.0930057,-0.6296172,-0.8282508,0.06276568
2008-01-04,-2.3943043,-1.2195729,-4.166569,-1.8405454,-2.5009358,-4.304914,-1.7406474,-1.0646018,-0.8916879,-1.6271635
2008-01-07,-0.68450004,0.054948732,-0.75252026,0.24311067,0.48229778,0.39251503,-0.10095637,-0.7606515,-0.18473877,-0.15777935
2008-01-08,-1.61786,-1.314437,-1.9562427,-2.134338,-2.5047698,-1.3510752,-0.024737258,-0.6366046,-1.0735248,-1.161443
2008-01-09,0.49975085,1.6050599,2.351326,1.5588847,1.0441968,0.9867063,-0.07019188,1.9945076,0.68221873,0.24681008
2008-01-10,1.0783869,0.03498223,-0.45503515,-0.33008626,0.13596402,-0.480895,-0.11501918,0.1339839,-0.67658013,-0.26017365
2008-01-11,-1.4791975,-0.61512566,-1.0576484,-0.80723494,-1.1991785,-1.0581436,-0.77602714,0.6049584,-0.08481406,-1.3832365
2008-01-14,3.355126,0.7712567,1.1404207,0.6407737,1.8821343,1.976385,0.6591468,1.3595941,0.937345,0.45735532
2008-01-15,-0.70535135,-0.7547433,-2.6617959,-0.77860254,-1.5781499,-0.7699248,-1.021209,-0.7956165,0.17104584,-0.67284834
2008-01-16,-0.13732505,-1.2349055,-2.3282893,-1.408655,1.210617,-5.617788,-0.35532492,0.5576115,0.9826038,-0.2848255
2008-01-17,-0.35097012,-1.479849,0.23982741,-0.32868186,-1.0421987,-1.1941607,-0.33657488,-1.0404365,0.1581683,-2.5849774
2008-01-18,1.4427555,-0.021931244,0.08697737,-0.30002514,0.31562033,-0.75591165,0.20826824,-0.8661244,0.98765963,-0.30185908
2008-01-22,-1.3923874,-1.5595336,-1.5749058,-1.9426022,-2.9090047,-0.9165116,-0.7443424,-1.6982844,-0.12904142,-1.7127035
2008-01-23,2.8070238,1.0273541,-3.279878,-0.16396403,0.7116348,2.7303329,1.6791339,-0.38789293,0.120111875,0.37748313
2008-01-24,0.39133856,1.8060663,-0.79750943,1.775208,-0.042202592,1.2726715,0.114699066,3.2869723,-0.3402003,0.27561408
2008-01-25,-1.2988816,-1.4121394,-1.3339943,-0.5242629,-0.62701255,-1.2421196,-0.75383383,-0.40901816,-1.0859582,0.16845374
2008-01-28,0.24739668,-0.14836277,-0.012184947,-0.47412083,-0.075634554,0.5486383,0.6713993,0.40241423,1.0360355,0.338046
2008-01-29,0.6225304,-0.037725825,0.3143312,-0.309247,-0.41475123,0.3815609,0.16167043,-0.27615407,-0.6396443,0.42112204
2008-01-30,-0.2893307,0.5965651,0.128905,-0.79760736,0.38767427,0.3489672,0.6132674,-0.11139736,0.43162334,0.45085064
2008-01-31,0.8788629,0.29984233,0.923082,0.5539453,0.57299423,0.7947511,0.100278996,2.0961964,-0.08531131,-1.2781665
2008-02-01,1.2018636,0.892385,-0.67907274,-4.0699816,0.27445874,1.3704748,0.78079253,-0.3187621,2.013641,-0.5965773
2008-02-04,-0.42812198,-1.0201387,-0.3340319,-0.2835477,-0.6517314,-0.5998304,-0.25131083,-0.21760657,-0.4576729,0.40602344
2008-02-05,-1.1451497,-0.586869,-0.42351282,-1.1842462,-1.3729713,-1.1845254,-1.1355454,-0.67436326,-0.5092777,-0.8971658
2008-02-06,-0.4603002,-0.18234551,-1.4839236,-0.65727055,0.5649218,-0.26896533,-0.21895882,-0.67714465,-0.8594564,-0.925191
2008-02-07,-0.4947039,0.32440126,-0.13113654,-0.43942222,-0.6935294,0.14987731,-0.21438935,0.6399944,0.1590901,-0.13201591
2008-02-08,0.3121754,0.20045267,0.847127,0.3907855,-0.06377722,0.27592567,0.31524274,0.49355152,0.30865267,0.3712631
2008-02-11,0.8950932,0.0006585925,0.9732407,-0.6116169,0.40070358,0.67713714,0.59173787,-0.11079298,0.8921838,0.6091028
2008-02-12,0.7199294,-0.123356916,-1.1246809,0.10843631,-0.09936032,0.37760085,0.15299709,-0.85620934,-0.76045156,0.56684625
2008-02-13,1.0210342,1.1660947,1.0389681,0.9624522,0.46070436,0.5464888,0.6428175,0.8749427,3.4078484,0.6809354
2008-02-14,-1.3449966,-0.9413959,-0.42843556,-0.9488654,-1.2221664,-1.4465927,-0.84798056,-1.1528357,-1.4431796,-0.083071955
2008-02-15,-0.014957162,-0.38897687,-0.65425587,-0.26005697,-0.03791947,-0.6943805,-0.14726251,1.1255788,-0.36602056,-0.37596163
2008-02-19,-0.7205174,-0.7953861,-0.6684086,-0.40145746,-0.18859543,0.072188824,-0.49795356,-0.33892697,-1.2352479,0.25562263
2008-02-20,1.7494944,0.6899757,0.63238007,-0.03675792,0.9452057,0.43550137,0.7059999,1.3378433,1.9246125,0.16109744
2008-02-21,-0.562302,0.014583953,-0.9506038,-0.37815866,-1.3016821,-0.20839222,-0.5468353,-1.0458629,-0.41324607,-0.36806986
2008-02-22,0.67713445,0.84541476,-0.71925575,-0.9715296,-0.0056166216,-1.0440278,0.2604485,0.94125986,0.7163734,0.35859302
2008-02-25,1.1925923,0.42814198,0.073926106,0.18873928,0.13706642,0.22280535,0.26116288,0.15056147,-0.14559063,0.53048974
2008-02-26,2.4781322,0.5579846,-0.23440714,0.9390275,0.52632487,1.5318793,1.035314,-0.17145479,0.31089672,0.37552488
2008-02-27,1.1705722,1.7159145,1.4541554,-0.37488818,-0.07350455,0.12985072,0.33646622,0.1902515,0.4081714,-0.53377235
2008-02-28,-0.6872338,-0.52219296,2.8353994,-0.81134313,0.50365055,-0.64389586,-0.60889846,-0.56040263,-0.62687206,-0.1757637
2008-03-03,0.23939511,0.0572214,-1.4384778,-0.6116219,0.3914162,0.03769683,-0.0864211,-1.3705249,-0.7156995,-1.1096283
2008-03-04,0.8448623,-0.18000826,1.1797312,1.1170235,-1.2826248,-0.06257949,-1.0279253,-0.00024623412,2.8480885,0.2535998
2008-03-05,-0.18990201,-0.0031059487,-0.066215575,0.9247376,0.81766963,0.38610664,0.65558594,0.20292571,0.258621,-0.8989922
2008-03-06,-1.6460799,-0.62179786,-1.5772432,-1.2752229,1.0348098,-0.7825999,-0.8749655,-1.2226671,-0.8174342,0.041856796
2008-03-07,0.83368695,0.38052687,0.5208151,0.4838509,-0.5984601,0.41547102,0.11571231,-0.2964304,-0.1670636,0.083648875
2008-03-10,0.059402134,-0.21656626,-1.148479,0.22968662,0.7105298,0.06518445,0.51363635,-1.2398013,0.37987405,-0.86772895
2008-03-11,1.507227,2.6759338,3.2117941,2.4420714,0.62399817,2.6077797,-1.5240809,0.18389158,1.150015,0.9755601
2008-03-12,0.3739657,0.014580349,-0.6377183,-1.5260446,0.45032427,-0.2707295,-0.68490773,0.26681665,-0.007608396,1.0724765
2008-03-13,-0.6696635,-0.3900043,0.70242083,-0.1927627,0.4109242,0.28704715,1.0603439,0.4640807,0.06582285,-0.10032643
2008-03-14,-0.377121,-1.410431,-0.66040134,-1.5909674,-0.9288267,-1.5718364,-1.4218504,-1.1868992,-1.0152285,-1.0802162
2008-03-17,0.23210965,-0.033513755,-0.053613983,0.5609148,-0.71808815,0.36835054,0.7779065,-0.9008327,0.0883871,-2.8584225
2008-03-18,1.5088993,2.394512,2.1800733,1.7990236,1.7550486,1.7134768,1.2256099,1.7716308,1.3381922,1.1992954
2008-03-19,-0.6377931,-1.7480886,-1.2723529,-1.3751,-1.1044985,-1.3461728,-2.084912,-2.5390408,-1.4400179,2.749637
2008-03-20,0.6518552,0.5290678,1.1584705,0.7417022,1.1047134,1.1834757,0.2348068,0.40187556,0.6037455,-0.35218582
2008-03-24,0.4617877,1.9834323,2.3655548,-0.18739076,1.8317628,0.80514425,1.3160859,1.6758246,-0.45540217,2.29431
2008-03-25,-0.59027773,0.27363122,0.46536037,-0.22372603,0.780048,0.24954574,0.33071005,0.861837,-0.5825777,0.55936855
2008-03-26,-0.5840725,-2.113198,1.4322623,-1.3858429,-0.38660485,-1.0309618,-0.60591435,-0.40552032,-0.7476402,0.8515513
2008-03-27,-0.7887996,-1.3407917,-1.8874981,-1.2617295,-4.123868,-1.9157209,-0.64725167,-0.89537,-0.79773283,-2.101145
2008-03-28,-0.5429041,-0.19793679,0.9503741,-0.47420144,-0.20014104,-0.8057874,-0.46391705,0.36869264,-1.0269046,-0.5286173
2008-03-31,0.34578484,0.056400433,0.1191156,0.83201313,0.46985355,0.8439862,-0.15510415,0.8115109,-0.107613534,0.3034582
2008-04-01,0.76028574,1.7448962,2.0236893,2.0594356,1.9082593,1.5589201,1.5609378,1.1667027,1.0962515,1.977861
2008-04-02,-0.8357252,0.002062469,-0.43826947,-0.6073934,0.09452483,-0.20900185,0.23041031,-0.27603632,0.70983714,-0.7530484
2008-04-03,0.611544,-1.2568088,0.7621026,-0.40121752,0.33152312,0.11994819,0.74098223,-0.13967218,0.37909767,0.5360106
2008-04-04,-0.16751271,0.32122323,0.2595035,0.16212015,-0.67978257,-0.13101059,-0.34558412,0.06123278,-0.010991797,-0.08054289
2008-04-07,0.29914507,-0.8291622,0.73922294,-0.13389274,-0.28954986,-0.26782265,0.2052932,-0.47935435,-1.4201474,-0.088948354
2008-04-08,-0.026241617,0.07402148,-0.9868061,-0.9364567,-0.7222782,-1.3900214,-1.2891078,0.32550597,-1.4603772,-0.13554619
2008-04-09,0.27207395,-0.80829847,-0.43802726,0.13778539,0.63683474,0.6481266,0.41702262,-0.6753941,0.2753301,-0.64129925
2008-04-10,1.0866706,1.0191296,0.7012548,0.2870495,0.4595738,1.234691,0.7421986,0.97367024,0.88740927,0.88401896
2008-04-11,-1.4871657,-1.1834519,-1.3718224,-1.613309,-1.2547475,-1.5543348,-0.8943546,-1.1728973,-2.0923321,-1.2972147
2008-04-14,0.69364774,-0.102640405,0.13208802,-0.5617876,0.013395483,-1.1260474,-1.0536162,-0.13311629,-0.53355205,0.34307072
2008-04-15,-0.07802544,-0.35577893,0.10544036,0.2376727,0.64537114,0.4045958,-0.036236938,-0.260413,-0.34861654,-0.6802376
2008-04-16,1.7600417,1.4307207,1.0839245,1.2047845,1.1966757,2.306673,1.2347965,0.9686333,1.0851146,0.77252555
2008-04-17,1.3584938,0.1496676,0.14729318,0.37786883,0.84618616,-0.06784758,-1.2112985,-0.27893594,-0.42464525,-0.45107982
2008-04-18,0.69053566,1.2335113,1.9156175,1.3492631,1.2248548,0.8120049,1.1664174,0.3913335,-0.16816497,0.2144668
2008-04-21,-0.009801131,0.8028931,2.18823,0.6658371,-0.109729156,-0.24242269,1.4819516,-0.021611068,-0.36506793,0.45021245
2008-04-22,-0.33722758,0.09819673,-2.5591896,-0.48272988,0.029115759,-1.1082648,-2.8585503,-1.1628135,-1.4094933,-0.63547426
2008-04-23,-0.008193497,1.1457899,0.794877,2.171071,0.29551837,1.2323979,0.3609083,0.2549649,0.8032546,0.8223644
2008-04-24,0.34034652,1.237391,1.8162465,0.50390434,0.21734174,0.22435306,0.83661604,1.1693349,0.91157895,0.71511126
2008-04-25,-0.56732374,-0.83159864,0.17718565,-3.9382656,-1.0072968,-0.34693092,-0.10303758,-0.010678656,-0.43071407,-0.6864862
2008-04-28,-0.7287826,-0.4947908,0.69277114,-1.8707246,-0.21573652,0.26856622,-0.20150611,-0.03771215,-0.32538763,0.3435986
2008-04-29,0.6654699,0.37751377,0.77135843,-0.88672864,0.59531534,-0.27242664,0.45330092,0.36626452,-0.06467142,0.7068373
2008-04-30,-1.1390548,0.29790634,-0.38560125,-0.39852947,-2.1937702,-0.8505303,-0.84129107,-0.64402896,-0.83030593,-0.590766
2008-05-01,1.5957463,2.0861504,1.6980686,1.6473621,2.3168519,2.1864703,0.67076236,1.038774,1.7509222,2.0285623
2008-05-02,-0.23496227,0.17381175,0.19051103,-0.43859664,-0.65991056,0.49079522,0.106568925,-0.12245603,0.29391563,1.4836695
2008-05-05,-0.6169014,-0.7919292,0.9081651,-0.44346893,0.055497933,-0.38411874,-0.669244,-0.48119327,-0.56793016,-0.27980697
2008-05-06,0.4306677,0.12663968,0.50249916,1.074593,-0.1320027,0.5955196,0.5262546,0.5110835,-0.23157768,0.084046416
2008-05-07,0.9724278,-0.9754864,-1.2065384,-1.0945877,-1.1426055,-0.82727295,-0.22081359,-1.084905,-0.3559874,-1.14483
2008-05-08,0.42183203,-0.11686809,0.6565116,-0.024405034,0.22978307,0.40908778,0.34395212,0.45721707,0.4359245,0.8209742
2008-05-09,-0.4444026,-0.36283934,-0.50920635,0.094076835,-0.2474856,-0.10401434,0.02087554,-0.4673898,-0.5442386,-0.14655738
2008-05-12,0.6332322,0.70384544,1.2776275,1.0291924,1.1371493,0.48570722,0.14360076,0.7934488,1.1157258,0.5796147
2008-05-13,0.7049829,0.12806882,0.45681974,-0.33453515,0.32710344,0.18533671,-0.115046,-0.15225662,0.0151054235,0.13744277
2008-05-14,0.5006675,-0.23395881,-1.0756284,0.1473488,0.22807837,0.107729755,0.83084655,-0.5178213,-0.0045627155,0.3557583
2008-05-15,0.48842835,1.4184335,0.92961776,0.85069,0.17177773,2.052403,1.2846985,0.7489619,-0.6156757,1.0998946
2008-05-16,-0.32308978,0.052887116,-0.63381803,-1.0133903,-0.4300856,0.011607124,0.5685535,1.6917062,-0.22943266,0.24548195
2008-05-19,-0.6804025,-0.21927778,-1.1895224,-1.1653144,1.5695941,-0.2593091,0.9910647,0.31809232,-0.23021954,0.32683286
2008-05-20,-0.6766999,-0.92243844,0.6123714,-1.5239028,-0.5911209,-1.4976723,-0.53896356,-1.2873893,-0.9614084,-1.0081508
2008-05-21,-0.8127431,-0.87719744,-2.2802007,-1.1780708,-0.34574202,-0.8739664,-0.09633523,0.018520594,-0.49120715,-0.7825855
2008-05-22,0.58833003,0.44811788,-0.3869771,0.30692062,0.65025777,0.3890928,-0.47477219,-0.37956098,0.5150068,0.46138367
2008-05-23,-0.2534911,-0.88742006,1.1624032,-1.0030195,-0.7335401,-0.9606415,-0.15413354,1.64744,-0.6174921,-0.18498547
2008-05-27,1.6475817,1.009635,1.421354,0.66158146,1.4974562,0.3345422,0.8173575,0.8711052,1.2760645,0.7680739
2008-05-28,1.1431704,-0.060078617,0.11545917,-0.673421,0.2508758,-0.29889068,0.16976614,-0.42291254,-0.12779805,0.85783106
2008-05-29,0.100638844,1.3167121,-0.14162087,0.122894436,-0.019889485,-0.7167498,0.25641617,0.69948375,0.1005956,0.955855
2008-05-30,-0.1379141,0.95557654,0.5335336,-0.1196339,0.07831282,0.035341702,-0.3405499,-0.69525105,0.2793008,0.23420835
2008-06-02,-1.0451038,-0.6499255,-0.79092675,-1.2205772,-0.3603105,-0.008408207,-0.54960376,-0.8441515,-0.83122957,-0.6298766
2008-06-03,0.26516858,0.01614907,-0.25871265,-1.1886009,0.48200598,-0.5947019,-0.84252995,-0.7314952,-1.1526338,0.047482096
2008-06-04,-0.124318264,0.8640254,-0.11454651,0.34486178,-0.0178601,1.0990638,0.5595207,1.2003541,0.5404323,0.72569555
2008-06-05,0.48946556,1.4765135,1.1153914,1.4459212,0.56118023,0.73499364,0.04726537,0.72928303,0.040776625,-0.38731635
2008-06-06,-1.8179462,-1.920459,-1.1118323,-1.8821427,-1.6607935,-2.1519186,-1.2309728,-2.0467606,-0.97408146,-1.7298294
2008-06-09,0.5526956,-0.198487,-1.2804066,0.315212,0.19012201,-0.3910585,0.108731635,-0.11005493,-0.00031864565,0.16074187
2008-06-10,0.07933816,-0.11239322,1.0833644,0.22846906,-0.14600657,-0.25917,-1.4780244,0.19402699,0.000505958,-0.89405096
2008-06-11,-1.4314842,-1.4754783,-1.4734476,-1.8554962,-1.0644642,-2.083517,-1.1038724,-1.0787805,-0.6115306,-1.1740402
2008-06-12,0.36764616,0.70923984,-2.3548076,2.2945004,-0.54455006,0.48445642,-0.38135093,2.2788212,1.2734839,0.23369731
2008-06-13,1.3059158,0.91876495,-0.36421874,1.5978209,1.8745916,1.3178271,0.9823669,0.78047115,1.4294103,2.0079176
2008-06-16,0.33323297,-0.17333505,1.270784,-0.45303652,0.7141071,0.37717557,-0.02015741,-0.46411726,1.3274634,0.12943013
2008-06-17,-0.8394297,-0.604283,1.2762845,-0.43672988,-1.0040028,-0.70937425,-0.425274,-0.8644714,-0.76463944,-1.7231971
2008-06-18,-0.4794512,-1.4601043,-0.87033767,-0.8820233,-0.2384881,-0.7625185,-0.956266,0.31972542,-0.2881978,-0.5766664
2008-06-19,0.4891956,0.54378945,0.55072886,0.8236221,0.5891823,1.2155459,0.95012164,0.97540426,0.21735276,1.1731355
2008-07-01,0.42604396,-0.20241614,2.1346445,-1.5238688,0.7059706,0.14669558,-0.9044248,1.2824402,0.31840268,1.0789559
2008-07-02,-0.0648048,-0.7236927,-2.142797,-2.4493124,-1.3192765,-1.581209,-0.8181523,-0.81875664,-1.0910765,-0.74091816
2008-07-03,0.29012483,0.6898726,0.48914617,0.053781234,-0.28160593,-0.6969564,0.39513656,-0.08090268,-0.28800103,0.60582703
2008-07-07,1.1685524,-1.2572175,1.422438,-0.059417013,0.878523,0.02596168,-0.046379976,0.22656971,0.23952089,-0.7977888
2008-07-08,1.3991854,0.7766561,1.1993563,-0.5810149,1.2024472,0.39185268,0.3051144,2.0210438,-0.12539294,-0.13934553
2008-07-09,-1.9427087,-3.2658393,-1.6970427,-1.6466933,-1.2377646,-2.8608415,-1.6216091,-0.95947933,-2.287245,-1.8393604
2008-07-10,1.5974678,1.4439775,0.636028,0.36338994,0.44049972,1.980447,0.97725445,1.3299261,1.0274293,1.7152811
2008-07-11,-0.5669487,-0.7611955,-1.3396384,-0.64917576,-0.8891258,-0.03208881,0.32466307,0.058568798,-1.049366,-0.5041156
2008-07-14,-0.29012632,-1.3038568,0.31503785,-0.40282014,-1.3576679,-0.5002524,-0.71410996,-0.5126066,-0.4096223,-1.1137173
2008-07-15,0.9516882,-0.64176077,-1.381929,2.195584,-0.55089307,0.5245883,-0.10810436,-0.9171809,0.60485125,1.7695959
2008-07-16,1.4633511,0.17900367,0.89891654,2.2895477,0.44675916,0.40846485,1.6166588,-0.018487621,0.47645047,1.3211428
2008-07-17,0.30771706,0.9836329,-0.35298654,0.4052616,0.93406206,2.2318416,1.641612,-1.4198781,0.67484766,0.4967303
2008-07-18,1.6394253,0.32608572,-1.1154896,-3.454793,0.6014285,0.15628053,-0.47233227,-0.41929778,-0.88348025,0.4173829
2008-07-21,-0.62661153,0.41675022,0.24124382,-0.60685647,-0.2154357,-0.032920275,-0.48304123,-0.009280735,-1.0998267,-0.8932225
2008-07-22,0.68285775,0.16593641,-1.4129595,0.21669902,1.066448,-0.041817416,-7.0886946,-1.2348636,-1.0421902,-0.95572966
2008-07-23,-0.2386385,0.6204066,1.3156596,1.2429317,-0.2178668,0.38064137,1.1708267,0.6049156,0.32619965,1.6033732
2008-07-24,0.2433511,-0.85109544,-2.34404,-2.3169177,-1.2165023,-1.3047466,-2.1027153,6.669244,-1.4952004,-1.2000153
2008-07-25,-0.7329361,1.527466,0.95459384,1.4777809,-0.020336304,0.6780206,0.1896484,1.532503,0.033114452,0.17023857
2008-07-28,-1.1679068,-0.8975011,-1.8254775,-1.5454377,-0.50985795,-0.6843478,-0.09050377,-0.8957712,-0.7995877,-1.0462521
2008-07-29,0.73330265,0.98551816,0.86377203,1.2174411,1.5531404,1.1033888,0.7411483,1.1017586,0.6283998,1.1158094
2008-07-30,0.6153181,-0.49917924,0.8813979,0.122957185,-0.28377968,-0.04090442,0.34287018,0.46765593,0.40443984,0.19820365
2008-07-31,-0.45049915,-0.34814823,-0.32115507,-1.2478722,0.43804651,-0.115495965,-0.25339752,-0.32659206,0.166296,0.11043514
2008-08-01,-0.69182146,0.034882564,-0.66063523,-0.747461,-0.08977383,0.27132654,-0.46422616,0.005947197,0.38727382,-0.16750035
2008-08-04,0.465423,0.034866165,-1.0434885,-0.49004036,-0.5495694,0.2891526,-0.02060193,-2.1451724,0.6705157,0.04568895
2008-08-05,0.62697625,1.3668098,1.3246417,1.8144945,1.8188337,1.1186976,1.2850453,2.0514643,0.33924904,2.0469668
2008-08-06,0.37060013,2.5189338,0.620086,1.5154653,1.1827697,-0.42082566,0.07965064,-0.21540676,-0.3381518,0.15555508
2008-08-07,-0.07013438,-0.6378564,-0.14347272,0.61488307,-0.23792557,1.5203321,0.113642566,-0.22696517,1.0372705,-0.34223455
2008-08-08,-0.11409963,1.3897951,1.8500795,1.3961716,1.5539814,1.0194596,1.0963908,0.27856103,0.5843404,1.8986362
2008-08-11,-1.1328863,0.74044585,1.014999,-0.59577554,-0.86828595,0.22857638,0.6275363,-1.2081945,-0.65456873,0.6847649
2008-08-12,-0.7189203,-0.1944961,0.84191006,0.3076845,-0.37959412,0.2107566,0.39292407,-0.26034367,-0.064456455,-0.28763765
2008-08-13,0.31005114,-0.3405742,0.71678156,-0.573267,0.20357932,-0.7893112,-0.46799758,0.83580124,1.7458719,0.23424786
2008-08-14,0.6026264,0.75252527,-0.04367955,-0.14327161,0.3526122,0.40996268,-0.7059486,0.6469774,-0.52886444,-0.53705597
2008-08-15,-0.2838047,0.5185733,-1.0991522,-0.35608095,-0.29631367,-0.24817029,-0.49093726,-0.076725006,0.2961666,-0.26942447
2008-08-18,-0.9062235,-0.8580363,-0.16829899,-0.40995196,-0.67326814,-0.5821424,-0.56395656,-0.86402947,-1.1927729,-1.0649544
2008-08-19,-1.0584267,-0.48891413,-0.6079446,-0.706902,-0.48584017,-0.91946393,-0.8458709,-0.5140281,-0.88178414,-0.40263957
2008-08-20,-0.00464676,0.014363829,0.62075245,-0.21458901,0.20588838,-0.4757267,-0.8230407,0.03368712,-0.019707864,0.53854287
2008-08-21,0.28090206,0.035622682,-0.5170763,-0.389267,-0.8342674,-0.78226656,-0.0585139,-0.27448684,-0.3103531,0.20999523
2008-08-22,1.0844096,1.1095996,0.67063105,1.2854455,0.93232757,0.8968528,0.476731,0.44715187,0.20534153,0.4006765
2008-08-25,-1.0795902,-0.98650223,-1.3117732,-0.5255456,-1.095552,-1.1191089,-0.66388,-1.2896123,-0.91248524,-1.2669395
2008-08-26,-0.1660594,-0.18598813,0.2565577,-1.0055237,-0.16098233,0.32873875,-0.17637603,-0.38330325,0.07301471,-0.36049142
2008-08-27,0.5036859,0.6078421,0.23771824,0.47603872,0.4295083,0.49856484,0.1590165,0.49092725,0.18543343,0.8145522
2008-08-28,0.6937612,0.69522953,-0.36587545,0.66736406,0.7029486,0.317721,0.6405701,-0.16992629,0.33910403,0.14658292
2008-08-29,-1.5004739,-1.1084116,-0.8216173,-1.4187993,-1.3971822,-1.3138559,-0.34320837,-1.1210563,-1.312395,-1.5077126
2008-09-02,-1.7745526,-0.5309326,-0.5830844,-0.50306755,-0.7667898,-0.5479616,-0.17004536,-1.2512139,-0.33952597,-0.013020306
2008-09-03,-0.058435597,-0.8063602,0.11576592,-0.52407265,-0.7381666,-1.9432973,-1.642903,-1.6334579,-1.5849068,0.2559508
2008-09-04,-1.8257598,-1.9872422,-0.9748863,-1.2252263,-2.5773933,-1.9850962,-1.9659733,-0.6809097,-0.88625985,-0.9831828
2008-09-05,-0.38650814,-0.004051798,-0.19625552,-1.4789565,0.23857915,0.1478436,0.38017067,-0.76601535,0.79850787,-1.2915332
2008-09-08,1.326159,1.8647721,-0.45182118,0.6826654,-1.4918239,0.59465784,-0.41034842,-1.0029243,0.28208843,0.5453647
2008-09-09,-1.1294842,-0.65086865,-1.2753464,-0.1398857,-0.21394517,-1.1471326,-1.0970505,-0.5621068,-0.9558109,-0.7681401
2008-09-10,1.3814504,0.06705701,-0.020075152,0.4768624,-0.062379487,-0.3187055,0.19822426,0.72625923,-1.1279241,-0.092362344
2008-09-11,0.5513572,0.14547881,0.19152561,1.5486697,0.3455231,0.035954885,0.5571087,1.7408979,0.46458474,0.27658263
2008-09-12,-0.1475022,0.80857676,-0.68880373,0.4065641,0.502593,-0.08324477,-0.10470637,-1.0237375,-0.9607777,-0.6283317
2008-09-15,-1.8133622,-1.7835388,-1.8789588,-1.3989508,-1.1541153,-1.4621947,-0.39778137,-0.8232901,0.1487626,-2.1960406
2008-09-16,0.30180618,0.62715006,-0.098998725,-1.2357662,-0.13157918,0.18405597,0.8766048,0.57217723,0.2780823,0.0057876953
2008-09-17,-1.8045162,-1.2567985,-2.4203572,-1.9146758,-1.4234434,-1.383931,-0.6024729,-1.6412086,-1.346167,-1.3828268
2008-09-18,1.261307,1.2029057,1.1987977,0.7655717,0.9428058,0.9753617,0.7185486,0.84368175,0.28731355,2.1399865
2008-09-19,1.2804568,1.742556,1.2800214,-0.19429737,1.901326,-0.045733843,0.9201821,0.96657723,-0.09177545,0.7568205
2008-09-22,-1.3027183,-1.9399476,-2.2899754,0.3274551,-0.62955374,-1.4280442,-1.3803339,-2.0404747,-0.9504603,-1.6014788
2008-09-23,-0.4841578,-0.7387502,-1.5187815,-0.04668939,-0.16310903,0.2644434,-1.3540199,-0.14065328,0.09176555,-0.45642778
2008-09-24,0.37060183,0.11825283,0.4072075,0.2919732,0.34646574,0.10268494,0.08695974,-0.39800373,0.078071445,0.37188476
2008-09-25,1.2558885,0.8381693,0.6502874,1.0042979,0.6967701,-0.19478491,0.65664494,0.6053647,0.5280059,0.20278768
2008-09-26,-0.34051815,0.53026587,-0.87128526,1.0672574,0.1962488,1.0927842,0.75501674,-0.5038313,-0.1947486,0.086458765
2008-09-29,-1.8937868,-2.5145164,-5.296484,-3.0540435,-2.826984,-2.9825785,-2.0744615,-3.4906054,-2.1907966,-2.6708713
2008-09-30,0.53664833,0.6213726,1.1766357,1.1661165,1.5529547,1.3493565,0.009991557,1.229784,0.46955878,1.3867067
2008-10-01,-1.7947245,-0.49132416,-0.6887663,-0.21434224,-0.54198986,-0.20237844,0.12930398,-0.66060126,-0.19859017,-0.6546356
2008-10-02,-1.0977113,-0.563581,-1.2012523,-0.19236682,-0.3867667,-1.1781802,-0.7510151,-0.3943919,-0.61339855,-1.2446626
2008-10-03,-0.22444439,0.07032013,-0.44119492,-0.0010532547,-0.040393475,0.13124166,0.4164924,0.084684886,-0.03262934,-0.7320637
2008-10-06,-0.583974,-0.6206745,0.16351607,-0.98354816,-1.1886579,-0.3473283,-0.30275932,-0.27717865,-0.6034122,-1.4511151
2008-10-07,-1.0680779,-1.4035802,-1.3570303,-1.2476425,-1.6270777,-0.9019036,-0.9484023,-0.4438675,-1.2011697,-1.0835863
2008-10-08,-1.2192872,-0.4294431,0.10865097,-0.2060867,0.07223877,0.23912603,-0.10401366,0.7169765,0.13982855,0.64351237
2008-10-09,-0.3108451,-1.2226158,-0.18799947,-0.6678228,-0.79606557,-0.73744506,-0.7674202,-0.5970637,0.4574594,-1.1996199
2008-10-10,-0.23020798,0.08337554,1.4796703,-0.80273527,0.5402544,-0.47768918,0.8351734,-0.33368596,-0.011741444,-0.5806095
2008-10-14,0.66389596,-0.8206487,-1.175056,-1.419228,-1.3506645,-1.333684,-1.4409963,-0.9058181,-0.5866561,-0.7922414
2008-10-15,-1.5434164,-2.4809053,-1.2418499,-1.5477209,-2.1871192,-1.2572255,-1.7690935,-1.9257491,-1.4064928,-2.311604
2008-10-16,1.6679361,1.7868967,0.9348553,1.730989,1.4725695,1.5075662,0.6936162,1.276054,1.6157237,1.375052
2008-10-17,0.0695019,0.29446667,-1.2099887,-0.42470908,0.06766683,-0.4650794,0.33351105,0.37402764,-0.45940906,0.36839977
2008-10-20,0.9294298,1.4222136,0.22092637,0.7639726,1.451361,0.89739156,0.7064905,0.19824468,1.198255,0.78056765
2008-10-21,-0.87765306,-1.1549261,-1.2350373,-1.2020192,-0.5273293,-0.94294053,-1.2294694,-1.6130706,-0.525197,-1.0747832
2008-10-22,-1.4280564,-0.48233667,0.99762774,-1.7612056,-0.6030627,-0.84931564,-0.6006266,-0.49945268,-0.5996338,-1.4866192
2008-10-23,0.28272396,-0.15175575,0.2217866,0.61804175,-0.26742274,-0.056954987,1.0197024,-0.20070553,-0.27179506,-0.31497753
2008-10-24,-0.58963287,-0.9145243,-0.25732785,-0.32093933,-0.87585723,-0.24535681,-0.09017475,-0.1549783,0.06281812,-0.7123695
2008-10-27,-0.604911,-0.22497731,-0.7148084,-0.74010617,-0.53241044,-0.005214999,0.90588033,-0.50649226,-0.049003668,-0.18252109
2008-10-28,2.1264186,2.415691,1.2471474,1.5366993,2.0428586,1.9490521,1.9512405,2.1208243,1.3899317,2.1152954
2008-10-29,0.29958218,-0.414917,0.6912194,-0.12934156,-0.3794506,-1.0359932,-1.1687275,-0.44089308,-0.4619355,-0.2037562
2008-10-30,0.63000685,-0.05177961,0.8547672,-0.3202192,1.0342396,1.2889633,0.958581,0.7005394,0.12685172,-0.0043742214
2008-10-31,1.1135349,-0.0066774343,-0.91443366,-0.56360817,-0.09966734,-0.27456376,0.62516487,-1.0601833,1.7555805,-0.27647254
2008-11-03,-0.19954477,-1.0135576,-0.17007682,0.3871083,0.02101034,-0.77077264,-0.99631995,-0.81723493,0.047949262,0.5212635
2008-11-04,0.17851032,1.103698,0.55466443,0.66767985,0.5611466,0.6373757,0.18261172,0.30357507,0.36494946,1.0875891
2008-11-05,-1.2398096,-1.0317277,-1.3333119,-1.499022,-1.4266685,-1.3390064,-0.84371686,-1.5029817,-1.158849,-1.341387
2008-11-06,-1.2494334,-0.4278565,-0.61085695,-1.0678983,-1.1614758,-1.3418907,-1.080241,-1.0711973,-1.8975018,-1.6855129
2008-11-07,0.30536658,0.6541899,-0.112994954,0.45499772,0.6940966,0.8769971,0.1224689,1.1648393,0.5099476,-0.01987214
2008-11-10,-0.6129708,0.0142670665,-0.33168155,-0.20298016,-0.0061663026,-0.29896805,-0.2607239,-0.18511073,-0.62848467,0.1709388
2008-11-12,-0.883171,-0.60791284,-0.7153298,-0.80788517,-0.97978914,-0.4715028,-0.5123678,-1.2337471,-0.9256052,-1.2367468
2008-11-13,1.2537631,0.72823685,0.970097,0.7475667,1.344719,1.0493685,1.0599885,1.0400461,1.7957273,1.5677229
2008-11-14,-1.2520238,-0.6372271,-1.0145152,-1.1338031,-1.014673,-1.3337239,-1.3085272,-0.97962815,-1.5330566,-1.4160198
2008-11-17,-0.9065713,-0.40425202,-0.33852434,-0.72495276,-0.6252577,-0.389072,-0.19133751,-0.694279,-0.32152125,0.2858757
2008-11-18,0.7774235,0.26968643,0.2962244,0.3470115,0.66277075,0.1429213,-0.05933658,0.051642325,-0.6977451,-0.14785396
2008-11-19,-1.5887736,-1.6144319,-0.7002976,-1.5299516,-1.4209565,-0.88631827,-1.4531415,-1.1017112,-1.9452728,-0.85157484
2008-11-20,-1.8644272,-0.8055809,-1.2937546,-1.0192311,-0.94436026,-0.4135048,-0.8296448,-0.55709946,-0.60739744,-0.8253919
2008-11-21,1.203742,0.89359814,0.44106078,2.3338947,1.3021686,1.2514472,0.8375874,0.54791224,0.3786701,0.4851406
2008-11-24,1.5783035,1.3467575,1.7504109,0.85791904,0.26756957,0.5538639,0.69116116,1.3608499,0.7854864,0.21894567
2008-11-25,0.302276,-1.4112085,-0.51155955,-0.9823895,-1.1051949,-0.7478442,-1.0177014,-0.12852743,-0.3370303,0.6398528
2008-11-26,0.41450527,1.4358689,1.0043036,0.5961484,0.20989671,1.4280581,1.3842155,0.4452522,2.1927927,0.8390773
2008-11-28,-0.068543404,0.45317096,-0.9072651,-0.86312973,-0.16451286,-0.54293144,0.098553516,0.05738357,-0.6871946,-0.3873602
2008-12-01,-3.7221632,-4.4102826,-1.132021,-4.474639,-1.6406776,-3.7825902,-4.2607255,-4.577121,-2.9161954,-4.1582594
2008-12-02,2.2085319,1.0449551,1.1445456,1.3033072,0.7570112,2.1228292,1.6405033,0.6257175,0.36172494,1.8229077
2008-12-03,0.474175,1.5725807,1.1203247,1.3801044,0.6657242,0.9273654,1.2826176,-0.29458025,0.9821213,0.7316171
2008-12-04,-2.2047033,-1.5673516,-1.5076615,-1.7364407,-1.5580709,-2.342564,-1.7692082,-0.29195246,0.6312074,-3.3315861
2008-12-05,1.4893208,0.98252606,0.6608123,1.035908,1.4467634,0.9734898,0.14057498,1.2557377,1.0113194,1.2804296
2008-12-08,1.522834,1.5310278,1.0511962,1.1505882,0.9269689,0.8958362,0.3410145,0.8873221,-0.005582072,0.7312579
2008-12-09,-1.2637984,-0.13596494,0.10064796,-0.78981376,-0.23270269,0.7722991,1.364334,0.030653749,0.7451753,0.3247114
2008-12-10,0.031080658,0.27091157,-0.4375812,-0.051727936,0.66584367,-0.054392874,0.26741293,0.60689837,0.04249594,0.5094403
2008-12-11,-1.0157803,-0.5135696,-0.68044645,-1.5097423,-1.4234531,-0.39897856,-0.8067292,-1.1876198,-0.57089776,-1.1635088
2008-12-12,1.2399936,0.24737762,0.9415287,-0.37573245,0.92248887,2.063961,1.1651026,1.5343175,1.3611145,0.42828947
2008-12-15,0.4412104,-0.37722307,-1.6045178,-1.0672923,-1.0660938,-0.49894115,-0.37069345,-0.2320876,-1.0735924,-2.1739554
2008-12-16,2.2816532,1.3226856,0.22138777,2.282976,1.678665,2.4487188,1.7278448,1.9899279,1.6595247,1.4970618
2008-12-17,-0.42520788,-1.4158155,-1.9884595,-1.2508578,-1.2608595,-0.9740955,-0.12565677,-1.0903354,-0.34994495,-1.1934819
2008-12-18,-1.265023,-0.3953607,0.08844709,-0.95445836,-0.32882988,-2.50185,-2.7249062,-1.0310786,-1.9282905,-0.57067966
2008-12-19,-0.254195,-0.004106725,0.14597256,-0.30653152,1.7065055,0.28489745,0.028174771,0.5120693,0.023247847,0.69799954
2008-12-22,-0.799791,-0.40161765,-1.1976533,0.025436653,-0.4621439,-0.1831825,-0.61540884,-0.194037,0.00010336884,-1.1738878
2008-12-23,-1.1535257,-0.41376343,0.30586687,0.14950879,-0.72253835,-1.0487168,-1.5575911,-0.86081755,-1.848686,-0.36689344
2008-12-24,-0.035110306,0.40483236,-0.8944437,-0.5029832,0.042467322,0.50751597,0.60346776,-0.110125475,0.37898475,0.3353588
2008-12-26,0.59995914,-0.18277796,0.23236133,-0.23355927,0.22453499,-0.16667984,-0.3132804,0.22419585,-0.6198304,-0.13461904
2008-12-29,-0.056704886,-0.74395984,0.44312024,-0.6567561,-0.5957854,-0.20545024,0.9551831,-0.5098511,0.36864537,-1.2111914
2008-12-30,1.9080068,0.78241366,-0.27011016,1.0354306,1.842921,1.9186714,1.554087,0.93385386,1.36458,1.192792
2008-12-31,0.4443239,0.22974917,-0.33904395,0.15106113,-0.27000517,-0.11261764,0.93389153,0.94016635,-0.15948127,0.456339
2009-01-02,2.4782524,2.0459461,3.1054533,2.479327,1.8641895,1.6949335,1.499197,1.3344522,2.0436182,3.466151
2009-01-05,-0.417825,0.44486728,1.801436,0.38713297,-0.8072596,-0.85768324,-0.5252307,-0.79003483,-0.08560846,0.18012111
2009-01-06,1.7913432,1.8788698,-0.8906013,0.52388316,0.7276285,1.294703,1.5708203,0.7249909,3.1705902,1.999052
2009-01-07,-1.0604407,-1.2541198,-1.2012414,-3.7157352,-1.9545366,-2.8642168,-2.4812195,-1.9956605,-3.6432316,-0.007531051
2009-01-08,-0.40738177,0.480363,0.5689397,1.1555487,-0.10378572,0.24411088,-0.6392474,-0.29156438,0.33263227,0.04001389
2009-01-09,-1.3507197,-1.4401165,-0.6415982,-1.1122487,-0.500487,-0.8225587,-0.5930165,-0.25844228,-0.9621708,-0.3557966
2009-01-12,0.47681594,-0.508301,-0.5882178,-0.16372882,-0.59262145,-0.75302774,-0.4326942,-0.15555468,-0.9840157,-0.3219263
2009-01-13,-0.23315798,0.109513454,-0.27385202,0.48711228,0.10254577,-0.2406611,0.18138121,0.14112099,0.40001386,-1.8563231
2009-01-14,-1.2050406,-1.2990593,-0.76691765,-1.3672512,-1.4687276,-1.3044556,-1.4229239,-1.0847175,-1.2571601,-1.2947186
2009-01-15,0.45433033,0.16300187,-0.6492839,0.19236968,0.26854792,0.46621332,0.84223545,0.73119855,-0.1362664,-0.40924853
2009-01-16,0.34067288,0.04277236,-0.31659314,0.67137104,0.5976755,0.8804677,0.8061559,0.76263374,1.079614,0.23059781
2009-01-20,-1.7879989,-1.7442665,-1.5559431,-2.5655313,-1.6518941,-2.1504242,-1.2784882,-1.5796622,-2.3721397,-2.5734987
2009-01-21,6.2386203,1.8698983,1.7775455,2.1356974,1.7518547,1.1245688,0.34860376,1.6454855,-0.003137427,2.9217317
2009-01-22,-0.9747684,-0.9552028,2.8697355,-7.130399,-0.6649533,-1.4787169,-0.6360025,0.13132605,-1.2290249,-3.6067288
2009-01-23,-0.42441836,1.4722743,-0.010682197,0.14774229,0.27028677,0.8794308,1.6326077,0.44802928,2.0834477,0.7593282
2009-01-26,1.473565,1.1936151,0.43064225,1.21609,0.42291722,0.77837986,-0.6521559,-0.080169536,0.387208,0.47076455
2009-01-27,0.011850291,1.1761227,0.3220289,-0.03308371,0.717033,1.225561,1.3849206,-1.1066124,0.8464484,0.3385707
2009-01-28,1.6641653,0.34240252,1.1531897,0.75544554,1.0179558,0.4664173,0.7139708,0.8963753,0.81109196,1.1675849
2009-01-29,-1.4613484,-2.3329825,-0.40558136,-1.3019847,-0.56995815,-1.7629572,-1.482283,-1.7143526,-2.7730548,-1.5993705
2009-01-30,-0.41598707,-1.5340363,-0.74250776,-0.8798923,-1.2571489,-0.89499205,-0.004761581,-0.4210167,-0.571747,-0.91161793
2009-02-02,-0.35762876,0.5852799,0.36805582,1.1333401,0.06385783,1.364745,1.1366211,0.4284851,0.05091652,0.28142875
2009-02-03,1.0458105,0.5333399,0.3913436,1.0080147,0.19400254,0.18181686,0.49299923,-0.74493694,0.35274443,0.10376326
2009-02-04,-0.41195792,0.53814423,0.1884636,0.19456403,0.27356273,0.7085849,0.8363213,-0.41315573,0.72829413,0.26032802
2009-02-05,-0.28058466,1.1461416,0.9442453,0.78095996,0.7435516,0.86753386,0.71961313,0.9707453,1.1347569,1.5770029
2009-02-06,2.3167524,1.5470768,1.0387149,1.2442809,0.6325657,1.1284666,1.0111428,1.0334795,0.59612113,1.2010115
2009-02-09,0.3166597,-0.37267482,0.85780734,-0.5565722,0.105421126,0.40112615,-0.16926275,0.20705125,-0.81188136,-0.46671173
2009-02-10,-2.014099,-1.7541301,-1.4677455,-1.4985055,-0.95614934,-1.9880261,-1.5332313,-1.4645805,-1.4883206,-1.5444326
2009-02-11,0.83059204,0.24345137,-0.27847326,0.6402361,0.3223208,-0.005435512,-0.48483062,-0.3475084,0.15509154,-0.2606203
2009-02-12,-0.08717633,0.07194204,0.60997355,0.009109187,-0.43877962,-0.14618859,0.22957693,0.55381787,-0.8485789,0.9873935
2009-02-13,-0.5115448,-0.116269365,-0.015882084,-0.2885901,0.19708993,-0.1930526,0.72755027,0.039503112,0.15129602,-0.15836002
2009-02-17,-1.799992,-1.7870703,-1.4777608,-1.9766309,-1.5183657,-1.6645988,-2.2970014,-0.8676229,-3.0594492,-1.1212718
2009-02-18,0.30258363,0.15017405,-0.031953745,-0.017560821,0.388091,0.2698576,0.11304992,-0.29894346,-0.0883462,-0.05016181
2009-02-19,-1.0783277,-0.47007668,-0.86416215,-0.3643038,-0.66716903,-1.1817847,-1.2627759,-0.3386351,-0.6185677,-0.94392705
2009-02-20,-0.13167852,0.13614947,0.18924607,0.12080032,-0.62499183,0.26711717,0.15953726,0.14978783,1.5455666,-2.8958669
2009-02-23,-2.6234968,-1.6689438,-1.465138,-1.8665742,-1.4843056,-1.8735604,-0.7530657,-1.1856884,-1.4190073,-1.7489024
2009-02-24,1.2669942,1.7026591,1.1709017,-0.20631774,1.2480464,1.8702568,1.3596821,1.5928569,1.3531961,2.1544657
2009-02-25,-0.38640916,-0.6475135,0.36547673,-0.8161341,-0.5646565,0.9474693,0.15678343,-0.5880447,2.9582796,-1.3254682
2009-02-26,2.3116522,-0.89210975,-1.2015187,-2.0102582,-1.3852952,-1.1795468,-2.2093883,-0.43876696,1.5454069,-2.4373345
2009-02-27,2.3953254,0.32853183,-0.047060456,-1.1359974,-0.873831,0.023128394,-0.9929856,-0.38811246,-2.600027,-0.048015896
2009-03-02,-2.2851238,-0.94145125,-0.9327327,-1.5415659,-1.2550951,-1.8011073,-2.0557964,-0.91851866,-1.6843752,-2.0376794
2009-03-03,-0.9327942,0.2957218,0.18418445,0.1840523,-0.67653596,-0.1892614,1.4344167,0.74910074,-0.08652583,-0.19997744
2009-03-04,1.4106797,3.27376,1.5642889,0.7306406,-0.22194798,1.786511,2.155713,1.581242,1.8664731,0.97238797
2009-03-05,-1.3713484,-2.1258671,-1.4125897,-2.8964076,-1.4868022,-1.6185087,0.12550335,-0.21723011,-1.0764245,1.2496922
2009-03-06,-1.2680526,-1.2705466,-2.2168458,-0.13118163,-0.2735677,0.27508214,-0.6338742,-1.4023074,-1.4901837,0.52328867
2009-03-09,-1.530491,-1.6868669,-1.3877568,-0.5546718,-2.092,0.3788948,-0.08903428,-0.8950045,-0.5574646,-0.8201425
2009-03-10,2.114096,2.7408392,2.818031,3.422116,3.5323336,4.1125917,2.6582646,2.7445526,2.251986,3.0951638
2009-03-11,0.7967421,1.0294529,1.9401089,1.5013521,0.63103694,0.030696532,0.10566212,-0.08220275,1.2427658,0.12412303
2009-03-12,1.4161159,1.7428821,1.92405,-0.51026213,0.9546051,1.7427443,0.6703201,1.7118874,1.9873041,1.8150586
2009-03-13,-0.0074241357,0.029161008,-0.35057408,-1.2867506,-0.29057083,0.44811308,0.75024724,-0.12617336,1.4626607,-1.5487784
2009-03-16,0.70496947,-0.17937812,-0.39610904,-1.6249566,-2.4161925,-1.5868671,-1.5559773,-1.1906793,-0.67839146,-0.6319241
2009-03-17,1.3217132,2.3973906,2.1863103,2.128701,1.7401069,2.016952,2.1961787,1.7153423,0.89385843,1.6008133
2009-03-18,-0.67757624,1.161091,0.8319778,0.029802212,1.3845375,0.9322717,1.1963875,0.6882909,0.42983282,4.5199537
2009-03-19,0.36543545,-0.59065807,-0.10680893,0.30027485,3.7920926,-0.3254226,-0.7327116,-0.39936513,-0.5431222,-0.23997913
2009-03-20,-0.06302774,-0.66739744,-0.17407699,-0.3243922,-0.7135285,-1.444857,-2.083589,-0.6583398,-1.592441,-1.3010027
2009-03-23,3.6784039,2.810301,2.6495762,3.251743,2.9314861,2.313105,3.3039672,1.948536,2.6306286,3.4602282
2009-03-24,-0.2594724,-0.91681224,-0.68901503,-1.4489225,-1.0590435,-1.6739057,-1.0576416,-1.0034469,-1.7293222,-1.7024022
2009-03-25,-0.21631798,-0.31147376,-0.12743251,-0.3275926,0.47373223,-0.27045682,-0.66236377,0.47390535,1.2969404,0.41450223
2009-03-26,0.6275179,2.508922,1.5826883,2.9865072,1.7439401,2.8111122,2.6690533,1.0600338,2.1696177,1.8228555
2009-03-27,-3.3669884,-1.1318817,-1.6019623,-2.4431663,-2.045644,-1.3285065,-0.7092899,-0.7562164,-1.4214425,-2.3924446
2009-03-30,0.3057194,-2.1272106,-1.2804946,-2.3874283,-1.0994695,-2.4583077,-2.0784528,-1.2619567,-2.220379,-2.4052672
2009-03-31,0.8538906,0.66040075,0.13868468,1.2462378,0.54338586,0.4743551,0.11911792,0.52878124,0.13155748,0.53902996
2009-04-01,0.29396567,1.2961091,0.96761644,1.7067593,0.82283574,-0.007498251,-0.4683785,0.46491018,-0.032189604,0.71083087
2009-04-02,1.8217193,1.5928357,1.1204662,-0.15781458,0.43840128,1.6075591,0.46049333,1.3237656,2.0361469,2.1775434
2009-04-03,0.90581954,0.08728122,1.4572433,-1.762978,1.1167371,0.66021806,1.26256,-0.22013302,1.1858565,1.6064463
2009-04-06,-0.42057502,-1.6531476,1.061051,-0.109419845,-0.33906868,-0.2947251,-1.2392396,-0.65377045,-0.9434627,-1.8299739
2009-04-07,-1.8353173,-1.8524318,-1.5944035,-0.1395963,-1.4282835,-1.2072159,-0.4457159,-1.4975375,-3.7440946,-0.46517843
2009-04-08,1.5564432,0.7898643,0.37263182,1.1156831,0.0392639,-0.51891965,1.0550104,0.81055343,0.6415191,1.7529533
2009-04-09,0.33399484,1.9252741,1.40863,1.2773386,1.3135915,1.9927942,1.1419373,1.4145275,2.44311,1.6882879
2009-04-13,-1.1287781,0.24801111,0.2101375,-0.40125805,-0.15734813,-0.06889571,-0.23363242,-0.8680386,0.12978889,-0.3123078
2009-04-14,-0.43047005,0.14716299,-0.8833977,-0.86801696,-0.51483154,0.03646672,0.39053443,-0.17533602,0.7921745,-1.319302
2009-04-15,-0.26311174,-0.9990284,-0.3482185,-1.7333093,-0.75070125,-1.2144246,-0.8982873,0.012571544,-1.2465149,-0.7116872
2009-04-16,1.7209429,1.5462861,1.5790058,2.697959,1.5780197,0.78727883,2.1060648,0.6684721,1.3309958,1.3726228
2009-04-17,-0.07815065,-0.22626385,0.76508284,-1.8600718,-0.34271967,-0.98530686,0.41374677,-0.76050717,0.22644243,0.57345855
2009-04-20,-0.5250778,-2.0268457,-1.3132652,-2.0207515,-0.6847876,-2.056049,-1.8067887,-1.4913731,-2.9231827,-2.434863
2009-04-21,1.1595483,1.0160633,0.2867597,0.90657896,1.5274324,0.9397402,-0.53879046,0.56419957,0.32494533,0.49621937
2009-04-22,0.12629512,-0.6039535,-0.07119125,-0.6645075,-0.41966984,0.7819217,1.2333819,-0.2403944,1.109668,0.6987437
2009-04-23,-0.7273645,0.5060892,1.0932239,0.27818054,0.70158327,-0.40604162,-0.78512067,0.53931975,-0.6225847,0.5427469
2009-04-24,-0.8709046,2.0766625,-0.46308455,5.396407,0.21225752,0.20966123,1.2610974,0.55187064,0.7535411,3.2992437
2009-04-27,-0.08010565,-0.095542714,0.30755043,-1.558919,-0.07034053,-1.0312221,-1.078063,1.7557008,-0.4654863,-0.4950248
2009-04-28,1.2774798,0.79064274,-0.33521825,-1.4453787,-0.095130794,-0.68543977,-0.9451211,-1.0242604,-0.70162314,-0.7745189
2009-04-29,1.3042154,1.4424398,0.34485352,0.7491751,-0.33925837,0.79437447,0.8993694,0.7348073,0.5229555,1.7183076
2009-04-30,-0.52947426,0.20170464,0.176542,-0.104295254,-0.6092434,1.1227262,1.5857326,-0.83957905,1.9366795,0.9372213
2009-05-01,0.8731147,0.660011,0.48755962,-0.1913192,-0.026930038,0.045498155,-0.30385992,0.24811848,-0.18277362,0.14779213
2009-05-04,0.9983359,-0.16775478,1.8865106,-0.28941944,-0.9630171,2.4164298,0.99939305,0.5959521,1.8084863,-1.2826593
2009-05-05,-0.18673252,0.38170567,0.18589453,-1.3365616,0.09029357,-1.1563665,-1.3474926,0.047214206,-1.300446,0.3152907
2009-05-06,-0.4055323,-0.016335592,-0.1390499,-0.14837006,0.11303279,-0.17580886,1.1230175,0.14343338,0.86265594,-0.93097794
2009-05-07,-1.2940221,-1.8553845,-1.4678102,-1.6142324,-1.864648,-1.2012211,-2.015197,-1.4398756,-2.8806877,-1.3741267
2009-05-08,-0.68715686,-0.58445394,-0.015935205,0.1530371,-0.3025393,-1.6256801,-0.80652535,-0.636223,0.05282731,-0.4073922
2009-05-11,0.9770498,-0.3218764,0.07176997,-0.47661015,0.6864213,0.19159943,-0.14851847,0.046524376,-0.46864328,1.3601303
2009-05-12,0.7167583,0.3635431,-2.2257009,1.5981487,-0.54868805,-0.61236024,-1.2647583,-1.0880361,-0.93952495,-0.32914403
2009-05-13,-1.0533539,-1.9037406,-2.1630907,-0.5760759,-0.90837324,-0.33236867,0.6398191,-1.1358289,-1.8904433,-1.5157413
2009-05-14,-0.76214904,0.14728956,1.4151324,0.7657148,1.0481234,1.2367305,1.2276111,0.5548869,0.17374669,1.3038728
2009-05-15,0.22869892,-0.4457305,-0.28089496,0.31815195,-0.12749448,-1.1662297,0.20028873,0.10830018,-1.4075692,-0.04147284
2009-05-18,2.0447912,2.1150932,1.7345618,0.9256543,1.2152228,0.9133473,0.6357515,1.231136,1.4154055,0.91419876
2009-05-19,0.6104702,0.4817245,0.2601537,-0.61813045,0.11840973,0.35402516,0.4368566,0.2612086,-0.04945984,0.11318858
2009-05-20,-0.89560115,-0.75439394,-0.71189195,0.050772097,-0.1003273,-0.29021043,0.79934865,0.13995995,-0.68505746,-0.32200184
2009-05-21,-0.7641712,-1.4368823,-0.7776027,-1.827874,-1.0647862,-1.395026,-1.2044134,-0.96120334,-1.3500941,-0.6035904
2009-05-22,-0.589187,-0.50043726,-0.7665973,-0.34502414,0.17987336,-0.43296236,1.2921928,-0.48969424,0.026913712,0.66141254
2009-05-26,1.9580199,1.5417098,2.788196,1.5132961,0.9582879,1.1641748,1.108769,1.8977659,0.8584747,2.2465987
2009-05-27,-1.3135626,-0.66825217,0.86188203,-0.73485726,-0.21910216,-0.099556014,-0.08657223,-0.7911203,0.45971343,-1.0481259
2009-05-28,1.0733258,0.75634205,0.47916222,0.7341679,0.46352962,0.66039664,0.5988238,0.41472813,0.67371035,0.42864233
2009-05-29,0.93698806,0.010592037,0.14183068,1.0195119,0.79047656,-0.028416751,0.24079372,0.512718,-0.2189913,0.95494324
2009-06-01,1.2870973,2.5947194,1.3074888,1.2524533,0.77552706,2.1766062,2.1505356,0.70042354,2.688454,1.7825389
2009-06-02,-0.9304249,0.3072253,0.005408371,-0.14204806,0.9909186,-0.9099083,-0.6429209,-0.5729889,-1.6205895,0.3183733
2009-06-03,-0.20462555,-0.5792052,0.50453854,0.73774076,-0.04628806,-0.7387015,-0.1286324,-0.4202765,-0.88846254,-0.821756
2009-06-04,-0.09196431,0.80004585,0.9901442,0.123130955,0.5983759,0.49216828,0.027426371,1.568057,0.4754297,0.5463607
2009-06-05,0.5644979,0.52091634,0.2953104,0.66994387,0.20417263,-0.63348264,-0.94201803,0.010469291,-2.0850737,0.7743457
2009-06-08,0.14646895,0.034860004,-0.29739168,-0.36498556,0.31767267,-0.036107015,0.15932544,-0.12255118,-0.5189326,-1.2322176
2009-06-09,0.40629598,0.54810464,-0.4641393,-0.064481445,0.25382978,1.3804042,2.7496378,0.52890563,0.5425811,0.8728065
2009-06-10,0.15582426,-0.30766782,-0.9697465,1.0995262,-0.64197266,0.057734128,-0.1749608,-0.051158555,-0.500848,0.59132385
2009-06-11,0.680664,0.44643438,-0.18883722,0.58387506,0.4944938,-0.41528472,-0.31506574,-0.16733901,0.7753713,0.33600417
2009-06-12,-0.7220698,-0.49885568,-1.2426877,1.1534097,-0.26205045,-0.20485048,-0.15193775,-0.018807685,0.20619008,-0.44517207
2009-06-15,-0.34845105,-1.5478,-0.44619414,0.06444825,-1.7270745,-1.1099129,0.76349163,-1.7429955,-0.5539692,-2.2810254
2009-06-16,-0.15970182,-0.78782094,0.0046920287,-0.09146315,-1.497594,-0.46266812,-0.9706766,-0.92506933,-0.81943196,-1.1738626
2009-06-17,-0.17280968,0.39137733,-0.4005178,0.42617014,0.66819644,0.8037148,1.5507976,1.504154,0.06276607,0.85803807
2009-06-18,-0.40532866,-0.58567476,0.020020649,-0.63454545,0.8224214,-0.93165964,-0.21626018,0.0983664,-0.45542863,0.031218385
2009-06-19,-0.25119597,-0.171262,1.3082517,1.2934995,1.0759449,0.36976603,0.71781844,0.58521837,0.43890724,1.0113115
2009-06-22,-0.84972405,-1.4756424,-0.8854512,-2.1799688,-1.8568794,-1.1440248,-1.6117178,-1.5702933,-1.9307536,-3.4993887
2009-06-23,-0.08770052,0.3613748,-0.7858442,0.012014121,-0.221997,0.27783442,-0.60920435,-0.005208199,0.26529306,0.4670119
2009-06-24,-0.19413334,0.13310026,0.51173854,0.17397472,2.8646507,0.721348,0.7075507,0.62969595,0.5990414,0.015249606
2009-06-25,1.0888544,1.0106177,0.72024894,0.5774019,0.6566396,0.48686638,0.655216,0.81683147,0.49421585,1.1144859
2009-06-26,-0.2371621,-0.26261356,0.8627062,-1.1940833,-0.8495557,-0.090897575,0.16536488,-0.23376703,-0.30315736,-0.8372714
2009-06-29,0.070551984,0.2256367,-0.11102794,1.0381488,0.47954127,0.19626887,-0.3250052,-0.17901255,0.40209407,0.9099265
2009-06-30,-0.8792583,-0.81125027,0.11938388,-0.34922636,-0.19419527,0.40872157,-0.03874645,-0.92970943,-0.22898398,-0.5226841
2009-07-01,0.25714356,0.40987968,0.0986397,0.5011902,0.6391796,1.2211052,0.5693318,-0.13225892,0.3420401,0.5271525
2009-07-02,-1.9595761,-0.76716226,-1.0841504,-1.7970282,-1.6300225,-0.953124,-0.6865534,-0.5494371,-0.086579286,-1.6313726
2009-07-06,-0.052397914,0.11133888,-0.5511686,-0.55266243,-0.8343552,-0.5121991,0.16679028,0.40356514,0.34003404,-0.79826707
2009-07-07,-0.9223217,-0.6582071,-0.65518224,-1.6418864,-1.0061632,-0.72505915,-1.2172905,-1.4184625,-1.1512389,-1.3145114
2009-07-08,0.26315746,-0.22584677,0.37361127,-0.050455876,0.7171061,-0.77145106,-0.6879127,-0.19564173,-0.7849994,0.16370185
2009-07-09,0.8166999,0.13082565,-0.18698257,-0.3934167,-0.5261847,0.17313537,0.005627763,-0.5195783,0.6985562,1.4202025
2009-07-10,-0.80189306,0.45474604,0.43368584,-0.24707514,0.31672722,0.022528173,-0.0156077165,0.26751605,0.089463495,0.21691538
2009-07-13,1.7171663,0.5984922,0.7799546,1.8623505,0.5413346,1.102053,0.76349205,0.7208288,1.3460882,1.1842916
2009-07-14,-0.2491293,0.41095617,-0.025096832,-0.3890014,-0.21190324,0.78229475,0.43764943,0.21067943,0.6236278,-0.1382948
2009-07-15,2.3188155,2.5112283,0.856543,2.1135914,1.6656057,2.7608922,1.4330009,1.1349962,2.0026474,2.2047625
2009-07-16,2.0447037,0.762832,0.17367391,0.60824853,0.24477614,1.0271397,0.8476043,0.5155781,1.2708433,1.4489435
2009-07-17,2.7372239,0.92556405,1.1629971,-0.47784606,0.17531447,0.62597334,1.23,0.51994795,-0.30118847,0.18293715
2009-07-20,0.5730096,1.4822075,0.34199446,0.4204727,-0.50864196,0.21619648,1.0892613,-0.43149632,0.28787145,0.24087748
2009-07-21,0.33857477,1.0139909,-0.52137953,0.55551493,0.8682006,-0.040541705,-1.0655462,0.768382,0.038502164,0.043716837
2009-07-22,-0.81354225,-0.28849268,1.7084846,-0.21642481,-0.42395398,0.5461897,0.4378355,0.32547078,1.2275344,0.088970736
2009-07-23,0.859859,1.0820016,0.29824042,1.6214895,1.0007502,0.79311544,0.9680124,-1.0254656,0.6487578,1.3342272
2009-07-24,0.34655038,-0.011251592,0.6438135,-5.2216816,0.27663198,-0.3595644,0.48969796,-0.13489774,-1.0111703,0.41858968
2009-07-27,0.025389057,-0.06302111,-0.038515687,-1.0356616,-0.86057836,0.2191691,-0.19799894,-0.86256725,0.28821063,-0.05660283
2009-07-28,-0.17008765,0.25362745,-0.099324256,0.7659405,0.5945391,-0.32391825,0.318307,-0.19623701,0.1302821,-0.42389917
2009-07-29,0.016953629,-0.47633508,-0.05893935,0.67786044,-0.5624671,0.0121638505,0.08104084,-0.18688291,0.61834455,-0.41582528
2009-07-30,0.35205552,0.6304584,0.8306331,-0.12204786,0.27158844,-0.22520489,-0.020615555,0.1571331,-0.026570048,0.27947697
2009-07-31,0.07609853,0.113424614,0.1085451,-0.91062117,-0.048393,-0.2908212,-0.23790425,-0.3662362,0.4223405,0.18171924
2009-08-03,1.2212676,1.4410539,0.88215405,0.61782426,0.38439882,0.21926549,0.61542046,0.6332746,0.51111525,0.3448766
2009-08-04,-0.15510125,-0.2838839,-0.39489955,-0.32249713,-1.0574812,-0.21070881,0.42725775,-0.7083217,-0.27964914,0.41515347
2009-08-05,-0.6330071,-0.6477151,-0.24391745,-0.06810841,-1.1802099,-0.9258287,-0.4728629,-0.5517313,-0.69447166,-1.5495974
2009-08-06,-0.28160268,0.39133105,-0.47948307,-1.0678426,-0.616643,-0.5150195,-0.19544934,-0.2781597,-1.0507321,0.598951
2009-08-07,1.1852925,-0.2682714,0.42715162,0.09131769,0.541873,-0.62757945,-0.4389721,0.26185566,0.24633473,1.180315
2009-08-10,-0.32597286,-1.3551761,-0.33435574,-0.5227139,-0.47772622,0.6420516,-0.9540619,-0.29518843,-0.055723645,-0.62051135
2009-08-11,-0.4945556,-1.1964804,-0.7031663,-0.9231247,0.053571396,-0.40718588,-0.055512786,-0.39897567,-0.85421973,-1.4100927
2009-08-12,0.91354215,0.72553754,0.7180237,0.87805104,1.5037823,0.3834742,0.46104303,0.814581,1.2506375,1.6831161
2009-08-13,0.2046311,0.24721329,0.9065349,0.06550969,0.25007084,0.56603473,1.302947,0.10891456,0.8290876,0.5500762
2009-08-14,-0.5659302,-0.48670307,-0.6325846,0.0064899735,-0.112774335,-0.8106558,-1.1999918,-0.5078582,-1.2889566,-1.7533325
2009-08-17,-0.95053303,-1.4877617,-2.4041781,-1.2943004,-1.4146925,-0.95684344,-1.3112909,-1.1717603,-1.4175435,-1.6496332
2009-08-18,0.46874574,0.76082194,1.3480829,1.0236392,0.42513344,0.8071054,0.9837795,0.099722855,0.6944689,0.73831093
2009-08-19,0.5842589,0.64911276,0.10645194,0.01488062,0.48158228,0.0030997032,0.25202495,0.44707215,-0.3009666,-0.033060707
2009-08-20,0.26136327,1.708819,0.4496458,-0.12148331,0.36196652,-0.31874794,0.23338394,1.2206982,0.3832757,0.5250346
2009-08-21,0.59569675,0.78188986,0.804808,1.655918,0.3781381,0.37180892,0.8292382,0.10678656,0.7128576,1.0202572
2009-08-24,-0.3079798,-0.28158385,-0.16776338,0.37468776,0.46059245,-0.41031796,-0.70137227,0.032802053,-0.8112083,-0.19842519
2009-08-25,-0.255252,-0.1107157,-0.015385782,-0.1703715,-0.2673048,0.74133474,0.32674104,-0.48066264,-0.73144406,-0.1292402
2009-08-26,0.41530222,-0.14370997,-0.7374561,-0.39309862,-0.10722867,0.7712594,0.12869091,0.56945753,0.12570268,-0.28253037
2009-08-27,0.012794984,-0.09258049,0.5542272,0.17759764,-0.1284788,0.021775784,0.08722435,-0.33615348,-0.17675808,-0.11378798
2009-08-28,-0.67394906,0.34597003,0.09560373,-0.19265825,-0.027148558,1.915252,0.8586546,-0.11017591,-0.14690144,-1.1703953
2009-08-31,-0.06712028,-0.942594,-0.6331078,-0.22779359,-0.6848945,0.10824335,-0.7732232,-0.80394745,-0.36800244,-0.48320168
2009-09-01,-0.7455095,-0.96076506,-0.96096843,-1.7021451,0.1138385,-1.4620993,-0.56679785,-1.0932348,-0.86660326,-0.477233
2009-09-02,-0.33739826,0.87660354,-0.07698094,-0.47113496,-0.38097006,-0.599328,-0.44000897,-0.028132763,0.036805056,-0.16896829
2009-09-03,0.13114832,-0.09596338,0.36368066,0.45278886,-0.46338892,-0.14832233,0.37551606,-0.47388342,0.45910156,0.66137874
2009-09-04,0.6067623,0.77407116,0.7348299,1.0189596,0.7801998,0.43679073,0.8857116,0.5511198,0.7866001,0.73575276
2009-09-08,-0.18571298,0.19608612,0.40485433,0.29966787,-0.2025513,0.29743767,0.28526103,0.16946892,0.54825795,0.56219864
2009-09-09,-0.21642162,0.71385515,-0.59716856,-0.23490654,1.3426883,0.25299644,0.10397095,0.09320122,0.55682015,0.36570743
2009-09-10,0.5159568,1.6969724,0.3904886,0.36778155,0.47699258,-0.43178257,-0.29095882,0.3057229,-0.8463855,1.5824008
2009-09-11,0.22962297,0.2095064,-0.17540431,-0.47588435,0.1984313,-0.66387755,-1.1871669,-0.12813549,-0.47847122,0.7920462
2009-09-14,0.4600517,-0.5861191,0.42651874,0.18179034,-0.30722153,-0.38099822,0.62709105,-0.44768494,-0.7110478,0.6536856
2009-09-15,0.25987816,0.4292083,0.38723665,0.31610194,-0.14624126,0.39139068,0.08562359,-0.54485655,0.063546404,0.5076807
2009-09-16,1.3491328,0.8234233,1.9415529,-0.14094406,-1.1339505,0.18674605,-1.322999,-0.13207528,0.033934984,-2.9248846
2009-09-17,0.041799184,0.097276166,0.72264445,0.0863785,-1.3541094,-0.6096314,-1.0466553,-0.74987084,-1.1880392,-0.70413667
2009-09-18,0.14023283,0.05646055,0.0777817,-0.23867904,0.20886053,0.31380892,0.85292065,-0.627774,-0.08657983,0.12409803
2009-09-21,-0.28398034,0.50606996,-0.33291042,-0.05015102,-0.1315516,-0.09016565,-0.20829199,0.30225828,-1.2455941,-0.15948567
2009-09-22,0.040637467,-0.43674403,0.0724227,0.9313844,-0.3897182,-0.07937487,-0.4496075,-0.35794705,1.8416777,0.32736447
2009-09-23,-0.34104243,-0.7473993,0.15521966,-0.15474963,-0.4444706,0.5060203,0.3166107,-0.2580109,-0.11028692,-0.3651379
2009-09-24,-0.010464774,-0.13847059,-0.20734558,0.18778415,0.0019212532,-0.42583162,-0.47600242,0.16913003,-0.4012728,-0.31364238
2009-09-25,-0.0035331186,-0.0060467166,-0.15389058,-0.43250424,-0.41483495,-0.1871489,-0.1948388,-0.02282796,0.08297413,-0.22187576
2009-09-28,-0.6710686,1.2169905,0.5434752,0.2743051,0.3800232,0.5150624,0.6031114,0.62718654,0.6776417,0.66523296
2009-09-29,-0.25635806,-0.38802052,-0.118021294,-0.19362047,-0.12238027,-0.41354215,-0.44967017,-0.33174422,-0.504798,-0.2584937
2009-09-30,0.3044665,0.4074122,-0.007828935,-0.14460498,-0.5056168,0.14609438,0.17239904,-0.4192438,0.16588464,0.326542
2009-10-01,-0.9305205,-0.8300968,-0.6914201,-1.8976284,-1.002922,-1.4359425,-1.8638349,-2.186035,-1.4944395,-1.1600513
2009-10-02,0.6803006,-0.9875099,1.0886256,0.031505466,-0.07556919,0.113484666,-0.38160998,-1.344636,-0.7621367,0.22779383
2009-10-05,0.43827263,0.6752478,0.2423897,-0.9301533,0.11146037,0.27901834,0.19743522,0.41615638,0.17374086,0.26397976
2009-10-06,0.9146473,0.9898199,1.032915,0.97457725,0.3687813,1.3238603,1.0152758,0.5874865,1.1591206,1.3406054
2009-10-07,0.805005,0.62453115,-0.0027033307,-0.1783697,0.05823709,0.24201359,-0.6218582,-0.52299684,-0.52913785,-0.37311494
2009-10-08,-0.2400132,0.16655691,-0.32697943,1.1751177,0.54837745,0.26399153,-0.642565,-0.8278919,0.13442446,1.4074432
2009-10-09,1.968762,0.83342063,0.2600357,-0.43255872,-0.042977836,0.6636249,2.2566319,0.16496679,0.3534467,0.38941053
2009-10-13,0.014855468,0.2767971,-0.27766767,0.05480836,0.4520889,0.15735167,-0.3991888,-0.3430129,-0.63565373,0.31936818
2009-10-14,0.71207535,1.0942061,0.2797676,0.19122966,0.6659194,0.757174,-0.038920976,0.8605397,0.73407257,1.0295634
2009-10-15,-0.16689749,0.014430941,-0.25776085,1.530565,0.29327792,-0.43925127,-0.78381413,0.13032827,-0.44862935,0.38195744
2009-10-16,-3.3961654,-0.75882787,-0.77559245,-0.63645816,1.2017896,-1.3035562,-1.0919257,-0.5717128,-0.72974426,-0.13676721
2009-10-19,0.82766396,0.5687583,0.4243447,-0.48486024,1.4798366,0.5054982,1.5897146,0.01604815,0.40304646,-0.05872208
2009-10-20,-0.09962339,-0.28999922,2.3617322,-0.14376734,-0.59289,-0.6584093,0.25687456,-0.8476909,-0.2973326,-0.37090307
2009-10-21,-1.0541664,-0.3096435,1.5328449,0.3181888,-0.4132489,-0.8961517,-1.4143281,0.017031832,-1.171736,-0.86410815
2009-10-22,1.0771663,0.55334425,-0.020264052,-0.14479801,0.37205073,0.580756,1.8081287,-0.42416698,0.253991,0.47774208
2009-10-23,-1.2839433,0.013643166,-0.41579056,3.0212455,-0.36988392,-0.951845,-0.8197345,-0.4762828,-0.96349555,-0.58462924
2009-10-26,-0.10775761,-1.0625453,-0.468018,1.2504053,-0.17149514,0.05223714,0.37903762,-0.10465036,-0.14953744,-0.50217
2009-10-27,0.33340964,-0.33378124,-1.4163986,-0.34838784,-0.31223845,-0.30449054,0.16697341,0.24272686,-1.0897411,-0.7281753
2009-10-28,0.51727897,-1.2158076,-1.4453084,-1.3890268,-1.4669281,-1.9566351,-0.5332316,0.5597138,-0.9074012,-1.6907703
2009-10-29,0.7857805,1.2115536,0.9894548,0.26905134,0.35619184,0.43716815,0.9448919,0.55363494,1.1645961,0.99693817
2009-10-30,-1.1988596,-1.5423898,-2.1604807,-1.183705,-0.8541106,-0.34135118,-0.9742996,-1.041602,-1.9019332,-0.83917296
2009-11-02,-0.014935506,0.4419119,0.17401086,0.16921358,-0.043490216,-0.29221588,-0.039918657,0.40377265,0.24479854,-0.118547745
2009-11-03,0.33604312,-0.15620524,-0.20510565,-0.87452483,-0.4772394,-1.2993222,-0.0011531054,0.3271036,-1.458579,0.16239205
2009-11-04,0.07020185,0.81340194,0.51596296,0.9475959,-0.0030677645,0.5074476,0.14822558,-0.7320892,0.080904156,1.0915387
2009-11-05,0.9681448,1.3156637,0.81078994,0.68706375,0.882986,0.66222197,1.0851314,2.1736763,1.4166347,1.0508415
2009-11-06,0.48576283,-0.17837714,0.03840605,-0.035566512,0.17712353,0.055733535,-0.2863406,-0.045294803,-0.08536958,-0.09307032
2009-11-09,1.2542751,0.3551635,1.0039723,0.75119513,0.7611533,1.0946556,0.9588067,0.68916607,1.8376979,2.1402578
2009-11-10,0.45871052,-0.6275061,0.2896419,-0.09537436,-0.08904147,0.052904006,0.6877514,-0.47525173,-0.025185172,0.15051396
2009-11-12,-0.48430404,-0.9890422,-0.3083171,0.32587892,0.25599465,-0.38134974,0.029697714,0.087032706,-1.3822424,-0.40964854
2009-11-13,0.3726247,0.63414127,0.36424625,0.3700126,0.54549974,0.26230285,0.07829848,0.7487472,-0.38549843,1.0502517
2009-11-16,0.5639758,0.33741367,0.28355852,-0.28960207,0.8737761,0.8033367,0.7770498,-0.32078275,0.8882879,0.31739756
2009-11-17,0.2158587,0.47085968,0.051266048,0.99553144,-0.084966,0.15599257,-0.17628042,0.3580994,-0.42405027,0.08068265
2009-11-18,-0.24125095,-0.14402682,-0.30878422,0.069886416,-0.023580099,-0.48323345,-0.24684267,-0.56656945,-0.3346345,-0.3976626
2009-11-19,-0.31045127,-0.6037298,-1.4409461,-0.76891756,-0.8620911,-1.8841901,-1.5642861,-0.47571504,-1.2841171,-0.6078957
2009-11-20,-0.30965912,-0.38447815,-0.09663445,-0.414905,-0.12680575,-0.15404348,-0.26617837,-0.08072282,-0.69632906,-0.3907206
2009-11-23,0.5800862,0.85799354,0.78601664,0.44076383,0.43781707,0.30501223,0.60840034,0.45377454,0.2807185,0.70025307
2009-11-24,-0.15515636,-0.2661787,-0.20801696,-0.17932284,-0.8894549,-0.04820257,0.1911111,-0.080496006,-0.2363612,-0.61203504
2009-11-25,-0.34334716,0.0349042,-0.04561172,-0.3346764,0.80671793,-0.12893285,0.18731639,-0.1920144,0.15878011,0.2227754
2009-11-27,-0.81948274,-0.6725074,-0.75208044,-1.2101489,-1.0327104,-0.53975636,-0.32502806,-0.51525366,-0.5280136,-0.9973972
2009-11-30,0.35667107,0.07821276,-0.2310307,0.232251,-0.041393094,0.17154343,0.033853125,-0.081986725,-0.020064307,-0.40302727
2009-12-01,0.83760715,1.1337587,-0.8217788,1.033865,0.7786031,1.0756166,1.1352804,-0.034833543,1.7946507,1.6153784
2009-12-02,-0.36321068,-0.06763796,-0.24777882,-0.5905521,0.45001426,0.093391806,-0.004716091,-0.09320069,0.2583213,0.096384324
2009-12-03,0.17012724,-0.043808687,0.026234029,-0.0414314,-0.06626962,0.29052988,0.7591196,-0.50547034,0.12634385,-0.6347256
2009-12-04,-0.16349763,0.669321,-0.64895976,0.14581878,0.33586532,1.1976236,0.6170149,0.4047549,0.6526764,0.5729514
2009-12-07,-0.10913798,0.13241689,-1.1926194,-0.49878466,-0.72930557,-0.23125117,-0.41718394,-0.35268322,-0.29531053,-0.18450588
2009-12-08,-0.13464311,-0.7309363,0.15464804,-0.54131633,-1.1451341,-0.8198495,-0.5010814,-0.37440726,0.1194895,-0.3802872
2009-12-09,0.79243374,0.1314406,1.4914292,0.12936154,0.049609136,0.009580756,-0.5884074,0.07640258,0.40762037,-0.31001982
2009-12-10,0.4644707,0.18907806,-0.28456157,0.16534786,1.2226044,0.25995198,-0.119331546,0.643303,-0.6074768,-0.0915484
2009-12-11,0.1266228,-0.27218258,-0.26947433,-0.15141778,0.29235527,-0.50783294,-0.48080263,-0.6328967,0.10992361,-0.51652193
2009-12-14,0.074824855,0.15649496,0.3513649,0.30678934,0.83492684,0.132304,0.45931616,-0.2624012,0.39131522,0.39938486
2009-12-15,-0.71934634,-0.63731164,-0.40335575,-0.2791448,-0.29849657,-0.38555047,-0.8722631,0.097301096,-0.16498427,0.64054024
2009-12-16,0.10007958,-0.024117703,0.14820012,0.015105848,-0.10481354,-0.9363946,0.1961212,-0.27257097,0.08726882,1.7389513
2009-12-17,-0.66678894,-0.51836914,-0.90563315,-1.099746,-0.50868976,-0.76119846,-0.91942084,-0.46323854,-0.7997908,-1.0258161
2009-12-18,0.2768485,0.35446653,0.9071302,1.3316773,2.999627,1.3125284,0.65199226,0.15851839,0.7290427,0.36834016
2009-12-21,0.3916255,0.6847697,0.6921147,0.16109753,0.15855403,1.0330025,0.6387275,0.70981884,0.5646917,-0.09556822
2009-12-22,0.65696824,0.2591805,0.51779866,0.4223766,0.035879303,-0.15787934,-0.39019385,0.31286895,0.2037573,0.045369215
2009-12-23,-0.02831741,0.063133046,0.23697394,0.031323455,0.27594042,0.07914421,-0.34237424,0.00694664,-0.033140108,-0.32837376
2009-12-24,0.18402673,0.31118253,1.0575613,0.0122783175,0.26209417,0.3817069,0.6363067,0.033386078,0.04364242,0.17923267
2009-12-28,0.7137666,0.2355406,0.37465736,0.14724353,-0.0123758605,-0.072135784,-0.50342333,0.04334853,-0.41897336,-0.01859768
2009-12-29,-0.24243955,0.069068275,-0.36981297,0.22970174,0.021341799,0.16691417,-0.20617859,0.22353756,-0.38600278,-0.016616179
2009-12-30,0.31884515,0.18292385,0.31687552,-0.85723144,-0.16679019,0.34658524,0.92795867,0.09117351,0.7842233,-0.06832092
2009-12-31,-0.81895834,-0.45517033,-0.27643785,-1.051899,-0.8027463,-0.48073545,0.10073134,-0.6474506,-0.43463868,-0.5021325
2010-01-04,0.8108428,1.6834021,0.7318235,0.758154,0.6621032,1.1108937,-0.1301676,0.52507085,0.9680984,0.3654558
2010-01-05,-0.78625953,-0.19326195,-0.037930757,-0.14910807,-0.12220845,-0.10896039,-0.300226,0.9953672,-0.36660394,0.60766584
2010-01-06,-0.39185113,-0.28021216,-0.9339107,-0.48215044,-0.79269063,-0.23278485,-0.3677265,-0.51797986,-0.15997843,-0.13504532
2010-01-07,-0.20803411,0.26085252,-0.22027555,-0.7509185,-0.22846973,-0.523291,0.11962968,1.210953,-0.47706747,-0.8630689
2010-01-08,0.7282766,0.3160512,0.23086539,0.22801228,0.6085022,0.4312286,1.062251,0.36572292,1.3513625,-0.29082915
2010-01-11,-0.71103716,-0.12219447,-0.584766,-0.9368277,-0.019011488,0.19099697,-0.6627999,-0.24290253,0.76330674,-0.66865987
2010-01-12,0.596939,-0.85962635,-0.72105384,-0.5719857,-0.32790613,-0.88874674,-2.125521,-0.79875547,-1.9071455,-0.7861945
2010-01-13,-0.117279485,1.0392891,0.64193314,0.3850859,0.49610117,0.7349913,0.18458469,0.10823629,0.10831909,0.78595275
2010-01-14,1.1402109,0.74352646,-0.40526575,1.0454167,1.2717657,1.1653883,-0.6452196,-0.37296328,0.14166409,-0.5607103
2010-01-15,-0.24179469,-1.2182492,-0.99007446,-0.36291733,-0.24149656,-1.7251096,-0.45252487,0.056340586,-1.8933022,-0.075004995
2010-01-19,1.268801,1.0686255,2.2272115,0.30508378,0.16996194,0.5289843,0.40436235,0.6033322,0.6208517,1.4435793
2010-01-20,-2.0281851,-0.9743926,-0.9314441,-1.1769934,-0.6214968,-0.010561932,-0.3714994,-0.935619,-0.5802144,-0.6616582
2010-01-21,-0.6389492,-0.96906817,-1.0333827,-1.3357772,-0.5378055,-0.66144365,-0.778355,-0.31386748,-0.73624253,-0.9610192
2010-01-22,-1.8473061,-2.3676844,-2.7877781,-2.326034,-1.5355904,-2.4207942,-2.2460754,-1.2471391,-3.0689974,-2.050957
2010-01-25,0.36428314,0.084316835,1.3172883,0.58495617,-0.2870375,0.9726434,1.165418,0.031020438,-0.05361727,-0.33715633
2010-01-26,-0.16570851,-0.1781785,0.6597885,0.20928082,-0.35502055,-0.8851434,-0.73741186,-0.1032469,-0.053678468,-0.33813858
2010-01-27,0.33541733,0.6182332,0.41670996,0.18755652,-0.062385656,0.5379005,0.33096546,0.18947677,1.1696738,-1.1430917
2010-01-28,-1.3356386,-1.39691,-2.235663,-1.1771221,-0.86208147,-0.8509551,-0.77249026,-6.572993,-1.4692365,-0.36864254
2010-01-29,-0.72540724,-0.06701554,-1.3178374,-2.0143888,-0.79220873,-1.1340896,-1.0557313,-1.4479133,-1.4284154,-0.82017326
2010-02-01,1.1767113,0.56316817,0.471615,0.31706247,0.26945537,0.41770422,0.982984,0.52312994,0.98239064,0.21148433
2010-02-02,0.42560437,0.6137251,0.17055415,-0.03377102,0.9547654,0.597996,0.43290067,-0.6284539,-0.11545121,0.6321546
2010-02-03,0.06953946,0.13796856,0.8461021,0.20119545,-0.043720085,-0.20203571,-0.24912263,0.31016618,-0.8269383,-0.026779741
2010-02-04,-1.3950475,0.21447285,-1.4355104,-1.6850933,-1.2226894,-1.4671059,-1.1711359,-1.6763465,-1.6378253,-1.0228925
2010-02-05,0.25345665,1.0842649,0.5372863,0.22217998,0.7733381,0.93436223,0.65905225,-0.2327957,1.2912624,0.67497104
2010-02-08,-0.5846794,-0.34624034,-0.20792575,-0.7039763,-0.8040922,-0.27897727,0.19562614,-0.6589888,-0.5836428,-0.9857962
2010-02-09,0.6648078,0.7744391,0.28230566,0.43101707,0.6649148,0.59618217,0.45713523,0.3397019,0.16684482,0.31254467
2010-02-10,-0.21875894,-0.2190351,-0.27091864,-0.17464137,-0.7900188,0.051789597,0.0721637,-0.63693106,0.17208932,0.577903
2010-02-11,0.48562717,0.37053037,0.85933906,0.12563981,0.44307402,0.7725257,0.57346916,0.56651556,0.68459177,-0.18920498
2010-02-12,0.14102764,-0.30137494,0.3924155,-0.52236205,0.09123332,0.7594355,0.4384831,0.83482724,-0.086007915,-1.6615499
2010-02-16,0.6396213,0.50572306,0.678582,0.9698483,0.73533857,0.57163584,1.3164166,0.10377726,1.4058449,0.47198075
2010-02-17,0.58502907,0.17732465,-0.26980066,0.34523717,0.7201641,-0.18168126,-0.18721057,0.35686377,0.038485978,0.6903202
2010-02-18,0.77598274,0.4606312,0.047913473,0.62236667,0.65219575,0.3546369,0.18120845,0.31964967,-1.0663297,1.1999869
2010-02-19,-0.2994752,0.20205182,-0.37835023,-0.55499756,-0.42846578,-0.10212815,0.29774633,-0.32663,-0.6731256,0.8280997
2010-02-22,-0.15004091,-0.09444269,-0.388446,-0.23681024,1.0207925,0.056039467,-0.5760831,-0.7077577,-0.05333818,-0.27148908
2010-02-23,-0.17644376,-0.5126096,-0.9426087,-0.9895974,-0.7169351,-1.2383504,-0.8770665,-0.59648967,-1.5741578,-0.38434225
2010-02-24,0.6232522,0.6820796,0.87072873,0.47408512,0.60420495,0.69935066,0.845631,-0.636009,0.7996461,1.5108879
2010-02-25,-0.24529505,0.013791937,0.26821426,-0.22803248,0.19712144,-0.25125512,-0.49156985,-0.85936284,-0.2537461,-0.01764644
2010-02-26,0.07285587,0.035884086,0.5998257,-0.0077956766,-0.47745487,-0.30618677,-0.3111763,-0.65808165,-0.019047534,0.09428487
2010-03-01,0.7664346,0.63217205,1.0288086,0.5701101,0.17443101,0.767846,0.45395985,-1.3854121,0.7831528,0.2989685
2010-03-02,-0.569704,0.05826862,-0.107125685,-1.3245146,-0.36206752,-0.48535404,-0.33191255,2.6168058,-0.35208988,-0.22997056
2010-03-03,-0.25362894,0.532229,0.050028637,-0.15516476,-0.18901747,-0.50810784,-0.19500594,0.7451968,-0.18653359,0.08125524
2010-03-04,-0.054698136,0.2733409,0.27085266,0.20002463,0.53794247,-0.042896055,0.4909703,0.51569474,-0.52285445,0.13497244
2010-03-05,0.31049755,0.5995694,1.9305928,-0.24200581,0.38800064,0.57272136,0.54660004,-0.61207664,0.014677786,0.2709712
2010-03-08,-0.41541657,2.0175877,-0.04866302,-0.07669975,-0.5642661,-0.123461016,-0.5848016,-0.05233378,0.14819315,-0.16765365
2010-03-09,-0.430465,0.03674671,0.8612902,0.19635653,0.37241632,0.3435775,-1.0329063,-0.2037532,-0.3203359,0.05330971
2010-03-10,0.07144194,-0.5175893,0.34841135,0.19435944,-0.04269785,0.5348638,0.76257247,0.131917,0.7114983,0.011722677
2010-03-11,1.1224244,0.25461632,0.06488592,0.273083,0.56840056,0.063822754,-1.0819852,0.1567182,-0.47810003,0.06438161
2010-03-12,0.2219813,-0.1596851,0.16646294,0.019493857,-0.22550233,-0.033705927,-0.17631322,-0.2472078,-0.24952677,-0.121142074
2010-03-15,-0.023770737,0.47139966,-0.74845487,-0.12547542,0.47714594,-0.3205934,-0.15669815,-0.17066826,-0.51700526,0.43084812
2010-03-16,0.47115618,0.18268219,0.067136295,0.0053674085,-0.16731663,1.919928,1.435835,0.06495295,0.65090775,-0.66435033
2010-03-17,-0.4524172,0.27212298,-0.16489695,0.3712237,0.53765905,0.45557135,0.41858205,-0.20299497,0.6008057,0.6267264
2010-03-18,0.37723294,0.20833704,0.027029753,-0.21125875,-0.22695535,-0.17360713,-0.40796688,1.5825034,-0.18073027,0.32371128
2010-03-19,-0.3276602,-0.37210667,-0.66784644,-0.20840865,-0.43977633,-0.5648989,-0.75329196,-0.4849005,-0.5401415,-1.5637537
2010-03-22,0.18163902,0.31617704,0.5082211,-0.14551541,0.7758637,0.49887207,0.7040856,0.15917082,0.85297817,0.3662237
2010-03-23,0.7922223,0.8064499,0.76014763,0.4052344,0.89281976,0.8876984,1.3751726,0.17148067,1.3469411,0.34715098
2010-03-24,-0.4316489,-0.29694965,0.15652137,-0.56519705,-0.4205429,-0.4853758,-1.1646284,-0.44077587,-0.8013111,1.5472614
2010-03-25,0.3217766,0.0011876709,-0.33806947,0.5146873,0.4116335,-0.17015849,-0.03471444,1.8513166,0.37701386,-0.78509015
2010-03-26,-0.025206925,0.09889811,0.5374525,-0.6989648,-0.5662002,-0.21139781,-0.092386,-0.39885613,0.056509186,-0.44146025
2010-03-29,-0.34601095,0.09893219,0.17884496,-0.23372173,-0.2215898,0.13434453,-0.06188029,-0.14418684,0.19147424,0.22238836
2010-03-30,0.077195674,0.27686802,0.50962496,0.2032657,-0.08093287,-0.013210988,-0.2429825,0.27720875,0.3208235,-0.10421372
2010-03-31,-0.26716697,-1.0715096,-0.21330127,-1.0569957,0.27395216,-0.13473147,-0.2882968,-0.26812556,-0.027085152,-0.41178328
2010-04-01,0.006734539,-0.33678755,0.17141685,-0.3974516,-0.48272115,0.15864594,0.2533287,0.22370604,-0.44651055,0.43256643
2010-04-05,0.6387533,0.7573353,0.45601678,0.052596133,0.21609257,0.34250146,1.4496877,0.18977733,0.40817428,0.2851348
2010-04-06,-0.19601706,0.14069758,0.12403361,-0.070157126,0.49243915,-0.49438083,-0.6869946,-0.18568894,-0.20045096,-0.42880556
2010-04-07,-0.2130345,0.2890137,0.12676193,-0.11075835,0.13031858,0.02241682,0.4926769,0.27002576,0.20475562,-0.9098046
2010-04-08,-0.4442955,-0.09244243,-0.2486353,0.99637467,-0.2045944,-0.39526665,-1.2071135,-0.45980597,-0.7967641,-0.20933972
2010-04-09,0.66391337,0.7214221,0.31451982,0.68113893,0.6092512,0.46008617,0.40158316,-0.31575933,0.30740517,0.71432805
2010-04-12,-0.1805442,-0.11220091,0.01755407,-0.20783418,0.2263097,-0.10338263,1.4196112,-0.02256963,0.39488867,-0.6720693
2010-04-13,0.3917812,-0.15343441,-0.055105142,0.09575318,0.28884682,0.44366926,0.30609363,-0.014089275,0.42324764,-0.41376588
2010-04-14,1.2194432,0.96820694,0.623809,0.5691649,0.036978003,1.5738348,1.8799578,0.21691956,1.6793438,0.35107392
2010-04-15,-0.15464321,0.7252105,0.6080376,-0.06793223,-0.40197527,1.4174685,0.12959453,0.016207872,-0.28460953,-0.9382347
2010-04-16,-0.10146013,-0.43296686,-0.40377283,-0.5545221,-0.53880775,-0.71437216,-0.7810467,-0.045407176,-0.02873996,-0.5839334
2010-04-19,0.84952456,0.21839042,-0.14574711,0.5626495,0.47288558,0.099571794,-0.3110023,-0.07575513,-0.25950432,-0.2817613
2010-04-20,-1.2599056,0.2525014,-0.59220153,0.4569083,-0.0983042,0.18598366,0.35926807,0.43950486,0.37368748,1.4786649
2010-04-21,-0.33275372,0.15798329,2.9787898,-0.21814057,0.2672284,-0.7582902,-0.45748383,-0.72906506,-0.17208853,-0.042640895
2010-04-22,0.10754006,0.19959131,1.3777074,-0.04633024,-0.124376744,0.33331543,0.11140991,-3.46871,-0.25796983,1.4164563
2010-04-23,0.4736095,0.33215997,0.7734406,-0.98398304,0.46387115,0.03705184,0.27063057,-1.2527014,0.20046017,0.33938858
2010-04-26,0.4069706,0.23104963,-0.32614547,0.13297702,-0.038173266,-0.5339679,0.83666277,-0.24046499,-0.40220156,-0.15559465
2010-04-27,-0.94645554,-1.0409741,-1.5132198,-0.650985,-0.98398024,-1.0597281,-1.1372892,-0.29863393,-1.3420849,-1.0639569
2010-04-28,0.6697383,0.09171865,-0.14426652,-0.034404565,-0.25057888,-0.2433403,-0.07495552,0.90704995,0.26543772,0.14009891
2010-04-29,0.19632429,0.92552876,1.3285098,0.02404099,0.18772164,0.41335952,1.0120355,0.08397758,0.5180124,-0.6652815
2010-04-30,-0.72278094,-1.0602655,-1.5339456,-1.0179014,-0.2087249,-1.3793519,-1.780265,-0.42336038,-1.4831368,-1.7818005
2010-05-03,0.3226743,1.1606324,0.97527015,0.46306908,0.24879082,0.81996566,0.7396295,-0.13564983,0.5616412,-0.037385352
2010-05-04,-0.74023265,-1.7492535,-1.578078,-1.5363327,-1.9988474,-1.4773737,-1.2866588,-1.2658764,-1.8973219,-0.6202556
2010-05-05,-0.3358085,0.016897166,-0.5894029,-0.6732846,-0.07965536,-0.50307447,0.18428,-0.060116664,-0.596917,-0.26630923
2010-05-06,-1.497963,-1.832278,-1.3672285,-1.7590146,-1.8515213,-1.2897851,-1.3604529,-1.1728705,-1.6072654,-0.65697515
2010-05-07,-0.96943444,-1.411491,-1.9289957,-1.6444604,-0.96654046,-0.43360183,-0.60961705,-0.29198813,-0.73981404,-0.12388473
2010-05-10,1.8990661,2.3221436,2.286395,1.1001952,1.4973111,2.0956593,1.5294988,0.74642193,1.7819912,2.089204
2010-05-11,0.25113466,-0.23871411,0.29159585,-0.21352415,-0.35522443,-0.47734988,-0.2759389,0.026338592,0.37364718,-0.5901702
2010-05-12,2.4871085,1.2212877,0.66664636,0.78077686,0.5771582,1.2974931,0.59378874,0.5368586,0.95055014,1.0450438
2010-05-13,-0.50458235,-1.5612577,-0.4379748,-0.35639143,-0.5343476,-0.8592752,-0.74892306,-0.21366815,-1.2420745,-0.39224046
2010-05-14,-0.16445899,-0.8284885,-0.55904233,-0.5438541,-0.7077268,-0.96227634,-0.8169634,-0.60719794,-0.7390924,-0.72069734
2010-05-17,-0.3166649,-0.058531202,0.04758759,-0.06838907,-0.10065447,0.17144017,0.59321034,-0.0069216453,0.41456398,0.034890655
2010-05-18,-0.19939667,-0.5027361,-0.17178376,-0.28090036,-0.41220585,-0.6902583,-0.8516939,-0.45237234,-0.45077392,-0.4109928
2010-05-19,-0.44403237,-0.10002326,-0.46048445,-0.5334691,-0.36970603,0.23299307,0.11358281,-0.24541667,0.10942694,-0.38393876
2010-05-20,-2.3003113,-1.558744,-1.3747604,-1.9782796,-1.395553,-1.4169247,-0.5915392,-0.87973475,-0.9404586,-1.3404197
2010-05-21,0.6875201,0.28818685,0.5913607,-0.5624969,-0.35508826,0.19383006,0.42240015,0.20818,0.005028779,0.46657598
2010-05-24,-0.51185375,-0.14427343,0.7844442,-1.3403391,0.21305297,-0.52918386,-0.62265646,-0.35648182,-0.5861514,-0.78602946
2010-05-25,0.0358539,-0.0865607,-0.35584185,-0.5721028,-0.18935332,0.34061626,0.25011924,-0.167074,0.4825485,-0.13888584
2010-05-26,-0.6825866,-0.82142013,-0.2632146,-2.491193,-0.62257445,-0.35240147,-0.5084725,-0.755041,-0.5582638,-0.88660395
2010-05-27,1.6744345,1.6853343,1.8894968,2.1126382,1.4405502,2.2855382,1.288476,0.7370832,1.6611187,1.7386327
2010-05-28,-0.5925396,-1.1959423,0.6472582,-0.63957435,-0.05303798,-0.8789402,-0.8897109,-0.08286978,-0.5529722,-0.22301877
2010-06-01,-0.4690978,-0.34987262,0.7259214,0.047998313,-0.9213831,-0.65502614,-0.17565487,-0.6680053,-1.15111,0.04547688
2010-06-02,1.6398282,0.8314077,0.54819405,1.1407584,1.0001619,1.406441,0.7571572,1.0361388,0.75795746,1.1202353
2010-06-03,0.31020597,0.85951006,-0.22701797,0.7374574,0.4362735,0.14305806,0.49579033,0.43450117,0.48777407,-0.080534816
2010-06-04,-1.3757975,-1.6934228,-1.4961987,-2.576966,-1.6677948,-2.3029356,-1.7102157,-1.4563689,-1.5726439,-1.9098946
2010-06-07,-0.5945156,-0.39159548,-1.0914831,-1.2767279,-0.96052206,-1.4761575,-1.0087712,-0.4491977,-1.3621715,-0.7707895
2010-06-08,-0.21949367,0.44547898,-0.3472153,-0.54031795,0.09824794,-0.3151237,0.34644338,0.22303784,0.43025857,-0.113188185
2010-06-09,0.1001599,-0.3423564,-1.3587235,-0.87681824,-0.4979426,-0.60174066,-0.3026527,-0.77327126,-0.577017,-0.41113707
2010-06-10,2.0046215,0.012896031,1.4625429,0.34753874,1.5270681,1.4573951,1.5097084,0.28629535,1.0476193,1.4153595
2010-06-11,0.41896307,0.3517534,0.5516922,1.3876177,1.0934438,0.15596907,-0.19327211,0.30716836,0.43595675,-0.010143202
2010-06-14,0.044106554,-0.29557723,0.100554585,-0.5139503,-0.018815437,0.52461034,0.18808648,-0.7845009,-0.086597726,-0.06626405
2010-06-15,0.67701775,1.2939652,1.0262425,2.2894013,1.0985388,1.2977693,2.0654697,0.86378103,1.7176129,1.1059505
2010-06-16,0.3057091,-0.052612856,1.4166764,-0.7296504,-0.06180236,-0.035727315,-0.554963,-0.68923324,0.3148938,-0.12147299
2010-06-17,0.34742153,-0.23810442,0.81936705,-0.041388597,-0.2663814,0.005044631,0.1682205,0.6599453,-0.05568464,0.93584454
2010-06-18,-0.39690614,0.7339824,0.35670888,0.006934612,0.26427794,-0.3288711,-0.18652916,-0.11424228,-0.2709154,0.51386005
2010-06-21,0.26866448,-0.28513506,-0.7966617,-1.2399849,-0.25371593,-0.5228135,-0.4052333,-0.15177146,-0.33238998,-0.5437302
2010-06-22,-0.6602254,-0.8016253,0.63312787,-0.5656616,-0.46722382,-0.56039083,-0.9896667,-0.17110153,-0.7141116,-0.5392677
2010-06-23,0.4001484,-0.18898451,-0.50904554,-1.1469556,-0.43828186,-0.38378564,0.013898408,-0.27454424,0.09462705,-3.3413844
2010-06-24,-0.97369945,-0.5657788,-0.39723036,-0.83522135,-0.9542575,-1.073435,-0.93102103,-0.8656587,-1.1883283,-0.20196755
2010-06-25,-0.55275524,-0.7740592,-0.3918702,-1.194776,0.8382865,-0.6447981,-0.46467352,-0.36330652,0.4934553,-0.62781847
2010-06-28,0.96440536,0.56147176,0.26392934,-0.66606,-0.46866733,0.7091851,0.56289154,-0.7588081,-0.46391326,-1.7269219
2010-06-29,-1.9923452,-1.7866884,-2.447851,-2.604463,-1.5870254,-1.4115834,-0.94379276,-1.2364241,-1.745613,-2.9340725
2010-06-30,-0.8496177,-0.6385205,-0.855954,-0.8626791,-0.62576777,-0.7772142,-1.1565313,-0.48226595,-1.0552299,-0.80306643
2010-07-01,-0.4798765,-0.07783077,-0.6892019,0.23267965,0.17265242,-0.50682104,-0.25167543,-1.2676613,-0.15316422,0.35542485
2010-07-02,-0.35745654,-0.2922773,-0.39299813,0.12735136,0.66098845,-0.19911975,-0.16246086,0.44762382,-0.086499356,0.09651303
2010-07-06,0.8745472,0.53249794,0.29669333,1.2207006,1.0831336,0.6408961,-0.019593034,0.27622765,-0.84402305,-0.6782738
2010-07-07,1.8818288,2.7071064,1.9774269,1.0260032,1.7008897,1.5763704,2.2055998,0.84705615,1.3210834,0.7388456
2010-07-08,0.524144,0.19605362,-0.17668732,0.116011366,0.26797733,-0.15752059,-0.09759089,0.60180223,-0.35778525,0.0767586
2010-07-09,0.020999491,0.38417804,0.23980494,-0.49454406,0.31540394,0.28425375,0.4695429,-0.112956785,0.556425,0.5693344
2010-07-12,0.39078102,0.40307,-0.52890575,1.2000252,0.11455981,0.7443733,0.4821389,1.3647525,-0.05305814,-0.21004173
2010-07-13,0.9464695,0.5577053,-1.1748397,0.5593744,0.70271873,0.991406,1.1718321,0.92028713,0.6113432,1.6603125
2010-07-14,0.15102814,1.5212052,0.12155075,0.57674706,0.48916945,0.770417,-0.60846436,1.0068451,-0.053452563,-0.15921429
2010-07-15,0.029857397,0.443255,-0.33606914,0.007838918,-0.2619543,0.2876496,0.5534779,-0.10914558,-0.31825897,0.2914584
2010-07-16,-1.3453765,-2.526395,-0.37730354,-1.5973482,-1.21788,-1.1824636,-1.2178957,-1.1623436,-0.9870466,-1.364682
2010-07-19,0.9197873,-0.009578501,-0.95712537,0.6494953,0.67275995,1.2521753,1.4176203,0.8544506,0.5494973,0.4333068
2010-07-20,-1.641708,0.76084197,1.2440004,0.4317793,0.692982,0.07690407,-1.5056249,-0.11206573,-0.22001427,0.3024212
2010-07-21,-0.6456426,-1.0915294,0.41408813,-0.9974071,-0.80189323,-0.9720742,-0.56010824,-0.7695204,-0.5577732,-0.35514337
2010-07-22,1.1792537,1.6720228,0.89609593,1.5269412,1.611112,1.1499653,1.4756583,3.2086878,0.75171846,1.4667687
2010-07-23,0.506989,0.2226413,0.11137176,-0.22757636,0.39517218,-0.28136322,0.13416196,-0.11810935,0.11248861,1.0401232
2010-07-26,0.044463318,0.6287819,-0.20187561,0.5118591,0.28136286,-0.02031827,0.48863906,0.08443475,0.078486025,-0.12213572
2010-07-27,0.14364603,-0.6744331,0.8829439,-0.019007368,-0.16858347,-0.3733328,-0.1879737,-0.10791991,0.077880874,0.054007452
2010-07-28,-0.07603434,0.23952693,-0.68054134,-0.63305205,-0.63502634,-0.6496955,-0.49036112,-0.58373743,-0.94753766,-0.8691872
2010-07-29,-0.18793687,-0.3611787,-0.6252464,0.031488776,-1.243847,-0.7535926,-0.6780041,-0.067967534,-1.4758296,-0.008591599
2010-07-30,0.21078153,-0.26644263,-0.22700912,-0.64178914,-0.14407942,-1.0331874,-0.39417014,-0.8718991,-0.56809855,0.0066556116
2010-08-02,1.2117484,1.5898025,0.8644816,1.0188742,1.3163996,1.2009201,0.7404568,0.66550493,0.6338341,1.3145819
2010-08-03,-0.1706511,0.08038452,-0.05086512,-0.5391761,-0.18953045,-0.73448426,-0.61218536,-0.4143013,-0.74561334,-0.77977216
2010-08-04,0.47997385,0.7346261,0.14181264,-1.1356391,0.5756055,-0.019183083,0.6647614,-0.12123744,0.087692395,0.87761354
2010-08-05,0.30449542,0.100070015,-0.31332552,-0.9842291,-0.43725145,-0.20387483,0.3722602,-0.012246741,-0.29547724,-0.4234573
2010-08-06,-0.5043344,-0.1732096,-0.37447277,0.2667184,0.16463292,-0.100306034,0.06989564,0.07455853,0.017252475,-0.34269914
2010-08-09,0.95240647,1.490328,0.27023008,-0.010721556,-0.2657822,-0.055950884,0.39901376,1.1030456,0.017228954,0.4173946
2010-08-10,-0.052397013,-0.9613095,-0.5335751,-1.4255321,0.04660686,-2.1381173,-0.6947447,-0.055603903,-1.2883372,-0.57987416
2010-08-11,-0.99350995,-1.2589914,-1.9509759,-0.6589991,-1.4026674,-1.0763718,-0.76362175,-0.5316641,-1.2509052,-1.5278907
2010-08-12,-0.75718135,-5.4780655,0.26412797,-1.0423154,-1.6138685,-0.0113073625,-1.1171068,-1.3039341,-0.2711301,-0.3013153
2010-08-13,-0.2101907,0.03490735,-0.6146233,-0.35592118,-0.6081755,-0.7611699,-0.28231782,-0.4219459,-0.050253946,-0.13501894
2010-08-16,-0.037530165,1.2894121,-0.3585169,0.09312603,0.10840455,0.72704136,0.43016165,0.681352,0.058855884,-1.0620658
2010-08-17,0.36391243,0.35165012,0.8470791,0.6624962,0.68725646,0.09425428,0.27870682,0.45876756,0.5631171,0.93652666
2010-08-18,0.49346295,0.8382919,0.17365254,0.11340078,0.06502009,0.09394508,0.35009977,-0.20214994,-0.12234875,0.19673577
2010-08-19,-0.2333861,-0.3880173,-0.71225345,-1.0456539,-0.21097946,-1.7475251,-0.74890375,-1.1256673,-0.15829232,-0.6752571
2010-08-20,-0.71004397,0.05646815,-0.09659173,-0.6373708,0.018039363,-0.019501176,0.2702015,0.80302674,-1.0533209,0.33838743
2010-08-23,-0.5255318,-1.1710353,-0.86576235,-0.022476835,-0.39177036,-0.5481779,-0.6440003,-0.50692195,-0.19600987,-0.18369395
2010-08-24,-0.8175874,-1.1797849,-1.2696787,-0.7029786,-0.8933854,-0.72393495,-0.22025727,-0.6570025,-1.5602939,0.14628296
2010-08-25,0.18057624,0.20935611,0.45299724,0.0057750447,-0.009675209,0.12673303,0.032393463,0.5816987,0.35387167,-0.740967
2010-08-26,-1.3124151,-1.0957333,-0.49250776,-0.7880369,-0.36501342,-0.7307197,-0.895662,-0.29336724,-0.74993986,-0.1893764
2010-08-27,1.0419174,0.29151905,0.24601261,0.12389461,0.5292371,0.42909488,0.56288046,0.3100978,0.5220387,0.92948985
2010-08-30,-0.6885509,-1.1453719,0.1365525,-0.8557636,-1.0946236,-1.1141423,-1.7878038,-0.48294273,-0.9336999,-0.32582125
2010-08-31,-0.12679227,-0.7834109,0.07349687,-0.5683381,-0.4242253,-0.8284901,-0.500235,-0.08066468,-0.47875756,-0.16818696
2010-09-01,1.3683695,0.6572491,1.2038924,0.88038844,1.5209605,1.0797716,1.3013188,1.3236887,1.1775477,1.7539244
2010-09-02,-0.3798627,0.6401427,0.33827975,-0.043292325,-0.3102021,0.29934815,0.49775806,0.36047098,0.2106651,0.83412504
2010-09-03,1.314996,1.2178359,1.2762562,0.6877755,0.860456,0.31918788,0.4887372,0.29110703,0.60806584,0.07722212
2010-09-07,-0.8433764,-0.989901,-0.18235314,-0.89734954,2.4772823,-0.7531721,-1.3076048,0.10551714,-0.6598063,-0.50798005
2010-09-08,0.06345647,0.17139553,0.90882736,-0.2070444,-0.24984364,-0.56499887,0.07174319,0.27393398,-0.9723887,0.18225498
2010-09-09,0.1486798,-0.034605,-0.0134449275,0.051467296,0.34021646,0.20673189,0.26029733,-0.1155988,0.66326255,5.005812
2010-09-10,0.83933353,0.057805244,0.02601398,-0.5193799,1.3129078,-0.11301286,-0.29938582,-0.6035379,-0.45731676,-0.9199823
2010-09-13,0.83057576,1.5039192,0.67776924,2.8198583,0.089488514,1.4127676,1.3762065,0.521095,0.28818634,0.028830975
2010-09-14,-0.37389275,0.47093958,0.14952235,-0.32897893,0.4947142,0.40001634,0.38725403,0.022106998,1.1366979,0.2889223
2010-09-15,0.29112166,0.3410221,0.3606734,0.066428624,0.6127358,-0.08431549,-0.07449707,0.8055628,-0.33648068,0.36328006
2010-09-16,0.10770315,0.7543189,0.84444696,0.32881814,-0.6772541,0.5238042,0.49223784,-0.10304071,0.055475574,0.08928018
2010-09-17,0.22997081,-0.10826745,-0.13367169,-0.35777795,3.3034806,-0.36961633,1.153434,0.4446519,-0.28874016,-0.124777034
2010-09-20,0.73961914,-0.18937254,0.75216407,0.31354827,-0.01985816,0.22874433,0.1841377,0.35806122,0.3905947,0.38960254
2010-09-21,0.08724065,-0.20149654,0.054502454,-0.7567571,-1.1267805,0.43660855,-0.13882639,0.39915103,0.23018521,-0.25505975
2010-09-22,0.2094015,0.088835195,0.430738,-1.1040808,0.47427142,-0.2669471,-0.525692,-0.23816107,-0.3462976,-7.8488793
2010-09-23,-0.4317785,-0.23000206,0.11874188,-0.45361388,-0.151633,-0.07670934,0.43908963,0.20275542,0.32211676,-0.40937164
2010-09-24,1.0819037,1.1420379,0.3248181,0.6015049,-0.27177486,0.8698598,1.671171,0.6870076,0.998324,0.68240225
2010-09-27,0.2162733,0.07419591,-0.1224368,-0.22330537,-0.051855467,-0.38937098,-0.39802897,-0.050555024,-0.36674884,-0.03590756
2010-09-28,0.09803933,-0.4834547,-0.49645516,-0.24032965,0.34797463,0.54552495,0.5542792,-0.578303,0.54402524,-1.0116706
2010-09-29,0.2677869,0.0559162,0.041415248,-0.53479487,-0.062049784,-0.6129825,-0.38179466,0.13479333,-0.25045505,-0.43108967
2010-09-30,-0.64081013,0.101955354,-0.7156024,-0.16715896,-0.59023196,-0.14374626,0.46649286,0.69653106,-0.08649657,0.16109206
2010-10-01,0.76590276,0.060384702,-0.29331946,-0.42318738,0.736287,0.24887598,0.15541866,-0.90433574,0.01956568,0.18695006
2010-10-04,-0.17019515,-0.3372336,-0.84853256,-1.3120412,-0.62705797,-1.1971402,-0.10004891,-0.4563268,-0.80982625,-1.2206926
2010-10-05,1.275403,0.6050407,1.8100034,0.90115154,0.75497615,0.6103799,1.9234504,0.29349995,1.1322749,0.25664067
2010-10-06,0.12579265,0.8025989,-0.067194715,0.022536943,0.51346314,0.31148544,-0.06395568,0.3083273,-0.51138407,-0.118183345
2010-10-07,0.47489038,0.24845028,-0.11309659,0.0658363,0.16441008,0.12965193,-0.31862187,-0.18123846,-0.08447486,4.800275
2010-10-08,0.10203319,0.26098907,0.7879066,-0.07305774,0.57855743,0.21906903,0.9844888,0.12329138,0.21796454,-3.0253918
2010-10-12,0.132081,0.412225,0.4752717,0.42037767,0.16630597,0.450773,-0.1858236,0.510348,0.38703817,0.7011827
2010-10-13,0.2945998,1.4190928,0.19324638,1.0718374,1.2403032,-1.4634407,-1.0009496,0.41830358,-0.0517145,0.054665904
2010-10-14,0.58951485,-0.23102604,0.2955404,-0.43087232,-0.5450923,0.1331831,0.29536873,-0.34599426,-0.29151693,-0.4295338
2010-10-15,-0.17756559,0.72234726,2.0399814,0.57645476,1.0497826,-0.072484866,0.6607981,-0.31849548,0.29362303,0.9935977
2010-10-18,0.83722883,-0.0942926,0.4760624,0.49132955,0.54585946,-0.37892234,-0.6266433,-0.3779235,-0.32581118,-0.055870336
2010-10-19,-2.2486029,-0.7307736,-1.4822596,-1.848921,-0.1993025,-0.015105652,-0.6007707,-0.34164205,-0.6792583,-0.83718586
2010-10-20,0.51274115,0.97460693,0.11580482,0.34080052,-0.8670302,1.0155346,0.060188387,0.06287614,0.46671742,0.9847556
2010-10-21,0.38680235,-0.2798507,-0.23383412,0.104384266,0.30685633,0.24176076,0.18134038,-0.4689057,-0.22519799,-0.86366475
2010-10-22,-0.054742564,0.5138831,-0.40024364,-0.24122605,0.27683225,0.13997231,0.6843293,0.102327816,0.69930995,0.7925231
2010-10-25,0.10242174,0.31912065,0.16868645,-0.59297246,-0.28113547,0.015669664,0.48318225,0.053798683,-0.018804079,-0.040272385
2010-10-26,0.42588148,-0.44687366,-0.20644426,1.5095146,-0.40634346,0.3650921,-0.20420219,-0.4563549,-0.29126844,-0.12767527
2010-10-27,0.38018724,-0.20967883,-0.10005712,0.19008726,0.10755437,0.30931056,0.87143826,0.42644584,0.42209816,0.023854489
2010-10-28,-0.22789091,-0.18144117,-0.49227598,0.36752123,1.1117693,0.607871,-0.15097198,-0.14888863,-0.053154774,-0.13494521
2010-10-29,1.2044294,-0.6202781,-0.4894104,0.67776525,-0.0015701241,-0.89094996,0.43404385,0.5960029,0.22910593,0.04583977
2010-11-01,-0.1472392,0.15116419,0.27486837,0.42564163,-0.385078,0.99780625,-0.21107419,0.0610338,-0.022203352,0.07021759
2010-11-02,0.22139993,0.5339259,0.59827536,0.7637109,0.5629805,-0.50298816,0.19214816,-0.04659192,0.25874016,1.1900741
2010-11-03,0.15251562,1.1317608,0.5355418,-0.89585984,-0.54376966,0.60958123,0.55661786,0.19926599,0.105475776,-0.36155823
2010-11-04,1.1832823,1.0305712,0.8668578,0.09294287,0.4033066,1.0115205,1.0596274,2.339837,1.0152986,0.9708776
2010-11-05,0.08206444,0.14243148,-0.24653007,-0.7858578,-0.4006192,0.5723748,1.0544347,-0.09796576,0.20013249,-0.5194401
2010-11-08,0.111653864,0.31607935,0.17697755,-0.24121314,-0.3901337,-0.086344786,-0.17493244,-0.55256754,-0.66319466,0.21028014
2010-11-09,-0.11716793,-0.051177982,-0.4826937,0.15572912,-0.56104076,-0.23241724,-0.09929564,0.017935116,-0.02197691,0.29024434
2010-11-10,0.2172601,0.34592283,0.24810784,-0.17930485,-0.11082556,-0.35868448,-0.037591003,-0.29663095,0.010252555,0.4509927
2010-11-12,-0.7558702,-0.96299314,-1.5288601,-1.0940801,-0.49204725,0.6953381,0.19909796,-0.48059595,-0.21738096,-0.6765597
2010-11-15,-0.018446434,-0.49311772,-0.23422672,-0.3133443,0.12922952,-0.6067095,-0.19307055,-0.62160504,-0.020931767,-0.07260854
2010-11-16,-0.62195486,-1.2934957,-0.98170674,-0.6727967,-1.5026363,-0.5908719,-0.46822816,-0.5351937,-0.5789392,-0.7784435
2010-11-17,-0.11717299,-0.041980773,-0.24189435,-0.6922889,0.56699985,-0.029846577,0.4721027,1.359155,-0.3497358,-0.20807604
2010-11-18,1.0896643,0.512942,1.1467925,0.45515108,0.6070981,-0.1575471,0.75161296,-0.32608896,0.7630524,-0.36455444
2010-11-19,0.2989513,0.03490652,-0.24797967,-0.45722118,-0.27770004,0.2069136,0.58173764,0.118801564,-0.45744577,0.2439771
2010-11-22,0.15100102,-0.085419014,1.0284244,-0.04894977,-0.1873281,0.18801619,0.37075317,-0.2297698,0.13621566,0.45733947
2010-11-23,-1.0033053,-0.8294948,-0.68388844,-1.4794983,-1.4105148,-0.35732606,-0.38733646,-0.56175107,-0.46339908,-1.5442029
2010-11-24,1.1422594,0.64462674,0.56678176,0.40858176,0.8159722,0.5498446,0.69559956,0.74658865,0.4667891,0.2880692
2010-11-26,-0.86418945,0.10602089,-0.0001245732,-0.39608344,-0.42534256,-0.13159525,-0.4983018,-0.41959065,-0.27143267,0.4600276
2010-11-29,-0.46388316,-0.08542535,0.2463492,-0.0020491055,-0.47011828,-0.05675554,-0.038736627,-0.4732067,-0.11732401,-0.58290964
2010-11-30,-0.6430717,-0.6902522,-0.9978005,-0.2621431,-0.3283778,-0.43414024,-0.6187616,-0.509962,-0.3814099,-0.9095745
2010-12-01,1.3602836,0.43560365,0.83832973,1.6101261,1.011027,0.63544005,1.050094,0.88171375,0.9996989,0.8680288
2010-12-02,0.36277148,-0.22117096,0.23579949,1.7243203,0.765027,0.42814484,0.33894563,0.44208544,0.35707575,1.0984313
2010-12-03,0.109507695,-0.36027628,-0.1718174,0.13501237,1.2253778,-0.07705375,-0.08225571,0.19796762,0.38680664,0.037126657
2010-12-06,-0.16557328,0.9472078,0.39774385,-0.5303244,-0.15433997,-0.02565881,0.13985705,-0.53726214,-0.21067566,0.11103627
2010-12-07,-0.4356791,-0.06378982,-0.3646707,-0.07607342,0.4928898,-0.29026455,0.5794481,0.039435346,-0.17875695,-0.34356695
2010-12-08,0.4162043,-0.059999242,0.2980853,0.6039082,0.23848459,0.43065563,0.39129514,0.260939,0.06409844,0.25418174
2010-12-09,-0.30837664,0.8812281,-0.23619565,-0.45161438,0.021439971,-0.058738526,-0.05218131,0.08116473,0.6385587,-0.9560361
2010-12-10,0.24856442,0.03497716,0.0799106,0.41084355,1.089868,0.16447644,-1.332,0.2561343,0.15736142,0.14482683
2010-12-13,-0.23616612,-0.26144505,0.1344023,-0.33281314,0.73442864,-0.9092083,-0.31661084,-0.40898696,-0.51179457,-1.428304
2010-12-14,0.70769924,-0.065016575,-0.27565426,0.6383707,0.12097043,-0.111995146,0.23870434,-0.040811446,0.15797089,0.5110768
2010-12-15,-0.49757957,-0.13375019,-0.025277121,0.33260638,-0.05579739,-0.4226579,-0.252446,-0.17312793,-0.38456416,-0.70501477
2010-12-16,-0.082380235,0.7014717,0.095010795,0.14675917,-0.35078788,0.00451287,-0.06510089,0.39054486,0.44759977,1.2210653
2010-12-17,0.203031,-0.44652504,-0.14138718,-0.32125613,1.738048,0.2891495,-0.1609696,-0.2597833,0.5919069,0.38731954
2010-12-20,-0.2069755,0.21235548,0.20601723,-0.33379433,0.30557603,-0.55929524,-0.32392398,-0.10976439,-0.11651371,0.57120717
2010-12-21,0.5656511,-0.1887023,0.27580473,0.39553443,0.11394422,-0.3280985,0.114157006,0.3834497,0.8247465,2.5414798
2010-12-22,0.11234862,0.112243265,0.09759352,0.10263396,-0.17524508,-0.53244585,0.003160837,-0.09155138,0.17726809,-0.42851195
2010-12-23,-0.05554817,0.32277402,-0.14621373,0.07971153,-0.18871108,-0.11735196,-0.16517653,-0.50809515,-0.08126687,0.23184538
2010-12-27,-0.26079574,1.0884594,0.077908896,-0.558261,0.1228434,-0.026779573,-0.0098311715,0.048759427,0.13147663,0.10368585
2010-12-28,0.15215439,0.4667465,0.06729763,-0.2504657,-0.1535817,0.047977086,-0.22128496,0.11844783,-0.02993925,-0.072995245
2010-12-29,0.3099209,-0.17990346,-0.026625453,-0.19313027,-0.12578352,0.08915566,0.29408026,0.014944199,-0.029351525,0.030833082
2010-12-30,0.042495422,-0.00933676,-0.15298872,-0.3555054,-0.3121662,0.12688433,-0.04778151,-0.29980764,-0.05673163,-0.58917576
2010-12-31,0.042349815,0.03482356,-0.22003448,-0.016138984,-0.009390265,-0.019640064,-0.039469093,-0.30334312,-0.31301442,0.27463958
2011-01-03,0.33540687,0.66641635,1.0680647,0.00080708484,0.47562402,-0.45405725,0.28418344,0.501827,-0.057581797,0.70222694
2011-01-04,0.11139711,0.11629283,0.16834283,0.06287864,-0.2837356,0.60642034,-0.119702056,0.60767037,-0.33603844,0.2902709
2011-01-05,-0.24891695,0.70986855,0.3276949,-0.36492917,-0.81294745,-0.57187223,0.16337085,0.8239757,-0.6797961,1.0279938
2011-01-06,0.80467266,0.523446,-0.14508519,1.5840724,0.19859995,-0.49092445,0.63624126,0.44693422,0.29133046,0.03719855
2011-01-07,-0.308198,0.09058347,0.2874692,-0.6358727,-0.2768395,-0.35079706,-0.07745804,-0.8537655,0.11812099,-0.3933934
2011-01-10,-0.0999549,-0.44823876,0.9075862,-0.9799518,-0.006587229,-0.0045988834,0.2006978,-0.11629105,-0.64707565,1.3722085
2011-01-11,-0.13400921,0.28090048,-0.22059597,-0.40588412,-0.115724646,0.7965515,0.14239351,0.2291107,0.8199836,-0.005200626
2011-01-12,0.8955347,0.68329096,0.3394896,0.77815115,-0.117466085,0.5161006,0.20062669,0.13851348,0.4291388,0.8478205
2011-01-13,-0.095532894,-0.07073928,0.099097304,-0.942589,0.3977161,-0.10609328,-0.29604805,-0.46992248,-0.14225462,-0.32017913
2011-01-14,0.58628595,0.38428262,0.33918622,0.06965204,0.1852102,-0.5852106,0.7800554,0.056375753,2.8882709,0.57346153
2011-01-18,0.33883533,0.06326969,-1.3170081,0.601852,0.4641524,-0.081922755,1.1208783,0.7240396,-0.40414232,0.53568417
2011-01-19,2.2707205,-1.0195246,-0.36354372,-0.56489134,0.09902623,-0.24592148,-1.0102549,-0.7953339,-0.0048943623,-0.41714418
2011-01-20,0.07791965,-0.09388044,-1.0311558,-0.41109964,1.1616797,-0.21560943,-0.39189214,-0.74184984,-0.5508001,-0.617813
2011-01-21,-0.10654109,-0.06244968,-0.989149,-0.8359619,0.29063463,-0.3574853,-0.03958508,-0.16542634,-0.22306904,-0.31881627
2011-01-24,1.7527391,1.1280367,1.6015022,0.6038954,-0.19173528,0.9304891,0.98351467,0.11651866,0.89093876,1.0029283
2011-01-25,0.76312274,0.92230517,0.53962743,-0.0044998997,-0.19005612,0.65107983,-0.9565196,-0.06537778,-0.08660618,-0.6495065
2011-01-26,-0.14170346,-0.24982907,0.30927595,0.52936333,0.40165374,0.39360002,0.42759547,0.18896785,0.1533438,-0.07774475
2011-01-27,0.027234137,0.08135418,-0.14973822,0.036571454,0.5177126,-0.05075158,0.54896116,2.3510804,1.56639,0.40921503
2011-01-28,-0.7456857,-1.1659317,-1.1392488,-2.4572904,-1.4146233,-0.6902947,-0.5231049,-1.0060529,-0.9322947,-1.843005
2011-01-31,1.1673458,0.5758617,0.4293961,-0.1933773,0.02982031,-0.059742495,-0.53770036,0.21637361,-0.2961182,0.74902153
2011-02-01,0.66498756,0.8370225,0.79616445,0.4017127,1.9260384,-0.019212266,1.4782592,0.6428013,1.2875165,0.61790025
2011-02-02,-0.08177044,0.3942516,-0.16678128,-0.25588214,-0.17124356,0.12387889,0.12207277,-0.93551797,0.24209315,-0.1322995
2011-02-03,0.11982968,0.7383464,-0.19825664,-0.77371174,-0.25338727,0.38247946,-0.21537451,0.6761487,-0.62072116,0.112320565
2011-02-04,0.20710851,0.3561462,0.4019065,0.1062049,-0.5799225,0.19032161,0.555018,0.10222433,0.7920859,-0.2505676
2011-02-07,0.33599827,-0.009109249,0.76515335,0.74542326,0.50004435,-0.024413584,-0.27026042,-0.21905157,-0.33206436,0.2380954
2011-02-08,0.7469376,-0.051480964,0.44590622,0.022905622,0.04528473,-0.14215699,-0.014276483,0.70474434,-0.64993703,-0.01376287
2011-02-09,-0.5548144,0.14201188,0.38021663,-0.76376957,-0.21890198,-0.4036258,-0.26389152,-0.010248393,-0.8052478,-0.7676599
2011-02-10,-0.21960397,-7.256386,-0.5779802,-1.1109395,0.49638733,0.65964246,0.074546225,0.5081977,0.53963614,0.7141346
2011-02-11,-0.085072495,-0.53617966,0.2917282,-0.6725016,0.28090665,-0.13198599,0.512875,0.35774,-0.3638448,0.10628103
2011-02-14,-0.24091026,0.32226288,0.29100293,-0.18637805,-0.28051546,-0.45486605,0.22832973,0.3306949,0.39201832,0.2235353
2011-02-15,-0.14235291,-0.32934397,0.056032643,-0.37891588,-0.7896968,-0.30396348,0.13737804,0.25333804,-0.28686538,0.0790943
2011-02-16,0.22332856,-0.19325155,0.41250056,-0.0112985745,0.4588223,0.56853735,0.058470793,-0.16805218,0.47669455,0.93414253
2011-02-17,0.3391315,0.29087216,-0.7459275,0.2616123,-0.16409793,0.40667695,0.48817357,0.24342738,0.08467131,0.3399819
2011-02-18,0.2465421,0.47228092,-1.2014511,-0.4603036,0.92700654,0.3055496,-0.34970006,0.0447374,0.036099102,0.4876453
2011-02-22,-1.1531223,-0.63449204,-1.8804168,-1.1504443,-1.6592473,-0.72373587,-0.63966376,-0.79298663,-2.116109,-2.1279004
2011-02-23,-0.7036623,-0.5185116,0.5411386,-0.15710962,-0.591742,-1.6345854,-0.511677,-0.8436275,-0.13932344,-0.53329325
2011-02-24,0.2873439,-0.08515083,-0.045999713,0.24561773,0.09567686,0.260857,0.006328395,0.4967363,0.40985537,0.0714178
2011-02-25,0.67858404,0.8867665,0.7273594,-0.6670708,1.1518574,1.2760583,0.22687975,0.7987057,0.658565,1.6844641
2011-02-28,-0.13408192,-0.20261611,0.68022686,-0.09424285,-0.10405731,-1.0004659,-0.04944458,0.31263545,0.87783194,-0.21476951
2011-03-01,-0.76259726,0.036361154,-0.6514728,-1.1120842,-2.0384438,-0.25938264,-0.8704241,-1.1832525,-0.6697002,-0.7583534
2011-03-02,0.11267227,-0.14140727,0.34334114,-0.3449911,0.73865545,0.16639924,1.5193112,-0.7694672,0.47099409,0.6900229
2011-03-03,1.4315821,0.1269027,1.0249735,0.1156048,1.4952024,0.6365667,0.52765894,1.1772767,0.97896266,0.77201223
2011-03-04,-0.6619399,-0.3580428,-0.021605408,-0.74763405,-0.4719522,-0.6220553,-0.42452765,-0.5816676,-0.3793895,0.27714947
2011-03-07,-0.7818472,-0.57927436,-0.7843114,-0.708687,-1.1432155,-0.91609347,-1.113422,-0.50119483,-2.011671,-0.815798
2011-03-08,1.0397167,0.0985164,-0.027825648,0.28258538,1.0573231,-0.2720093,0.4865903,-0.40048596,-0.5250472,0.7741534
2011-03-09,1.524017,-0.270098,-0.5767362,-0.2099689,0.061089084,0.09368826,-1.5842081,-1.6974169,-1.3838859,-0.25401625
2011-03-10,-1.5481261,-0.5736468,-0.9508515,-1.289307,-1.6682056,-1.0746453,-0.726173,-0.82313836,-1.0148118,-0.40080267
2011-03-11,0.202523,0.1283626,0.7227261,0.4774045,0.16558324,0.12456535,0.1610714,-0.42001298,0.024013793,-0.37452087
2011-03-14,-0.3985955,-0.25621918,0.16535476,-0.1292913,-0.537238,-0.13388719,0.19532734,-0.19080883,-0.19678439,-0.7299197
2011-03-15,-0.9511645,-1.3303779,-1.2638018,-0.8490585,-0.7082215,-1.6684915,-0.9548996,-0.4682265,-0.30793753,-1.4422402
2011-03-16,-2.5156174,-0.97517717,-2.4100277,-1.5579339,-1.6160426,-0.9630933,-1.603125,-2.139343,-1.2639394,-1.3359427
2011-03-17,0.5415909,-0.12163588,0.65347284,-0.18056381,0.5899116,0.16237603,0.3712085,1.3972163,0.9588285,-0.39395344
2011-03-18,0.78393805,0.492212,-0.713483,-0.11335858,0.3501403,0.0021835149,0.38953277,-0.57709295,-0.058417354,0.19934411
2011-03-21,0.7944627,0.8212285,1.2714932,1.1113341,1.109216,0.59178525,0.42332807,1.4409891,0.93239176,0.4886944
2011-03-22,0.16789727,0.22466585,0.21678452,-0.230313,-0.5151825,-0.17290105,-0.094539784,-0.9855107,-0.35913655,0.7642919
2011-03-23,0.67276084,0.43625256,-0.37943524,0.40868053,0.45502165,0.28385532,0.7712273,-0.11837084,0.050203636,-1.7774853
2011-03-24,0.1923183,-0.54298776,0.577878,0.44853938,0.9643229,0.15292878,0.75731695,0.90958494,0.62421966,1.2040641
2011-03-25,0.8355795,-0.17567208,0.5899488,-0.53378975,0.6294286,-0.050687306,-0.30140406,-0.8479027,-0.10953406,0.034765523
2011-03-28,-0.33583298,-0.20499346,-0.13543555,-0.58609533,-0.13642918,-0.09360303,-0.22091803,-0.5486656,0.015432738,-0.31255677
2011-03-29,0.57971627,0.8515434,0.028937776,0.04211696,0.74786603,-0.15196331,0.5279061,1.2583687,0.48281893,0.22132425
2011-03-30,0.2709512,-0.25546977,-0.25817442,0.12765273,-0.1740332,0.33699012,-0.30381343,0.37104255,-0.010957827,0.40800723
2011-03-31,-0.21708587,-0.45275643,-0.048268534,-0.6208807,0.48400256,-0.6273651,-0.2636646,0.15598832,-0.36212906,0.25035056
2011-04-01,0.47109917,-0.26525974,-0.5482918,0.063737564,0.7529609,-1.0231471,-0.45347184,-0.37540844,-0.3130218,1.2759995
2011-04-04,0.027674835,0.1026284,-0.62904227,-0.003264565,0.16327934,-0.67144954,-0.20457345,-1.1743968,-0.42303973,0.26534376
2011-04-05,-0.07391079,0.56266624,-0.45139557,0.37971592,-0.3796476,0.4948253,0.79161495,-0.5084641,0.25796595,-0.3091908
2011-04-06,0.054493237,2.7120419,-0.2147499,0.7007966,-0.56724244,0.5465977,0.20227203,0.6754633,0.493741,0.055477444
2011-04-07,0.17381486,-0.45557076,-0.07436097,-0.04594945,0.2041981,0.13113892,0.4915071,-0.32837301,-0.7464493,0.31004885
2011-04-08,-0.10286197,-0.7741575,-0.5556784,-0.46302512,-0.31077054,-0.1004674,-0.13287447,0.22971937,-0.5949046,-0.49866882
2011-04-11,-0.0066203224,-0.54008704,-0.77257293,-0.37630582,0.4649809,0.17609735,-0.3699198,-0.26547483,-0.032456517,0.30001834
2011-04-12,-0.25559753,-0.05677605,0.17830728,-0.9484651,-0.62020326,-0.9914509,-1.1416498,-0.99786717,-0.9040115,-0.4289727
2011-04-13,0.30646005,-0.5333886,0.5120124,-0.1745698,0.44036132,-0.010709283,0.23749523,0.25699687,-0.5002187,0.13513301
2011-04-14,0.43431407,-0.20675197,-0.6356037,-0.6395539,0.13456978,-0.56779546,0.4695603,-0.15271755,-0.36485136,0.13499856
2011-04-15,0.52119863,-0.39431885,-0.8411494,-0.26996592,0.56086916,0.3695811,0.34380168,0.3416747,-0.25458094,0.2150081
2011-04-18,-0.08049793,-0.9037775,0.62162745,-0.83802056,-0.8622533,-0.3967472,-0.31212,0.030759411,-0.76600367,-0.9169917
2011-04-19,-0.20366158,-0.31566033,0.8960204,0.018388083,0.03553669,0.5128311,-0.3674163,0.011402216,0.2751249,-0.28617668
2011-04-20,-0.24116813,0.9903654,0.63760054,1.2546097,0.6223199,3.5343552,0.7452499,1.3637369,1.7463573,0.02858417
2011-04-21,1.4432266,0.068067566,1.1734122,-0.7169322,0.9636657,0.050379775,0.49352813,1.1608984,-0.16774927,-0.32064047
2011-04-25,-0.21237685,0.551415,0.2678313,0.052610368,0.10366797,1.0615027,-0.17350169,-0.17375398,0.04895129,-0.3879253
2011-04-26,0.35139614,1.3248636,-0.44919592,1.1799624,0.19157493,1.1613201,0.3920132,0.20713656,0.7428759,-0.16538723
2011-04-27,0.7681316,-0.9841113,-0.110697694,0.27615508,0.40193793,0.27008477,0.1767806,0.6107442,0.7270287,0.7037519
2011-04-28,0.17721908,0.3285406,-0.5600393,0.5812906,0.0379829,0.30628592,-0.32738632,-0.5325803,-0.6832034,0.4638832
2011-04-29,-0.07909476,0.65647537,0.4420335,-1.8379164,0.82597476,0.6243508,-0.06359931,-0.46174526,-0.08594158,-0.63979757
2011-05-02,0.58316934,0.19293813,-0.46594357,-0.69391894,0.46834102,-0.47307968,-0.6671355,0.017556822,-1.4519739,-0.03008619
2011-05-03,0.26831403,-0.42069796,0.23027208,0.19304083,-0.31214118,0.5624731,-0.3008604,-0.65987366,0.14819573,-0.106990926
2011-05-04,-0.85826004,0.19674723,0.15752165,0.4093655,-1.1564097,0.8050965,-0.013846617,-0.40759027,-0.47798482,-0.38389865
2011-05-05,-0.8327901,0.06201345,-0.46214247,-0.73339766,-0.7885759,0.16615573,0.21424657,-0.05616359,-0.43138266,-0.39937934
2011-05-06,0.39516526,0.23221159,-0.018137405,0.03882796,0.19044873,-0.6226663,0.1999817,0.21226807,0.57153434,0.5310376
2011-05-09,0.029386269,0.1255708,0.077500775,-0.1795479,0.30703053,-0.80537254,0.08483061,-0.020981286,-0.50422144,0.5954293
2011-05-10,0.46441448,0.52277726,0.14605965,-0.46688104,0.472504,0.45531377,0.10451707,0.090240985,-0.03338727,0.9503241
2011-05-11,-0.3474625,0.009195629,-0.23784766,-0.7984909,-0.8119373,0.64912325,-0.7065726,-0.3277115,-0.4458491,0.7755854
2011-05-12,0.9174147,-2.0346599,-0.0663453,-0.19196284,0.7801577,0.46674475,0.43168217,0.40039423,0.32463586,0.4747483
2011-05-13,-0.8591413,-0.093697056,-0.5092429,-0.7072393,-0.64404565,-0.52205753,-0.19844635,-0.23134251,-0.7917293,-0.6482989
2011-05-16,-0.4170922,-0.7284872,-0.7166218,-1.1453702,-1.2793443,0.37408164,-0.3593497,-0.39858013,-0.82069516,-1.2032328
2011-05-17,0.5628958,0.13968311,0.22590718,0.11079797,-0.31898084,-0.17357919,-0.5642036,-0.323049,-0.61695075,0.35869807
2011-05-18,-0.04800558,0.061483804,0.28791556,0.23910926,-0.07148684,0.5294733,0.8163341,-0.0174498,0.40970388,0.146635
2011-05-19,0.046588916,0.06263897,0.051351953,-0.06539266,0.72709477,-0.63798434,-0.29322863,0.5383853,-0.5453384,0.6425826
2011-05-20,-0.18039393,-0.3181777,-0.4635199,-0.63007814,-0.31377876,-0.58560324,-0.00047690736,-0.03338407,-0.7265202,-0.1546031
2011-05-23,-0.7370736,-0.46805304,-0.110368036,-0.85772187,-1.4579298,-0.6848937,-0.95327705,-0.8303293,-0.9198099,-1.1322398
2011-05-24,-0.12634689,-0.18182866,-0.19263314,-0.16593793,-0.18321003,-0.46315154,-0.2325426,-0.13595176,-0.2992845,-0.39027026
2011-05-25,-0.103510104,-0.19254193,0.5072365,-0.040728673,-0.09547438,0.097126946,0.21137016,0.57476634,0.3387248,-0.04311775
2011-05-26,-0.2274499,0.20761165,-0.2761923,0.9702683,0.5249936,-0.37786463,0.011962056,0.04058056,-0.71589273,0.49584752
2011-05-27,0.11977351,0.6355919,0.30305684,0.06951404,0.37421805,-0.5948128,0.46462044,0.040253047,-0.46575823,-0.34781122
2011-05-31,0.56582487,1.0245485,1.5590879,0.43784794,0.7040383,0.56651807,0.70844394,0.82940453,0.95139533,0.4092339
2011-06-01,-0.91079015,-1.2271286,-0.40097374,-1.5163311,-1.984335,-1.1406231,-1.8424078,-1.1574006,-2.215065,-0.6821244
2011-06-02,-0.17599507,-0.35214663,0.04156748,-0.6416603,-0.25396362,0.14117925,0.34550032,0.39411375,0.12921497,0.1552808
2011-06-03,-0.40488347,-0.68277365,-0.45460075,-0.88365024,-0.5879388,-0.7888434,-1.023264,-0.66576225,-0.67239547,-1.3167294
2011-06-06,-0.10990182,-0.025845217,-0.88408387,0.09874818,-0.22838074,0.16452993,-0.2840614,-0.5193722,-0.3053241,-0.5983108
2011-06-07,-0.4228711,-1.4051765,-0.9485232,-0.019536875,-0.5242507,0.42010194,-0.10527001,-0.07175662,0.34334165,0.19977725
2011-06-08,0.25432333,-0.60394436,-0.005773522,-0.41835818,-0.86796194,-0.5089538,-0.830982,-0.25394157,-1.005835,-1.0659652
2011-06-09,0.19687437,0.06563777,-0.1510738,-0.08995974,0.5238715,-0.1583525,0.28201684,-0.42434743,0.0695569,-0.054962706
2011-06-10,-0.6571088,-0.566608,-0.94556266,-0.7451041,-0.69702315,-0.84045744,-1.0900005,-1.0873038,-0.72099686,-0.78375524
2011-06-13,-0.0028850161,-0.15388893,0.069922924,0.64999664,0.63454896,-0.019414887,-0.6072315,-0.252881,-0.4043914,-0.040834084
2011-06-14,0.3720676,0.09681191,0.7771543,0.28423682,0.6034906,0.8176064,0.7586859,0.8225916,0.6021666,0.5637348
2011-06-15,-0.7145715,-0.732744,-0.9541019,-1.2883241,-1.3793603,-0.8698202,-1.0734249,-1.2601343,-0.49870425,-1.363142
2011-06-16,0.12644272,0.6858828,-0.22817086,0.4740699,-0.54037887,-0.033885267,-0.40562078,-0.9726828,-0.3977322,-0.49684682
2011-06-17,0.70972514,-0.21818055,-0.8279806,0.47615707,0.53961277,-0.5165708,-0.15253857,-0.3394705,-0.27849114,-0.5009978
2011-06-20,0.21138214,0.5513301,-0.5416673,0.34256503,0.96457225,0.24233975,0.016728757,0.52794045,-0.053649444,0.6485709
2011-06-21,0.46205387,1.1555074,1.2922428,0.5246031,0.9849629,0.59815913,0.979282,0.65435153,0.72604156,1.4472729
2011-06-22,-0.2193816,-0.41667563,-0.38678938,-0.38343748,-0.6427152,-0.52886564,-0.42944428,-0.43917766,-0.39598992,-2.8599408
2011-06-23,0.06263199,0.22829376,0.7063676,-0.100002594,0.18712883,0.39575845,0.30187044,0.38447803,0.2984688,0.3274568
2011-06-24,-0.3050826,-0.8927596,-0.3587952,-0.46792588,-1.2055268,-0.6130221,-0.45662495,-0.37188286,-0.6880161,-0.41013238
2011-06-27,0.62493503,0.26083657,0.47629234,1.1364834,0.3711385,0.18303338,0.16750878,0.20481479,0.47264284,0.76421654
2011-06-28,0.5889505,0.18781884,0.2738651,0.73147506,0.67740476,0.20014594,0.19584948,0.27235636,0.048337888,-0.12901895
2011-06-29,0.1083053,0.51496994,-0.11358081,-0.37157896,0.046559658,-0.1665277,-0.11784773,-0.0743374,-0.15992862,0.33112833
2011-06-30,0.34791234,0.8142795,0.119936675,0.65697044,0.5737414,1.3978343,1.1554385,0.8825653,0.914788,0.3738575
2011-07-01,1.0894046,0.75824475,0.6869516,-0.087461784,0.14961046,0.6528096,0.83070993,0.6950784,0.73393124,0.07814888
2011-07-05,0.3956016,-0.42557055,0.8471226,-0.14885758,-0.021527529,-0.2810814,-0.91298914,0.11503528,-0.68169385,-0.058330785
2011-07-06,0.94748014,-0.36153364,0.2559224,0.52594465,0.21781664,0.60125923,-0.1363942,0.33268034,-0.23857467,0.1641368
2011-07-07,-0.4470988,1.2579926,0.7299725,0.8428497,1.414167,0.98292744,0.86855346,0.32101828,1.1449292,0.6222264
2011-07-08,0.03908073,-0.5287037,0.26701906,0.16415097,-0.2810577,-0.38069767,-0.8846922,-0.0077690324,-1.0928193,-0.84653836
2011-07-11,-0.55188465,-1.0796133,-0.9401713,-0.82361966,-1.2316735,-0.61375374,-0.6940458,-0.8881684,-0.46355358,-0.9191301
2011-07-12,-0.33213106,0.64403224,-0.118433796,-0.36667183,-0.9100247,-0.9818115,-1.855833,-1.3430582,-1.1810869,-1.0306488
2011-07-13,0.14128421,-0.07104625,0.5525401,0.041362412,0.12761964,-0.009015182,-0.42783684,-0.40599963,-0.74115855,-0.4897412
2011-07-14,-0.0023039223,-0.46001583,-0.114859596,-0.5237945,-1.0829622,-0.55430424,-0.4770648,-0.96862274,-0.6548315,-1.1975054
2011-07-15,0.5164667,0.5681289,0.95727867,0.53680044,0.045564227,0.16143328,0.1141582,-0.05863987,0.5132774,-0.11696392
2011-07-18,-0.07043432,-0.47757626,1.1768047,-0.57893205,-1.0043415,-0.2689727,-0.56904405,0.15634866,-0.58774084,-0.85660154
2011-07-19,3.636852,0.74876404,0.36315387,1.909961,1.7674603,1.6023909,1.3747659,1.2002443,1.0952739,0.94131476
2011-07-20,-0.5332568,0.5774478,1.2951791,-1.2036777,-0.9242699,-0.21967272,-0.344067,0.14780143,0.011352814,-0.40694234
2011-07-21,0.47416782,1.7648888,-0.012963642,-0.06519834,0.6068915,-0.45605835,0.5518614,-0.35356712,0.6871614,0.59958726
2011-07-22,0.12708148,0.3899365,0.7292554,0.78253114,0.10998093,0.6357055,0.21738288,0.2943471,0.6106608,0.22359662
2011-07-25,-0.504361,-0.5486273,0.61204106,0.6625038,-0.5672191,-0.28451803,-0.50747037,-0.5648387,-0.24405453,-0.13517654
2011-07-26,-0.25652683,0.06632033,0.57501996,0.20823881,-0.11169677,-0.32816848,0.10828124,-0.2939907,-0.086601354,-0.05423611
2011-07-27,-0.5481226,-1.8941348,-1.4596243,-1.7467457,-2.3442662,-0.85925835,-1.8330708,-1.5760015,-1.5578598,-1.7780571
2011-07-28,0.17347705,1.0207142,-0.15277883,0.67770743,-0.0835728,-0.0061690873,-0.25095597,0.22111034,-0.6025005,-0.7737935
2011-07-29,0.021794196,-0.0847277,-0.22414742,-0.8054323,-0.1602441,-0.479524,-0.5907281,-0.25971213,-0.60309255,-0.51599383
2011-08-01,-0.39906028,-0.3790458,0.7455354,-0.40605906,-0.7267768,-0.21281686,0.16626106,-0.6151016,-0.05379478,-0.09151065
2011-08-02,-0.9842444,-1.087742,-1.075205,-1.130654,-0.8881691,-1.0842702,-1.2245815,-0.9884066,-0.90302706,-1.0568105
2011-08-03,0.28582576,0.12653899,0.43895626,0.11621931,0.9551042,0.5686448,0.26259646,0.4866358,0.33979684,0.5227776
2011-08-04,-2.733409,-2.0168028,-1.6954031,-2.2062023,-1.9879597,-1.9454213,-2.1089804,-2.1011462,-2.4997077,-2.0291276
2011-08-05,0.51205564,0.38986194,-0.28510922,-0.6459878,-0.7867938,-0.1391579,-1.0860221,-0.26231495,-0.21178745,-0.8916459
2011-08-08,-2.2138546,-2.9938872,-1.5704491,-2.5862794,-3.4820054,-1.3347114,-1.5078161,-3.0172894,-1.2271808,-2.90009
2011-08-09,1.3346142,0.34973598,1.7949595,1.7627662,2.0024831,0.82291156,1.0945287,1.5927454,0.91103256,1.211813
2011-08-10,-2.384082,-0.7474641,-0.8294196,-2.152115,-1.3760462,-1.0516748,-0.66784465,-1.5513706,-0.5316787,-2.5497303
2011-08-11,1.4022611,5.978393,0.84392583,1.7484685,1.619855,1.4862189,1.0357046,1.5373743,1.3151848,1.8709315
2011-08-12,0.5078275,0.2258341,0.23433816,-0.30318752,-0.48703536,-0.23221217,-0.20521949,0.6437311,-0.45932254,0.13567878
2011-08-15,1.7975463,0.14968204,0.58449084,0.7627893,0.36380702,0.45077154,0.44200528,0.533655,0.80727863,0.9536591
2011-08-16,-0.6670515,-0.0531389,-0.40995917,-0.13659412,-0.14076567,-0.24531175,-0.9376657,-0.2538789,-0.72441715,-0.06376932
2011-08-17,0.079007246,-0.3991658,-0.027868303,-0.35142553,-0.18796894,-0.27575916,-0.037625015,-0.14267091,-0.2855606,-0.15489802
2011-08-18,-2.9864905,-2.545835,-2.0270188,-1.4628817,-4.0006905,-1.9994398,-2.640208,-2.7615736,-2.3067315,-2.3825321
2011-08-19,-2.4950483,0.243814,-0.7863914,-1.4874544,-0.7177676,-1.233878,-0.9623791,-1.3132939,-0.6741591,-1.1317405
2011-08-22,0.5337111,-0.16937481,0.020089325,-0.27228513,0.4173967,0.36532223,0.50492346,-0.18652092,0.05461983,0.83695453
2011-08-23,2.0267522,1.2823318,1.2688855,1.4659007,1.7757205,0.6468741,1.6430727,1.2942348,1.8557302,1.0563328
2011-08-24,0.91792053,0.09346535,0.18497027,0.26411405,0.73263425,0.15738049,-0.2407642,-0.018018372,-0.35176432,0.5429896
2011-08-25,-0.46839952,-1.1268721,-0.33245352,-0.88571036,-1.352677,-0.8668731,-1.3859929,-0.97691345,-2.039564,-0.45007655
2011-08-26,1.389152,0.7794291,1.2695934,1.4125487,1.2731394,0.7412649,0.3236,1.6914299,0.821536,1.1902407
2011-08-29,1.3208874,1.2978256,0.7269698,1.1642458,2.0376663,1.0994021,1.0344144,1.6009392,1.3580444,1.6915182
2011-08-30,-0.043208584,-0.29587075,-0.03552653,0.7130597,-0.0907896,-0.16753325,0.027947674,0.17496674,0.01840521,-0.6002222
2011-08-31,-0.20623459,0.16734946,-0.7464175,0.67622894,0.345814,-0.32767785,-0.021229526,0.09174294,-0.44878575,0.06521547
2011-09-01,-0.5887318,0.5119903,-0.56836444,-1.0103303,-0.42562318,-0.38600573,-1.1855385,-0.42535457,-1.0364251,-0.8589985
2011-09-02,-1.2861079,-1.3398525,-1.0181551,-1.0879879,-1.6571918,-0.94504994,-0.9585829,-1.2421707,-0.91617,-1.1854568
2011-09-06,-0.71987015,-0.39384872,0.721076,-0.8117873,-0.9170414,-0.30262917,-0.35720038,-0.2883566,-0.7349932,-0.7891761
2011-09-07,0.886618,1.9682338,0.51201475,0.966424,2.0686767,1.2519053,1.7517747,1.800617,1.4929359,2.805824
2011-09-08,-0.8069703,1.4481008,-0.05181171,0.348119,-1.8317246,-0.5369378,-0.20562692,-0.19850904,-0.9889441,-0.62949896
2011-09-09,-1.5509648,-1.5295906,-0.9774869,-1.2591909,-1.4537023,-0.57879543,0.47997728,-1.033013,-0.5465486,-0.68488944
2011-09-12,0.44937626,0.9057308,0.27394798,0.19251144,1.4255342,1.3671579,0.3204367,0.7340481,0.4090732,0.9892455
2011-09-13,0.44812283,0.91196144,0.56572956,0.18869331,1.8851008,1.1261753,0.6398191,0.6656975,0.5184071,-0.06587147
2011-09-14,1.5718132,-0.029925007,0.55790156,0.89307076,0.7987309,0.80760384,1.0721936,0.51008475,0.7681042,1.0517249
2011-09-15,1.1370833,1.1031251,0.4197436,0.931848,1.4143676,0.9140075,0.7175055,0.3543108,1.4241604,0.60489565
2011-09-16,1.1548731,-0.12490802,0.917094,0.13127412,0.48888224,0.9359625,0.15249354,0.100470014,-0.44252607,-1.1155171
2011-09-19,0.07158566,-0.29903513,1.3597219,0.046641935,-0.37722963,-0.14170547,-0.24078307,-0.25001588,-1.3079305,-0.46250522
2011-09-20,0.61557126,0.09530558,0.17571004,-0.6410391,-1.1650953,0.52788436,-0.307136,-0.5417072,-0.451428,-1.1426728
2011-09-21,-0.6296664,-2.0530286,-0.21669528,-2.3124995,1.9591044,-0.5941948,-1.1465224,-1.2852594,-1.1198217,0.42059636
2011-09-22,-1.677235,-1.6881673,-1.3755407,-2.3189955,-2.1695533,-0.8008667,-1.2053012,-1.4362793,-1.9959084,-1.1100932
2011-09-23,0.25684568,0.85993564,0.17879732,-0.1296661,0.80537695,0.9888174,1.5110215,0.123109,0.7604248,0.97395897
2011-09-26,1.9448516,1.1515152,-0.14765051,0.7075052,1.1941543,0.11872489,0.24495083,0.15059341,-0.870261,0.408991
2011-09-27,1.1867539,0.27028877,-0.5293091,0.37368852,0.6137381,0.5468676,0.9593883,0.9144548,1.4522829,0.7188934
2011-09-28,-0.058767453,-0.64776564,-0.33021542,-0.33829567,-1.0707644,-0.49025705,-1.1551126,-0.69805944,-0.755879,-0.80881476
2011-09-29,0.5582331,0.06350141,-0.49183065,-0.40280625,0.25266105,-0.21222572,-0.24773961,-0.84220964,-0.04809497,-0.23916931
2011-09-30,-1.5773958,-0.9880215,-0.8479539,-1.3549117,-1.3755902,-1.6942697,-0.8817519,-1.3618066,-1.0436484,-1.4845945
2011-10-03,-0.58968186,-0.85453266,-0.49836951,-0.8798916,-1.1803663,-1.3866131,-0.31783602,-0.88214326,-1.9564708,-1.6404507
2011-10-04,0.5754636,1.5682514,-0.35394305,1.773642,1.347452,1.3682595,1.3583257,1.4567939,1.6370034,1.4826043
2011-10-05,0.8199113,1.9582071,0.72522056,1.1222427,1.442078,1.4023783,1.5933311,1.0372839,1.1809038,1.1819574
2011-10-06,1.8146473,1.9308577,-0.18706168,0.87127,0.9599546,0.34806326,0.16421092,-0.0050546215,0.5332194,1.1742975
2011-10-07,0.29010335,-0.25777423,-1.1380093,-0.36499792,-0.19784383,0.5292989,1.028265,-0.61587435,-0.24053198,-0.122473754
2011-10-11,-0.5584316,-0.2885601,1.4568048,-0.027183315,-0.090875275,0.1716321,-0.34741127,-0.4407174,-0.19875534,0.12119421
2011-10-12,0.45127004,0.8904372,0.16453376,-0.25555125,0.29403156,0.21040116,0.09728157,0.23440395,1.0914507,0.043807052
2011-10-13,0.2894688,0.5819426,0.73286813,0.32998604,0.030898746,0.5210018,1.0998034,0.9287102,0.92257124,-0.18176329
2011-10-14,1.338135,0.43492967,1.6277376,0.041624803,1.169102,0.17065808,0.7924918,1.2063465,-0.015104188,1.7725939
2011-10-17,-1.3597631,-1.1323254,-0.31684902,-0.7934613,-1.0495514,-0.54262245,-1.1674483,-1.1220822,-0.8421715,-1.027705
2011-10-18,-2.789276,1.102617,0.20490848,0.5722029,1.0783926,0.19236611,1.0384417,0.6264373,0.88266736,0.9062355
2011-10-19,-0.54600793,-1.0929748,-3.147145,-0.56576043,-0.6942266,1.733147,-1.0583868,-1.6257943,-0.7255286,-1.414356
2011-10-20,-0.024238829,0.12911227,-0.5005369,-0.35304636,0.048404586,-1.3965749,-0.5154994,-0.5606062,-0.6304359,0.08131729
2011-10-21,1.6266662,0.59788793,-0.3779948,0.11119931,0.9184732,0.8046105,0.75354236,-0.081959516,1.199511,2.030748
2011-10-24,0.25258943,0.52003556,1.6030948,-0.08813695,1.1823922,1.0935627,1.8506138,1.1776488,0.75333023,1.4709013
2011-10-25,-0.6848161,0.29310128,-1.1537971,-1.023057,-0.8659262,0.0039825877,-1.1602393,-1.115226,-0.67313015,-0.6541365
2011-10-26,0.6449839,0.0049917223,0.29115805,-0.66528195,0.027602417,0.068030104,0.0122520765,-0.6684347,0.19240771,-0.10305903
2011-10-27,1.4274795,2.437482,0.45988953,1.3003367,1.943969,0.797227,1.4601835,1.4517748,2.283469,0.83610857
2011-10-28,0.58154535,0.37602293,-0.03169763,-0.7436607,0.028161185,-0.36216417,-0.519434,-0.31704378,0.17605068,1.0615157
2011-10-31,-0.9799384,-0.04500397,-0.074334085,-0.9058346,-1.3706889,-0.88678193,-1.1781976,-1.4273477,-1.0664048,0.5661035
2011-11-01,-1.1573377,-2.6055145,-1.1213329,-1.5769364,-1.6973946,-1.3366326,-1.38172,-1.3119222,-1.4409189,-1.2884755
2011-11-02,0.9656013,0.8226344,0.047460858,-0.10992903,0.9528573,-0.17363134,0.28271967,1.5851718,0.3278741,1.2020402
2011-11-03,1.2417902,1.0191159,0.66431355,1.0275953,1.3194311,1.1211203,1.6274788,2.957203,0.9986934,1.2497293
2011-11-04,-0.2997557,-0.39665988,-0.42685106,-0.78080004,-0.89574724,-1.0176749,0.97186434,0.20336546,0.113260716,-0.58806354
2011-11-07,0.35810524,-0.022315038,-0.13045827,1.0775566,0.48745057,1.0611355,-0.42918116,0.223532,-0.119819306,0.17448793
2011-11-08,0.26956794,0.9152027,0.7672085,0.64081156,1.146987,0.90269786,-0.007858206,-0.0062131207,0.6728911,0.7443979
2011-11-09,-1.7637885,-1.9942759,-1.4709352,-2.2825878,-3.2013426,-1.9235764,-1.9394426,-1.3043206,-1.7516216,-3.6704292
2011-11-10,0.43470925,3.009996,-1.4132562,0.02591003,0.21521717,0.39897925,0.43628886,-0.23799497,0.28670767,-0.110405765
2011-11-14,0.022105725,-0.19574015,-0.81851137,-0.49835563,-0.13689621,-0.5299517,-0.5638255,0.269046,-0.7073253,-0.3536108
2011-11-15,0.54795814,0.56825876,1.2415346,0.24572963,1.0839854,1.3779624,-0.05050209,0.13778268,0.23971021,0.36922145
2011-11-16,-0.7472714,-0.91238236,-0.6489289,-1.7100092,-1.6614609,-0.893558,0.4501951,-0.46859378,-0.6406698,0.08878389
2011-11-17,-0.30326846,-0.92609173,-1.1437281,-1.4120042,-2.091157,-1.2817934,-1.7236058,-0.46860033,-3.1840718,-1.5129437
2011-11-18,-0.14958687,-0.14751856,-0.45245865,-0.74487185,-0.4266878,-0.18641362,-0.58452713,-0.6287486,-1.1467227,-0.96267074
2011-11-21,-1.3634808,-1.2471331,-0.9278418,-0.8858701,-1.2604238,-1.621465,-1.401827,-0.99238205,-1.0581213,-1.0319141
2011-11-22,-0.029233802,-0.21514402,0.98572654,-0.6822163,-0.21173985,-0.79787225,-0.931573,0.08164915,-1.298311,-0.6007902
2011-11-23,-1.2636327,-1.5937046,-1.4644285,-0.959102,-1.5424782,-1.2790112,-1.3328621,-2.0401194,-1.4985015,-0.7785021
2011-11-25,-0.3098098,0.3263113,-0.5867205,-0.5890556,-0.51649714,-0.010448037,-0.29826137,-0.22199582,-0.28735274,-0.24300565
2011-11-28,1.9791095,1.6279459,1.7120552,1.2411959,2.0652938,1.5490717,1.5324602,1.565933,0.87699556,1.4366986
2011-11-29,-0.4425895,-0.9926927,-0.49605194,-0.23594853,-0.25853008,0.18630098,-0.13780096,-0.7362439,-0.6846283,-1.0532955
2011-11-30,2.5237978,2.6337366,1.1957176,1.5612246,2.5298235,2.509078,2.2348928,1.2543863,1.9611335,2.2043545
2011-12-01,0.513821,-0.121937856,0.7352751,-0.8252856,0.46341637,-0.02785052,0.12561053,-0.14883354,-0.12397823,-0.47737294
2011-12-02,0.08011343,-0.043166135,0.1937007,-0.27861148,-0.72870046,-0.5575642,-0.3992478,-0.40289018,0.13741578,-0.07419577
2011-12-05,0.4245878,0.6793416,0.38258556,0.9559806,1.078426,0.65925354,0.36086494,0.026137004,0.5131429,1.268115
2011-12-06,0.74096227,-0.1280195,-0.32965848,-0.24108134,-0.28793976,0.602212,0.25464848,0.17378478,0.28573936,0.056182515
2011-12-07,0.3900707,0.7150396,-0.30064455,-0.2809497,-0.31196126,0.51986164,0.33559045,-0.39162853,0.4960805,-0.18279853
2011-12-08,-0.82761306,-1.0642796,0.15966669,-0.59992886,-1.2633443,-1.8074936,-1.1726782,-0.39430168,-1.3329921,-0.7918752
2011-12-09,1.0252601,0.84841484,0.3440679,0.5378914,1.4512649,0.5136607,-0.009365313,0.7811134,0.97886413,1.0269085
2011-12-12,-0.79658663,-0.87850004,-0.28782585,-0.57322985,-0.584275,-1.9501065,-1.2878728,-0.40703687,-2.6232383,-1.05898
2011-12-13,-0.33194554,-0.13011017,-0.45846304,0.4246031,-0.81310207,-0.95982265,-1.213221,-0.5499821,-0.16480497,-0.6844338
2011-12-14,-0.8299978,-1.4391257,-1.2555583,-0.559067,-1.7180148,-0.61940664,-0.6726037,-0.93666863,-0.7609093,-0.873823
2011-12-15,-0.41175064,0.21921411,-0.24999638,-0.23032947,-1.5494559,-0.07216911,0.7691339,-0.52154005,-0.65036994,-0.13716105
2011-12-16,-1.3703424,-0.25954974,0.21521376,0.86276525,0.3052646,-0.23938192,0.26304832,-0.03941513,0.47774565,2.9320173
2011-12-19,-0.21798785,-0.71336997,0.09238936,-1.2445453,-1.1076449,-0.35079885,-1.2913526,-0.6407658,-0.8952082,-1.1814785
2011-12-20,1.6021823,2.1963255,1.7696049,1.0060359,1.0103432,1.5389359,2.3859582,1.644494,1.081273,1.5470594
2011-12-21,-2.0742266,-1.4404317,-0.01041543,-0.7874966,-6.6593,-0.41690385,-1.425127,-0.5681736,-0.9685199,-0.82766974
2011-12-22,0.21415754,0.59919554,0.23124218,-0.030171273,-0.16941188,0.6052861,1.423688,0.6182981,1.1984496,-0.15146281
2011-12-23,0.98605055,0.96151847,0.56425923,0.34948638,0.6840492,0.6936463,0.31920463,0.10434224,1.0226327,0.60723245
2011-12-27,0.08903708,0.33352834,0.35294786,-0.124672234,-0.8441296,0.25960866,-0.19625548,0.095679194,-0.048790336,0.30485442
2011-12-28,-0.3205125,-1.1335902,-0.5541265,-0.64890486,-0.25517872,-0.7186245,-0.93513066,-0.5019543,-0.8915696,-0.78735924
2011-12-29,0.8159298,0.30077806,0.2488717,0.30530572,0.5761834,0.5981062,0.40579194,0.30485207,0.1465552,0.45521218
2011-12-30,-0.80023646,-0.46965683,-0.088235654,-0.2957401,-0.32787117,-0.6959945,-0.41696578,-0.20091172,0.029574487,-0.093754604
2012-01-03,0.89311856,1.7968194,0.722365,1.6744399,0.40656093,0.53348815,1.0160497,0.3478853,-0.12514246,0.4621892
2012-01-04,-0.24874713,1.1187212,0.19388497,1.2503647,0.29192966,1.0868711,-0.3478436,0.3467358,0.14174652,-0.54439706
2012-01-05,-0.287479,-0.16432297,0.5027997,0.45263004,1.1559013,0.51645577,0.3047321,0.08636007,0.18180607,0.3078831
2012-01-06,-0.7381865,-0.16113187,0.47032338,0.76435184,0.64686793,-0.3651272,-0.03821805,-0.01246469,0.595144,0.36421183
2012-01-09,-0.31808633,0.37554303,-0.15209375,-0.94698596,0.29378113,0.37273708,0.5704395,-0.2740073,1.1351025,-0.3360638
2012-01-10,-0.07473137,-0.35662937,0.11745535,0.060003005,-0.13389336,0.17174554,0.7631325,-0.20789818,0.85064507,1.0490036
2012-01-11,0.39694828,0.7104495,-0.15311472,-0.412544,-0.17359833,0.34704036,0.055422094,-0.18518084,0.30380103,0.16491789
2012-01-12,-0.621069,0.26218915,-0.2153619,0.44520068,0.5297843,-0.16753568,0.95524573,0.44510126,0.23028398,-0.17170562
2012-01-13,-0.48463434,-0.21131557,-0.2587724,0.37472752,0.30463654,-1.2620064,-0.67994905,0.068412125,-1.1500602,-0.4345969
2012-01-17,0.3433128,0.74198765,0.53109837,-0.13628384,0.5990477,-0.2728163,0.14921573,0.35605943,0.9087744,0.59001327
2012-01-18,0.43721658,0.694822,0.46465397,-0.22674948,1.2961403,0.637695,3.953807,0.24516957,1.086562,0.86091113
2012-01-19,-0.172777,0.7266283,-0.23983237,-0.39240718,0.39253032,0.4104397,0.10567314,0.21119283,0.55704635,0.525635
2012-01-20,2.9044108,0.3840945,-0.977976,3.123811,0.25584698,1.3903316,-0.293651,-0.2832063,0.44746047,0.3716915
2012-01-23,0.51779157,-0.1867429,0.8298544,-0.10465927,-0.56036335,0.52854246,-0.6541821,0.21883522,-0.9077599,-0.41699636
2012-01-24,0.67582333,0.010576358,-0.9190601,-0.90087956,0.17555031,0.27648607,-0.95548457,0.29763198,0.2087186,1.0105704
2012-01-25,-0.061115958,0.059203718,3.1553626,0.28901827,-0.022288503,-0.044312116,0.34635714,0.13339292,0.07687349,0.5258882
2012-01-26,-0.2628657,0.03488986,-0.22211832,-0.24762315,-0.37071198,-0.27196747,-0.6182806,-0.95256734,0.041099325,-0.2540149
2012-01-27,-0.17302316,-0.6239358,0.26848772,-0.6695702,0.19225077,-0.076916866,0.54163724,-0.10924132,-0.64104414,-0.20978436
2012-01-30,0.71042,0.034944423,0.6180974,0.60547453,0.28281575,-0.030298637,-0.6450111,0.5281577,-0.653958,-0.095861085
2012-01-31,0.04958308,0.26319227,0.34319904,-0.30349898,-0.69238526,-0.6206525,0.2458589,0.046399944,0.650622,-0.095777854
2012-02-01,0.021853946,0.41212562,-0.08587348,0.5607839,1.1276944,0.18079233,0.6377854,0.4438191,0.86460966,0.3884116
2012-02-02,-0.36561447,0.034848332,-0.1703691,-0.025751354,-0.13675511,-0.14603983,0.2329573,0.7459869,0.13707228,0.04473012
2012-02-03,0.7144456,0.7202081,0.46122676,0.4095691,0.44527483,0.71849823,1.1004312,0.13854481,0.3820992,0.7527116
2012-02-06,-0.27332652,0.27276072,0.44547883,-0.21641225,-0.20004173,-0.07606096,-0.4634554,-0.08733813,-0.65496653,-0.012234538
2012-02-07,0.18759666,0.058798917,0.5037935,0.14401169,-0.10377223,-0.1807648,-0.28189573,0.24396427,0.3268922,0.55126446
2012-02-08,0.12431697,0.5781232,0.83197147,0.44329938,-0.3801095,0.31012693,0.5194539,-0.15053828,0.7248615,-0.27211517
2012-02-09,0.07420018,-1.0115864,1.7267648,0.06376159,0.24863106,-0.03159294,-0.10758488,0.23455824,0.25583863,0.72565895
2012-02-10,-0.22393893,-0.21629702,-0.02903032,-0.66277015,-0.6922511,-0.33944848,-0.6480209,-0.2366333,-0.5889254,-0.6274053
2012-02-13,0.088023394,0.365208,0.89305884,0.0055316635,-0.14158355,-0.055554856,-0.17980449,-0.08393745,-0.14999706,0.1696341
2012-02-14,-0.11147761,0.14045906,0.63453066,-0.40719393,-0.3642767,0.08673442,-0.09596476,-0.108788796,-0.27863792,0.10232447
2012-02-15,0.039837744,-0.39358142,-1.2881037,-0.55302215,-0.5060825,-0.44856682,0.23631503,-0.1750125,0.009836502,0.0025614481
2012-02-16,0.29421583,0.78178716,0.40171883,2.2585757,1.7703071,0.40736765,0.67426175,0.38035223,0.8957201,0.54514116
2012-02-17,0.16479169,0.29802248,-0.076780215,-0.2305148,-0.30709672,0.9391374,-0.49162176,0.08078534,-0.7808851,-0.18075778
2012-02-21,0.013572168,0.21396466,1.2270162,0.20717654,-0.10673425,-0.44105265,-0.47726068,0.08614141,-0.73003584,-0.31608284
2012-02-22,0.19368738,-0.5980045,-0.25252262,-0.47943345,-0.3667824,-0.8756561,-0.5016652,-0.2408395,0.52727723,-0.32848182
2012-02-23,1.2998967,0.3281026,0.2679378,0.03501486,0.45856747,-0.20007372,0.4835432,0.5517907,-0.60279274,0.8904376
2012-02-24,0.08362764,-0.20834199,0.531539,0.05112106,0.794442,0.004252623,-0.036672853,-0.13137683,-0.44466665,0.6100484
2012-02-27,-0.045132764,0.120844916,0.24774024,-0.4209074,-0.009266317,0.2775409,-0.3434947,-0.17070852,-0.40787515,-0.2459453
2012-02-28,0.19376355,0.120671906,0.88250273,0.8356722,0.21822374,0.5798685,0.86094,-0.5081985,0.0117869945,-0.034472097
2012-02-29,-0.394031,-0.83665025,0.60783005,-0.40528765,-0.2749962,-0.7529792,-0.5713583,-0.27701902,-1.1196496,-0.5783123
2012-03-01,0.3165239,0.036797173,0.10952048,0.88019735,1.0536399,-0.11754186,-0.299499,0.2087654,-0.119223915,0.28272903
2012-03-02,0.48152867,-0.30394158,-0.019541817,-0.56309783,0.21418336,0.035216115,-0.5540804,-0.20542839,-0.15286393,0.9030742
2012-03-05,0.6598217,-0.41211247,-1.2548448,-0.69065243,0.4813368,-0.8035752,-0.97863865,-0.30039188,-0.73327476,-0.7675486
2012-03-06,-1.1305398,-0.30504164,-0.37196597,-0.6220092,-0.56310314,0.0595621,-0.14188766,-0.4582555,-0.15469173,-1.8784307
2012-03-07,0.2103838,-0.1638027,-0.0403845,0.3727081,0.4842711,0.499831,0.76285446,0.70082396,0.22129773,0.6088932
2012-03-08,0.7396052,0.8111767,1.0355504,0.15918255,-0.29501855,-0.21126609,-0.11001625,0.31781757,0.21827564,0.93419284
2012-03-09,0.3068345,0.37223715,0.22887734,-0.19875538,0.087133706,0.36431804,-0.53100747,0.31723768,0.5189386,0.82835454
2012-03-12,0.16109417,0.120269954,0.5768403,-0.06657468,-0.7775059,-0.22569048,-0.5817531,-0.13737676,-0.052898187,-0.14461188
2012-03-13,0.9659278,1.1159112,1.4381937,1.0165687,0.738685,0.8682164,0.5403091,0.5676966,0.31170037,0.9186002
2012-03-14,0.34411603,-0.017899618,1.8762841,0.023829054,-0.5414948,-0.12957652,-0.4596975,0.082865424,0.04566103,-0.6698316
2012-03-15,0.44800666,-0.7480998,-0.4311106,-0.01145472,0.37176308,0.46646833,1.1102976,-0.021694962,0.7301649,0.53160584
2012-03-16,0.029155858,0.35102102,-0.06397377,-0.60615474,-0.5709975,-0.09892607,0.30822065,0.04066442,0.01017434,-0.49677038
2012-03-19,-0.067618005,0.3220275,1.2852669,-0.88413596,0.01678478,-0.04414932,1.1258373,0.7660308,-0.054378524,0.8978254
2012-03-20,-0.44770822,1.1511947,0.34967843,-0.5428231,0.57250834,-0.046109736,-0.40647918,-0.087811455,-0.4749011,-1.8649453
2012-03-21,0.16669725,-0.14174265,-0.35821673,-0.30006877,-1.2088518,-0.007682784,0.0033746809,-0.29147887,-0.054162286,0.5214253
2012-03-22,0.28755692,-0.2770471,-0.3416966,0.012856689,-1.4276589,0.15170248,-0.29553726,-0.17562099,-0.31474736,0.18186685
2012-03-23,0.0014330551,0.3860423,-0.3349889,-0.12234832,-0.15386446,-0.07450266,-0.14674085,0.15895501,0.04031554,0.10428808
2012-03-26,0.73963916,0.77097416,0.9003629,0.89880073,1.0011442,0.4663675,0.8292282,1.1219885,0.7683211,0.7390093
2012-03-27,-0.17786919,0.19742839,0.60046554,-0.26642773,0.2866918,-0.045369044,-0.19978674,-0.1568798,-0.5248687,0.26828304
2012-03-28,0.050164383,0.4370446,0.21186164,-0.74029976,-0.0029899282,-0.7092231,-0.78063667,-0.32462776,-1.2477553,-0.24218915
2012-03-29,0.3210431,-0.08128954,-0.7135388,-0.26995495,-0.11926893,0.5486356,-0.23189126,-0.2135865,-0.021465534,0.0008402595
2012-03-30,0.09470399,0.2911045,-0.49671063,0.10679773,-0.23378837,-0.08584091,0.48004466,-0.012307101,-0.17523414,-0.24531099
2012-04-02,0.18489853,0.110803075,0.96656406,-0.06498118,0.42924127,0.32466075,-0.40724748,0.055859808,0.061686162,0.3896979
2012-04-03,0.007279702,-0.61654496,0.8147189,-0.7551457,-0.24141715,-0.45418042,-0.9172284,-0.21427265,-0.9193959,-0.52497774
2012-04-04,-1.0851072,-0.99516,-0.32963338,-1.4147593,-0.3723901,-0.3026977,-0.61538607,-0.553556,-0.6618885,-1.1273912
2012-04-05,-0.19257927,-0.28428027,0.57412505,0.41718185,0.56960404,0.17769738,0.3588135,-0.21932295,-0.18260808,0.13984774
2012-04-09,-0.16038607,-0.5931196,0.16372357,-0.91757876,-0.818528,-0.55381066,-0.48834428,-0.5392648,-0.6612568,-0.51316077
2012-04-10,-0.824429,-1.0011346,-0.69260055,-1.3419964,-1.1531433,-0.586735,-0.692261,-0.2724832,-0.46721876,-0.846473
2012-04-11,0.09010706,1.1879835,-0.23664284,-0.3704842,-0.37550882,0.616489,0.38674158,-0.09383372,0.49380547,0.51193833
2012-04-12,0.8944876,0.13322766,-0.33836636,1.0497829,0.9343622,0.9955803,0.69853497,1.2557616,0.42164296,0.69203717
2012-04-13,-0.7993203,-0.47872993,-1.551489,-0.46206984,-0.25555566,-0.68351746,-0.5040823,-1.1534115,-1.0026994,-0.51381856
2012-04-16,-0.011858241,-0.26445195,-2.26072,0.3629154,0.11603536,0.48167533,-0.011378967,-0.36416423,0.1198535,-0.46627468
2012-04-17,1.5330138,0.92154765,2.510264,0.5273239,1.0811535,0.04708677,0.79135704,0.5349945,0.49636847,1.2988375
2012-04-18,-2.3398554,-0.015416423,-0.17364772,-0.71317154,-0.27704963,-0.95577836,-0.12538107,-0.24217737,-0.7060406,-0.6247704
2012-04-19,-0.18374178,-0.3453294,-1.8592013,-0.39403805,-0.22525738,-0.50871354,-0.15398338,-3.0017807,-0.017404692,-0.685087
2012-04-20,0.05032344,0.035402972,-1.3418876,2.4650798,-0.24413295,-0.21492861,-0.28402093,-0.30160573,-0.43404087,0.19317162
2012-04-23,-0.30057845,-0.56478965,-0.17657883,-0.69991434,-0.7292366,-0.32880914,-0.8900825,-0.5605938,-0.7570847,-0.6309357
2012-04-24,0.479937,-0.65297633,-1.1006702,-0.5202338,0.3574194,-0.31310838,-0.8311734,0.11622014,-0.4081712,-0.3312963
2012-04-25,1.1893665,0.22199498,4.315161,0.36508763,0.30168512,0.9261018,0.8714138,0.8563433,0.44798857,0.98577577
2012-04-26,0.66733754,0.32302925,-0.2535053,-0.3140778,0.24325718,0.56964666,0.18140517,0.34363747,0.95935315,0.1516612
2012-04-27,0.41533104,1.0238895,-0.46016616,-0.3896153,0.3656534,0.21913293,0.28402185,0.088824674,0.22252306,0.40781003
2012-04-30,0.11092155,0.50308204,-1.7145947,-0.07788359,0.26254633,-0.026488954,-0.37910575,-0.31937575,-0.2239804,-0.06543111
2012-05-01,0.31817228,-0.43326774,-0.22780696,-0.17094955,0.27941337,0.89459926,-0.1728608,-0.21405487,-0.53660417,0.2739542
2012-05-02,0.043673575,-0.33010983,0.2765651,-0.5413053,0.22449045,0.3318193,0.31664643,0.30709016,-0.26084623,-0.03812498
2012-05-03,-0.23490784,-0.2824535,-0.43252158,-0.22756934,-0.5953481,-0.77581835,-1.0879066,-0.54284143,-1.077471,-0.6263982
2012-05-04,-0.69934773,-1.5102321,-1.5505618,-1.6001669,-1.6764952,-1.1677388,-1.2357383,-1.2098701,-0.98246986,-0.980493
2012-05-07,-0.39242154,-0.06566512,0.34866226,-0.75604,-0.8375948,-0.26909602,-0.010422337,-0.08738256,-0.40801832,-0.14760485
2012-05-08,-0.45506015,-0.9050589,-0.16602466,-0.42257783,-0.006204786,-0.679156,-0.010432693,0.42570803,-0.19413036,0.17665434
2012-05-09,-0.0713054,0.21680064,0.043555573,0.3483885,-0.278776,-0.3501561,-0.08440927,-0.55013454,-0.37752602,-0.22782008
2012-05-10,-0.19479872,-5.3759127,0.074007675,-0.18100642,-1.3516892,0.037687175,0.22701213,0.23190287,-0.15967087,-0.8459723
2012-05-11,0.19682084,-0.8436275,-0.4018015,0.6428858,-0.056621864,0.60876834,-0.099037774,-0.5233526,-0.38044292,0.36013255
2012-05-14,-0.5542891,0.62579876,-0.8412831,-1.0453395,-0.092157185,-1.0866778,-0.20372288,-0.3723493,-0.19756812,0.01643934
2012-05-15,-0.11650124,-0.47232807,-0.5254812,-0.6643214,0.1614421,-0.29623428,-0.5541862,-0.106345564,-0.6110697,0.11282009
2012-05-16,0.24021643,0.47946325,-0.72544855,-0.744073,-0.63320076,-0.7143503,-0.54175776,-1.755118,-0.65446866,0.016423812
2012-05-17,-0.5953207,-0.37768868,-1.6058388,-0.49413455,-0.8756589,-0.59391654,-0.9786017,-1.5375996,-0.77725565,-0.50449705
2012-05-18,-0.65664667,-0.20348322,-0.02566682,-1.0312401,-1.2162687,-0.26349002,-1.0177583,-0.98990005,-0.55452055,-1.0010197
2012-05-21,0.6288389,0.6104298,2.9268665,0.79158515,1.1381321,0.09504257,1.1069322,0.85138273,1.055655,0.94673014
2012-05-22,-0.30663365,0.20746002,-0.45298487,-0.12150398,0.15540507,-0.25035515,-0.22262175,0.43832266,-0.20054549,-0.025853554
2012-05-23,-0.2309124,-0.07916354,1.2181624,-1.4022862,0.5341138,-1.058594,-0.37359744,0.061654523,0.40371096,0.20652938
2012-05-24,-0.0051198103,-0.83465993,-0.53197736,-0.21942262,-1.0146073,0.3263285,-0.42514604,-0.83624184,-1.1920317,-0.9103481
2012-05-25,-0.5918547,-0.14343904,-0.33190933,-0.16260146,0.0150405085,0.11461773,0.03853576,0.034377992,0.5319425,0.058669996
2012-05-29,0.7426638,0.82542604,0.85618234,0.8507115,0.5816019,0.59147906,0.62778205,0.69907427,0.56737375,0.6036858
2012-05-30,-0.626308,-0.60176355,0.5531892,-0.5968008,-0.5886352,0.013338307,-0.7082891,-0.5904345,-1.0622003,-1.1272504
2012-05-31,-0.5507407,-0.13867082,-0.16687745,-0.4297615,0.4963223,-0.52889293,-0.7605618,-0.19971927,-0.58364403,-0.3660914
2012-06-01,-1.3083302,-1.0529759,-1.5646461,-1.6038834,-0.84871477,-1.2522259,-2.4007487,-1.7750857,-1.3410505,-1.805766
2012-06-04,-0.20005777,0.46022347,0.16438042,0.061963,0.29447058,-0.19386055,0.102021895,0.4518086,0.25915495,0.6736532
2012-06-05,0.20406903,0.06306195,-0.093097866,-0.20409171,0.78320324,0.6039522,0.55529964,0.8749137,0.62838805,0.53332156
2012-06-06,1.5124545,1.5571159,0.40891594,1.3795702,1.1815634,0.9573737,1.5434124,0.73230267,1.1885492,1.2704844
2012-06-07,0.11261134,-0.25370258,0.0014673972,-0.3305876,-0.54954726,-0.2204058,-0.5439485,-0.34969497,-0.21994177,-0.52154297
2012-06-08,0.21774927,0.44793794,0.5021559,0.6547261,-0.06214552,0.7167698,0.3937574,0.4521576,0.458677,0.42577574
2012-06-11,-0.8806066,-0.6431175,-0.46533948,-1.5035812,-0.57674056,-0.68013334,-1.3067238,-0.7666754,-0.6891531,-0.74434686
2012-06-12,0.6534596,0.8793796,0.24343921,0.59820515,0.31372213,0.79817784,0.8380158,1.0374831,0.7729866,0.84620583
2012-06-13,-0.4942585,-0.31374368,-0.20719129,-0.41867015,-0.049067643,0.0030516882,-0.64649326,-0.40332848,-0.32902038,-0.006674734
2012-06-14,0.63241136,0.73238456,-0.04587022,0.25913373,-0.20410249,0.6406009,-0.16856101,-1.6004219,-0.013217244,-0.1955336
2012-06-15,1.2786974,0.51549155,0.12190537,1.1168214,1.1975684,0.51524204,0.15793212,-0.30231097,0.6553469,0.940338
2012-06-18,-0.2781815,0.14090998,0.58766073,-0.45470247,-0.92894727,0.09054786,0.20111635,0.1049553,-0.049440864,0.28652513
2012-06-19,0.17366865,0.13784029,0.06367164,1.3624367,1.2064171,0.105228975,0.32053247,0.085606836,0.522199,0.29834685
2012-06-20,-0.06462044,0.90188956,-0.109041736,0.27806717,0.7711996,0.16441797,0.3602558,-0.10625338,1.1680664,-1.2356915
2012-06-21,-1.7291347,-1.4468282,-0.39193198,-1.4663178,-1.014294,-1.3816326,-1.362455,-1.3881621,-1.3231808,-1.0399631
2012-06-22,0.021173585,0.3864535,0.21905933,0.5615182,0.16078216,0.24864137,0.43850946,0.18393523,0.10949495,0.2603604
2012-06-25,-0.2581632,-0.329423,-0.575429,-1.0879732,-0.4815537,-1.053131,-1.1497513,-1.092567,-0.80850035,-0.71378446
2012-06-26,-0.27508843,-0.19767034,0.06616836,0.099116586,0.1910629,-0.05538878,0.038883545,0.12277954,0.06697123,0.16566123
2012-06-27,0.22504261,-0.1558402,0.13144125,0.10683823,0.35773447,0.25551006,0.027335936,0.4666709,0.31233424,0.30403504
2012-06-28,-0.503559,-0.551652,-0.306239,-0.48764548,-0.043773886,-0.5538461,-0.2808066,-0.43673673,-0.19119874,-0.3135874
2012-06-29,1.2490582,1.7676231,0.76493627,0.99252206,2.0050452,1.1759547,2.4435127,0.8370051,1.0596639,1.4621574
2012-07-02,0.079112045,0.0074227937,0.65661746,-0.19150683,0.124618895,-0.0043370817,-0.6653405,-0.102078214,-0.6766446,-0.27349633
2012-07-03,0.037798416,0.23055558,0.5651196,0.23407443,0.241833,0.27554628,0.40036654,0.3608869,0.58334774,0.40926012
2012-07-05,-0.1993856,-0.5765041,0.8521727,-0.25943565,-0.4296992,-0.599387,-0.28256708,-0.09997306,-0.6232197,0.0029171968
2012-07-06,-1.3005131,-0.46771705,-0.40025225,-1.1243979,-0.9213606,-0.7549788,-1.1764126,-0.81351495,-1.1091449,-1.6343338
2012-07-09,-0.58352125,-0.32193395,0.6287213,-0.5141082,-0.15419881,-0.033268895,-0.55874485,-0.08451546,-0.1975694,-1.3718995
2012-07-10,-1.1712302,-0.70471627,-0.5371758,-0.66099954,-0.10488291,-1.2060126,-0.07369067,-0.2056654,-1.2215409,-0.009449407
2012-07-11,-0.34145892,-0.055741824,-0.3771096,-1.0146374,0.38383105,-0.36621436,-0.19155727,-0.7186978,-0.6229646,-0.37474838
2012-07-12,-0.74890274,-1.2605855,-0.5389558,-1.5254892,-0.7478309,-1.3592744,-1.0244256,-0.5868353,-0.8753815,-0.11607541
2012-07-13,1.0765696,1.1203617,0.45424038,1.4061964,1.3405213,0.96346223,0.45972177,0.8783001,0.34969097,0.7517075
2012-07-16,-0.4087071,-0.35262895,0.09966694,-0.052253265,-0.12312164,-0.30228776,-1.0902764,-0.56512165,-0.48263672,-0.40152273
2012-07-17,-0.38261962,0.16825534,-0.06737814,0.28910866,0.6895005,0.4347784,0.25175652,-0.009791427,-0.046664946,0.35673898
2012-07-18,1.6689545,1.5532769,-0.12613904,1.4121163,0.9856027,1.5586877,1.8323405,1.120694,1.0517693,1.1405618
2012-07-19,2.500049,-0.028430743,0.6158991,0.27434593,0.6206019,-0.36163324,0.6376335,1.6629889,-0.009026816,0.6596791
2012-07-20,-0.975122,-1.0317813,-0.94584954,-1.2538806,-1.3460974,-1.1484071,-1.4253969,-0.63381624,-0.8261346,-0.80970216
2012-07-23,-0.533341,-0.92147434,-0.11047784,-1.8459512,-0.8455587,-0.58648765,-0.80163264,-0.3493407,-0.16527317,-1.1422584
2012-07-24,-0.15398288,-2.9829366,-0.30404466,-0.40453544,-0.5662417,-0.51901174,-0.47083148,-0.49111336,-0.5159777,-0.9287459
2012-07-25,0.27563795,1.0348701,-2.331914,-0.7975955,-0.12129756,0.17626706,0.06604788,0.27463582,0.26789486,0.43594623
2012-07-26,0.9925018,-0.093442984,-0.060515787,0.5177014,1.1977501,0.63713974,0.67958575,0.5987414,0.569231,0.8705225
2012-07-27,0.83268535,1.0148424,0.8771253,1.0387363,1.2039285,0.89127463,0.73583335,0.7341408,0.89368963,1.3098307
2012-07-30,0.10304187,0.5837776,0.83837736,-0.37363693,-0.31383574,-0.49709165,-0.25384274,-0.23277475,-0.38260886,-1.2715535
2012-07-31,-0.24306817,0.26572213,0.90593845,-0.44853443,-0.5715677,-0.12908193,0.009260435,0.28108048,0.16496626,-0.21421856
2012-08-01,-0.27943373,0.11994812,-0.20556664,-0.2379221,0.13475968,0.33537757,0.5507923,-0.20054372,0.020912256,-0.29875344
2012-08-02,-0.25705892,-0.65178746,0.03225607,-0.53644985,-0.59562856,-0.06115279,-0.61104345,-0.5362702,-0.084300436,-0.1876181
2012-08-03,1.325815,1.7850795,0.45800015,0.9197758,1.118735,0.8476448,1.5209212,0.8675368,0.9682095,1.9797066
2012-08-06,0.08326503,1.0192143,0.53873235,0.24416992,0.39917412,0.09413617,-0.0870016,-0.17341027,0.12744899,0.13843459
2012-08-07,0.39029422,1.3121332,-0.18474674,0.45114297,0.72661734,0.28074792,1.5042048,0.7662362,1.9613082,0.28800532
2012-08-08,-0.005430503,0.09189648,-0.13862352,-0.009460271,-0.54188,0.12679842,0.16213834,-0.016253378,0.08380165,0.16545092
2012-08-09,-0.19315842,1.5343586,0.25290212,0.18059692,0.296384,0.12598751,0.23616505,0.2906613,-0.18804866,0.16391619
2012-08-10,0.29426274,-0.40345106,0.035716634,-0.29294187,0.33760518,0.26057482,0.27929696,-0.10805261,0.116352215,-0.039015725
2012-08-13,-0.08483526,-0.51876634,0.65422416,-0.19847642,-0.39729345,-0.36637214,-0.3589666,-0.010581273,-0.5611405,-0.52754074
2012-08-14,-0.23187907,-0.43856862,0.095983565,-0.2552401,-0.037815623,-0.39907917,-0.13090025,0.10690959,-0.42803335,-0.24467038
2012-08-15,0.042204887,0.53603077,-0.11764727,-0.0074159885,0.27557346,-0.40205038,0.5948042,-0.004388492,0.2213416,1.0575804
2012-08-16,0.8015237,4.3976345,0.40954074,0.9468981,0.6703741,0.49448836,0.5049304,-0.060110513,0.517643,0.95172054
2012-08-17,0.12781072,0.1352589,0.92092764,0.08311823,0.22282964,-0.48082784,-0.64790326,0.3996348,-0.01943975,0.16951199
2012-08-20,-0.22641107,-0.27128536,1.3220727,-0.4421138,-0.2584223,-0.21924983,-0.5424731,-0.429333,-0.18749654,0.13086566
2012-08-21,-0.6058313,0.5827486,-0.75289375,-0.027359637,-0.44261125,-0.24219666,0.12507991,-0.5918806,-0.4231294,-0.2480833
2012-08-22,-0.4578024,0.18513732,0.9764789,-0.6285202,-0.09674678,-0.7043029,-0.4350462,-0.031724237,-0.08634874,0.09143529
2012-08-23,-0.50514555,-0.19542056,-0.54152584,-0.67888767,-0.18842475,-1.3133003,-0.13337855,-0.18322283,-0.017666493,-0.47033545
2012-08-24,0.70107687,0.21325438,-0.0027839628,0.42829135,0.52235234,-0.28739548,0.33106282,0.1765776,-0.18957077,-1.6878569
2012-08-27,-0.68308496,0.43949285,0.9300388,0.102705464,-0.2013489,-0.17649613,-0.41048273,-0.13504975,-0.6056683,0.056973368
2012-08-28,-0.26426202,-0.31981787,-0.11829286,-0.25691572,-0.3997649,0.24957268,-0.16436386,-0.34277862,-0.051643677,-0.3810172
2012-08-29,0.08886516,-0.017071245,-0.15752096,-0.108987845,-0.16054268,-0.6911971,0.21386965,-0.022650495,0.15901357,-0.1631522
2012-08-30,-0.56636775,-0.734834,-0.8039057,-0.770993,-0.5115735,-0.8034816,-0.6481865,-0.7292827,-0.8910222,-0.7201957
2012-08-31,0.51422805,0.50315166,0.055508688,0.80705935,0.72349143,1.0205266,0.007514726,0.089356735,0.68654555,-0.29220662
2012-09-04,-0.08562231,-0.17662105,0.6931491,-0.97122115,-0.1448007,-0.85635406,-0.4422807,-0.5445091,0.08825028,0.2175211
2012-09-05,0.17606948,-0.22018342,-0.4196378,-0.14176889,0.72122014,-0.100533806,-0.46479705,-0.008585994,-0.1551362,1.1084399
2012-09-06,1.3628179,2.136166,0.42123923,1.6595676,0.8109129,1.2801714,1.5918959,1.2622904,0.56525636,0.6938543
2012-09-07,0.1358541,-0.37926504,0.27971786,-0.8767828,-0.06624215,-1.6945721,-0.61738855,-0.5729891,-0.2549311,-0.47143033
2012-09-10,0.48311788,-0.9902001,-1.4399782,-0.57243425,-0.44544002,-1.8310649,-0.8359869,-0.5424448,-0.66872805,-0.47541174
2012-09-11,0.7641302,-0.2465425,-0.22044413,-0.011503291,-0.0061200173,0.11140409,-0.1831079,0.2984347,-0.22537597,0.38499358
2012-09-12,0.17384857,0.1381009,0.67279476,-0.1630706,-0.110341,-0.3490875,-0.023891617,0.31535143,-0.26119584,-0.038225267
2012-09-13,0.832679,0.73270184,0.9842891,0.15730265,0.49494046,0.28499722,0.45793584,0.8700905,0.76900846,0.5003029
2012-09-14,0.14955297,0.35734898,0.5923376,0.3590692,0.4516653,-0.024542032,0.9601875,0.59693223,0.58720607,0.67993253
2012-09-17,0.10709696,-0.77260584,0.5835834,-0.13794853,0.18249515,-0.15176564,-0.7300107,-0.14109325,-0.45080426,0.06496657
2012-09-18,-0.026424432,-0.23690659,0.11480899,-0.19222723,-0.13565643,0.07378181,-0.7086405,0.08437415,-0.85858953,-1.1478524
2012-09-19,-0.20724514,0.20617826,-0.019984165,-0.37054196,-0.3533937,-0.4419746,0.0067504616,-0.09422738,-0.7985562,0.7069747
2012-09-20,-0.097645395,0.011414444,-0.15146686,0.56039506,-0.70259863,0.024627106,0.1923611,-0.5478788,-0.2824323,1.7550794
2012-09-21,-0.097357064,-0.32046944,0.059691705,-0.3815164,0.1556096,-0.07391122,0.12484733,-0.09066149,-0.03399702,-0.62834185
2012-09-24,-0.22144543,-0.1382456,-0.41586968,-0.6278662,-0.3071867,-0.49455208,-0.36155087,-0.34299973,-0.30539665,-0.4341587
2012-09-25,-0.12802474,-0.25082177,-0.8021652,-0.6526604,-1.0673547,-0.41926536,-1.0391911,-0.5427328,-0.6720249,-0.585015
2012-09-26,-0.31499988,-0.16185327,-0.3971815,-0.4469276,-0.72449577,0.1627601,-0.36518908,-0.30135366,-0.10648372,-0.4637151
2012-09-27,0.5113257,0.5264475,0.7181943,-0.12873396,0.5649484,0.7107643,0.3874609,0.5901395,0.3936786,0.28587592
2012-09-28,0.46921778,0.7636674,-0.8086655,-0.87106097,0.303641,-0.82033694,-0.52713203,-0.77429825,-0.50042784,-0.5128012
2012-10-01,0.93148327,-0.111367755,-0.53292465,-0.64465904,0.26689994,0.15276846,0.039728906,-0.47715417,-0.22625388,0.21343037
2012-10-02,-0.18287085,-0.043369446,0.09991047,0.18966803,-0.050821584,0.1148187,-0.039908476,-0.17614654,0.059377834,-0.092256024
2012-10-03,0.22187991,0.19102424,0.74507123,0.24617878,0.2386797,-0.64441556,-0.2725034,0.10141249,-0.12291334,0.01604905
2012-10-04,-0.043079127,-0.03916472,-0.34978417,0.18404892,0.08488008,-0.18813354,0.64942366,0.30320767,-0.29790565,0.0788317
2012-10-05,0.066178985,-0.066445895,-1.1779163,-0.48461342,-0.773458,0.37364843,0.3581265,-0.10137225,0.021849602,-0.310034
2012-10-09,-0.57771605,-0.21025048,-0.16994473,-1.074692,-0.7806355,-1.1919605,-1.0715168,-0.79465675,-0.47703162,-0.7698037
2012-10-10,-0.67407715,-1.2690326,0.36137825,-0.74424696,-0.035961572,-0.35067648,-0.29268306,-0.52879566,-0.086546816,-0.27622452
2012-10-11,-0.00473921,-0.100220524,-1.1041311,-0.20541625,0.20266213,-0.22336195,0.17950116,-0.5039228,0.09978163,0.35290375
2012-10-12,0.6647847,0.44479266,0.07771248,0.3560804,0.42924663,-0.49547657,-0.07375576,-0.3233979,-0.27369085,0.1988924
2012-10-15,0.3752155,0.41778705,0.35557076,0.47143093,0.46151656,0.503139,1.5390863,0.19738959,0.13837191,0.5171274
2012-10-16,0.6733175,0.86660403,1.1428576,-0.19120264,0.90434897,1.33151,0.8074775,0.6665192,0.8061972,1.2342105
2012-10-17,-3.2903757,-0.3371554,-0.4689738,0.05141606,-1.0189878,-1.2602205,-0.4605446,0.34532833,-0.23273873,0.2419668
2012-10-18,-1.8689499,-0.22745368,-1.033468,-0.3204201,-0.1906537,-0.30392888,0.42240357,-0.81965405,0.022356374,0.014817923
2012-10-19,-0.52981156,-1.483289,-1.9793539,-1.8572844,-1.0173737,-0.90689903,-1.5680631,-0.9721252,-1.3733538,-0.32890606
2012-10-22,0.36136472,0.43729913,2.002308,-1.4494978,0.4763571,0.36181635,-0.07249155,-0.14518476,-0.011955808,0.30505195
2012-10-23,-1.0690984,-0.4353713,-1.7288693,-0.036412116,-0.3377971,0.22575088,0.039951455,-0.36705616,-0.30641583,-0.2644658
2012-10-24,-0.18478803,-1.6357168,0.23711686,-0.43942454,-0.011638159,-0.2983159,-0.2586845,-0.59760875,-0.49060014,0.03774544
2012-10-25,0.2875155,-0.4460067,-0.49374938,-0.1727424,0.34158444,0.41612765,0.61899865,-0.24028526,-0.12177589,0.022279926
2012-10-26,0.5494891,0.27545136,-0.3708346,0.5200237,0.1539398,0.46774673,1.1392779,1.0718619,-0.19463088,0.76080436
2012-10-31,0.4271664,-0.35150158,-0.7943662,0.5252574,0.10931464,-0.6898002,-1.0067194,-0.409978,-0.27396768,-0.0009405204
2012-11-01,0.8778378,1.0222673,0.06470781,1.7894164,0.5653605,1.2299263,1.6934893,0.7221379,1.2105407,0.39795542
2012-11-02,-1.2454605,-0.40213764,-1.8004044,-0.17793654,-0.42224735,-0.44113353,-1.0852041,-0.4063898,-0.60033315,0.011763316
2012-11-05,0.23731558,0.1703486,0.6322903,0.11219142,0.03235256,-0.02801839,1.3812203,0.71697104,0.9279633,-0.22006495
2012-11-06,0.31982633,0.2556973,-0.20648697,0.3039458,0.54606366,-0.27192685,0.6712793,-0.13714756,1.2338595,0.16676179
2012-11-07,-1.027425,-0.73500896,-2.0845644,-1.6865724,-1.3321435,-1.8591766,-1.0490236,-1.7230769,-1.9401356,-1.2235876
2012-11-08,-0.36657122,-1.0128318,-1.8223777,-0.66371816,-0.57153183,-0.20295225,-0.26275778,1.7476426,-1.7451899,-0.6766845
2012-11-09,-0.15344337,0.0062930966,0.861564,-0.10076957,-0.13086303,-0.10770968,0.5254696,0.57678145,0.55861497,-0.13284792
2012-11-13,-0.31348735,0.0060384227,-0.04184131,-2.0330153,-0.4643325,-1.1417913,-0.24008293,0.261791,-0.66098034,-0.2412212
2012-11-14,-0.9759195,2.322552,-0.63605005,-0.6797336,-0.7275963,-0.7788518,-1.0088501,-0.37208232,-0.55249006,-0.43322706
2012-11-15,0.13364893,0.8103767,-1.1583233,-0.5359876,0.58323133,0.114463456,0.007906071,-0.4073119,-0.3227394,0.5202603
2012-11-16,0.3972292,0.17221613,0.15257716,-0.45088103,0.060779046,0.32297322,-0.7947136,0.3605984,-0.6830858,-0.01095954
2012-11-19,1.2059528,0.89781207,3.5360644,0.31465274,0.21340294,0.088256516,0.905029,0.01886209,1.1176361,0.34312275
2012-11-20,-0.374939,0.14925997,-0.503551,-0.19594133,0.08412106,-1.909196,0.6282034,-0.054934733,0.032649077,-0.41318646
2012-11-21,0.38728592,0.40562946,0.024823856,0.3749127,0.29478166,-0.40236413,-0.2107843,-0.09358094,0.06906724,0.24433658
2012-11-23,1.1043193,0.9752023,0.86108243,1.4462192,0.7904123,0.80181944,0.56297463,0.5878427,-0.20305654,0.720365
2012-11-26,-0.19648832,0.60125154,1.584234,-0.7950532,0.04079715,0.3489306,0.02152627,-0.53272426,0.18511745,-0.17034492
2012-11-27,-0.55179185,0.13839185,-0.47456664,-0.8041442,0.38206044,0.045297876,-0.30246234,-0.25205517,-0.51488006,-0.17074707
2012-11-28,0.26922336,-0.3027889,-0.21573618,0.4532715,0.8686686,0.32369515,0.4539519,0.17555891,0.8432569,0.8968562
2012-11-29,-0.13686547,0.51117444,0.51233387,-1.0293694,0.042908847,-1.4015169,0.3784198,0.38331845,0.44970635,0.2502079
2012-11-30,-0.48068985,-0.24827182,-0.4341169,-0.895156,0.54376936,0.035437625,-0.9765077,0.09185352,-0.12500693,0.68728566
2012-12-03,-0.17773311,0.3886233,-0.0003321345,-0.5967209,0.19737664,-0.15440546,0.19530612,-0.24985246,-0.35584944,0.09661832
2012-12-04,-0.010602122,0.43813577,-1.0110829,-0.29644877,0.09641548,1.043437,-0.036835957,-0.019292517,0.7580742,0.7948388
2012-12-05,-0.22214493,0.15306646,-3.6143715,0.5230749,-0.6643692,-0.3858648,0.37486833,0.18781647,-0.3899013,0.107922584
2012-12-06,0.40931377,0.8083915,0.7410646,-0.025428232,0.030024713,0.7216434,-0.11778243,0.2893874,0.25629014,-0.3874793
2012-12-07,0.81108016,-0.3480974,-1.4107811,-0.7605562,-0.19825707,-0.066087656,0.02605047,-0.3100176,0.2161845,0.42211822
2012-12-10,0.25346634,1.2273351,-0.39425406,0.9115758,0.22172016,-0.25705698,-0.08663833,-0.042863406,0.21289927,0.31933978
2012-12-11,0.5606579,0.009535928,1.0510173,0.67611647,0.40838817,1.3189999,1.8053266,0.18754585,0.025045319,-0.29046947
2012-12-12,-0.4021316,-0.09468781,-0.28828505,-0.323258,-0.36680192,-0.011322125,0.036626145,-0.6592385,-0.04948899,0.5058654
2012-12-13,-0.30910647,0.06071953,-0.9558229,-0.4275218,-0.5346676,-0.47390148,-0.76383954,-0.5849069,-0.012826279,-0.5596224
2012-12-14,-0.060613003,0.33974785,-2.0344176,-0.7986323,0.52728385,0.039748024,0.293308,-2.1326616,-0.1972371,2.4477763
2012-12-17,0.6616442,0.68774116,0.8422693,0.48523468,0.55782574,0.035265893,0.13009964,1.4409285,0.0249554,-0.19490854
2012-12-18,0.7201309,0.7158683,1.4155362,0.8410464,0.8472269,0.858744,0.6082789,0.8036218,0.1714675,0.05966078
2012-12-19,-0.18205857,-0.24410456,-0.798532,-0.6891334,1.825482,0.26892215,-0.17493507,-0.63327295,0.49886203,0.6944092
2012-12-20,-0.075491615,-0.044085342,-0.53140914,0.6502953,-0.2538852,-0.24018703,0.00911101,0.12123934,0.059230637,-0.3030132
2012-12-21,-0.44336304,-0.6501577,-0.29222393,-0.629225,-0.27784324,-0.62939435,-0.55502564,-0.9568186,0.33965033,-0.21152508
2012-12-24,-0.33523986,-0.28487474,0.034665056,-0.9736394,-0.23511632,-0.33869836,-0.03991645,0.10889195,-0.5474856,-0.23581725
2012-12-26,-0.14192162,0.25666127,-0.7783451,-0.57402307,-0.020793417,-0.025369216,-0.21721464,-0.30952218,-0.015226348,-0.0012469093
2012-12-27,0.28718472,-0.6805281,0.14172006,0.06768365,-0.54373854,-0.40340382,-0.14692947,-0.1429092,-0.23186468,-0.3313587
2012-12-28,-0.97017735,-0.5057204,-0.619441,-1.0664567,-0.41104612,-0.75700927,-0.45989838,-0.6859802,-0.41565233,-0.5240108
2012-12-31,0.62569207,0.5788863,2.1761897,0.20347288,0.4541555,0.8975027,0.6163282,0.7489647,0.56918836,0.94364274
2013-01-02,1.6558015,1.8288308,1.5436059,1.8306732,2.0471628,1.7346408,2.0887272,1.8383425,1.330637,0.7647584
2013-01-03,-0.33788303,0.3243089,-0.7285167,-0.9607405,-0.5965083,-0.20903313,-0.665662,-0.28176194,-0.19145525,-0.74959266
2013-01-04,-0.40847027,0.1128462,-1.5228562,-1.274618,0.43256822,-0.44011882,-0.1432708,-0.7131547,-0.08657099,0.43450174
2013-01-07,-0.26330754,-0.46002477,-0.37418163,-0.26649347,-0.29100502,0.14851911,0.11205931,0.24848445,-0.57968503,-0.25794956
2013-01-08,-0.06445014,0.088663176,0.07035235,-0.46899033,-0.0028740738,-0.44860882,-0.59691113,-0.15271793,-0.6574853,0.21897024
2013-01-09,-0.16159903,0.00995602,-0.88322216,0.18116716,0.012310889,0.78834826,0.6391021,0.5450443,0.5196694,0.60219985
2013-01-10,0.2217137,0.4029649,0.56972504,-0.6942112,0.66249245,0.7526843,0.6018506,-0.1517666,-0.22840695,-0.074161604
2013-01-11,0.5581445,0.13698491,-0.3788393,0.66976064,-0.0912287,0.39170474,-0.053676467,-0.010951252,0.16056524,-0.6515566
2013-01-14,-0.5987266,1.2743689,-1.9367634,-0.020109877,0.1300184,-0.062607266,-0.15620518,-0.51882905,0.05422507,0.05913997
2013-01-15,-0.016747955,0.06043741,-1.7134324,0.54836696,-0.4003063,-0.33202243,-0.12692595,0.042235166,-0.016461607,-0.036489617
2013-01-16,0.0489724,0.15496732,2.0454276,-0.51429194,-0.10482714,0.44797078,0.29031038,0.13979125,0.4661174,-0.34025395
2013-01-17,0.38061908,-0.15797755,-0.40590543,0.30585596,-0.047408972,1.1778451,0.87147176,0.13848548,1.4988925,-0.20154926
2013-01-18,0.30152318,0.20782582,-0.33640856,-0.15069857,0.6981505,-3.2722816,0.4845952,-0.38911998,0.73562473,0.2743309
2013-01-22,0.5684325,-0.33706236,0.425997,-0.36945418,-0.28173795,-0.24876373,-0.123859294,-0.08880902,0.10860955,-0.06064331
2013-01-23,2.8787916,-0.5989101,0.87085474,0.84506553,-0.3756105,-0.20615327,-0.58296084,0.048354235,-0.11908529,0.33713606
2013-01-24,-0.07180523,1.0370562,-6.8584256,-0.109051816,0.35117188,-0.4400013,-0.024604604,-0.40838668,-0.4127308,-0.1918214
2013-01-25,0.20807365,0.3669001,-1.3100398,0.38253942,0.6409122,-0.043275006,-0.46082807,-0.5712097,0.6618486,0.23119439
2013-01-28,0.013125215,-0.18786769,1.0890177,-0.08903062,0.21541116,0.15132283,0.30809465,-0.08163489,0.32975972,-0.12078281
2013-01-29,-0.30619007,-0.68149656,0.8953522,0.05785271,0.33621132,0.48412815,-0.27262557,-0.23182867,-0.60039586,0.31548992
2013-01-30,-0.0940625,-0.4879884,-0.23795122,-0.5015839,-0.61640745,0.14562745,0.18372898,-0.033226877,0.10703028,-0.74671173
2013-01-31,-0.16113803,0.013093966,-0.09720796,-0.90292627,0.12020198,-0.66015863,0.28773138,1.4701701,0.063610494,-0.15779927
2013-02-01,0.6528035,0.6114144,-0.16758265,0.8245961,0.81488776,0.5980999,0.7717317,0.35546088,0.6877361,0.5530264
2013-02-04,-0.45154297,0.013273335,-0.74181116,-1.0813385,-1.3063378,-0.4121197,-0.5888006,-0.76230437,-0.57890534,-0.30310628
2013-02-05,-0.33257747,0.5893739,0.9303366,-0.009032335,0.3761108,0.44195363,0.545881,0.7032873,1.1152574,0.4215588
2013-02-06,-0.30990908,0.26976505,-0.045794208,-0.44156405,-0.485443,-0.39569303,-0.2680074,0.04948664,-0.14070368,-0.1560079
2013-02-07,-0.42539227,-0.15948397,0.94954705,-0.25062203,-0.6965531,-0.38767093,-0.21212292,-0.49031705,-0.37365666,-0.40679225
2013-02-08,0.6133786,0.16580822,0.5212044,0.41369778,0.3977036,0.34902355,1.0420843,0.16570646,0.8114879,1.1590765
2013-02-11,-0.4991434,0.276302,0.42937776,0.4929967,0.04869427,0.025832929,-0.7874373,0.052151825,0.058451843,-0.5711323
2013-02-12,-0.032408133,-0.64991033,-1.3888134,-0.10003497,0.17935286,0.29924348,-0.21372135,-0.9315155,-0.08638049,0.25835907
2013-02-13,0.02602407,0.42748162,-0.14901529,0.16765341,-0.1847738,0.08362574,0.17581479,-0.38271803,0.23778819,-0.11581487
2013-02-14,-0.137474,-0.3083641,-0.09408554,-0.1207942,-0.14381394,-0.08663443,0.053509228,-0.041428413,0.2629017,-0.25311098
2013-02-15,0.45065045,0.03507088,-0.77457505,-0.20783682,-0.14599732,-0.29583013,-0.31326243,-0.15795204,-0.26414025,-0.0014159969
2013-02-19,-0.19924358,1.140453,-0.07333795,0.4186976,0.808477,-0.11989354,0.43973216,0.06472723,0.35688218,0.38729486
2013-02-20,-0.3175413,-0.77714235,-1.3303531,-0.51963276,-0.55912673,-0.8578774,-1.2463064,-0.35510796,-0.97508585,-0.27456635
2013-02-21,-0.313887,-0.77749974,-0.37725317,-0.9364008,-1.0258746,-1.120104,-0.84206146,-0.3922254,-1.1104244,-0.5165407
2013-02-22,0.91055846,0.35677576,0.5142138,0.42068377,0.61242497,0.33229682,2.2407262,-0.014525053,0.8708388,0.21435289
2013-02-25,-1.1706313,-0.5229138,-0.9947052,-0.95736325,-0.6657032,-0.46897537,-0.6370943,-0.18728791,-1.1087834,-0.53100353
2013-02-26,0.55076927,-0.083643354,0.67594284,-0.14366542,0.03531727,0.74720514,0.000633215,0.21789742,1.1212703,0.52735543
2013-02-27,1.0485405,0.6844262,-0.5668642,0.776852,0.46822137,0.7183742,0.6601288,0.1499027,0.23695737,1.1118058
2013-02-28,-0.4686095,-0.03758392,-0.426399,-0.16964717,-0.65861994,-0.1720097,0.15090181,-0.09068127,-0.17631269,-0.35292387
2013-03-01,0.6977526,-0.037815608,-1.3496227,0.1674884,0.5509085,0.29160205,0.08272274,0.33467284,-0.4476176,0.5645563
2013-03-04,0.75090224,-0.18182415,-1.3225675,0.27022305,0.57735425,0.4893116,0.013950258,0.1205046,-0.14682448,0.673235
2013-03-05,0.4408893,1.1640395,1.3077718,0.267143,0.5451957,0.47626415,0.5406604,0.76266044,0.41990894,1.0545222
2013-03-06,0.60287917,1.202729,-0.7167124,-0.68589723,0.5360448,0.47735664,0.14542992,-0.7593108,-0.29547676,-0.20676844
2013-03-07,0.33969122,0.21593837,0.54948545,-0.041063886,0.087609455,0.25060207,0.038233362,-0.01566661,-0.44482473,0.19947885
2013-03-08,0.31533256,0.10333866,0.08442891,-0.43636385,-0.33387724,-0.7246289,0.07779186,-0.18232736,-0.11665381,-0.024314342
2013-03-11,-0.08475263,0.14583167,0.69851696,-0.4111556,0.2040303,0.1869141,0.25404882,-0.061524343,-0.1461194,-0.04646144
2013-03-12,0.15555389,-0.36588797,-1.1982157,-0.05948643,-0.62197316,-0.151161,0.0873817,0.12553506,-0.44649082,-0.11024898
2013-03-13,0.48108894,-0.23710558,-0.060427643,-0.123216905,0.18332693,-0.005367122,-0.46519142,-0.2797398,0.6042251,0.1774128
2013-03-14,1.158979,0.057658907,0.45490277,0.31165293,0.9453078,-0.06955347,0.07637576,-0.20947097,0.06207314,0.007119183
2013-03-15,-0.25435874,0.8058215,1.2776985,-0.35183933,0.033375,-0.6375579,-0.4306048,-1.1380906,-1.2018335,-0.2800249
2013-03-18,-0.50654304,-0.5632339,1.3314941,-0.021910451,-0.42966327,-0.3229119,-0.6525017,-0.36197126,-0.89362127,-0.36932087
2013-03-19,0.08704068,-0.31107605,-0.19405808,0.019836437,-0.4992952,-0.3207523,0.013525532,0.013933111,-0.3690957,-0.36025268
2013-03-20,0.507956,0.37533912,-0.32912207,0.14376302,0.08720805,0.03973828,0.4838667,0.5799454,0.5963504,1.7889532
2013-03-21,-0.78889054,-1.5442461,0.037732497,-0.45432466,-3.8261492,-0.2629138,-0.82526886,-0.2798719,-0.65059036,-0.2868908
2013-03-22,-0.08892956,-0.14335461,0.6139079,0.12577504,-0.41505516,0.49339557,0.15222025,0.22661547,0.71510863,0.6694862
2013-03-25,-0.4211962,0.2484535,0.08549595,-0.2918848,-0.9825931,-0.3653043,-0.011049032,-0.23872076,0.086313106,-0.5094128
2013-03-26,0.4785811,0.034943312,-0.2023996,-0.13086131,0.367996,1.1708455,0.7131032,0.50759715,0.14675884,0.23448168
2013-03-27,-0.45620975,-0.0103053395,-1.0181288,0.28407404,0.5593875,0.08188168,-0.06394482,-0.05583194,-0.056390446,-0.1205673
2013-03-28,0.73134685,0.19094767,-0.9521517,0.3376178,0.4969757,-0.015382876,0.45019627,0.071791105,0.11879031,0.84670967
2013-04-01,-0.27849573,-0.12594035,-1.7102823,-0.14039928,0.092289686,-0.89264685,-0.6361047,-0.70525295,-0.44508085,-0.1678914
2013-04-02,0.6392727,1.0095966,0.04068053,0.23999073,0.5061043,0.0069502937,-0.3659841,0.07093575,-0.4592058,0.46921417
2013-04-03,-0.50062734,-0.014258417,0.19518445,-0.655606,-0.5670497,-1.044906,-0.90162003,-0.26448995,-0.36864796,-0.18623477
2013-04-04,-0.39514464,0.060547035,-0.5751171,-0.06901432,-0.06547732,0.15066454,0.43072918,-0.19116208,0.13244879,0.5039819
2013-04-05,-0.5707851,-1.0443593,-0.61197746,0.054512925,-0.562336,-0.5366149,-0.43990812,-0.50662374,-0.14907819,-0.8913741
2013-04-08,-0.004898021,-0.06471192,0.3034512,-0.3775076,0.50448275,0.2925614,1.1464411,0.362472,0.47133756,0.40121326
2013-04-09,-0.008872273,1.0255436,0.032600824,1.9169835,1.0372952,1.4551587,0.08135463,-0.02549246,-0.33344522,0.36529505
2013-04-10,0.8915306,1.2487167,0.9786594,1.1697373,1.0323864,1.0813417,0.7580514,0.7554141,1.4625974,0.5140898
2013-04-11,0.31136912,0.56910145,-0.22541593,-2.8362448,-0.1862899,-1.0354992,-0.13191977,-0.25155166,-0.11648238,0.49382386
2013-04-12,-0.4555148,-0.3196993,-0.5990574,-0.4555745,-0.2592812,-0.39504117,0.17070451,-0.3121223,-0.59629995,-0.20359035
2013-04-15,-0.6400394,-1.173275,-1.2741189,-0.35968566,-1.0492064,-0.760934,-0.8151256,-0.8458971,-1.0678611,-0.46550062
2013-04-16,0.9456615,0.33153233,0.71588236,0.42361093,1.0056051,1.182831,0.6162821,0.1255147,0.36887443,0.7184812
2013-04-17,-0.71912533,-1.3752549,-3.0806336,-0.45642212,-1.5545347,-0.05236751,-2.1696825,-1.1059316,-1.3604577,-0.44340432
2013-04-18,-0.775426,-0.093732774,-1.4748011,-0.23875037,-0.62082374,0.64472216,-0.44673166,-0.47376046,-0.50065964,-0.48679948
2013-04-19,-5.7645984,-0.2819425,-0.27814737,1.8537352,0.39441714,0.38711122,0.43095902,0.10469221,-0.0544089,0.27163973
2013-04-22,-0.7336559,0.37162235,0.9998198,1.9289622,0.22308259,0.9131365,0.7366358,0.33734754,0.3902929,-0.24313425
2013-04-23,1.3387271,0.83874303,0.8918796,-0.59516114,-0.11271095,1.0130477,1.1575522,0.4111927,1.002739,0.32171702
2013-04-24,0.062256444,-1.2996176,-0.15304632,2.061822,0.062339902,0.53491414,0.3750112,0.32814658,0.5246042,-0.23242158
2013-04-25,0.8090199,0.6984138,0.30087748,0.18139373,-0.41337973,-0.6783717,0.096677154,-2.4082706,1.4623783,0.37526315
2013-04-26,0.15626758,0.11587699,1.0439334,-0.44226208,0.12956542,-0.027594717,-0.15878521,-0.7073069,-0.115606435,-0.17677473
2013-04-29,1.6912049,0.8540526,1.5254025,1.3758155,-0.21933554,0.7103601,0.27455467,-0.023936994,0.66662806,0.1320183
2013-04-30,1.1214173,-0.10643818,1.4605442,0.7231216,0.78826743,0.32393157,0.26546577,-0.099689804,0.22314197,-0.0048207324
2013-05-01,-0.9452908,-1.2116609,-0.45754206,-0.8001893,0.5099868,0.033053413,0.20539664,0.12912887,-0.19661987,-0.38927028
2013-05-02,0.8889929,0.8303075,0.6177005,0.61646444,0.68216443,0.17831765,0.3052788,0.57037115,0.775999,0.9239048
2013-05-03,0.6909656,0.26731378,0.47956994,0.42925772,-0.45906806,0.09792422,0.33929175,0.50592244,0.02242872,1.228728
2013-05-06,-0.5384951,-0.013300225,1.1586902,0.3056698,0.17541558,-0.15596579,-0.0018572262,-0.0309366,-0.14192016,-0.52051806
2013-05-07,0.29495677,-1.0243422,-0.28741938,-0.9192145,-0.39381492,0.4283795,-0.039573926,-0.01748929,-0.33676168,-0.8886628
2013-05-08,0.711999,0.88118017,0.5190534,-0.71762013,0.28437245,0.1444147,0.02387306,0.00922346,0.27484915,-0.3008894
2013-05-09,-0.4861724,0.3101365,-0.51328325,-0.7455836,0.34757614,0.16364487,-0.14117222,-0.09570865,0.10725319,-1.3966227
2013-05-10,0.41844377,0.69450915,-0.48935694,-0.09549254,0.45936933,0.22257324,-0.0013513566,0.25912422,0.05095198,0.026853865
2013-05-13,-0.6234246,0.4551199,0.13704681,0.46101004,-0.38255656,-0.9240686,-0.68410856,0.028660404,-0.8658941,-0.45223594
2013-05-14,0.25948554,0.0353426,-1.3055913,1.1439334,-0.18179227,-0.5406281,-0.07797659,0.23622347,0.19170742,0.41433012
2013-05-15,0.04700067,-0.10324406,-1.8557837,0.4072479,0.4340651,0.6464816,0.33313483,0.051462304,-0.059091184,0.9949027
2013-05-16,0.46247998,6.103929,0.6248207,0.24921925,0.54164803,-0.5835156,-0.30767924,-0.025589736,-0.47711474,-0.5346609
2013-05-17,1.247584,0.8271689,-0.23345387,1.2186104,0.9942081,0.14263965,0.18666323,0.5285452,0.7515081,0.025925085
2013-05-20,-0.23952577,-0.6188763,1.0800917,0.20247543,-0.21737674,0.014307131,-0.22162688,-0.40762022,-0.22487597,-0.37069413
2013-05-21,0.36652756,0.17121033,-0.45778066,-0.5508261,0.2837443,0.07917505,-0.0771195,-0.30246088,-0.47941592,-0.31474692
2013-05-22,-0.5023854,-1.4797815,0.12908807,-0.56878567,-1.5083151,-0.23554242,-0.81836843,-0.42610145,-0.4547203,-0.93845165
2013-05-23,-0.24296169,0.40553308,0.033472538,-0.93612105,0.1437958,-0.0974704,-0.06551302,-0.95850116,0.08257466,-0.4417211
2013-05-24,-0.12815416,0.07662241,0.30523023,0.05967564,-0.27486154,-0.29980525,-0.039918464,0.14186628,-0.3653389,-0.37685776
2013-05-28,0.6667552,0.7821719,-0.48875156,1.113936,0.65782505,0.26229593,0.22652757,-0.22029571,0.93737686,0.47222903
2013-05-29,0.05968231,0.51110303,0.35824826,-0.3793364,-0.20442356,0.32044688,-0.18021962,-0.065549284,-0.27897918,-0.34539175
2013-05-30,0.4611093,0.5341901,0.73352796,0.10564995,-0.10472814,-0.15800762,0.43341413,-0.04686707,1.122076,0.5805301
2013-05-31,-0.41506562,-0.46092457,-0.26278448,-0.35481355,-0.7946966,0.08686229,-0.73414993,-0.56797403,-0.21837266,-0.31214726
2013-06-03,0.29561692,0.54656845,0.07205656,0.9816278,0.80712944,1.6863052,0.10901309,-0.026165646,0.51485276,0.5341908
2013-06-04,-0.8635121,-0.004866893,-0.21327236,-1.124091,-0.3404818,0.17125854,0.7192227,0.23247038,0.20029256,0.9073989
2013-06-05,-1.0917706,-0.04655661,-0.5412076,-0.49666044,-0.07702988,-1.2972804,-1.0189706,-0.4708427,-1.1228524,-0.576332
2013-06-06,0.36209238,0.51182073,-0.8331954,0.15480818,-1.159677,-0.15338767,-0.3005732,-0.21244052,-0.6315973,-0.30002397
2013-06-07,0.8407709,-0.090279736,0.33133915,1.035541,0.6773996,-0.17851855,0.62924314,-0.6788423,1.373904,0.54149264
2013-06-10,-0.40109462,-0.24835055,-0.4137704,-0.49137667,0.3534344,0.79123014,0.5419502,-0.13424869,-0.16669747,-0.057790898
2013-06-11,-0.31046212,-0.58868885,-0.21515916,-1.2134974,-0.74781233,-0.6621061,-1.8337764,-0.3409547,-0.8135617,-1.0389628
2013-06-12,-0.8800828,-0.13664728,-0.70221436,0.11972417,-0.0940519,-0.56286186,-0.67315394,-0.46787205,0.075879216,-0.4468574
2013-06-13,0.8581096,0.80248535,0.38634494,-0.6241972,1.0769789,0.9957425,0.8861761,0.49508044,0.8475992,0.5844487
2013-06-14,-0.4849931,-0.5290968,-0.77039295,-0.7034287,-0.749585,-0.20422399,-0.03861549,-0.48361844,-0.5928138,-0.51614356
2013-06-17,0.30355746,1.3683568,0.16572297,0.8764527,0.7518077,0.29775333,0.3651796,0.38189197,0.8947429,0.5676679
2013-06-18,0.6171147,0.28866732,-0.0911087,-0.18595184,0.17693736,0.6667934,0.40982252,0.12138882,0.4073069,-0.056305487
2013-06-19,-0.925702,-0.26084512,-1.1235008,-0.8182078,-0.48579225,-0.9941897,-0.5817146,-0.40667507,-0.7907158,2.4641302
2013-06-20,-1.5811443,-0.516283,-0.8883357,-2.137926,-1.4764427,-1.7384729,-1.5393991,-0.77719843,-1.7342832,-1.0034617
2013-06-21,-0.6182416,0.10571112,-0.23819771,-0.45513818,-3.8982747,-0.0069659203,0.32614726,-0.24124663,-0.056842737,-0.1552373
2013-06-24,-0.6152565,-0.68391067,-0.83084214,0.53495955,-0.0028978738,-0.9989576,-0.8418641,-0.5451995,-0.31070036,-1.0648959
2013-06-25,0.4137036,-0.05456721,-0.0037527946,-0.1912199,-0.31255716,0.4677539,0.8893451,1.1032075,0.6128338,0.67098707
2013-06-26,-0.0655435,0.7262147,-0.32344833,0.9185422,0.20694683,0.19062057,-0.10173884,-0.42958775,-0.81898475,1.1821034
2013-06-27,0.26099777,0.49482557,-0.5646561,0.30640423,0.43615043,0.034831468,-0.17653312,-0.227789,-0.24485299,0.21196117
2013-06-28,-1.5308689,-0.54009986,0.31881297,-0.27615896,0.383112,0.29561952,-0.039871722,-0.0867667,-0.05934409,-0.38151816
2013-07-01,0.0666132,0.37415135,1.6164081,-0.4436462,-0.9575349,-0.68928033,0.20573309,-0.18591754,-0.35772696,0.62719965
2013-07-02,0.11357379,-0.009178264,1.1059397,-0.9112543,-0.04080217,-0.44373694,0.090147234,-0.11164506,-0.08605486,-0.25622895
2013-07-03,0.66653097,0.6596777,0.20350447,-0.04118528,1.0599452,0.006095381,0.43801886,-0.0903114,0.40707436,0.38582274
2013-07-05,0.6396858,-0.0092892945,-0.5267938,0.18953189,0.8460325,0.55661285,0.69406366,-0.0550516,0.5061852,0.58375096
2013-07-08,0.05424798,0.17459837,-0.40248677,0.04453178,0.7799186,-1.9450803,-0.45749807,-0.7632177,-0.29888675,-0.43102333
2013-07-09,-1.2586726,1.214946,0.84011424,-0.12627162,-0.24320127,-0.18520726,0.7080781,-0.5065233,1.3072495,0.6228746
2013-07-10,0.36501384,0.5773862,-0.2779049,0.4511897,-0.31009048,0.17121203,0.42866102,0.64871943,1.5696962,-0.038215324
2013-07-11,0.23196235,1.044634,0.73747885,1.5463192,1.069899,1.5274365,0.73487717,0.51335514,0.38923034,0.73725265
2013-07-12,-0.22322755,0.18398705,-0.17137758,-0.1925828,-1.0524224,-0.26362345,0.37785536,0.4035268,0.33777374,0.3689142
2013-07-15,0.7151968,0.01534159,0.032645095,0.68105,1.2831509,0.010287067,0.35290205,-0.58889,-0.558761,-0.3044284
2013-07-16,-0.01783406,-0.44344276,0.25401375,0.0018581739,-0.042118482,0.5781699,0.0045579327,0.30914092,0.18625996,-0.6893712
2013-07-17,0.2785322,0.05829334,-0.06795111,-1.0531431,0.24907632,-0.287176,0.06692935,0.45509067,0.18650341,0.5315229
2013-07-18,1.2324693,0.3398439,0.094311915,-0.67504644,-0.27671608,-2.04898,-0.42354026,-1.124846,-0.40786374,0.122086376
2013-07-19,-1.4966954,-0.048129804,-0.9100082,-7.446633,-0.27083868,-0.5143148,-0.47690013,0.1469245,-0.0863619,-0.1474979
2013-07-22,0.22257423,-0.1755788,0.09135927,0.9991712,-0.002616498,-0.67523456,0.17056271,0.42260468,-0.6140455,0.18074103
2013-07-23,0.3252708,-0.28752032,-0.95360124,-0.5029975,0.3017529,-0.10371423,1.8307309,-0.028111648,-0.31411242,-0.22216345
2013-07-24,0.56945485,0.09560606,2.5183213,0.108905725,0.48421878,0.3279523,-0.03937424,-0.71380085,-0.49331632,-0.2776929
2013-07-25,0.21774918,-0.13926578,-0.2905882,-1.193256,-0.050045654,0.21565616,0.33653155,1.3038224,-0.010757383,-0.033639826
2013-07-26,0.055819698,0.03497853,0.24547182,0.27987763,0.23271744,0.35367003,-0.20333426,0.7066751,-0.086522914,-0.1633901
2013-07-29,-0.37296268,-0.28765783,0.7625784,-0.2873322,-0.109434515,-0.083004855,-0.31877992,-0.34219348,-0.3618595,-0.46216407
2013-07-30,-0.062160786,0.67355484,0.60297877,0.42113516,0.07730039,0.2267923,0.15687427,0.08674048,0.5348449,0.15087126
2013-07-31,-0.3317471,-0.09848415,-0.061276264,-0.13140862,-0.27923298,-0.087385826,0.37987015,-0.05322419,0.030541746,-0.10491668
2013-08-01,0.24046697,0.56976515,0.30174452,-0.42641026,0.5016343,-0.28268704,0.6466381,0.36544493,0.3165601,0.35465077
2013-08-02,-0.22102544,0.57485664,0.57551277,0.254777,-0.27457997,0.00041037097,0.092231534,0.8667858,-0.49522763,-0.2593437
2013-08-05,0.111521885,0.2500559,0.6989546,-0.47586375,0.265685,-0.18007822,-0.126861,-0.41772917,-0.6240048,0.13874467
2013-08-06,-1.5263529,-0.14656572,-0.5127519,-0.35627124,0.28544545,-0.2739891,-0.1845995,-0.5267429,0.062449217,-0.24893326
2013-08-07,-0.50746155,-0.1301231,-0.07567667,0.72599745,-0.27888754,-0.24014843,-0.12991774,-0.34534532,-0.7626169,-0.29620978
2013-08-08,-0.21068594,0.29413077,-0.15327448,1.3343136,0.26708373,-0.5518018,-0.039862223,0.6540118,-0.70095444,0.35659295
2013-08-09,-0.033568088,-0.34987876,-0.80112535,-0.47298035,-0.16486654,0.077220485,0.106727436,-0.14653836,-0.035066586,-0.33289093
2013-08-12,0.45999724,0.5904767,1.3934565,0.15644892,0.47481808,0.22216888,-0.121513486,0.03072844,-0.13883509,-0.0053164857
2013-08-13,-0.22527654,-0.0018183246,2.407306,-0.87047017,-0.022214983,-0.285839,0.016913075,0.41614178,0.11903261,-0.081502534
2013-08-14,-0.30245978,0.14503227,0.9076042,0.072512984,0.43180358,0.05610274,-0.71479243,-0.28057194,-0.08641674,-0.3065562
2013-08-15,-0.60573363,-3.553612,-0.1079225,-1.144277,-1.209995,-1.132351,-0.6384908,-0.10079785,-1.14702,-0.947156
2013-08-16,-0.15849821,-0.3731247,0.41346622,-0.12030314,-0.4750181,-0.27949867,0.06333161,-0.12680742,0.68597484,-0.48039144
2013-08-19,-0.39860004,0.0348925,0.42309454,-0.8589352,-0.5078186,0.6765662,-0.37175485,-0.4571613,-0.26132464,-0.5249728
2013-08-20,0.09977074,0.12900324,-0.45841515,0.26997763,0.15624538,0.41337195,0.29995513,0.1456604,0.18900618,0.14246242
2013-08-21,0.084223874,-0.43233684,0.059655115,-0.14491081,0.09830829,-0.66918504,-0.35684443,-0.17667435,-0.108618766,0.034149334
2013-08-22,0.08903205,-0.07660676,0.019396441,1.1705905,0.09387835,0.1364075,0.35362884,0.24717766,0.18253323,0.47243378
2013-08-23,0.07418408,-0.257201,-0.20452465,3.8143735,-0.9020972,0.30913085,0.23885395,-0.081389055,-0.18619652,0.057406228
2013-08-26,-0.2356334,-0.025538253,0.16002102,-1.1412472,0.80920815,-0.38459176,0.09764689,-0.22321546,-0.5256554,0.25208372
2013-08-27,-0.7122657,-0.6653368,-1.524164,-1.6414754,-0.82443154,-0.19723889,-1.1095674,-0.69730973,-1.0770718,-0.56552523
2013-08-28,-0.19445652,-0.028119542,0.19383125,-0.5665119,-0.20419434,0.16118732,0.17574117,0.25711894,-0.38470358,0.004707192
2013-08-29,0.18519133,0.034976315,0.034390118,0.78068125,0.040502142,-0.53154165,0.17373891,0.0037518588,0.39911205,0.36147755
2013-08-30,-0.11273381,-0.26906335,-0.5294679,-0.4120012,0.23440228,-0.23283507,-0.53909844,-0.14184767,-0.44065556,-0.19995677
2013-09-03,0.62304616,0.39901197,0.089452624,-2.8704963,0.22842881,0.14215595,0.49113563,0.21032764,0.18487129,0.10186768
2013-09-04,-0.28584087,0.6341293,1.0271964,-1.3924273,0.42612997,1.1299968,0.8116828,0.24733016,1.257916,0.9727815
2013-09-05,0.37553674,-0.12981716,-0.4112809,-0.08773514,-0.11020136,-0.12912817,0.08716193,0.2573245,0.06886868,-0.21316372
2013-09-06,-0.37851778,-0.2697567,0.2448504,-0.3017746,-0.11268359,0.093118116,-0.39878362,0.028814387,-0.5354566,0.110742606
2013-09-09,0.7322755,0.86745805,0.75174725,0.8139004,0.8697727,0.46641016,0.65409106,0.6950586,0.12625521,0.3501775
2013-09-10,0.5957544,0.5477656,-1.2458271,1.1935564,0.15176152,0.09131382,0.6186382,0.39046103,0.9299184,0.7036984
2013-09-11,1.4504356,0.4989676,-2.9409728,0.48329353,0.22703415,-0.42041627,-0.36665624,-1.3184067,-0.21542723,0.14387807
2013-09-12,0.031123908,-0.15288074,0.4872487,-0.23872416,-0.36979336,-0.4420634,-0.18009055,0.3564872,-0.08660626,-0.5477794
2013-09-13,0.5307939,0.102665894,-0.9355105,0.46276835,-0.5522833,1.7195421,0.4060723,-0.22687514,-0.13846277,0.09173336
2013-09-16,0.3786242,0.17317845,-1.7876621,-0.5844429,0.8224149,-0.18421336,0.16889317,-0.38561326,0.017373048,0.35597512
2013-09-17,-0.31427723,0.014393502,0.5288385,0.08248124,0.43101618,0.67602915,0.28758717,0.72754765,-0.21607606,-0.024606677
2013-09-18,0.79403496,0.9413814,0.9856404,0.54480904,0.91067725,0.27201092,0.09992841,0.044491213,0.709218,3.9753942
2013-09-19,-0.32602644,-0.3866888,0.7775974,0.41649106,0.011709106,-0.05162048,-0.096002646,-0.19353269,-0.39324918,-0.6854035
2013-09-20,-1.1429074,-0.16347665,-0.5969393,-1.6245834,0.2040717,-0.31698948,-0.35274616,-0.3426193,-0.49087447,0.3473538
2013-09-23,0.28979483,-0.3996524,1.3095403,-0.20228793,-0.16732155,-0.27717125,-0.08315006,-0.13256375,0.057601325,-0.44631916
2013-09-24,-0.35955113,-0.20283137,-0.09768993,-0.5894464,-0.39793846,0.10939773,-0.19259484,-0.35707673,3.1795387,-0.3447815
2013-09-25,-0.18419898,0.58100706,-0.5430352,-0.029080324,0.26225004,-0.030966919,-0.026557393,0.053505912,0.76866436,0.34761682
2013-09-26,0.2328506,-1.2049713,0.2709262,0.30313805,-0.10731897,-0.53306824,0.02539302,-0.019318588,-0.23440906,0.15827255
2013-09-27,-1.1396575,-0.8198817,-0.26229724,0.7010176,-0.06889381,-0.8010966,-0.2665839,-1.0044217,-0.4561227,-0.08990216
2013-09-30,-0.6148551,0.22905484,-0.3963153,-0.11230457,-0.80541927,-0.13682683,0.09781722,-0.12783352,-0.23701453,-0.10721691
2013-10-01,0.41448233,-0.0052656424,1.0254048,0.36933577,0.41447183,-0.20421146,0.079450026,0.0135375485,-0.22059241,0.38354042
2013-10-02,-0.4907855,0.22966343,0.087318055,0.44780564,0.26972556,0.056584287,-0.20474303,0.03493027,0.007862721,-0.898841
2013-10-03,-0.37270844,-0.7089181,-0.75388825,-0.2703622,-0.73667055,-0.7309576,-0.08415468,-0.43995088,-0.51163375,-0.64389575
2013-10-04,0.120087065,0.060408745,-0.11849545,-0.12412783,0.12587427,0.40185556,-0.38768837,0.47904763,0.4821213,0.61917424
2013-10-07,-0.73977983,-0.27601948,0.43310902,-1.204559,-0.62488693,-0.028819256,-0.121662945,-0.59980035,0.3810313,-0.7395945
2013-10-08,-1.1843786,-0.5517524,-0.8000744,-0.6783742,-0.77644473,-0.85055345,-0.79060096,-0.614326,-0.6962201,-1.1812372
2013-10-09,0.99570996,-0.29916656,0.5362264,-0.04847274,-0.31451905,0.17960033,0.023912072,-0.49219313,-0.49006665,-0.1511465
2013-10-10,1.2700918,1.2089416,0.25783882,1.0721462,1.2485744,1.0519059,0.95445764,0.6298023,1.2025219,1.5391093
2013-10-11,0.52112603,0.6477853,0.2680221,0.4940682,0.40343815,0.2822389,0.2685412,0.3565842,0.16655688,0.8796034
2013-10-15,-0.7960495,-0.32769763,0.20762327,-0.084858425,-0.8534139,-0.1934259,-0.39299336,0.17198364,-0.73093504,-0.64355606
2013-10-16,0.7506506,-0.357677,0.19475888,0.10670952,0.38989446,0.5792306,0.5350509,0.3444314,0.2339705,-0.04129688
2013-10-17,-4.3130474,-0.46145886,0.28538984,0.3247144,-0.25034064,0.39655823,-0.15517977,-0.1937558,0.21059129,0.11493819
2013-10-18,-0.38371924,0.4200147,0.4047526,-0.077165894,0.02300727,-0.12514587,0.027316226,-0.2818419,-0.17625545,0.44704723
2013-10-21,-0.3316534,-0.030142464,1.2002819,-0.096276216,0.055522498,0.46295446,0.27732635,0.13890307,-0.4959569,0.35352382
2013-10-22,0.8060086,-0.5634566,-0.19971026,-0.8251573,-0.093912445,-0.18015218,-0.83339244,0.00030763017,0.36381376,0.04967183
2013-10-23,0.3062425,-0.8028798,0.46853402,-1.52421,-0.30998027,-0.6698676,-0.6586777,-1.2885101,-1.6077358,-0.116761655
2013-10-24,0.7585343,0.2716373,0.64956796,-0.2089545,0.5046406,0.032693863,0.12922747,-0.15880057,0.8718985,0.91809404
2013-10-25,-0.35062912,0.22478124,-0.61493105,3.1577415,0.08551967,0.8017301,0.34588176,0.75302964,-0.3549192,-0.3531522
2013-10-28,0.18865965,0.22584355,0.3468035,-0.39700648,-0.037635185,0.17863367,0.8162783,0.075947426,-0.018463792,0.07172091
2013-10-29,1.7475615,0.6300121,-1.3804889,-0.22248368,0.78189266,0.25257164,1.1063775,0.15088242,0.544517,0.727276
2013-10-30,-0.70214456,-0.2227555,0.77889216,-0.110874444,-0.27820262,-0.08524662,-0.08358278,-0.024708418,-0.38010722,-0.6400506
2013-10-31,-0.35097492,-0.26819965,-0.16160955,-0.3317244,-0.06924697,-0.0819409,0.33392745,0.17861357,-0.12801336,0.06501058
2013-11-01,-0.006855304,0.05524991,-0.19806764,0.055213094,0.00819028,-0.2702364,-0.097264566,0.15342614,-0.43303445,0.28105673
2013-11-04,0.33517623,0.05452253,0.3365517,0.47920772,0.18377638,-0.14075276,-0.07232477,-0.2746154,0.022753669,0.56325823
2013-11-05,-0.87392807,0.9955326,-0.08138786,0.9015936,-0.29324907,-0.035454176,-0.12222386,-0.41392428,-0.04085089,-0.49816188
2013-11-06,0.73569536,0.4201844,-0.09353749,1.9305199,0.6181169,0.32967827,0.18655784,0.30730534,0.2220676,0.02862824
2013-11-07,0.24878441,-0.28592712,-0.46320623,-1.0478588,-0.11930789,-0.33441186,-0.49401885,-1.5841355,-1.2533203,-1.3498615
2013-11-08,-0.027646052,0.7993318,0.41242236,0.26911953,0.38749844,0.023660643,0.28401667,0.12506413,0.75187105,1.2776254
2013-11-12,0.03728419,0.5580328,0.038605228,-0.4420023,0.35219958,0.40007165,0.023375345,0.42528167,-0.4179552,0.009618964
2013-11-13,0.12904662,0.525707,0.022735896,0.96160424,0.30535555,0.24835475,0.46742693,0.75262815,-0.018937565,0.9098436
2013-11-14,-0.48298126,-5.11881,0.3775267,-0.31725562,-0.76818115,-0.36910972,0.19260216,0.5804349,-0.3167418,-0.3145019
2013-11-15,0.304191,0.383266,-0.17677705,-0.3681876,0.5947768,0.1860257,-0.10800022,0.4304105,-0.16666812,0.09603872
2013-11-18,0.40868285,-0.48251593,-0.3434778,-1.0192758,-0.023463491,0.10444335,-0.13797459,-0.21380842,-1.3413205,-0.5898047
2013-11-19,0.25350952,0.3121176,0.038062025,-0.39603913,-0.23972693,0.13721707,-0.32257482,-0.14919607,-0.13018441,-0.67252386
2013-11-20,-0.035638653,-0.37252766,-0.31545377,0.37513366,-0.043125384,-0.26692224,-0.25674602,-0.5648031,-0.06179772,0.100981005
2013-11-21,-0.38394415,0.53500396,0.30948216,0.32961157,0.18953122,1.0532006,0.45276767,0.29097852,0.885608,0.18466005
2013-11-22,-1.0146765,0.013018192,-0.15522286,0.11991691,-0.16831636,-2.4237702,0.16561452,0.64568454,-0.13152389,0.11197987
2013-11-25,-0.8570051,-0.38665614,0.34855646,-0.032295328,-0.09069412,-0.26157525,-0.13266025,-0.37322825,-0.039949317,0.39219755
2013-11-26,-0.59921676,-0.09861108,0.888921,-0.57758933,0.17121726,-0.22362205,0.1156517,0.58900577,0.48522878,-0.22098434
2013-11-27,0.61139995,0.16891317,1.1654989,0.24200545,0.44739833,0.4242222,-0.22639093,0.05813251,-0.475063,0.13579749
2013-11-29,0.2701063,-0.010912317,0.9163611,0.6673787,-0.02122135,-0.16251044,0.47023302,-0.08185362,-0.20326687,-0.12576294
2013-12-02,-0.8004874,-0.3300882,-0.5090995,0.3401711,-0.30422577,-0.31189135,-0.2393591,-0.17634504,-0.5313459,-0.0410082
2013-12-03,-0.5018881,0.43832427,1.3406167,-0.36060765,-0.033099357,-0.3578511,-0.007232251,-0.16716655,-0.06268411,-0.3071371
2013-12-04,-0.102995716,0.011289447,-0.18279374,0.81349367,-0.017897697,0.33770415,-0.49427631,-0.16386688,-1.3336961,-0.3075508
2013-12-05,0.15042031,-0.7964595,0.20239325,-1.5931054,-0.33843574,1.0086219,0.21580012,-0.060600106,-0.3602832,-0.84645283
2013-12-06,0.6200388,0.9565151,-0.7859511,0.40679416,0.9087146,1.0785956,0.878114,0.21533002,0.73126745,0.43922198
2013-12-09,-0.050196163,-0.11432643,0.5210892,0.38680282,0.15881273,0.15743475,0.06087722,-0.30960238,-0.086522065,-0.15991983
2013-12-10,-0.099875696,0.011099708,-0.1470323,-1.0831503,-1.2002648,-0.28677037,-0.22503626,-0.082021736,-0.08655308,-0.12531587
2013-12-11,-0.6948766,-0.79616714,-0.45262206,-0.9412718,-0.3793249,-0.8846519,-0.7039196,-0.2996714,-0.08653804,-0.59873843
2013-12-12,-0.6682873,-0.8830788,-0.13547526,-0.76462835,-1.4470592,0.04187111,-0.47007617,-0.25253507,-0.35645965,-0.5637537
2013-12-13,-0.1897778,-0.67869556,-0.64314187,-1.0162805,-0.6047573,-0.44475853,-0.5743245,-0.17283405,-0.13597868,5.645603
2013-12-16,1.9332646,1.1710105,0.21895479,0.16962133,0.4646263,0.26562607,0.3465376,0.03363101,-0.1856503,-1.8708514
2013-12-17,-0.754817,0.638789,-0.2966082,-0.74986315,0.120184384,0.36422768,0.11805069,-0.013336044,0.25879726,-0.67758095
2013-12-18,0.9803128,0.2001429,-0.22711888,-0.03522844,1.0927087,0.7463691,0.57747096,0.051209107,0.41589895,0.92665374
2013-12-19,0.48292825,0.17840587,-0.33978298,-0.57750654,2.1871188,-0.038185757,-0.6118282,-0.47374496,-0.40301627,-0.6707399
2013-12-20,-0.08279267,0.16614999,0.29926524,0.70356727,-0.30494308,-0.16713074,0.3416408,0.18550919,0.62385887,0.812023
2013-12-23,0.8031368,1.0189867,1.9360838,-0.4207069,0.686254,0.41864407,0.49797678,-0.13598841,0.6521601,0.1293522
2013-12-24,0.35441053,0.29734895,-0.25754267,0.57258254,0.45577708,0.15111038,0.03185923,0.02356256,-0.35971844,0.017131642
2013-12-26,0.7602422,0.27606398,-0.39245936,0.4134842,0.43342972,0.428567,0.12404606,0.16475926,0.028602265,0.010468132
2013-12-27,-0.09686345,0.50826615,-0.37821367,-0.3652564,0.32305542,-0.20845443,0.041372854,0.09237442,-0.10877625,-0.07935125
2013-12-30,0.47233093,0.53053474,-0.56782526,-0.1396089,-0.0115828095,0.39130038,0.19425789,-0.22929202,0.051266354,0.0031327298
2013-12-31,0.4063172,0.4164475,0.5585897,0.044740915,0.2997941,0.1472476,-0.029257441,0.3019496,0.34413508,0.21604809
2014-01-02,-0.71687686,-0.5178771,-0.7363222,-0.51683724,-0.5259676,-0.32331043,-0.8537586,-0.636111,-0.37834862,-0.46342155
2014-01-03,0.43833092,-0.01366793,-1.2545145,-0.5702032,-0.16451663,-0.09450887,0.17804366,-0.33151177,-0.18037388,-0.13666628
2014-01-06,-0.20061122,0.10777207,0.21498089,-1.4225353,-0.2251042,-0.6901521,-0.43654138,-0.19776988,-0.60893357,-0.84094614
2014-01-07,1.3311499,0.7466045,-0.43540344,0.3053193,0.5040775,0.19174835,-0.29429474,0.22326751,0.10408697,0.6409127
2014-01-08,-0.58402824,-0.011838535,0.25763354,-1.2325788,-0.19934699,-0.38551223,0.62112564,0.1643492,0.032410044,-0.08178839
2014-01-09,-0.18040146,-0.44427937,-0.7350108,-0.540036,-0.115441084,-0.30541787,-0.29339838,0.043625843,-0.13402995,0.12407241
2014-01-10,-0.015349079,0.34602454,-0.41268227,0.6939829,0.61371535,0.37068772,0.016911034,-0.11050339,0.0793864,0.3169834
2014-01-13,-1.0814557,-0.036124036,0.20105484,-1.9397014,-0.5175719,-0.12680309,-1.0168595,-0.45740452,-0.44323528,-0.7626076
2014-01-14,0.65350986,0.5519811,0.9515463,1.1884246,0.60677403,1.8758857,1.1824877,0.009239065,0.6457494,1.3358876
2014-01-15,0.670473,0.89731133,0.96063364,1.4518566,0.25265637,0.23804563,0.18066809,0.54913956,0.61046845,0.96131414
2014-01-16,0.396675,0.036564335,-0.37034613,0.053247653,-0.18723395,-0.3222869,-0.22646454,0.032517504,-0.78388673,-0.06711731
2014-01-17,0.50131726,-0.059054896,-1.3708243,-0.9943214,-0.13032992,-1.4160817,0.051729273,-0.08025812,-0.27452868,-0.22835454
2014-01-21,-0.5561564,0.25059098,0.7313699,-0.50516766,-0.15806538,-0.5857523,0.40490764,0.3211426,0.054761782,-0.43066266
2014-01-22,-2.2297778,0.060957763,0.15333953,-0.56455505,-0.20573273,-0.6397007,0.80047065,0.092979245,0.030742286,0.70083326
2014-01-23,0.21361534,-0.6504124,0.36374694,0.056039087,0.2210001,-0.44260618,-0.60768336,-0.0343506,-0.3904081,-0.7424055
2014-01-24,-1.1087027,-0.832403,-1.0284908,1.0767163,-1.4829087,-0.72188777,-1.2999682,-1.0864959,-0.94493586,-1.435762
2014-01-27,-0.6175858,-0.44426844,0.35041824,-1.4304531,-0.8977036,-0.2486148,-0.38475597,-0.5892002,-1.1846062,-0.6016719
2014-01-28,-0.36644435,-0.5541047,-4.3486824,0.24132474,0.82634014,0.29824927,0.24755262,-0.7945188,-0.012772544,0.55298936
2014-01-29,-0.14046732,-0.21058111,-0.66298515,0.48335478,-0.2029247,-0.5173077,-0.2639164,-0.59660083,-0.13591029,-0.54338324
2014-01-30,0.3850479,0.8310783,-0.16545165,0.17001592,0.58094037,0.058281302,0.28588405,1.1593049,0.036677938,0.69968367
2014-01-31,-0.24167481,-0.12051527,0.037134543,1.3760803,-0.66516674,-0.4203949,-0.34958902,0.4676791,0.009877811,-0.17365554
2014-02-03,-1.4080005,-0.7734603,0.048149947,-2.2635005,-1.4180897,-1.1697654,-1.0157945,-0.6193517,-0.23118538,-0.8519364
2014-02-04,-0.01757216,0.58818454,0.71397,-0.34567598,0.13338201,-0.28736153,-0.7026972,-0.5742136,-0.038446184,1.1922748
2014-02-05,0.5309258,0.42636973,0.3464913,-0.9792478,-0.036916655,-0.18216556,0.047316823,-0.17797936,0.1749158,0.90677446
2014-02-06,0.5195163,1.1214838,0.25852987,0.4314934,0.9469674,0.830888,0.23995301,0.42048517,0.2893995,0.21747923
2014-02-07,0.9627891,0.41430932,0.6834905,0.45816782,0.56387,0.364144,0.7292287,0.58949614,0.21728633,1.064713
2014-02-10,-0.030581117,0.37746286,0.885853,0.23579979,0.11991562,0.105257146,0.4018137,0.06829939,0.078050084,0.60138375
2014-02-11,0.95422727,-0.22418992,0.6334525,0.4370067,0.67538613,0.2955799,0.78463596,0.43917817,1.142889,0.10676578
2014-02-12,0.20168188,0.32945403,-0.04885611,0.32116902,0.26013088,0.103866026,0.13631232,0.36017495,0.2060396,0.77183676
2014-02-13,0.58551604,-1.2014982,0.7870747,0.07357883,0.40703773,0.23138683,0.41404286,-0.08296382,2.0126305,1.2399944
2014-02-14,0.6649165,0.65008765,-0.08415579,-0.12386995,-0.5558146,0.06689084,0.08205207,-0.18502107,0.31597826,0.8185431
2014-02-18,-0.18005972,-0.2794478,0.14549185,-0.015803482,-0.03765896,-0.03810429,0.1106267,-0.4796018,-0.31677607,0.17778444
2014-02-19,-0.081695355,-0.24354872,-0.8830119,-0.002321041,-0.1462886,-0.5144383,-0.12087925,0.0025725286,-0.29950112,-0.45784023
2014-02-20,0.4747739,0.07810223,-0.6621195,0.22601117,0.4727378,0.39745313,0.235891,0.008298452,0.42557982,0.2905842
2014-02-21,-0.518528,-0.33384165,-0.6370158,0.2085265,-0.23217827,-0.6329579,-0.09069442,-0.28800565,0.14605972,-0.19313987
2014-02-24,0.23947449,0.013239458,0.18607152,-0.5786854,0.024967205,0.3400218,0.26201618,-0.19741565,-0.14915568,0.32703438
2014-02-25,-0.07348038,-0.57624894,-0.5976146,-0.36968327,0.11174397,-0.0610173,-0.019547695,-0.39318547,-0.19172081,-0.5151807
2014-02-26,0.29934478,0.23105066,-0.51912296,-0.24651973,0.27851415,0.28300002,0.12033032,-0.01389421,0.08171365,-0.14956564
2014-02-27,0.4417298,0.012617121,0.98534584,0.45702457,0.5391671,-0.12288204,0.11319946,-0.013022251,-0.27809134,1.3206632
2014-02-28,-0.0070454692,-0.25739533,-0.2105642,0.55017495,0.19725187,-0.06691499,0.15448995,-0.031204158,-0.19545284,-0.89588386
2014-03-03,-0.29873407,-0.5336384,0.078983225,-0.9897281,-0.83396924,-0.6042627,-0.44594455,-0.825724,-0.6356286,-0.556032
2014-03-04,0.82603693,0.6700584,0.26763216,0.83753693,1.2218449,0.15702106,0.6981337,1.3032417,0.19977562,0.4942155
2014-03-05,0.27194548,0.15497053,0.04532709,-0.6160985,0.099282324,-0.2840826,-0.12280796,0.22046012,0.6297447,0.1740644
2014-03-06,0.19593787,-0.081064194,-0.21411505,-0.08714272,-0.06930814,0.20082895,0.47563583,0.092010826,0.36076263,-0.01116686
2014-03-07,0.025909532,-0.16755743,-0.08100131,-0.525335,-0.79634285,-0.029164584,0.12964746,-0.2108239,0.4540914,-0.28152716
2014-03-10,-0.43650424,-0.056649428,-0.0067488784,-0.26932055,0.018466108,0.33166578,-0.01969317,0.06374776,-0.6304151,-0.33581913
2014-03-11,0.13619022,-0.14289968,0.4664428,0.16245365,0.025672015,-0.2438196,-0.2359564,-0.29648134,-0.6084224,-0.3961457
2014-03-12,-0.1944715,0.48629662,0.0123078115,0.23334567,-0.4657508,0.016234402,0.6760778,0.050389733,0.6887176,0.3536449
2014-03-13,-0.8164457,-0.5904824,-0.3396975,-0.6661873,-0.99499196,-0.34316447,-1.334578,-0.808224,-1.3357815,-0.6573964
2014-03-14,-0.60836244,-0.33056086,-0.4522585,-0.41093892,-0.08744624,-0.15247104,-0.68466926,-0.5918412,-0.4162986,0.04115387
2014-03-17,1.2724423,0.38482022,0.15200523,0.38570073,0.70962536,0.31438765,0.89468044,1.1938113,0.4591213,0.60829556
2014-03-19,-0.7422404,0.03486916,-0.043490734,-0.53434455,-0.3616514,0.30818382,0.07567262,-0.44845045,0.11690725,-0.6031425
2014-03-20,1.1433464,0.4999081,-0.3057353,1.4138522,-0.25199962,0.72877365,1.40157,0.6187348,1.4014665,0.53933597
2014-03-21,-0.4137659,-0.40242207,0.3518808,-0.39367512,-1.1523229,-0.5434933,0.15723875,-0.042475812,-0.12708831,-0.9083701
2014-03-24,0.40510753,-0.089457735,0.3677925,0.26350796,0.58556145,-0.0835043,-0.43725207,-0.2506324,-0.1813179,-1.0277824
2014-03-25,2.0782194,1.5211803,0.3081963,-0.3105537,0.18353772,0.4951032,0.066946924,0.30429655,0.3801781,0.30938706
2014-03-26,-0.7817065,-0.0035888362,-0.29355183,-0.79688424,0.64397365,-0.14231552,-0.27588925,-0.19932655,-0.9713221,-1.2158657
2014-03-27,-0.9395884,-0.5685558,-0.13045396,-0.7003807,0.13423483,-0.13762783,-0.30592862,0.28730473,-0.40660226,0.3825877
2014-03-28,0.20271927,0.6830987,-0.0743139,1.1840565,0.341009,0.48213032,0.479862,0.029613012,0.87654054,0.2074452
2014-03-31,0.7188457,0.23849349,-0.06815234,0.84776324,1.6427331,0.3015441,0.4771937,-0.31739268,0.39797482,0.56329006
2014-04-01,0.70070404,1.9698533,0.41398105,0.46396473,0.6817256,0.2799621,0.32406476,0.57413656,0.31262323,0.10444999
2014-04-02,-0.31251895,-0.22804597,-0.023821553,-0.27285048,-0.5188207,-0.27150592,0.062185116,-0.059381884,0.23412894,-0.36715373
2014-04-03,-0.27928132,0.2801468,-0.47827256,-0.671681,-1.0648422,0.9000534,0.040532403,0.14010021,0.010425906,-2.3667216
2014-04-04,-0.30293182,-0.8972313,-0.80467695,-1.8791052,-0.4066594,-0.55519044,-1.4377561,-1.1894242,-1.2267033,-0.9364966
2014-04-07,1.0427427,0.38231134,-0.9545414,-0.27772602,-0.74332905,0.538225,-0.12689263,-0.33213636,-0.520799,-0.72788966
2014-04-08,-0.409377,0.2588938,-0.10145908,-0.13904381,1.037914,0.70944965,0.5159706,0.36124304,-0.44952103,1.0612613
2014-04-09,1.2531066,0.47311443,0.5940016,0.8052005,0.8326742,0.04219127,0.45807233,0.4918871,0.19262123,1.2290736
2014-04-10,-0.31008703,-1.1210718,-0.8016236,-1.858436,-1.527275,-1.1072072,-1.8384532,-1.105991,-1.9220773,-1.5932683
2014-04-11,-0.13970347,-0.440139,-0.4969137,-0.40211692,-1.1662683,-0.5618343,-0.6292022,-0.11577635,-0.022077465,-0.84611094
2014-04-14,0.95721847,1.0107127,0.11647791,-0.21587257,0.8007804,0.64527947,0.3366801,0.5344634,-0.29746374,0.69049656
2014-04-15,-0.22961272,0.13559487,-0.48052898,0.7117699,0.19440323,0.31680906,0.49455953,0.10606043,-0.427808,0.5448765
2014-04-16,-0.18689406,0.37954834,0.00542531,0.81290346,0.5195683,0.2115207,-0.6777095,0.2934921,0.041448634,0.6912028
2014-04-17,-2.3054428,0.47372198,0.50603265,-0.75898,-0.10381083,0.116912186,0.6357266,0.5332296,0.061673746,0.73055875
2014-04-21,0.87092483,0.49634618,0.5327597,-0.27719608,0.18754555,-0.25027004,0.26672494,-0.29075012,0.2295871,0.16061714
2014-04-22,-0.0075156987,0.32596576,-0.043885317,-0.09305768,0.27184713,-0.28887543,0.47535977,-0.2528676,0.3762121,0.101872474
2014-04-23,-0.11554791,-0.011035764,-0.7914492,-0.6240188,-0.93984884,-0.2508083,-0.17141722,-0.03112752,-0.31928247,-0.102513075
2014-04-24,-0.5055675,-0.36813477,4.097442,0.096083626,-0.076659195,-0.07626259,2.0316367,-1.5913414,0.16969927,-0.93139815
2014-04-25,-0.17782965,-0.75800353,0.30439213,-0.08723885,-0.43432257,-1.0258448,-2.229246,-0.22491473,-1.7114285,-1.2982906
2014-04-28,1.2612487,0.08379147,1.9131335,1.270347,0.89233816,0.06545823,-0.66080457,0.15104459,0.02450935,-0.972794
2014-04-29,0.7045717,0.36124158,-0.22447155,-0.6848072,-0.044510756,0.2208832,0.6650362,0.16491452,0.7904843,0.3674905
2014-04-30,0.456712,-0.0679085,-0.23913682,-0.294278,0.8526804,0.30910838,-0.68813133,0.00970302,-0.107127875,0.5332478
2014-05-01,-0.9871006,-0.16575783,0.06881764,-0.6874767,0.067862354,-0.41530144,-0.24534333,0.056851666,-0.4559695,0.60444915
2014-05-02,-0.71099925,-0.109008715,0.05522104,-0.5798709,-0.20374611,-0.10489898,0.49227452,-0.09458421,0.08198294,-0.7575479
2014-05-05,-0.05513759,0.076794595,0.696312,-0.5195832,0.43646988,-0.06968528,-0.09868865,0.21629596,-0.06514607,-0.11159455
2014-05-06,-0.42313212,-0.46090844,-0.59019333,-0.67298913,-0.24695471,0.01157684,-0.36697417,-0.2300103,-0.31694084,-1.4835552
2014-05-07,0.12998664,0.34771457,-0.22453892,0.38513392,0.031928346,0.2458347,0.15552855,-0.08369526,0.18806304,-0.6306351
2014-05-08,-0.12215045,0.3567672,-0.14455472,0.17904915,-0.24509203,-0.102259606,0.48963878,-0.0009160011,0.61362267,0.31313333
2014-05-09,0.41910094,0.035029326,-0.26972717,-0.29187858,0.1819145,-0.121180855,-0.30957538,-0.092724286,-0.1076195,0.3554983
2014-05-12,0.8660222,0.39588988,0.59756964,0.48391905,1.0377865,0.07533294,1.0531138,0.16050535,0.24838577,0.7898004
2014-05-13,-0.11495526,-0.6744119,0.029141765,0.9164425,-0.08973236,0.092172146,-0.8403839,0.12158078,-0.8466582,0.055711042
2014-05-14,-1.1770316,-0.075451545,-0.047314074,-0.40987214,-0.03054394,-0.2748541,-0.5785474,-0.069769144,-0.43129992,0.027220875
2014-05-15,-0.7697292,3.068829,-0.5027159,-1.1005213,0.04330395,-0.6681603,-0.79265463,-0.42080957,-0.6563836,-0.53560585
2014-05-16,0.23877431,0.44757596,0.69073254,0.19081898,-0.3152645,-0.43082538,0.067333095,-0.27835867,3.1433425,1.060979
2014-05-19,0.004499542,-0.007134668,0.54298973,-0.27178714,0.56065047,0.36109415,0.6011963,0.11794809,-0.27085,0.38891575
2014-05-20,-0.7236109,-0.45657957,-0.052080877,-0.25555304,-0.7514883,-0.060575113,0.074909836,-0.06261211,-0.39662504,-0.38361678
2014-05-21,0.55249643,0.7919997,0.07714276,0.8360628,0.12715527,0.2416921,-0.10106975,-0.19136624,0.18136564,0.525296
2014-05-22,-0.22651641,-0.17820731,0.017445723,-0.52081966,-0.21608151,-0.15747793,0.46819276,-0.14671052,-0.3142095,0.4699376
2014-05-23,0.11649979,0.3329193,0.51596105,-0.12194189,0.753269,0.20392852,0.073649384,0.08047715,0.22318953,0.7952208
2014-05-27,-0.38754094,0.44008553,0.8922437,-0.04918188,-0.31261864,0.7289278,0.06386308,0.21631849,1.0112032,0.64633083
2014-05-28,-0.5893669,0.27915987,-0.21178442,-0.42914593,-0.4549262,0.25341758,0.07777301,-0.21064419,-0.16681448,-0.32950407
2014-05-29,0.27959216,-0.2711532,0.86969376,0.335301,0.7824417,0.08144238,0.17034352,-0.101509884,-0.6133262,0.41819102
2014-05-30,0.24968828,-0.095983274,-0.27093762,0.72892547,-0.24692132,0.6075611,0.2931655,0.049793657,-0.2703704,-0.6941932
2014-06-02,0.51119626,0.38715398,-0.43302953,-0.37771338,-0.08193131,-0.18167663,-0.027206035,0.1487723,0.58428293,0.04626697
2014-06-03,-0.44575492,-0.18092321,0.65918905,-0.8941005,-0.21980532,0.67223597,-0.037831653,-0.12830216,1.6893839,-0.42738378
2014-06-04,0.07327269,-0.34224564,0.52321476,-0.1066969,-0.15222038,-0.1666391,-0.17997172,-0.34269136,0.18173203,0.032011107
2014-06-05,0.5392731,0.44423118,0.14650363,1.1313792,0.45529327,0.050256785,0.50291806,-0.23043436,0.32903966,0.86864686
2014-06-06,0.15500973,0.29827866,-0.1974409,0.23514763,0.5998477,0.8202333,0.05797888,0.29283682,-0.011566345,0.94264966
2014-06-09,-0.034559216,-0.025565723,0.76435673,-0.44459158,0.06258707,-0.49908528,0.33072177,-0.32030338,0.081928074,-0.01083914
2014-06-10,-0.66224986,0.45551664,0.2376995,-0.38250542,-0.06615624,0.5238154,0.05032746,-0.49636334,-0.12429278,-0.0043364465
2014-06-11,-0.7092942,0.11885879,-0.27634698,-0.5125861,-0.13821463,-0.60894936,0.07932525,-0.07293375,-0.08659218,0.31374687
2014-06-12,-0.35027853,-0.7506766,-0.92853487,-0.5556664,-0.6904133,-0.0059650037,0.00963067,-0.020272879,-0.35067695,-0.6300454
2014-06-13,0.5152748,0.121771544,-0.6360721,0.791772,0.15541884,3.2611547,0.14970586,-0.20959711,1.0752709,0.15477082
2014-06-16,-0.04820872,-0.33151063,0.45107165,0.23433314,-0.005636458,0.17033733,-0.23679,-0.3319759,-0.12350871,0.5274486
2014-06-17,-0.003870052,-0.029328985,-0.13765477,0.1028856,0.19348206,-0.16862234,0.09153948,0.18416034,0.17181072,-0.081484996
2014-06-18,0.51249844,0.316081,-0.010865887,-0.19690692,0.5815856,-0.09833114,-0.42597327,-0.071701296,-0.30769703,3.6174116
2014-06-19,-0.2544488,0.20845573,-0.24825525,-0.35539296,-0.3856995,0.20350717,0.0017211388,0.2084649,0.07949399,-0.108311765
2014-06-20,-0.43996906,0.27805054,-0.59276396,0.09221795,-2.0264227,0.12126298,-0.010735766,-0.032737345,0.43809003,-0.23177484
2014-06-23,0.18813556,-0.20278732,-0.042267527,0.27318275,0.25685638,0.011565153,0.084518276,-0.3124645,0.16709864,0.13354495
2014-06-24,-0.46098822,-0.2798717,-0.21331324,-0.4429506,-0.38659322,0.33706376,-0.35949373,-0.43255237,-0.35443476,-0.33658442
2014-06-25,-0.06932836,0.38997573,0.009800446,0.23788857,-0.35109374,0.48643255,0.2547123,-0.48440394,-0.34225014,0.005539775
2014-06-26,-0.13262583,-0.09731969,0.23745863,-0.5508741,-0.37026724,-0.17429017,-0.2640134,0.29781085,-0.38274807,0.21888041
2014-06-27,0.47757617,0.12964009,0.5205688,0.5758289,0.3955827,0.17296298,-0.06595842,0.025105564,-0.12099181,-0.54435956
2014-06-30,-0.16639186,0.31548494,0.3985524,-0.8648611,-0.028504087,-0.07508565,-0.011142496,0.018938566,0.17566319,0.18885553
2014-07-01,1.7998625,0.46695876,0.2696344,0.093598835,0.2395839,0.074845485,0.5949364,0.19163096,0.106480196,0.36495495
2014-07-02,0.7554235,0.33807018,-0.09363999,-0.113643594,0.21426274,-0.06817089,-0.017918285,0.1441124,0.15019754,-0.18776624
2014-07-03,0.07639181,0.372955,0.23643306,-0.29609954,0.47542703,0.19454761,0.39264673,0.3399016,-0.05027816,0.48584935
2014-07-07,-0.144621,0.12047921,0.98944867,0.11559908,-0.43852457,-0.24447334,-0.06758088,-0.17547277,0.1845156,-0.59096843
2014-07-08,-0.26178995,-0.30976504,-0.4137254,-0.45967835,-0.45104748,-0.4675559,-0.10641732,-0.17397654,-0.4846319,-1.0475928
2014-07-09,0.46079788,0.836385,-0.053780634,-0.3175542,-0.41613078,0.09470421,0.38716695,-0.023285622,0.8663425,0.26026106
2014-07-10,-0.22572018,0.03619747,-0.26063415,-0.12699302,0.060090985,0.5365415,-0.31147388,-0.26377982,-0.8037535,0.058718137
2014-07-11,0.13457617,0.20364535,0.029002577,0.41468135,-0.26583678,-0.08258216,0.24474823,-0.52225167,-0.12269121,0.33658642
2014-07-14,0.6708642,-0.12613618,0.5997871,-0.080369174,0.43605796,0.31747958,-0.39439237,-0.13214193,0.29004866,0.3614582
2014-07-15,-0.45246166,0.513741,-0.6777072,0.28220835,0.046469644,0.28577572,-0.2931851,-0.12969096,-0.39247102,-0.40226114
2014-07-16,1.3830719,0.680872,-0.36619163,2.097595,-0.38381594,4.4361176,0.34593508,0.008198715,-0.1588208,0.032017175
2014-07-17,0.0761085,-0.6997528,-1.0137913,0.45194843,-0.48340124,-1.4896975,-0.9316117,-0.88789004,-0.23152208,-0.68120986
2014-07-18,0.0372636,0.6399179,0.6743207,0.055018708,0.10096171,-0.07508911,0.6373362,0.5981682,0.3281768,0.75665414
2014-07-21,-0.5532674,-0.092456475,-0.35968643,0.040173348,-0.008305603,0.46962246,0.31302637,0.0638728,-0.24752854,-0.4316628
2014-07-22,1.209339,0.2549944,0.34986213,-0.18146956,0.5487538,0.9973111,-0.083519034,0.90105337,-0.78394186,0.17196809
2014-07-23,-0.12860703,-0.55287445,1.2867744,-0.1121122,-0.18845841,-0.5073576,-0.96084255,-0.04698245,-1.2266552,-0.1857049
2014-07-24,0.5942329,0.35864928,-0.16704285,-0.797896,0.19338337,-0.4475675,-0.38060203,-2.9737072,-0.35095102,0.4801062
2014-07-25,-0.25900123,0.3359316,0.26656574,-0.025431389,-0.20810373,-0.074400336,-1.1054085,-0.123283155,-1.1036828,-0.15006186
2014-07-28,0.50758433,-0.0688672,0.64363515,-0.8807488,0.27177888,-0.10159037,0.5083315,-0.23432736,0.16604382,0.024684079
2014-07-29,-0.38425627,-0.40532157,-0.41287112,-0.267355,0.08596521,-0.129871,-0.325609,-0.37411112,-0.41695595,-0.3091521
2014-07-30,-0.16563874,-0.13240789,-0.1954783,-0.5828678,0.41084746,0.16864723,0.43479055,0.31799904,0.088889755,-0.27681905
2014-07-31,-0.78267866,-0.7305155,-1.4355699,-0.7031452,-0.690616,-0.6658177,-0.99139726,-1.4299643,-0.6992434,-1.6738732
2014-08-01,-0.8643236,-0.40160844,0.24672079,-0.53850436,-0.927006,-0.23821998,-0.04913948,-0.78518844,0.16100354,-0.22401196
2014-08-04,0.16527058,0.352879,-0.30779558,0.5323039,0.52814084,0.35871002,0.102390036,0.32335806,-0.010940585,-0.13675147
2014-08-05,-0.88049453,-0.34560922,-0.30159962,-0.5235733,-0.18599059,-1.3831486,-0.42476726,-0.39614013,-0.63901013,0.10134341
2014-08-06,-0.009158725,-0.0413388,-0.12889382,-0.5911158,0.20547485,0.0001612951,0.13357414,-0.0116540855,0.5029027,-0.5016146
2014-08-07,-0.5946687,-0.09433683,-0.026431955,0.4983187,-0.56311107,-0.24924868,-0.49847186,-0.32401147,-0.9387564,-0.2874901
2014-08-08,0.81239337,0.3530031,0.09375653,-0.17431886,0.27580905,-0.14090228,0.5827897,0.7174107,0.17983103,0.3323713
2014-08-11,0.29700005,0.41414708,0.64379853,-0.13944085,-0.047118656,0.52788436,0.12328126,0.3993156,0.4097999,0.34517425
2014-08-12,-0.041132808,-0.11715787,-0.055323288,0.28321412,-0.04671763,0.10667967,0.12335015,-0.43680254,-0.42991886,-0.14119878
2014-08-13,0.20694949,0.12776662,0.5829317,0.5849305,0.353611,1.2058572,0.34117413,0.113020085,0.027247181,0.6057164
2014-08-14,-0.028321857,-1.2093525,0.093235485,0.106731966,-0.048876904,-0.24003963,0.12742385,0.054971673,0.25187698,0.13518986
2014-08-15,-0.18377595,-0.17216256,0.16280548,0.5150849,0.03559523,0.25095582,0.23126857,-0.29088113,2.288089,-0.01797679
2014-08-18,0.69900894,0.43111652,0.5826185,0.2690734,0.40263125,0.27495864,-0.039880376,0.26418456,-0.77549154,0.5930818
2014-08-19,0.2493685,0.054234665,0.67870414,0.49598002,0.85068893,-0.13304617,0.08219937,-0.036949195,0.004675827,0.5828038
2014-08-20,0.0012672502,0.16642217,-0.01099571,-0.6036521,-0.19916435,0.16301666,0.13235375,0.6398799,-0.35251904,-0.6609021
2014-08-21,0.39866313,0.3880603,-0.04358046,0.20369573,0.35909265,0.8112562,0.23414601,0.09207177,0.46378526,0.41334814
2014-08-22,-0.2739249,-0.4336426,0.34005472,-0.23122783,0.034838527,-0.31750706,-0.18057403,-0.06591723,-0.14096132,0.16452056
2014-08-25,0.27013916,0.13437074,0.06298895,-0.11828633,0.10675152,-0.22161311,-0.6625675,-0.2222189,-0.17814226,-0.15964244
2014-08-26,0.641822,0.25693598,-0.38699362,-0.3536163,0.098542385,-0.06593845,0.077227056,0.14207241,0.11600952,-0.20370272
2014-08-27,-0.2385287,0.015132119,0.586266,-0.32580286,-0.25279418,-0.06283669,0.23920693,-0.11518791,0.6386171,-0.012148497
2014-08-28,-0.07065953,0.13481988,0.008546813,-0.13230084,-0.45553833,-0.24040669,0.19066331,-0.4452096,0.21828976,-0.1357999
2014-08-29,0.11264259,0.3085658,0.07947782,0.56211305,0.27903304,0.31062517,0.11119942,0.008491212,0.4599589,0.3011201
2014-09-02,-0.23812775,-0.18350321,0.3519235,-0.5830558,0.13284802,-0.525314,-0.29854316,-0.68289614,-0.4051103,0.0985483
2014-09-03,0.13762823,0.34160602,-2.3175826,-0.30581343,0.24440993,-0.04216787,0.36863023,-0.19237198,-0.13878432,0.17484581
2014-09-04,-0.41876066,-0.22495416,-0.4854768,0.24217027,-0.43289933,0.4137065,-0.13565679,0.03359868,-0.73397696,-0.00581698
2014-09-05,0.1876457,0.2098546,0.40698323,0.68159205,-0.3433075,0.07216379,0.26864824,0.30644995,0.30582964,0.38028055
2014-09-08,-0.3667251,-0.05901536,-0.33158857,0.54862714,-0.71921074,0.36866775,-0.119593985,-0.043546878,-0.24240692,0.12775338
2014-09-09,-0.048811443,-0.13744064,-0.24050787,0.21656828,0.05582246,-0.57296634,-0.23254941,-0.12868832,-0.45844954,-0.61213094
2014-09-10,0.5343227,0.16859305,1.5367151,-0.04143907,-0.024165332,0.09875241,-0.30680665,-0.043394078,-0.24657068,-0.081414066
2014-09-11,0.057407506,0.5027986,0.16927788,0.056413222,-0.05965385,-0.03692472,0.1062188,0.0071360017,0.8913583,0.026411682
2014-09-12,-0.14131956,-0.0037110106,0.07100171,-0.51277846,-0.23286064,-0.57239103,-0.34202942,-0.5382047,-1.212241,-0.91005737
2014-09-15,0.17993957,-0.15319902,-0.053673435,-0.70021594,0.15441091,-0.13984878,-0.26029333,-0.23767166,-0.53396106,-0.4698103
2014-09-16,0.3904502,0.33564854,-0.42629197,0.49821097,0.56636137,0.4530495,0.26498413,0.26528922,0.4868357,0.25974277
2014-09-17,-0.04570863,0.015659323,0.3276118,-0.43943754,-0.07951137,0.019959196,0.3828504,-0.025575446,0.05767485,-2.2149868
2014-09-18,0.33371794,0.054324415,0.058582027,0.05555098,0.45559034,0.20315069,0.53103673,0.2517674,0.18338193,0.37311918
2014-09-19,0.09280285,-0.0035282166,-0.48008087,0.8874057,-2.0620642,-0.50088906,-0.2524245,-0.6109715,-0.17574997,-0.6589963
2014-09-22,-0.29026234,-0.4134772,0.0020263395,-0.7075639,-0.28736058,-0.19404536,-0.124125496,0.33788306,-1.1980768,0.14617406
2014-09-23,-0.5119202,-0.4564055,0.43649316,-0.70451665,-0.83900505,-0.3714459,-0.03594228,-0.337902,-0.62694347,0.34375304
2014-09-24,0.2171732,0.5513122,-0.32076946,0.48008272,0.62009513,0.36568403,0.092443004,0.13285773,0.5008142,0.7583349
2014-09-25,-1.1331341,-0.7938873,-1.7902035,-1.3902045,-0.7802681,-0.7937918,-0.63611704,-0.9025029,-0.9001529,-0.8768989
2014-09-26,0.35808018,0.90644085,1.3691791,0.31613663,0.1942641,0.11475611,0.1329675,0.04870088,0.33474824,0.39194608
2014-09-29,-0.14309733,0.26245016,-0.37352893,-0.10205687,-0.63213325,0.77854353,-0.10368177,-0.23276033,-0.06780522,0.5234499
2014-09-30,0.077083714,0.5035449,0.2845726,-0.2435257,-0.22142628,-0.15379354,-0.58140725,-0.122173645,-0.3482435,-0.043910544
2014-10-01,-0.9238932,-0.2222885,-0.62570125,-0.6855786,-0.24665087,-1.0467887,-0.7661166,-0.5980779,-1.2741888,-1.0859054
2014-10-02,-0.06057816,0.104399025,0.29596886,-0.35296968,0.2337909,-0.79075587,-0.075971365,-0.21000071,-0.931889,-0.38957402
2014-10-03,0.67526716,0.5910659,-0.23352897,0.27264476,0.85308164,0.69881916,-0.056290917,0.59619015,0.33258972,0.94179106
2014-10-06,0.16943984,-0.6314008,-0.086352825,-0.16446158,0.41212195,0.042882238,-0.23390633,-0.16283801,-0.364178,-0.56215435
2014-10-07,-1.1704848,-0.7868951,-0.5426447,-0.90014535,-0.8838376,-1.0465459,-0.68732905,-0.76966864,-0.54971963,-1.2714072
2014-10-08,1.334084,0.08049666,0.99951637,1.4684082,0.75018287,1.1362817,0.92908645,0.860515,1.4679987,1.4122977
2014-10-09,-1.0069011,-0.9596295,0.050559588,-1.3373297,-0.38550568,-1.0061061,-0.9740709,-0.71792674,-0.63574463,-1.6039802
2014-10-10,-0.15745041,-1.7401812,-0.20244703,-2.5070536,-0.83492213,-2.5163443,-3.447181,-1.7806618,-2.1703281,-1.6517838
2014-10-14,0.11846566,0.3196995,-0.6072959,-0.04013978,0.27907935,0.95763415,0.3797905,0.5970638,0.81230855,-0.6053104
2014-10-15,-0.729124,-0.17435503,-0.69798404,-0.816296,-0.21866545,-1.2689121,0.4355317,-0.49276197,0.10036085,0.91161555
2014-10-16,-0.6902169,-0.25576276,-0.7282062,-0.7765454,-0.9233935,-0.6522975,0.81221896,-0.13096622,0.80741876,0.4447853
2014-10-17,0.8023705,0.92348665,0.71738213,1.0391643,0.35590142,0.7148248,0.041921005,0.68108743,-0.06610589,1.1205715
2014-10-20,-4.830153,-0.6232368,1.0569781,0.4469229,-0.10964939,0.24046166,0.7044718,0.40277633,0.293261,0.082119286
2014-10-21,-2.31174,1.2171159,1.3330387,0.88599116,0.6363955,1.3704065,2.2440052,0.9110142,1.2975534,1.1475588
2014-10-22,-0.58236974,-0.46590233,0.20632699,-0.7682653,-0.86663467,-0.4887736,-0.17851062,-0.49614975,-0.64072084,-0.9579707
2014-10-23,0.1400234,0.6405585,0.5769851,0.65553355,0.6385237,0.5058758,0.30397773,0.37641385,0.6804106,0.55338806
2014-10-24,-0.037291963,0.4579238,0.15165816,1.25489,0.5788269,0.6209138,0.49690425,0.39682886,0.085695595,0.69539857
2014-10-27,-0.08766255,-0.004715107,-0.087415576,-0.40729213,-0.37770066,-0.011304641,0.3087441,-0.18498439,0.008283423,-0.014893579
2014-10-28,0.69612265,0.6488952,0.75085974,0.577005,0.23689985,0.67016685,0.4641426,0.3183115,0.30939496,0.84392536
2014-10-29,-0.0532986,0.09419768,0.25076917,0.020320198,-0.10788204,0.19538827,0.117156886,0.08550347,0.34426913,-0.3106988
2014-10-30,0.37289903,-0.006289253,-0.22825606,-0.8648878,-0.121544875,-1.9691478,-0.8119078,0.17437795,-0.3536499,0.39175636
2014-10-31,0.023092538,0.8012642,0.45478445,0.9686367,0.63415825,1.8709798,1.9115176,0.5370034,1.2958069,0.95742995
2014-11-03,-0.0070465896,0.25245962,0.63157827,0.45753872,-0.09482881,0.35606548,0.341294,-0.24253348,0.13235083,-0.15734181
2014-11-04,-0.6828081,0.61211616,-0.425507,0.017268138,0.14145575,0.25550276,0.24321602,-0.7224257,-0.3207139,0.6976272
2014-11-05,-0.34055057,0.5360951,0.07340749,0.2058596,0.15233894,-0.72757405,0.5797406,-0.044247113,0.8440195,0.15526469
2014-11-06,0.30894235,0.24572796,0.10382813,0.86164844,0.5996834,0.036104843,-0.23428191,-3.964987,-0.12207876,0.42270154
2014-11-07,0.24882303,0.1664173,0.106382586,-0.16246603,0.12611857,-0.35571596,-0.048130523,-0.9092054,-0.36996743,-0.33303553
2014-11-10,0.5724306,-0.3037691,-0.12704743,0.10692534,0.55947113,-0.46292835,0.5308458,-0.032378905,0.2679314,0.03452235
2014-11-12,-0.5579034,-0.039699305,0.6328627,-0.24005887,-0.39473185,0.053951204,-0.07267793,0.30372345,-0.17350699,-0.20655406
2014-11-13,0.34513915,1.0862452,0.63176745,0.816167,0.618203,0.34935138,-0.12366998,0.12450476,0.1417412,0.1620124
2014-11-14,0.5012917,1.1315731,0.31333762,-0.15642305,0.08671642,0.29431295,0.31886667,0.024399087,0.2478168,-0.21206102
2014-11-17,-0.014470739,0.2950396,-0.07685541,-0.26383385,0.30559793,0.32230777,-0.10224845,-0.3582178,-0.6649585,-0.92427903
2014-11-18,-0.9072576,0.2575937,0.38030335,-0.5847292,0.07142156,0.53111833,0.19685088,0.84155476,0.4264552,0.49661174
2014-11-19,-0.20398502,0.018341161,-0.20322599,-0.67599356,-0.3700476,-0.43638697,0.042877182,-0.9249814,-0.22891615,-0.041350406
2014-11-20,-0.33158484,0.39980122,0.37368962,0.396552,-0.035277385,1.7916481,0.1888706,0.04676651,-0.016534803,-0.26139867
2014-11-21,0.09422957,0.1535181,0.025289,-0.9402587,0.50605047,-0.44424006,0.22568257,0.35010895,0.30376554,0.5056246
2014-11-24,0.48511663,0.29287112,0.7371184,-0.58930445,-0.039109014,0.74482375,0.19775978,0.036715046,0.55961126,-0.09122258
2014-11-25,-0.16723962,0.4592027,-0.35491428,-0.2722433,-0.32528606,0.048343636,-0.36851904,0.24637161,-0.10190892,0.44573006
2014-11-26,0.053044368,0.28146073,0.31759325,0.18874037,0.6915046,0.6151339,1.4133044,0.14079425,0.9474304,0.54590255
2014-11-28,0.07747837,0.3872916,-0.048726358,-0.06307123,0.5326303,0.3647875,0.032774035,0.27933285,0.2077507,0.38772574
2014-12-01,-0.2518139,-0.03416038,-1.0336735,0.60154015,-0.31360587,-0.08591779,-0.12264999,-0.53278565,-0.46991012,-0.0085330205
2014-12-02,0.3515367,0.365456,-0.12691444,-0.2578708,0.044696577,0.40549085,0.17609318,0.63987035,0.10985729,-0.17982368
2014-12-03,0.56334436,0.20889863,0.35167757,-0.43996364,-0.14507495,-0.17383273,0.6251221,0.3817833,0.884722,-0.17691438
2014-12-04,-0.20358557,-0.22236633,-0.12588674,0.60842294,-0.19068871,0.012901569,-0.15895496,-0.53975666,-0.33395097,-0.11418706
2014-12-05,-0.31673223,-0.3708682,-0.1387771,-0.5263081,-0.0045403736,0.19168057,0.084219664,-0.06390189,0.82834333,-0.37363067
2014-12-08,-0.5541272,-0.38566434,-0.68343264,-0.8607815,-0.5629272,-0.50506824,-0.37511885,-0.46722016,-1.245894,-0.23140985
2014-12-09,0.3529498,0.31300098,0.46891674,-0.21369512,0.40112713,-0.32559717,-0.07228282,0.112281986,0.17617244,-0.28787795
2014-12-10,-0.8981891,-0.7639283,-0.6111825,-0.7637623,-0.87610936,-0.48122594,-0.60901,-0.7666551,-0.9585392,-0.92232925
2014-12-11,0.12385775,0.1839551,-0.09067254,0.13540135,-0.17658581,0.24118653,0.20390539,0.1345156,-0.051425554,-0.089491606
2014-12-12,-1.8337274,-0.13384707,-0.51847965,-0.2695796,-0.70630413,-0.42915973,-0.80292004,-0.6256707,-0.22277257,2.6233695
2014-12-15,-0.7407936,-0.17754808,-0.3875826,-0.2886681,0.8332378,-0.26339716,-0.034047954,-0.13331218,-0.35934666,-1.153209
2014-12-16,-0.5235298,-0.069697514,-0.36626866,-1.1517262,-0.39674708,-0.2889999,-0.31103694,-0.07347684,0.43295807,-0.29881746
2014-12-17,0.11409746,0.30011716,0.7330366,0.39182925,0.36868343,0.5903678,0.56114346,0.67732143,0.6526904,0.6442242
2014-12-18,1.9127392,1.168768,0.9127813,1.5090597,3.308778,0.72348523,0.5689228,0.41996744,0.62904644,0.36245382
2014-12-19,0.17602147,0.15033928,-0.20348555,0.02151816,0.37117457,-0.50229627,-0.12637898,-0.028630715,-0.1696686,-0.19325282
2014-12-22,1.0030507,0.68301207,0.31550002,0.20417902,-0.32527676,0.8272902,0.3616265,0.4486178,0.61702204,-0.01360711
2014-12-23,0.21020089,0.070439585,-0.11352957,0.30998653,0.22405255,0.18977407,-0.044943172,-0.050075408,-0.06796948,-0.09362023
2014-12-24,-0.18858735,0.103467815,-0.15481678,-0.39764288,0.13126475,-0.0066603585,0.025459623,-0.04671732,-0.27303365,0.13781142
2014-12-26,0.12306113,0.09775943,0.54773116,-0.32732332,-0.14321235,0.08888018,-0.088767394,0.32978797,-0.14471954,-0.07174282
2014-12-29,-0.59018,0.15369761,-0.019031618,-0.41410607,-0.3869883,-0.31607836,-0.17001596,-0.28532284,0.072655395,-0.25203544
2014-12-30,-0.18853995,-0.08448721,-0.36031052,-0.41954342,-0.2369592,-0.3633004,-0.30203843,-0.047695737,-0.15858719,-0.45901412
2014-12-31,0.123655945,-0.8121004,-0.5367214,-0.75726116,-0.36835217,-0.53584784,-0.3743242,-0.4482411,-0.5268822,-0.2534006
2015-01-02,0.6045437,0.0027164167,-0.27256697,0.22714183,-0.6244178,0.051067993,-0.026966859,-0.11496175,-0.022773182,-0.24462628
2015-01-05,-1.0304114,-0.9444884,-1.5540125,-0.6774285,-0.6960743,-0.567688,-0.74988693,-0.29736525,-1.4040874,-0.24488923
2015-01-06,-1.4183202,0.017987031,-0.018176628,-0.9466203,-0.4793802,-0.81665355,-0.7406986,-0.6918593,-1.5726943,-0.91850805
2015-01-07,-0.42153588,0.41582566,0.41770384,0.4959935,-0.03187232,0.76430255,0.6291862,0.3342525,0.25216657,0.27948233
2015-01-08,1.3203983,0.37554738,1.0118238,1.4053216,0.21197774,0.7124125,0.617103,0.33011737,1.0966716,1.0292232
2015-01-09,0.24210192,0.48091498,0.017473958,-0.5615154,-0.054572888,0.05079123,-0.0114061115,-0.13392477,-0.05157205,-0.6597407
2015-01-12,-1.0647595,0.43922728,-0.7140748,-0.761761,-0.14765166,-0.19418356,-0.3835546,-0.5234343,-0.9682169,-0.45036453
2015-01-13,0.077007264,0.09772915,0.27446362,-0.31420687,-0.31868085,-0.10768618,-0.22708598,-0.32039976,-0.5104279,-0.29223278
2015-01-14,-0.38169676,-0.19794416,-0.12024258,-0.44535154,0.056162633,-0.15056907,-0.06848126,-0.37307835,-0.47391766,-0.31738126
2015-01-15,-0.5052971,-0.74015737,-0.8384001,-0.62646145,-0.4255867,-0.18834117,-0.25818884,-0.5042007,0.39548984,0.13085946
2015-01-16,0.76702845,0.36380082,-0.23692729,0.55351025,0.6239398,0.2230267,0.5037804,-0.09764435,0.11157574,0.5864871
2015-01-20,-0.10634529,0.63367295,0.73057103,0.04562352,0.3113222,-0.4059879,0.3410062,0.5353647,0.16523185,-0.17218603
2015-01-21,-1.6979545,-0.26899707,0.23545954,-0.52023,-0.36852562,0.35691258,0.26245543,-0.44448876,0.82846546,-0.01666629
2015-01-22,1.1928,0.98819757,0.79114336,1.1147918,0.43606782,0.41823658,0.43013158,0.078339346,0.3456883,0.9749972
2015-01-23,0.11266093,-0.34053743,0.1584223,-0.05110303,0.0631269,-0.44202515,0.032054648,0.047768798,-0.717333,0.2210037
2015-01-26,0.1155393,-0.27926594,0.03071118,-0.24494669,-0.27164134,-0.6192673,-0.027019193,0.11451062,0.09898977,-0.63709366
2015-01-27,-1.018307,-1.5164067,-1.1275406,-4.541414,-0.46181923,-1.7085279,-0.16757974,-0.46486282,-1.0169164,-0.6913254
2015-01-28,-0.85150266,-0.10516528,1.6708475,-1.8031976,-0.66807675,-0.47552845,-0.40507036,-0.46901807,-0.3618696,-0.7019504
2015-01-29,1.3924569,0.63482875,0.9589507,0.79297996,0.10208924,0.44509885,0.44775972,-3.7086005,0.26841536,0.6784746
2015-01-30,-0.88497305,-1.3338325,-0.4329818,-2.0949628,-0.94285035,-1.377851,-0.90511537,-0.82019323,-1.302129,-0.9049337
2015-02-02,0.58097595,0.8666079,0.613332,1.0987269,0.85495406,0.7820287,-0.006162477,1.9781909,-0.05117517,0.58519846
2015-02-03,1.6186169,0.5806893,-0.048772626,0.3050372,0.4022668,0.016134573,0.78309256,0.8277277,0.9589578,0.48225534
2015-02-04,-0.6278905,-0.8648123,0.31795892,0.18388844,-0.82315123,0.1333815,0.12761456,-0.08335354,0.2091424,0.21436825
2015-02-05,0.40829664,1.072311,0.32166457,0.6964113,0.81474715,0.42010415,0.533899,0.53840536,0.49369454,0.47326165
2015-02-06,-0.013708984,-0.0023813643,-0.4977295,-0.20704302,-0.2317722,-1.0035557,-0.8585815,-1.0953714,0.3923863,-0.37365994
2015-02-09,-0.39032772,-0.20998362,0.2668831,-0.23544325,0.507716,-0.65054137,-0.11629117,0.39569107,-1.34351,-0.17425503
2015-02-10,1.2820492,0.8027749,0.9272194,0.17664468,0.71745294,1.0944976,1.3478223,1.8727325,1.2250551,0.2601416
2015-02-11,-0.1251299,-1.0355039,1.1303897,-0.45829824,-0.75839734,-0.28293404,0.11357783,-0.11886698,-0.12057642,0.13149808
2015-02-12,0.15081626,4.549024,0.5939739,0.8256056,0.5840815,0.7684662,1.1402481,0.017872095,-0.289576,0.92859626
2015-02-13,0.8211961,-0.01893074,0.18128201,0.91964227,0.029530697,0.2728289,0.4066189,0.20472556,0.051019333,1.1818635
2015-02-17,0.26972342,-0.1893974,0.23018287,-0.13372333,-0.13153662,0.4905481,0.15651791,-0.13209274,-0.06911789,0.36280206
2015-02-18,0.5522808,0.37718737,0.28495315,-0.23210599,0.2994582,-0.7752684,-0.2541142,-0.23899455,-0.1374509,0.34864372
2015-02-19,0.7292383,-0.29604453,-0.18379886,-0.19940245,-0.006861261,-0.1596478,0.045990963,0.1745243,1.3142421,-0.02732219
2015-02-20,-0.07329984,0.5608225,0.35796526,0.3359449,-0.41193268,0.227908,0.349237,0.23113316,0.2424876,0.44996497
2015-02-23,-0.28095934,0.06881526,1.3286344,0.23866035,-0.008104243,-0.95839566,-0.23779713,-0.44056663,-0.4456187,-0.2790217
2015-02-24,0.7891067,0.035325862,-0.37982216,-0.22792181,0.0954538,0.8667623,0.5098048,0.1664245,0.6476344,-0.2649359
2015-02-25,-0.7887681,-0.2075293,-1.3932459,-0.2837537,-0.1916065,-0.7183945,0.072222054,0.09378241,-0.5106106,0.20127364
2015-02-26,-0.77286655,0.8069698,0.5831834,-0.06294755,0.17571966,-0.52481323,0.22401857,0.106689975,-0.400648,0.5129935
2015-02-27,0.4128429,-0.5821215,-0.5467979,-0.3939754,-0.09932375,-0.5293814,-0.47906736,0.1967994,0.13199899,0.046014827
2015-03-02,-0.59211063,1.1148363,0.21162894,-0.09944971,0.1947895,1.0204221,0.80910975,0.24497281,0.82595456,0.3551738
2015-03-03,0.21956626,-0.9862207,0.06560192,-0.91446656,-0.6967978,0.013764286,-1.0468421,-0.8387562,-1.884597,-0.4712969
2015-03-04,-0.6544346,-0.30643645,-0.37923437,-0.43235806,0.22291064,-0.015832178,-0.2305646,-0.43448955,-0.44793054,-0.79068834
2015-03-05,0.731901,-0.015144573,-0.926818,-0.07637843,0.18847598,-0.58071274,-0.024289265,-0.044726815,-0.23715448,0.53425026
2015-03-06,-1.0950087,-0.57250834,0.035167135,-1.145921,-1.5566181,-0.76241493,-0.5778707,0.257221,-0.53604424,-0.62946564
2015-03-09,0.9221713,0.7251602,0.16639549,0.51259255,0.30007583,-0.6504093,0.54518324,0.6180868,0.21006735,0.18628849
2015-03-10,-1.21025,-1.1346481,-1.1514757,-1.2581451,-0.9997915,-1.4917763,-1.073328,-0.58339196,-1.0701733,-1.1241361
2015-03-11,-0.42098796,-0.62848645,-0.966817,-0.20518546,-0.40826058,0.8214813,0.014698013,-1.0755359,-0.17057618,-0.027530868
2015-03-12,0.49351582,0.0011296486,0.8941908,-1.462168,0.14289755,-2.1922715,-0.0006600913,-0.65095186,0.43839607,0.7709852
2015-03-13,-1.5502366,-0.46565583,-0.3657144,0.35723394,0.7875503,0.14510825,-0.11493722,-0.54780483,0.6875583,0.09643557
2015-03-16,1.07692,0.59437555,0.29253286,0.10312182,0.9277966,-0.15157269,0.7918558,0.67192394,0.41674218,0.34181517
2015-03-17,-0.08388623,-0.18418577,0.50494874,0.049878724,-0.51194715,-0.31114432,-0.2544975,-0.16763589,-0.58860713,0.6056831
2015-03-18,1.0363289,0.034424823,0.323768,0.8229955,1.082286,0.3533577,0.18423495,0.13362391,0.15596078,-1.4452498
2015-03-19,-0.024849843,0.20822777,-0.21851479,-0.38507345,-0.0069600116,-0.22107695,0.12401832,-0.31490818,-0.5316969,0.10289549
2015-03-20,1.1424359,0.31261912,-0.3612221,0.59401596,0.1904644,0.7006476,0.4685929,0.03045995,-0.020502029,0.08260145
2015-03-23,0.6775747,-0.013618095,0.35878736,-0.1576904,-0.18670501,-0.17965023,-0.48296317,-0.07494113,-0.32738212,-0.60466945
2015-03-24,-0.6542728,-0.6299863,-0.15793666,-0.07928,-0.5590834,-0.5802632,-0.19482486,-0.75186443,-0.19771583,-0.54740715
2015-03-25,-1.5368172,-0.86319965,-1.0405434,-2.0267859,-0.815819,-1.2799696,-2.0572376,-1.1832908,-2.211207,-1.396265
2015-03-26,0.57826746,-0.6214294,0.31954288,-0.49092957,0.0441843,0.24369243,0.016822804,-0.12613347,-0.49841514,-0.121835105
2015-03-27,-0.05787253,0.110128514,-0.4696822,-0.49118865,-0.42771727,2.9403934,0.75712895,-0.17327489,0.69345,0.18360083
2015-03-30,0.92022943,0.93439656,1.246321,-0.15226944,0.827851,-0.78855664,0.9149763,1.079036,-0.19095081,0.14663738
2015-03-31,-0.87225926,0.1935596,-0.8646992,-0.5667245,-0.33989948,-0.3219207,-0.67571795,0.19334792,-0.46040508,0.17775157
2015-04-01,-0.542826,-0.4444849,-0.10441179,-0.052941985,-0.24619868,-0.677354,-0.53682846,-0.038777836,-0.38476875,0.63856006
2015-04-02,0.58117193,-0.21073873,0.3700164,-0.81022054,-0.24094419,-0.07785672,0.12048599,-0.98088586,-0.30657035,0.36795738
2015-04-06,0.6851764,0.21364531,0.76433957,1.6846007,0.39989817,0.31000042,0.038205557,-0.21655092,-0.2913452,0.31267235
2015-04-07,0.048050627,0.38676402,-0.65269494,-0.19463982,-0.023903843,0.28330278,0.07716378,-0.35907668,-0.40156484,-0.41160834
2015-04-08,-0.06191618,0.3571391,-0.28534403,-0.3306421,0.14992772,-0.009005481,-0.0043965774,-0.121088974,0.60083723,-0.17637175
2015-04-09,0.2367856,0.19623913,0.32228395,-0.07303576,0.0921819,-0.18790329,0.64898497,0.8699683,0.15294962,0.537466
2015-04-10,0.2518838,0.8562176,0.14284037,0.18704727,0.36669937,1.0466527,-0.10332121,0.12888198,-0.104453154,0.09757889
2015-04-13,-0.16757779,-0.083136685,-0.19067569,-0.10602869,-0.5651043,-0.3998175,-0.45207635,-0.34689885,-0.3976537,-0.36186633
2015-04-14,0.0013261182,-0.30559012,-0.31975684,-0.32569844,-0.47055343,-0.46746323,-0.4299076,0.06365904,-0.32531768,-0.07843548
2015-04-15,0.8275271,0.92247593,0.10238178,0.7131013,1.5741396,1.9966508,1.4574248,-0.4039007,0.54109937,0.012499656
2015-04-16,-0.3961953,0.6936102,-0.37236655,-0.30919918,-0.70139754,-0.03016133,-0.10300379,-0.44228533,-1.2315922,-0.5697768
2015-04-17,-1.0277315,-1.2475395,-0.7144129,-0.9166932,-0.6206691,-0.656651,-0.9259441,-0.61266154,-0.7650658,-1.2429154
2015-04-20,2.4117932,1.1305447,1.0943193,1.6479498,0.36398047,0.29762983,0.67797536,0.916878,0.4010722,0.44940192
2015-04-21,-0.7802437,0.44427964,-0.39964667,-0.55124736,0.087699935,-0.5340293,-0.03884857,-0.12677586,0.8597099,0.40918598
2015-04-22,0.4976962,-0.10092528,0.6256052,0.33162698,0.13924867,0.3442523,0.44360828,0.14479691,-0.04919178,0.5493364
2015-04-23,2.057669,0.1550544,0.34331775,0.32697085,-0.2288477,-0.6288928,-3.5020194,-0.45514038,-0.34230515,0.634041
2015-04-24,-0.15530832,0.3104965,0.14914371,5.861661,-0.43001902,-0.5007711,-0.022709709,-0.145942,-0.75656754,-0.027548166
2015-04-27,0.43085474,0.17206536,0.86347175,0.030390108,0.63935846,0.5570582,0.70565957,0.54666346,-3.5641036,-0.035119593
2015-04-28,1.3293796,0.8724478,-0.94782966,1.2494457,1.087097,0.7237899,-0.1490304,0.17554809,0.056377776,-0.38279945
2015-04-29,0.22319716,-0.48017746,-0.8720766,-0.2873448,0.25859135,-0.27933946,-0.09746927,-0.68084514,-0.14771049,0.37487903
2015-04-30,-1.163289,-0.3461182,-1.4775037,-0.6500348,-1.2633016,-0.55062294,-0.728104,-0.51042897,-0.53879714,-0.3676621
2015-05-01,0.9555833,0.59912384,1.4893728,-0.13344243,0.88898903,1.2775171,0.9333597,0.1720424,0.30881152,0.20340756
2015-05-04,0.14361662,0.10960056,-0.17047638,-0.67338336,0.24173652,-0.051753648,-0.0466954,0.30352026,-0.2940518,-0.38186905
2015-05-05,-0.3154106,-0.45838162,-1.2325586,-0.93622625,-0.78365153,-0.8756258,-1.1482996,-0.5158648,-1.1765815,-0.5310445
2015-05-06,-0.6432364,0.18259925,-0.3933322,-1.8289754,-0.8076501,-0.7175862,-0.3135001,-0.43296063,0.105242155,-0.3475004
2015-05-07,0.39008635,-0.2545847,0.25323045,0.38330516,0.24429892,-0.031853244,0.27905637,0.29491982,0.14627989,0.12860799
2015-05-08,0.6707463,0.7825534,0.8995354,1.162138,0.5991649,0.7896747,0.51607937,0.51199615,0.18624647,0.9217688
2015-05-11,-0.5753924,0.00054689124,-0.585709,-0.6188789,-0.21308005,-0.22042742,-0.26273766,-0.3112745,0.39043835,0.25694403
2015-05-12,-0.2050684,0.06879537,-0.23804435,-0.16936284,-0.32045853,-0.6849497,-0.26808497,-0.2548384,-0.14784022,-0.15125807
2015-05-13,0.68282616,0.24302809,-6.182886e-05,0.19782728,0.23363127,0.5264823,0.4066919,0.48677638,-0.0041878005,0.2725642
2015-05-14,0.6730817,-0.4554868,1.1679221,1.1562024,0.5975018,0.40670452,0.70323163,0.39194986,-0.22705403,1.2954884
2015-05-15,-0.30159837,0.83294195,-0.09860161,-0.623575,-0.25982484,-0.0101342825,-0.03866404,0.23213314,0.5836195,-0.31167337
2015-05-18,-0.06932512,0.3757359,0.53376305,-0.48776954,0.07318488,0.5279656,0.10543483,-0.48499843,-0.10630263,0.24681236
2015-05-19,0.15409665,0.0033354354,-0.07893896,-0.27845773,0.054817684,-0.37433133,-0.046610612,-0.5842179,-0.2830004,0.087806016
2015-05-20,0.08973006,-0.15027955,-0.02327871,-0.13089275,-0.059698455,0.24390572,-0.1505192,-0.29700586,-0.23997399,-0.036696397
2015-05-21,-0.15866409,-0.2694508,0.4792621,-0.32961574,-0.035443038,0.19683817,-0.14226264,0.40610087,0.39049044,0.49465805
2015-05-22,-0.4068733,-0.2566745,0.3937742,-0.7936965,-0.4136689,-0.19800556,-0.1488675,-0.4456139,-0.10693049,-0.31264278
2015-05-26,-0.787728,-0.48957226,-1.2152612,-0.530138,-0.68717235,-0.5409352,-0.71521425,-0.18577509,-0.39042,-0.40139183
2015-05-27,0.73367053,0.6513263,0.9052369,1.1185089,0.8917001,0.8154437,1.1396761,0.9204897,0.6220788,0.42054397
2015-05-28,-0.09788923,0.10201134,-0.15415944,-0.33985806,-0.32832858,0.3643762,-0.08899793,-0.3481569,-0.046602037,-0.10177078
2015-05-29,-0.7854043,-0.030711569,-0.6509519,-0.8606357,-0.42048198,0.5494215,-0.031721145,-0.660856,-0.5430106,-0.5404706
2015-06-01,0.22933494,-0.19456297,0.040684585,0.3137466,0.3333344,-0.85616153,-0.21691805,0.04492374,0.28030854,0.42049178
2015-06-02,-0.18652987,-0.1373389,-0.28570238,-0.5328704,-0.121030964,-0.9680884,-0.4251182,-0.13448235,0.05424046,-0.0520107
2015-06-03,0.118496805,0.052024774,0.012009707,-0.23189928,0.279908,-0.81845886,-0.34021446,0.22197151,-0.12651964,0.14694446
2015-06-04,-0.5987742,-0.74215966,-0.30194458,-0.72698957,-0.23098923,-0.5901896,-0.7628787,-0.6857015,-0.670367,-0.7919811
2015-06-05,-0.38923872,-0.013316832,-0.22453699,-0.3947793,0.009871521,-0.6455335,-0.18678984,-0.48496577,0.088754766,0.030210892
2015-06-08,-0.8099952,-0.4649901,-0.38098255,-0.64681435,-0.77383447,-0.7917688,-0.8424905,-0.71790564,-0.6433239,-0.41950125
2015-06-09,0.117842406,-0.029859452,-0.122323066,-0.2270221,-0.06060857,-0.097730555,0.04248442,-0.3663278,-0.0070745326,-0.17638919
2015-06-10,1.2612354,0.7282372,0.51943094,1.0408827,0.8771592,0.74614465,0.99663097,0.2063245,0.17164414,0.8991868
2015-06-11,-0.050907284,0.36677468,-0.16183256,-0.34902957,0.33420327,0.0004639825,-0.49390358,0.09111913,-0.6089627,0.023379572
2015-06-12,-0.6930141,-0.5014228,-0.6329471,-0.7262301,0.040894248,-0.80060184,-0.5701051,-0.46001595,-0.41288897,0.09014996
2015-06-15,-0.28408018,-0.06551989,-0.14627425,-0.752921,-0.676578,0.05807259,-0.0059731654,-0.35294998,0.096836835,-0.55879486
2015-06-16,0.22543725,0.4135787,0.22837795,0.29762203,0.9192146,0.3073894,-0.0060251863,-0.20436078,0.13468958,0.5482635
2015-06-17,0.13380578,0.4001182,-0.16835621,0.03479402,0.25770712,0.3941337,0.1282821,-0.036008637,-0.6566244,-1.1584275
2015-06-18,0.42150077,0.49081454,0.19303507,0.78348327,-2.2933137,0.5480758,0.72390527,0.42676812,0.5204204,0.8008971
2015-06-19,-0.49589753,-0.25304154,-0.4782748,-0.8844131,-1.2409841,-0.44620165,0.19181474,-0.39902017,-0.32399756,0.1419892
2015-06-22,0.27859426,-0.1091969,0.30804247,0.02346563,-0.13464314,0.21655133,0.7346261,0.21006744,0.19160984,1.3675416
2015-06-23,0.25350514,-0.17260765,-0.14960425,-0.42138407,0.1500605,-0.20910046,-0.45391512,-0.26310185,0.094283745,0.5218058
2015-06-24,-0.630739,-0.3889477,0.22885975,-0.41927934,-0.52662385,-0.2430764,-0.6333694,-1.0224186,0.17446972,-0.109917186
2015-06-25,-0.3583991,-0.13508967,-0.14262564,-0.11022559,-0.17381765,0.07457932,-0.17326033,-0.1401059,-0.1559424,0.23420212
2015-06-26,-0.2587503,-0.14675541,-0.18201962,-0.5465248,-0.10541033,-1.2137002,-0.67826855,-0.4216579,-0.58774614,-0.6183846
2015-06-29,-0.911922,-1.0463617,-0.5570703,-1.0431665,-0.5646877,-0.78195864,-0.985968,-1.1946411,-1.0828239,-0.7131377
2015-06-30,-0.14579853,-0.09284119,0.18665786,-0.37871608,-0.15629858,0.014606958,-0.041012753,-0.07989017,-0.06270148,-0.17405021
2015-07-01,0.6871622,0.19973275,0.24688593,0.23668446,-0.0956224,-0.34959912,0.28129822,0.084624894,0.48481315,-0.07037242
2015-07-02,0.23524594,0.0004354164,-0.099084586,-0.20066358,0.10888196,0.5059708,0.011544464,0.048680656,0.11659572,-0.13128231
2015-07-06,-0.14231977,-0.1563089,-0.22012278,-0.15122819,-0.09327995,-0.7951198,-0.5350003,-0.0946037,-0.78287035,-0.16353846
2015-07-07,0.057681676,0.24729732,-0.083913326,-0.2094508,-0.03111816,-0.19587936,-0.15900998,-0.25437587,-0.2602391,0.0053660832
2015-07-08,-0.7212847,-0.56343997,-0.7018398,-0.19183482,-0.43078464,-0.5579994,-1.3552023,-0.6423082,-1.3003987,-0.34718654
2015-07-09,0.22771831,-0.09432555,-0.59044284,0.20319231,0.372037,-0.7885317,-1.1692361,-0.11562279,-0.14058898,0.21034645
2015-07-10,1.162598,0.64805967,0.7207776,-0.01810311,0.15285623,0.3071633,0.72159505,0.47507063,0.42442846,0.030257393
2015-07-13,0.848303,0.8362039,0.53302515,0.92977923,0.392601,0.7197636,0.22064638,0.33726963,0.9540268,0.39316562
2015-07-14,-0.30877632,0.40672538,-0.02207431,-0.02934825,-0.057107504,-0.12805107,0.30490333,0.21992278,-0.8831316,0.1891791
2015-07-15,-0.046279714,0.16496597,0.29198703,0.037752684,-0.020693567,0.025281722,-0.26436484,-0.13085902,-0.74267226,0.09005018
2015-07-16,0.89145297,0.36740932,0.34891975,0.90949976,0.13790329,0.25713763,-0.14152241,0.3293545,-1.5314759,0.17279609
2015-07-17,0.53527266,-0.18788278,0.22727543,-0.1725166,-0.60890603,-0.6159466,-0.035488404,-0.22193478,-0.29666778,-0.25204763
2015-07-20,0.25540644,-0.21165445,0.7132353,0.22373919,-0.5417638,-0.56580067,0.5882073,-0.45620283,-0.08527708,-0.035495568
2015-07-21,-3.9384916,-0.282613,-0.49152604,0.2946419,-0.4317762,-0.5994336,0.082312666,0.800617,0.04699929,-0.51310116
2015-07-22,-1.101367,-0.49160823,-2.1602218,-2.26015,-0.19790368,-0.20417194,-0.856092,-0.72551346,-0.84839684,-0.2778578
2015-07-23,0.5520543,0.8415745,-0.053853836,0.5642251,-0.5055632,-0.050689984,1.0110221,-1.7290212,0.4285911,-0.07785311
2015-07-24,-0.8071178,0.66934603,-0.20815574,-0.33481663,-0.030232493,-0.82667613,-1.29223,-0.1876247,-0.85777134,0.15242295
2015-07-27,-0.2871199,-0.27466807,-0.5624101,-0.84973264,-0.58169717,0.3994581,-0.037689257,0.13878193,-0.06279512,-0.60117286
2015-07-28,0.36637586,0.034954175,0.1239886,-0.13793325,0.7919894,0.8349505,0.8299384,0.6344198,0.43599176,0.3183365
2015-07-29,0.40647522,0.34398675,-0.141807,1.016107,0.5321829,0.039877888,0.14968587,-0.04637011,-0.23988089,-0.215327
2015-07-30,-0.056148127,-0.13073123,-0.28074196,0.5797452,-0.18535517,-0.18670726,0.20500106,0.7397037,-0.040820524,0.5380702
2015-07-31,0.43788794,0.2488766,-0.50963104,-0.37332663,0.34456506,0.011898637,-0.2814135,-0.10433836,-0.57935506,0.35820323
2015-08-03,-1.3338535,-0.06728473,-1.3082496,-0.0061097434,-0.29537323,0.11213423,0.059319276,-0.067249544,-0.55351627,-0.34348255
2015-08-04,-0.4617142,-0.51433235,-1.6108567,0.7383404,-0.08319307,0.081936315,-0.2570257,-0.7519261,-0.85364336,0.32688168
2015-08-05,0.12908475,0.44300014,0.30399063,-0.091959484,-0.046833858,0.31284463,0.8654518,0.19729644,0.38740736,0.6763125
2015-08-06,-0.122354776,-0.06432836,0.067528136,-1.2820047,-0.38940585,-0.19817986,-0.56115484,-0.7957236,-0.5041392,-0.6602979
2015-08-07,-0.5091619,-0.06371897,0.11189395,0.009896848,0.23928256,-0.22393125,0.021577273,0.027645666,0.21506487,0.23593836
2015-08-10,0.6609569,0.7472336,1.259717,0.5608325,0.3299988,1.0530707,1.4156209,-0.006335961,1.3057219,0.45706037
2015-08-11,-0.5238153,-0.90207464,-2.3741071,-1.2347347,-0.8364802,-1.0100054,-1.246617,-0.50062335,-0.6698412,0.1174723
2015-08-12,0.23612046,-0.15583362,0.40315202,0.2497368,0.08033239,0.6459347,0.3374097,-0.06899193,-0.16947508,-0.07479277
2015-08-13,-0.46261454,1.2883507,-0.03359102,-0.13463028,-0.0038702746,-0.8342246,-0.41273808,-0.4368986,-0.62713826,0.21128811
2015-08-14,0.2341612,0.5285435,0.18949728,0.17382081,0.0628298,0.17937787,-0.024360558,-0.15711702,-0.96738863,0.8311172
2015-08-17,0.2035457,-0.27457097,0.26991364,0.23603837,0.29140884,0.056277648,0.17318822,0.0146983005,0.7917966,0.28699884
2015-08-18,-0.14634784,-0.8604599,-0.16627084,0.16522156,0.07637074,-0.25770885,-0.81469434,-0.56233156,-0.9706538,-0.18981513
2015-08-19,-0.85934246,-0.6774932,-0.36205295,-0.8631085,-0.34484994,-0.7939358,-0.6095206,-0.17827629,-0.28707823,-0.51099014
2015-08-20,-0.51020354,-1.0609795,-0.65931803,-1.0383772,-0.8811477,-1.0966809,-1.3117795,-0.6392516,-1.0225433,-1.2488564
2015-08-21,-1.4999001,-0.83905107,-1.9623077,-2.876289,-1.1058152,-1.3596617,-1.17646,-1.5865315,-1.1769378,-1.8435379
2015-08-24,-2.0679178,-1.8853097,-0.80347896,-1.5568011,-1.4749339,-0.43602106,-0.83541644,-1.4153049,-0.8881194,-2.1788661
2015-08-25,-0.8817816,-0.69691384,0.1762919,-1.1476327,-0.6024451,-0.45625412,-0.9082246,-0.7458633,-0.533138,0.075956605
2015-08-26,2.0202918,1.5501404,1.7355778,2.1185017,1.3293318,1.8173023,1.348594,1.4502555,0.75053513,1.153219
2015-08-27,0.5402299,0.63647085,0.8530608,0.92263037,-0.12543344,0.4664569,1.025404,0.27484855,1.1843292,0.5499002
2015-08-28,-0.2484261,-0.27250162,0.12613864,-0.098625734,0.75844336,1.0501428,0.8199195,-0.027111052,0.038316384,0.24472784
2015-08-31,-0.010930079,-0.2125076,-0.31518444,-0.717631,-0.54248357,0.14612384,-0.1883646,-0.37441984,0.17144804,-0.5202944
2015-09-01,-2.5051749,-1.6130434,-2.5549314,-2.55231,-1.6603419,-1.3192341,-1.581506,-1.3184203,-1.566331,-1.6269702
2015-09-02,1.1205535,1.1453797,2.1062868,2.0005908,1.045027,1.3298931,0.99336684,0.5487254,0.41756958,0.73730826
2015-09-03,0.83844626,0.57427984,-1.0160362,0.03328611,0.19953299,0.78025323,0.07691578,-0.3182263,0.12369975,0.6401866
2015-09-04,-1.4330037,-0.7966184,-0.62654805,-1.425838,-0.9715369,-1.0732172,-1.0041057,-1.0567759,-1.056543,-0.95100594
2015-09-08,1.6919193,1.7163208,1.3724625,1.6325463,2.053502,1.6588303,2.1794415,0.615281,0.8132956,1.7813151
2015-09-09,-0.98233765,-0.7301716,-1.1118213,-1.3058746,-0.87856925,-0.53044915,-1.1296463,-0.75985235,-0.79945326,-0.8100023
2015-09-10,0.55906546,0.70108885,1.0610974,0.14808315,0.72110486,-0.017410927,-0.24058318,0.68561184,0.1802995,0.08142246
2015-09-11,0.57894725,-0.4755348,0.6836955,0.10239725,0.42477113,0.27332807,0.12895265,-0.59686965,-0.24511577,0.27389175
2015-09-14,-0.7518386,-0.62592876,0.42769846,-0.7633101,-0.5197206,-0.2048136,0.2236421,-0.3562478,0.1795088,-0.4588959
2015-09-15,0.860979,0.58184487,0.3760162,1.1187758,0.5482719,0.49940148,0.41573653,0.34617117,0.7453331,0.579648
2015-09-16,0.383508,0.19685867,0.018852023,0.27312335,0.30342656,0.021362346,0.32006338,0.1625588,0.5294052,0.5208898
2015-09-17,-0.108745195,-0.3219765,-1.1864785,-0.20861301,-1.976487,-0.1400514,-0.5564978,-0.26565158,-0.46385032,-0.14551008
2015-09-18,-1.6193571,-0.6044192,-0.26572332,-1.1543832,-0.48807096,-1.1135806,-0.3689239,-0.5122623,-0.31351417,0.4870575
2015-09-21,0.8456964,0.03496232,0.44732141,0.65210944,0.48905572,0.16812806,-0.34093046,-0.13641335,-0.7876654,1.0547456
2015-09-22,-0.9215628,-0.7144238,-0.8615502,-0.41097054,-0.8309316,-0.7879945,-0.8296894,-0.45294517,-1.4873449,0.675227
2015-09-23,-0.3486374,0.29855126,0.3778021,-0.17779389,-0.27958307,0.06757477,-0.06792146,-0.39953986,-1.4021007,0.40763542
2015-09-24,0.31558356,0.26805994,0.166089,-0.079402655,0.0509326,-0.40376374,0.11511845,-0.31549314,0.12515195,-0.84496623
2015-09-25,0.43094748,1.1344318,-0.10017248,-0.09245519,-0.043084692,0.4458872,0.33723855,-0.13084248,-0.3212426,-0.43727866
2015-09-28,-1.3175907,-0.632464,-0.9302953,-0.9719738,-0.7878344,-0.10971413,-0.24047133,-0.6429015,-0.7100444,-1.4298531
2015-09-29,-0.028734103,-0.0015491081,-1.4297228,0.059261207,0.060911007,0.6741495,0.4930983,-0.18372892,0.40440738,-0.4068842
2015-09-30,1.1148416,1.1202382,0.41541973,0.90597975,0.7159684,1.2432054,1.7091095,0.94074106,0.2879237,1.2604321
2015-10-01,-0.62339735,-0.5368343,-0.38746342,0.31146112,0.13024554,-0.24893364,-1.0215163,-0.53881246,-0.1407604,0.78514975
2015-10-02,0.4646998,0.09258291,0.32746762,1.0941893,0.8445665,0.74087423,0.2718013,1.4073712,0.6554852,0.102028616
2015-10-05,2.006587,2.0767412,0.13740946,1.1925442,0.8917447,1.0116649,1.2207668,0.8030973,0.34653378,0.93792695
2015-10-06,-0.09664098,0.7409272,0.19132313,0.0033204963,0.16530845,0.7532195,0.26497456,-0.023206303,0.29104242,-0.38310432
2015-10-07,0.61740047,0.6503413,-0.32290992,-0.093608074,-0.11758343,0.8545768,0.5143345,0.12912233,0.3187482,-2.6028697
2015-10-08,0.98829037,0.74456626,-0.669404,0.66731954,0.3000076,0.24578373,0.40940624,0.68423045,0.6589581,0.8907225
2015-10-09,0.08075087,0.036574777,1.1644505,-0.5929118,0.48936945,-0.6744848,-0.6523413,0.001776903,-0.13914366,0.8740141
2015-10-13,-0.6525314,-0.18169737,0.008897623,-0.30352715,-0.33468804,-0.34643474,-0.44558725,-0.28850293,-1.3209404,-0.1867143
2015-10-14,0.20295121,-0.021646818,-0.811304,-0.4248903,-0.805507,1.1234306,1.5782801,0.72177476,0.7252845,0.05771131
2015-10-15,0.06521711,0.67068374,0.7018125,0.2651547,0.39100307,-0.14572471,-0.23919761,0.36137116,0.6570674,1.6107347
2015-10-16,0.15924144,0.223353,-0.44687623,0.47552034,-0.26783597,0.37880135,0.08877055,0.37073588,0.20164628,0.974039
2015-10-19,-0.49202785,0.036432028,0.24966128,-0.019080538,-0.73556435,0.77309763,0.026927924,-0.6560896,-0.13871686,-0.17211276
2015-10-20,-3.8706641,0.4844708,0.8732761,0.0359339,-0.03195283,-0.2748751,-0.22679561,-0.16229716,0.889098,-0.82249624
2015-10-21,0.14290155,-0.34542432,-0.05535976,-0.84111327,-0.3360666,-0.14594652,-0.5043292,-0.11503017,-0.38856122,-0.3869849
2015-10-22,1.477806,1.3135362,0.72981846,0.8730058,1.5382679,1.4013264,5.189569,0.9531934,0.26822707,1.1624546
2015-10-23,0.28993273,0.6303927,1.5127026,5.5004153,0.35395053,0.6469667,0.67376715,0.119962126,0.49241897,-0.32970864
2015-10-26,-0.44966862,-0.6438775,-1.741577,1.3555111,0.3628218,-0.4699416,-0.17262304,-1.1806304,-0.35992485,0.46618295
2015-10-27,-2.6917713,0.20380425,-0.38344866,-0.7456898,-0.058408592,-0.20901015,-0.34344235,-0.0424275,-0.23578393,-0.4187753
2015-10-28,1.4015685,0.54300255,2.0848758,0.16889237,0.62908036,0.2684495,0.44269422,0.6209241,0.5736543,0.19825898
2015-10-29,-0.10494941,-0.36047587,0.47673744,-0.8401284,-0.04460461,-1.0567583,-1.7761909,-0.27671742,0.41005832,-0.22326298
2015-10-30,-0.21353781,-0.44617072,-0.49960107,-0.92253065,-0.04690254,-0.26938194,0.07912972,-0.5138468,-0.014351077,0.2431935
2015-11-02,0.14998019,-0.102247454,0.6752602,0.51482433,1.108342,0.29557562,0.17834891,0.77995706,0.20369983,0.59463775
2015-11-03,0.715149,-0.23955905,0.54462874,0.8407873,0.5253635,0.22405708,0.08852979,0.06982166,0.17730822,0.19596408
2015-11-04,-0.0877392,-0.22803296,-0.31451505,0.11908917,0.34858584,0.05085783,-0.20648761,-0.50842947,-0.40405604,0.31094903
2015-11-05,-0.79041433,-0.037391976,-0.30086026,-0.17340721,-0.18287921,-0.27965692,0.33378035,-7.071562,-0.23356484,-0.2551466
2015-11-06,-0.15026689,0.06926219,0.011258526,0.42923692,0.29881173,-0.26492253,0.14206906,1.8452095,0.48770502,0.0432418
2015-11-09,-1.4057734,-0.41886857,-0.25387648,-0.93559825,-0.61923796,-0.6870991,-0.36402068,-0.48412168,-0.6524527,-0.46074793
2015-11-10,0.077686846,-0.30255696,-1.6864401,-0.8262042,-0.23111203,-0.22452766,-0.17839757,-0.64359003,-0.20473066,0.20745735
2015-11-12,-0.9651022,0.05193987,-0.21904996,-0.4924203,-0.512825,-0.66753465,-0.76308507,-0.31565088,-0.7102302,-0.2054546
2015-11-13,-0.6412766,-2.7433364,-1.2481023,-0.63791287,-1.5715505,-0.41457364,-0.4479904,-0.6128939,1.5590265,-0.91673255
2015-11-16,0.9040413,1.0118268,0.4304811,0.8007316,0.8644109,-0.039214186,0.50262564,0.54575455,0.99339473,0.32261446
2015-11-17,0.03654243,0.068966165,-0.1563132,-0.58174235,-0.02007244,0.65892315,0.10264414,0.07289299,0.30617207,0.21884605
2015-11-18,0.93221104,0.5580079,0.95742244,0.7687743,0.6008603,0.6213655,0.60812587,-4.17229,0.5780079,0.43573526
2015-11-19,0.4174537,0.45373487,0.39292836,-0.038565665,0.32182539,1.3683321,-0.04403231,0.24424279,0.06387121,0.20091452
2015-11-20,0.799304,0.36559734,0.11671217,0.12258085,0.31517655,0.3995765,0.08532149,0.94335735,-0.12651387,-0.008707057
2015-11-23,-0.03643867,-0.19598486,-0.41182858,-0.12854296,-0.24822414,-0.24311641,-0.58944285,-0.63366216,-0.18975069,0.038164306
2015-11-24,0.06904528,-0.24401481,0.45752594,-0.076126665,0.35327992,-0.19615132,0.34647214,0.29162717,0.4614421,-0.0073763584
2015-11-25,-0.26958337,-0.0195247,-0.42606455,-0.7502994,-0.26818,0.07262453,-0.5039854,-0.3623807,0.0683549,-0.13511926
2015-11-27,0.23755327,0.18328753,-0.15270412,0.11374783,-0.12037577,-0.040755905,0.18755917,-0.16129905,0.28925505,0.16979788
2015-11-30,0.45081517,-0.086287685,0.17113833,0.30320713,-0.27035806,0.35299364,0.39409676,0.12655929,0.23271248,-0.3677269
2015-12-01,0.8533732,0.577486,-0.38138133,0.7547941,0.26664817,0.3553384,0.102185436,0.3485637,0.7618945,0.49042496
2015-12-02,-0.7275884,-0.19526164,-0.5268227,-0.1534311,-0.67161846,-0.38869834,-0.6357115,2.0808606,-0.19206588,-0.27812424
2015-12-03,-0.3711306,-0.8045183,-0.44696373,-1.1710551,-1.0629144,-1.0157338,0.06648638,-0.4658356,-0.85318613,-1.0475606
2015-12-04,0.6935475,0.9387748,1.3575639,1.602385,1.5222145,1.074044,0.8385786,0.6762328,0.4742523,1.2538075
2015-12-07,-0.41812202,0.05111256,-0.18451205,-0.21859457,-0.39338437,0.031167226,-0.3988974,-0.019802513,-0.32032454,-1.4199761
2015-12-08,-0.657457,-0.46874595,-0.020334274,-0.12413443,-0.12814602,-0.27197093,-0.44805026,-2.061553,-0.0034709747,0.83727837
2015-12-09,-0.64133346,-0.5988063,-0.7033013,-0.79296285,-0.18632734,0.046267837,-0.60158134,-0.70270044,0.068476826,-0.9370996
2015-12-10,0.027166331,0.09293188,0.14279139,0.13530876,-0.41493192,-0.058679603,0.079612546,-0.087903626,-0.5738226,-0.28657228
2015-12-11,-0.9801891,-0.9096458,-0.81589675,-1.156975,-1.0164521,-0.55954814,-0.4918131,-0.8847553,-0.87889796,1.0013177
2015-12-14,0.49020085,0.50133765,-0.19896682,0.7474956,0.36610723,0.18999256,-0.016675964,-0.48734054,-0.5424182,0.64256483
2015-12-15,0.7531489,0.5923273,-0.55662227,-0.058831487,0.51806533,0.7487024,0.8326852,0.811111,0.7068212,0.27524462
2015-12-16,0.6560795,0.6782599,0.19602555,0.7609985,0.715375,0.11036579,0.3292063,-0.04699571,-0.0017049562,0.6562311
2015-12-17,-1.0491964,-0.70637125,-0.6812883,-0.43847063,-1.9029793,-0.41028333,-0.9410642,-0.42762953,-0.85505915,-0.54443705
2015-12-18,-0.86611843,-0.70672065,-0.77530086,-1.5905764,-0.67164177,-1.2143341,-1.1537333,-0.17457448,-0.00014209816,-1.3256387
2015-12-21,0.2447211,0.6473211,0.32547405,0.5427916,0.040973753,0.40474257,0.59369665,0.9853248,0.7653545,0.10529756
2015-12-22,1.0198972,0.4285979,-0.03734255,0.3498837,0.14021577,0.52297306,-0.17228828,0.15067601,0.37943187,0.9029998
2015-12-23,0.2079057,0.78706247,0.39417595,0.2839518,0.29841548,0.26794863,0.66559434,-0.09560332,0.5164102,0.30798724
2015-12-24,-0.15612155,0.0025210574,-0.1578961,-0.26519313,0.053694308,-0.04874676,0.0010741238,0.32221368,-0.04359432,-0.21334223
2015-12-28,-0.31282586,-0.082246855,-0.40463904,0.1450054,-0.28753155,-0.09066258,-0.2823306,-0.067074314,-0.30796602,-0.077515915
2015-12-29,0.92753696,0.761522,0.48889774,0.42645082,0.23336224,0.5453984,0.38117513,0.9067387,0.41734925,0.4555439
2015-12-30,-0.22038372,-0.3561063,-0.38832936,-0.35558274,-0.16916034,-0.54812354,-0.6595083,-0.46756896,-0.6807789,-0.05567879
2015-12-31,-0.8136661,-0.5857169,-0.7030037,-0.9493899,-0.48952898,-0.6800356,-1.0636224,-0.44279447,-0.6819002,-0.6485576
2016-01-04,-0.800623,-0.9140663,0.006167723,-0.8328022,-0.81301874,-0.61767423,-0.413932,0.016964093,-0.5114056,-0.960089
2016-01-05,-0.026272198,-0.19797353,-1.3659759,0.11839303,-0.17413759,-0.28937232,-0.5351348,-0.92696244,-0.04209232,0.15645432
2016-01-06,-0.31724796,-0.48976734,-1.0865338,-1.2076571,0.22208779,-1.0887913,-0.33802333,-0.53353584,-1.7892123,-0.6599706
2016-01-07,-1.116051,-1.0206641,-1.2809538,-2.041772,-0.9617376,-1.5911105,-1.3874269,-2.2512596,-1.2206608,-0.9469791
2016-01-08,-0.5696602,-0.97461265,0.15842234,0.034906343,-0.45531055,-0.40089697,-0.9646364,-0.2674203,-0.91427433,-0.5689378
2016-01-11,0.65770745,0.83585113,0.4897321,-0.13664351,0.27131736,0.6284473,0.582097,0.06743549,-0.3040818,0.6201154
2016-01-12,-0.17002672,0.13170722,0.426262,0.25282437,0.3418152,0.5908113,0.16735849,0.20673275,0.05727512,0.104174525
2016-01-13,-0.69324327,-0.9761142,-0.7837437,-0.9203528,-1.2561405,-0.77589285,-1.0367036,-0.31585583,-1.0224376,-0.55943745
2016-01-14,0.63272816,0.11897046,0.671457,1.0558673,0.65537745,0.85944015,0.11470249,0.9788473,1.0666523,0.511422
2016-01-15,-1.3082998,-1.7364542,-0.75909704,-2.0464764,-0.77303356,-3.594423,-1.5207655,-1.5116395,-1.6175454,-0.30799496
2016-01-19,-0.7511167,0.33616164,-0.13911329,-0.38856357,0.3458259,0.033567198,0.09930281,0.10010481,0.56407833,-0.03693387
2016-01-20,-2.289645,-1.1787084,0.040793497,0.076519415,-0.58762944,-0.21170773,0.43158588,-0.14257303,-0.17881854,-0.4185552
2016-01-21,0.24794418,0.022372609,-0.09322251,-0.20455107,0.08104556,0.050390147,0.34404325,0.4417917,0.45588437,-0.024959574
2016-01-22,-0.2300376,0.83249533,1.627505,1.487366,0.672846,0.31287223,0.30291054,0.6390987,0.39874008,0.6270121
2016-01-25,-0.223886,-0.37289563,-1.0603458,-0.6865799,-0.63617,-0.5287739,-0.23316766,-0.53643787,-0.41481712,-1.4541461
2016-01-26,0.22965956,1.0653406,0.1399188,0.2577269,0.9980676,0.42765784,0.45390624,0.6753666,0.86953664,0.022304488
2016-01-27,-0.8777384,-0.5379227,-3.0453596,-1.1656767,-0.43342233,-0.22097275,-0.06394261,-0.97288644,-0.6787754,-1.0721351
2016-01-28,0.69221276,-0.639998,0.32352254,0.80048335,0.5569812,0.20065363,0.717187,-3.8168683,-1.072257,-0.1966352
2016-01-29,1.435726,1.6296077,1.7074661,3.251857,1.4499962,1.693361,1.6421727,1.5643607,2.249454,2.529638
2016-02-01,0.056476057,-0.6958899,-0.583606,-0.58378106,-0.0072828815,-0.40883482,-0.12776278,0.6249699,-0.08609216,0.23295201
2016-02-02,-0.98367345,-1.3725212,-1.1116675,-2.0047753,-1.3590277,-1.6632286,-2.004319,-2.9262486,-1.5011756,-0.85528004
2016-02-03,0.94352525,0.5941027,0.9800657,-1.0521197,0.41777185,-0.34162447,-0.3824471,1.4573592,0.47207114,-0.006694677
2016-02-04,1.5610813,1.0274005,0.3477188,-0.335486,1.0729687,0.66521424,0.9086828,0.777808,0.6004706,-0.8833938
2016-02-05,0.49354982,-1.3954742,-1.4526756,-2.2698479,-1.0674556,-1.2700515,-1.3201739,-1.6423986,-1.9276291,-3.911386
2016-02-08,-0.13693991,0.120779194,0.4970987,-1.0193728,-0.14253856,-0.40313116,0.88611835,-0.22029027,-1.6127914,-2.4654353
2016-02-09,-1.5035105,-0.526166,-0.026104495,-0.2744985,-0.6744324,-0.045082454,-0.2183737,-0.35820705,-0.29964694,-0.66844726
2016-02-10,-1.8309833,-0.21332036,-0.24564278,0.29212692,0.082254164,-0.76078534,0.02262354,-0.57967854,-0.30537722,0.7889108
2016-02-11,-1.1420431,3.6650927,-0.19711503,-0.12266404,-0.41708428,-0.029016292,-0.28243753,-0.042182937,-0.8134145,-0.32495418
2016-02-12,1.1809396,0.56292367,0.09091837,0.49020135,0.56835306,0.4381275,0.40942597,0.88092405,0.65219194,0.6017856
2016-02-16,0.88197476,1.3460804,0.92047673,0.9002166,0.16265425,0.17147481,1.0977993,1.890638,1.4710587,1.205372
2016-02-17,1.7488233,1.138161,0.6377398,1.3060677,1.1141889,0.9756376,0.8948779,1.4107252,0.8884339,1.5930318
2016-02-18,3.237209,-0.020976147,-1.0501087,-0.40077066,-0.020076463,-0.12945688,-0.581803,0.49765933,-0.015394795,-0.7430699
2016-02-19,0.3281177,0.26136065,-0.17284532,-0.56206375,0.18209222,-1.2151628,-0.30221227,0.2034789,2.6952128,0.16273856
2016-02-22,0.34161988,0.17822622,0.41339022,0.7698511,0.3898737,0.9389706,0.41325405,1.5004207,0.36807626,1.5399573
2016-02-23,-0.660381,-1.0210066,-1.2754109,-1.8642699,-0.8333632,-1.0405539,-1.0099591,-0.7939482,-0.04166113,-0.44726598
2016-02-24,0.2344432,0.4532373,0.6987605,0.052286733,0.097558424,0.6172421,0.16644293,0.8185113,0.31379193,0.17324439
2016-02-25,0.8816312,0.60995626,0.28382492,0.70080435,0.93008286,0.6766053,0.5569116,0.011416357,0.35391438,1.7901671
2016-02-26,-1.2339293,-0.36387083,-0.0025991204,-1.1033579,-0.5069615,0.23422144,0.13909459,-0.10036459,0.15270376,-0.07690988
2016-02-29,-0.47764394,-0.43664247,-0.19135664,-0.65027046,-0.27761322,-0.42978474,-0.2915008,-0.37385848,-0.37049827,-0.8253312
2016-03-01,1.7486721,1.4012011,1.9806294,1.8293489,1.7359325,1.2609651,1.0556018,0.99404585,0.9913632,1.7863837
2016-03-02,1.002821,0.18130943,0.034034315,0.26253602,-0.35006163,0.21176733,0.14336258,0.5075907,0.16846703,-0.01899825
2016-03-03,0.77753586,-0.02518306,0.3106648,-0.8520326,0.16511793,-0.007743169,0.36519912,-0.45964503,-0.1709007,-0.68571246
2016-03-04,0.031834345,-0.10609908,0.698145,-0.52838135,-0.019430678,0.012055328,-0.01929722,0.13785012,-0.21412279,-0.597159
2016-03-07,1.2138175,0.74931717,-0.69034904,-1.3508469,0.6526736,0.43148512,0.49960163,0.4317207,0.019088719,-0.658522
2016-03-08,-0.5077995,-0.14329095,-0.55452204,0.52647626,-0.3444893,-0.661001,-0.8670622,-0.7941213,-1.389681,-0.4444817
2016-03-09,0.7090585,1.1960509,-0.049619853,1.2188381,0.4465269,0.4268996,0.16475582,-0.5022672,0.74486446,0.5030915
2016-03-10,-0.07646232,-0.42931724,-0.08353173,-1.0750967,-0.6569605,0.50758463,0.62448746,-0.022341901,0.72361,-0.27986398
2016-03-11,1.1011719,1.0174297,0.48244283,1.0158242,1.260252,0.74636257,0.46686924,0.07964486,0.8829181,0.6360847
2016-03-14,0.24409038,-0.28897664,0.035084378,-0.05618037,-0.38839415,-0.6054987,-0.4272681,-0.1903775,-0.3459951,0.53845525
2016-03-15,0.12243718,-0.044500727,0.97369033,0.31329042,0.032349925,0.27812073,0.07100732,-0.45901814,-0.106470086,-0.1361163
2016-03-16,0.8993139,0.47692642,0.6167578,0.6907189,2.0120373,-0.010415952,0.3213788,-0.35383862,0.22334088,0.7181251
2016-03-17,1.1211815,0.66180956,-0.18566139,0.1763997,0.50278074,0.3746411,0.36792466,-0.015481784,0.37373638,0.9609191
2016-03-18,0.059308577,0.3122646,-0.046988405,-1.4755131,1.1295782,0.9738787,0.3905259,0.097111724,0.32100007,1.7826818
2016-03-21,0.7682164,-0.24378736,-0.10359984,0.25026742,0.14283189,-0.6093924,-0.09284159,0.4312958,0.38406825,-0.5305566
2016-03-22,-0.21660304,0.21564591,0.30636778,0.06497915,-0.34015608,-0.115101196,-0.13488142,-0.2407767,0.010878445,-0.008554136
2016-03-23,-1.244439,-0.8697114,-0.3903141,-0.28038597,-0.87177825,-0.58732015,-0.29304433,-0.9349276,-1.0773689,-0.25115663
2016-03-24,1.2092628,0.29386264,-0.30837065,0.107165255,0.2699976,-0.26654926,0.049432226,-0.19192843,-0.35181293,0.1596711
2016-03-28,0.23585184,-0.08086488,-0.31465012,-0.9076278,-0.47828263,-0.039338257,-0.19094205,-0.64100283,0.016108371,-0.09007107
2016-03-29,0.44840488,0.4233026,1.1476877,1.139451,0.08572524,0.69241357,0.71638155,0.3291441,0.7046731,0.39145824
2016-03-30,-0.38676637,0.67771024,0.8367481,0.21545792,0.31078312,0.43392718,0.7329098,0.16039361,0.7992975,0.24290559
2016-03-31,1.2403345,0.050485507,-0.15409318,0.048201405,-0.09512897,-0.4682586,-0.6928953,0.028578348,0.16539404,-0.025595415
2016-04-01,0.4264475,0.3820205,0.24605593,0.20317005,0.22281906,0.09740758,0.33474597,-0.29779363,0.3449066,0.585547
2016-04-04,-0.20730846,-0.42836264,0.28197464,-0.26382852,-0.124858335,-0.5990464,-0.1927993,-0.27577877,-0.53185475,-0.3326011
2016-04-05,-0.8677884,-0.83789736,-0.34558338,-0.92646205,-0.5644973,-0.14578493,-0.0391675,-0.52409536,-0.46355158,-0.17989089
2016-04-06,-0.019513408,0.69936216,0.27404484,0.40871474,0.18300678,0.19832675,0.4106714,0.3396245,0.11207817,0.5066945
2016-04-07,-0.77530026,-0.64965135,-1.1922488,-0.82749075,-0.91656035,-0.7787042,-0.968907,-0.6005264,-0.58231246,-0.7805078
2016-04-08,0.4654279,0.18478164,0.017955698,-0.1727152,0.39300063,0.07374595,0.50811905,0.35029504,-0.10379779,0.104280934
2016-04-11,-0.028617866,-0.09056042,0.11885185,-0.2636026,0.016686916,0.008669283,-0.09563364,0.27916542,0.20652634,-0.5546021
2016-04-12,0.18527168,0.071642,0.6126843,0.21817574,0.20283812,0.2332047,0.4562276,-0.24224997,-0.10617024,0.20039004
2016-04-13,0.74078554,1.1778244,0.6772167,0.6058127,1.1358721,0.36098173,0.5608297,0.8108464,0.6579622,0.5312049
2016-04-14,-0.00021615633,0.07482429,-0.04568266,-0.14694181,-0.10898478,-0.59685713,0.0033894575,-0.16674599,0.2422869,-0.072366334
2016-04-15,0.28043842,-0.6451467,-1.139464,0.1553855,-0.30570272,-0.6221369,-0.2747166,-0.70438516,-0.10562162,0.33577558
2016-04-18,0.3742288,0.5702212,-1.184267,0.702747,0.25493237,0.23752357,-0.02313503,0.31443018,0.08577451,0.63218933
2016-04-19,-3.7594585,0.28368756,-0.33014065,-0.21952726,-0.23562694,-0.12900592,-0.4588994,0.13983554,-0.7753772,-0.037974726
2016-04-20,0.98613226,0.23868984,0.04158974,-0.99994767,0.03238735,0.5654562,0.47088593,0.122347206,-0.20356558,-0.11501759
2016-04-21,1.48997,-0.35140184,-0.6507475,0.04565299,-0.16404141,-0.120961115,-0.1930489,-0.4244105,-0.45934334,-0.008680702
2016-04-22,-0.33235735,-0.14110625,-0.2288557,-4.6761975,-0.40787518,-0.60903114,-0.18506911,0.6980045,0.20762667,-0.84181017
2016-04-25,0.1827455,0.19705321,-0.40432996,0.2175156,0.07868881,-0.48246306,0.25078794,-0.25457323,-0.39260647,0.4900347
2016-04-26,0.1543781,0.46243298,-0.44348323,-0.9398,-0.19103296,-0.055971216,0.27448392,0.29661378,0.55991673,0.14695483
2016-04-27,0.67330134,0.41032708,-3.531555,-0.75890034,0.24507822,0.4903421,0.39148363,-0.091776095,0.20235854,-0.29562545
2016-04-28,-1.5729822,-1.3222295,-1.7698855,-1.425739,-0.73939323,-1.1050669,-0.7378356,-0.7152048,-1.2469908,-1.088429
2016-04-29,-0.49429107,-0.91277516,-0.70143265,-0.200898,-0.6631205,-1.4650491,-1.4292539,-1.4068744,-0.7627446,0.2729276
2016-05-02,-0.27738386,-0.20197679,-0.13114147,0.72718215,0.5669153,0.48355654,0.6449924,0.4006697,-0.4109298,0.31551048
2016-05-03,-0.49552217,-0.9333216,0.7787716,-1.1261307,-0.80639935,-0.46279415,-0.5718303,-0.40542772,-0.5145337,-0.61832416
2016-05-04,0.068765655,-0.74377036,-0.5971211,-0.039833296,-0.50093603,-0.44165137,-0.662501,-0.29632825,-0.5959555,-0.3655984
2016-05-05,1.0209341,-0.404279,-0.26588494,-0.06520742,-0.09476951,0.02634009,0.13298467,0.44616708,-0.08659615,0.24327974
2016-05-06,1.0250628,0.6654971,-0.3503945,0.3791947,0.21646123,0.17084312,0.42646506,-0.2628049,-0.045084175,0.36239526
2016-05-09,0.041452914,-0.0027808736,-0.017629754,-0.52141285,-0.08198538,-0.4417032,-0.27654764,0.14260612,-0.045358647,0.12224732
2016-05-10,1.1755303,0.99720216,0.2996017,0.9497801,0.79206204,0.4838744,0.53863406,0.6963608,0.0973226,0.85988456
2016-05-11,-0.42696536,-0.5930544,-0.5631874,-0.11491093,-0.4874845,-0.1876666,-0.03940805,-0.09008941,-0.024903597,-0.22025077
2016-05-12,-0.018406803,-0.024661152,-1.3157122,0.3807545,0.20894259,-0.58307886,-0.43299773,-0.6030023,-0.8794655,-0.09684282
2016-05-13,-0.47577778,-0.25092667,0.028466115,-0.66343576,-0.30206022,0.18602464,-0.07090428,-0.24032925,-0.1285186,-0.022916637
2016-05-16,0.81459284,0.9287988,1.8297737,0.7171942,0.46226257,0.7429519,0.717417,0.3927886,0.41679442,0.591789
2016-05-17,-0.6385892,-0.6317602,-0.30765662,-1.3085487,-0.530818,-0.7744465,-0.5348137,-0.018960785,-0.5229461,-0.69651484
2016-05-18,-0.27289453,0.18436989,0.51897174,0.1948945,-0.20443289,-0.061691493,0.457401,0.5625013,0.49387228,0.36362478
2016-05-19,-1.0850173,1.7699791,-0.28198177,-0.7476729,-0.8905301,-0.6945925,-0.69498634,-0.10855559,-0.106951974,-0.44374746
2016-05-20,1.1254272,0.84424347,0.48705494,0.19681968,0.7730985,0.8148099,1.0633174,1.3006165,5.226494,0.4806163
2016-05-23,-0.18792835,-0.022559531,0.5861751,-0.8693656,-0.33606914,0.06230096,0.12948902,-0.34724447,0.34873226,-0.15947105
2016-05-24,0.74487764,1.0819687,0.71880114,1.6982685,0.9669935,1.3158638,1.080435,0.995361,1.1423348,1.4706922
2016-05-25,1.6121215,0.92393154,0.83993953,0.45452753,0.28916964,0.45377484,0.25175235,0.21620081,0.20673548,-0.046495754
2016-05-26,0.38496894,-0.0030293702,0.31939015,-0.43922606,-0.2835631,0.072251506,0.23532183,-0.26966283,0.032193877,-0.15947308
2016-05-27,0.22127761,0.075065754,-0.13545543,0.32971492,0.13194689,0.041727964,0.16956092,-0.035113037,1.090814,0.33984408
2016-05-31,0.42202914,0.27838635,-0.32723835,0.6167658,0.1529274,-0.036527727,-0.3703428,-0.35246712,-0.12031992,-0.34342712
2016-06-01,-0.5047093,-0.23612681,-0.79393625,-0.32135087,0.05932357,0.04755951,0.32909238,-0.18786624,-0.15429275,0.23724116
2016-06-02,0.45222107,0.36004063,-0.45265508,-0.5685482,-2.1057632,0.09513738,-0.28042054,-0.019405995,0.14972979,0.03450426
2016-06-03,-0.23687646,0.12627068,0.040012058,-0.9393071,0.56843996,-0.28477216,-0.21923958,-0.042099025,-0.30615032,-0.70425755
2016-06-06,-0.048583157,-0.016935444,0.3146969,0.23584631,0.4155261,0.035973188,0.54370224,-0.12943538,-0.45845756,0.16577148
2016-06-07,0.27921945,-0.017226927,0.14933334,-0.18325529,-0.4164489,0.24994887,0.16685118,-0.12886612,-0.086606555,-0.2969095
2016-06-08,0.30784217,0.15819868,-0.10561725,-0.21700858,0.17457296,-0.041868106,0.35502738,-0.012912739,0.015289152,0.04862909
2016-06-09,-0.225758,0.035539195,0.30786696,-0.62777257,-0.31590387,0.018378504,0.006152417,-0.05896277,0.23482285,-0.30377308
2016-06-10,-0.4365583,-0.15174879,-0.48289382,-0.30295137,-0.40781447,0.09685041,-0.21016273,-1.000689,-0.6739625,-0.46836555
2016-06-13,-0.46928257,-0.2764149,-0.8238297,-1.6418973,-0.16714141,0.13860518,-0.31133378,-0.9030512,-0.30189133,-0.08602386
2016-06-14,-0.0994909,0.22926226,0.024308478,-0.48577634,0.21684374,-0.0767301,0.22194582,-0.19988672,-0.41691756,-0.019388363
2016-06-15,-0.17389047,-0.46178308,-0.15250604,-0.28889585,-0.47072902,-0.732831,-0.18244413,0.36875495,-0.15095386,-0.012247144
2016-06-16,0.15633021,0.3907452,0.1546539,0.6495001,0.20247966,0.07287399,0.21932395,0.017779343,-0.10213354,0.047578186
2016-06-17,0.33938506,0.15379529,-0.6729067,-0.37867758,1.0096492,0.06342821,-0.30641952,0.008210579,-0.48121816,-0.71593106
2016-06-20,0.67368376,-0.20446956,-0.115345314,-0.19866757,0.025431324,0.50589615,0.23041198,0.17350645,0.24554284,1.0581185
2016-06-21,0.18925963,-0.01473247,0.39995715,1.1249665,0.27677786,0.16546305,-0.017999414,-0.10259591,0.2503413,0.74350893
2016-06-22,-0.46694392,-0.051539507,-0.24887058,-0.37463453,0.005146941,-0.09593695,-0.024956489,0.034881465,0.15254208,-2.6381874
2016-06-23,1.054019,0.9057975,0.23991068,0.9005126,0.99172026,0.97831684,0.8816987,1.0837746,0.84283555,1.0069351
2016-06-24,-3.800577,-2.6424756,-1.5297654,-2.5698545,-2.0641546,-2.2720766,-2.1481743,-2.7803836,-2.3147724,-1.9577744
2016-06-27,-1.3939064,-0.7221402,-0.7939321,-1.76181,-0.9096687,-1.2118556,-1.1241797,-0.9127375,-1.730902,-0.6762461
2016-06-28,0.9911921,0.85428643,0.78641504,1.0323546,0.73253477,0.6219937,0.84079236,1.0412565,1.0527232,0.744713
2016-06-29,1.2472523,0.8696911,0.3937369,1.1382558,1.7302576,1.0596479,0.7048125,0.74802125,1.0015447,0.8911703
2016-06-30,1.5328219,0.87229663,0.58647776,0.587781,0.48344114,1.3062981,1.0635775,-0.0690517,0.62571645,0.6861097
2016-07-01,0.2677137,0.23080945,0.09710204,-0.16073616,0.080537476,-0.13166167,-0.44550803,-0.5443475,-0.22401024,-0.24497871
2016-07-05,-0.267179,-0.3762787,-0.58673424,-0.15208028,-0.6400933,-0.1868918,-0.71658546,-0.93524873,-0.17219353,-0.33760074
2016-07-06,0.32657996,0.75541574,0.22700758,0.090060174,0.14865656,0.37927914,-0.18662404,0.25878486,0.18977642,0.19272183
2016-07-07,0.12643334,0.072600156,0.15520369,-0.1534382,-0.017890593,0.28496087,0.51247615,0.35936216,0.40969497,-0.044517655
2016-07-08,0.80094707,0.89826995,0.36011106,0.8804827,0.37049663,1.0326006,1.0385123,0.9218752,0.9598595,0.7313522
2016-07-11,0.3771533,0.31574667,0.11558345,0.17713544,-0.12654412,0.46242973,0.05298253,-0.14967465,0.26826856,0.13376148
2016-07-12,0.7222411,0.32683656,0.19423515,0.53238374,0.703413,0.6815497,0.6458471,0.30277023,0.3261835,0.15477507
2016-07-13,0.43441716,0.2806975,-0.3541813,0.1811219,0.031534377,0.038407918,0.078475066,0.07301542,0.71692044,-0.117879525
2016-07-14,0.9424304,0.051346213,0.9821666,0.10521808,0.22125147,0.20277499,0.15004997,-0.05421338,0.2094402,0.13788557
2016-07-15,-0.18743826,0.13621219,-0.06034524,-0.19050659,0.09963798,-0.23034152,-0.011131571,-0.19293775,0.28779203,0.034949403
2016-07-18,0.05159299,0.18709615,0.48978996,0.13550055,-0.17389365,-0.08180744,0.20369264,0.37360686,0.31571752,-0.042352516
2016-07-19,-0.10299366,0.051360983,-0.029463485,-1.0872796,-0.67355484,0.084213555,-0.21536767,-0.25686175,-0.4081101,-0.02469469
2016-07-20,0.74045146,1.1875503,-0.003866204,2.862448,0.17929739,0.66190994,0.3179717,0.4341751,0.3116667,0.24993329
2016-07-21,-0.35300404,-0.04690883,-0.3303267,-0.26260474,-0.23598623,-2.0023248,-0.4248411,2.9409149,-0.7368467,-0.9657434
2016-07-22,0.67037284,0.24239585,-0.45811626,0.6510963,-0.009223646,0.47623307,0.36546057,0.77471304,0.12926316,0.7556546
2016-07-25,0.23996554,0.15984656,-0.75750995,0.021576123,0.06840339,-0.0042129857,0.45737866,-0.3920235,0.09609568,-0.35933822
2016-07-26,-0.21660341,0.17179228,-0.3694475,-0.106526576,-0.26805022,0.4590464,3.258184,0.34133944,0.3889474,0.23758942
2016-07-27,-0.11890285,-0.1485992,3.1041932,-0.7098386,-0.036790043,-0.36219674,-0.13125165,0.71096665,0.04695686,-0.01873396
2016-07-28,-0.198819,-0.32169893,0.40604362,-0.11001624,0.23883164,-0.1012514,-0.42676157,-0.14465725,-0.48676538,0.19327271
2016-07-29,-0.31347567,0.048448186,-0.046658892,0.29819807,-0.18106872,0.07827485,-0.29184908,0.0069729374,-0.52729946,-0.27384165
2016-08-01,0.2890681,0.3208725,0.47201517,-0.21216206,0.0713964,-0.03555545,0.040317435,-0.54060596,-0.109956555,-0.09505396
2016-08-02,-0.3387627,-0.10378511,-0.47505105,-0.09989819,-0.4247222,-0.3099643,-0.5260446,-0.72106254,-0.44194433,-0.6407859
2016-08-03,-0.020525472,0.14752519,0.38498828,0.18605447,-0.04623369,-0.060760945,-0.0061589237,0.13626255,0.20213091,0.16876785
2016-08-04,0.2803241,0.1418694,0.18029277,0.2415995,0.13583273,0.34243354,0.36036322,-0.09590586,0.14865713,0.12971336
2016-08-05,0.73643786,0.3834385,0.4063016,0.4025729,0.20032443,0.43842423,0.28025246,0.5810803,0.54336834,0.8173661
2016-08-08,-0.03921421,-0.009208763,0.25190383,-0.03568564,0.00024404198,0.040289395,-0.0428505,-0.37464148,-0.05592369,-0.27364686
2016-08-09,-0.10691662,-0.07273884,0.16926098,-0.0015192939,-0.09151702,-0.19295979,0.030090261,0.191857,-0.14581133,0.14284477
2016-08-10,0.12802415,-0.1039614,-0.43373725,-0.31652984,-0.03527369,-0.53977674,-0.26776883,-0.2899847,-0.65728915,0.74565566
2016-08-11,0.5769674,0.1865513,-0.065718874,0.13571347,0.18110652,0.15042783,0.02968014,-0.073559016,0.5227692,0.42808092
2016-08-12,-0.62149364,-0.093489304,0.06697823,-0.50697243,-0.24565908,-0.20144437,-0.14539966,-0.11313243,0.45717388,-0.2995606
2016-08-15,-0.0041214963,0.57142013,0.5525417,0.032001358,0.35485423,0.42454416,0.29194796,0.40069723,0.3510442,-0.074103564
2016-08-16,-0.45780817,-0.08432563,-0.11814536,-0.488332,-0.10748635,0.366885,-0.38763827,-0.329108,-0.46472332,-0.17982967
2016-08-17,-0.07767866,-0.6645739,-0.14981663,-0.03240359,-0.16041633,-0.34577206,-0.037426498,0.055430863,0.019830309,-0.452982
2016-08-18,0.41666546,-0.39277858,-0.14389227,-0.11753932,-0.11059735,-0.14505035,0.17777574,0.42272818,0.5002675,0.4362463
2016-08-19,-0.528102,0.11018125,0.050830353,-0.14297546,0.21558289,0.31762904,0.06223264,-0.27158403,2.7258751,-0.20343676
2016-08-22,0.018180382,0.23925357,-0.5057576,-0.11289502,-0.15718839,0.09511101,-0.22310735,-0.036387585,-0.76847446,-0.07286549
2016-08-23,0.13908517,0.6514599,0.090105236,0.070897736,0.3406001,-0.011783643,-0.05125657,0.0868502,1.1758205,0.39610332
2016-08-24,-0.47935203,0.17872328,-0.4769967,-0.098026186,-0.58098525,-0.43699014,-0.092063755,-0.40517843,-0.43251595,-0.028960144
2016-08-25,-0.14863141,0.42318237,-0.28525776,0.07200405,0.019889284,-0.14856866,-0.09318244,-0.0680348,-0.15615295,0.22374445
2016-08-26,-0.10111596,0.1387678,-0.37498873,-0.29970628,0.18609983,0.17795318,-0.086149104,0.13347773,0.3575566,0.14369708
2016-08-29,0.6162042,0.42925575,-0.1295458,-0.084244534,0.045544848,0.3483412,0.120549925,0.27431756,0.023804804,0.08389074
2016-08-30,-0.10532965,-0.031148715,-0.4662413,-0.3700068,-0.017978791,0.14707343,-0.49824926,-0.11418478,-0.16916503,-0.16149732
2016-08-31,-0.19442664,-0.12584843,-0.009054612,-0.5864163,-0.12779567,0.20144361,0.11531199,-0.0029262644,-0.29238555,0.111586004
2016-09-01,0.27778256,0.24845174,0.26723644,-0.0109327,-0.09116513,0.11970322,0.06339001,0.17877527,0.5152846,0.22735365
2016-09-02,-0.0061540934,0.3994277,0.34620935,-0.05578869,0.06690022,0.036869243,-0.05011783,-0.17348695,-0.43474123,0.2540948
2016-09-06,0.3194783,0.09346359,-0.04432568,-0.1936493,-0.027352901,0.5422937,0.029728534,-0.26978126,-0.13814332,-0.05860177
2016-09-07,0.51972675,-0.08316262,0.26125476,-0.08744369,-0.026256103,-0.16771173,-0.22694246,-0.5457975,-0.17836629,-0.24106964
2016-09-08,-1.0727719,-0.45325732,-1.4509474,-0.37183455,-0.6325891,-0.06911598,-0.36492535,0.085335724,-0.24829517,-0.5069927
2016-09-09,-1.3614993,-0.98734146,-1.2394216,-1.41633,-0.8854109,-1.4257731,-1.6498078,-1.5816633,-1.3919499,-1.1446614
2016-09-12,1.0892947,0.9403166,1.1221207,0.7103955,0.7259359,0.75754184,0.8020169,1.1227062,0.914393,0.3881157
2016-09-13,-1.0266714,-0.55542177,1.1927819,-0.6716845,-0.6103628,-0.6461093,-0.3676598,-0.7643944,-0.3741686,-0.7111941
2016-09-14,-0.74608636,-0.054959767,1.4656627,-0.40210697,0.049004126,-0.022620378,0.17798081,0.11381543,-0.018857932,-0.020549841
2016-09-15,0.64773685,0.4874258,1.0211481,0.7637914,0.6088369,1.0426868,0.83243144,0.5407772,0.8434739,0.33025616
2016-09-16,-0.77175474,-0.6616512,-0.23522967,-0.07405799,-2.148804,1.2221308,0.048190013,0.20875135,-0.21432629,-0.3343087
2016-09-19,0.41024166,0.29977244,-0.38581946,-0.43491152,0.30674905,-0.591905,0.071459,-0.17702754,0.23386927,0.29531738
2016-09-20,-0.18855307,0.1530598,-0.024219126,-0.24735391,-0.20697947,-0.053995047,-0.25608993,-0.19921015,0.02993503,0.3780339
2016-09-21,0.44150656,0.41996038,-0.03312502,0.7901342,0.46286002,0.31753087,0.1961011,0.4897196,0.14523812,2.980418
2016-09-22,0.2444774,0.48631975,0.44352087,-0.07930683,-0.024661215,0.07769644,0.087567806,-0.12853685,-0.452854,0.030112386
2016-09-23,-0.48110276,-0.42283285,-0.49320427,-0.49097407,-0.33137906,-0.42029786,-0.49741274,-0.5863894,-0.8832825,-0.2126028
2016-09-26,-0.42124882,-0.33219537,0.035146486,-0.5729536,-0.23744334,-0.5821776,-0.33919042,-0.3396093,-0.4548291,-0.11523956
2016-09-27,1.1450396,0.63713455,0.044892106,0.87788886,0.26887012,0.5679286,0.5943285,0.57503605,0.29635862,0.9506453
2016-09-28,0.5970248,0.06376066,0.21082935,-0.053549495,0.118481465,0.25650325,0.13641624,-0.00022863866,0.04465419,-0.11525383
2016-09-29,-0.063363835,-0.13609797,-0.8720072,-0.77633435,-0.41237098,-0.19598803,0.025364298,2.5401711,-0.30512586,-0.7108319
2016-09-30,0.33569497,0.58741885,0.3329173,0.053234644,0.19402084,0.5111063,0.19302167,0.5615957,0.70212317,0.2898405
2016-10-03,-0.4919629,0.10374565,-0.31205234,-0.34158394,-0.40599632,-0.18660761,-0.39436704,-0.9475318,-0.4032236,-0.064323254
2016-10-04,-0.45776626,-0.21633367,0.15328327,-0.340719,-0.17835519,-0.22502907,-0.08648238,-0.35783464,-0.51700956,-0.05089227
2016-10-05,0.29280877,0.44575775,-0.04782288,0.26032922,0.36014047,0.53751296,0.6548255,0.013804113,0.37203452,0.1507659
2016-10-06,-0.0535733,-0.15476723,0.31157196,-0.05528074,-0.40493092,0.035501227,0.2099282,0.35129002,-0.15540686,-0.13462706
2016-10-07,-0.49774322,0.018970408,-0.008083637,-0.101908155,-0.037780922,-0.037879292,-0.09694609,0.320941,-0.27851322,0.0038461054
2016-10-11,-0.9325874,-0.71973056,0.035124715,-1.0502596,-0.8758044,-1.0947905,-0.8556031,-0.8143661,-1.1403145,-0.8612454
2016-10-12,-0.18651092,-1.2344462,0.38868758,-0.24792612,0.03538458,-0.26941052,-0.24900615,-0.103342645,-0.08613352,0.27887508
2016-10-13,-0.21700174,-0.2701446,-0.2366065,-0.35936695,-0.047370642,-0.29218447,-0.5273291,-0.3144907,-1.22825,-0.045522954
2016-10-14,0.34361473,0.053908076,0.21800947,0.3667995,0.5039262,0.5866147,0.46888795,-0.08698014,0.22411785,-0.09949396
2016-10-17,0.16056958,0.104377374,-0.09738821,-0.35767365,-0.17809454,-0.27274656,-0.08743142,-0.41810903,-0.4850902,-0.17216505
2016-10-18,-1.721692,0.4068811,-0.09447927,0.30151913,0.15318128,0.5421234,0.52705693,0.49784622,0.2375436,0.3631492
2016-10-19,0.2587325,-0.1172122,-0.2147549,-0.2839167,-0.11088154,-3.0760593,0.12400685,-0.28826898,0.35205373,-0.036921818
2016-10-20,0.14275715,-0.2992422,-0.095970124,-0.4466704,-0.37524155,-0.18083693,0.14104569,0.88972616,0.0010299647,0.248633
2016-10-21,-0.8029768,0.018492958,-0.26452518,2.2857215,-0.2329294,-0.45241955,0.10969019,0.27939537,-0.014059246,-0.024484657
2016-10-24,0.44137007,0.57584673,0.39684576,1.1671839,0.44579607,0.09278156,1.1132504,-0.0074560535,0.9469693,0.72114295
2016-10-25,0.16289525,-0.17225847,0.196565,-0.1633525,0.10409413,-0.29243198,-0.35898235,-0.30463463,-0.49970493,-0.77125406
2016-10-26,0.42788032,0.39167106,-1.2322658,-0.5002118,-0.0843999,-0.31312323,0.2975897,0.21553725,-0.10088097,-0.46627986
2016-10-27,0.68002933,-0.24454841,-0.55413896,-0.6605244,-0.13545044,-0.20412168,-0.6781779,1.0763768,-0.07241205,-0.39618045
2016-10-28,-0.2996026,0.38107386,-0.39968005,-0.37152767,-0.08388605,-0.15001711,0.0061863675,-1.1338092,-0.37113816,0.1954555
2016-10-31,0.4295378,0.1678266,-0.062066082,-0.08268727,0.24292631,0.123860046,-0.006851632,0.10038122,0.47128665,-0.06881211
2016-11-01,-0.3878798,-0.24649592,-0.53671896,-0.21822938,0.002776839,-0.413886,-0.8059813,-0.29136032,-0.30544657,-0.27895373
2016-11-02,-0.36617172,-0.092538975,0.015444766,-0.4300648,-0.48104277,0.067664005,-0.3661169,-0.7769153,-0.47148713,-0.4106829
2016-11-03,0.109409116,-0.057325944,-0.34567168,-0.27074796,0.2222911,-0.45081922,-0.25071308,-0.14177567,-0.44758946,0.39551276
2016-11-04,-0.02119311,-0.13686286,-0.29126292,-0.49095577,-0.07158254,-0.3618801,-0.18186444,-0.18372762,-0.13350171,-0.37193128
2016-11-07,1.1705158,1.0199659,0.4417506,1.2226411,0.73079914,1.148703,0.7111094,0.79782605,1.2361422,0.81443214
2016-11-08,0.32793888,0.12226936,0.15238973,-0.08251109,0.009874769,0.03039875,0.44943,-0.20324646,0.14886506,-0.13998966
2016-11-09,-0.15987219,0.56988955,-0.09433305,-0.4110817,0.4418898,-0.021741677,-0.062584035,-0.3366462,-0.5923129,-0.24460417
2016-11-10,2.2063684,-0.49651384,-1.0746557,-1.500986,0.0032974926,-0.33501056,-0.43435216,-1.0772885,-1.373665,-1.5891942
2016-11-14,-1.2519114,0.049677007,-1.076212,-0.9908312,-0.19638792,-0.19329779,0.06608918,-0.70035654,0.14459425,-0.5656583
2016-11-15,0.17808262,0.51887846,0.50233245,0.9554723,-0.17432944,0.48988536,0.5738375,0.44229168,0.74084437,0.49700812
2016-11-16,0.27120346,-0.16890846,1.3261687,0.62188464,0.63817173,-0.14581873,0.07028234,-0.39525047,0.47404796,0.15470457
2016-11-17,0.22384404,-2.4031634,-0.07106976,0.81323284,0.64985913,0.19200219,0.5243892,0.14629991,0.8648285,0.70437354
2016-11-18,0.2516054,0.24496809,0.003866265,-0.42014515,-0.48633018,-0.13822672,0.2862763,0.3183235,-0.07331286,-0.3553098
2016-11-21,0.9728926,-0.17327058,0.7498077,0.34335902,0.01302915,-0.0051476327,0.6245779,-0.22912714,0.704586,0.23774251
2016-11-22,-0.016495375,-0.24102855,-0.02990733,0.10082458,0.23785532,0.64217585,0.42074254,0.66580194,0.46373615,-0.21388282
2016-11-23,-0.25439608,-0.28284287,-0.33047882,-0.8583601,-0.004950929,-0.46219558,-0.25702694,-0.19875516,0.18656226,-0.4654814
2016-11-25,0.51731515,0.74016595,0.18461925,-0.03148449,0.20797546,0.2745955,0.20636502,0.01374624,-0.08623467,0.34688565
2016-11-28,0.5817164,-0.26065952,-0.16590367,-0.07416853,0.020558747,0.03607519,0.02498379,-0.5007467,-0.13841215,-0.25188398
2016-11-29,-0.37266216,-0.12586716,-0.12282827,0.3156545,0.30826294,-0.35551283,-0.12173832,-0.29308164,0.32725635,0.17557244
2016-11-30,-0.5154987,0.018531013,-0.49433765,-0.93796164,-0.45076707,-0.85794055,-0.32935208,0.77469456,-0.03607937,-0.93375933
2016-12-01,-0.99882084,-0.6680326,-0.5932659,-1.2485812,-2.104603,-1.4812323,-2.425802,-2.6348927,-2.8369834,-1.6599704
2016-12-02,0.12307588,-0.34270817,0.08951114,-0.121615894,-0.32467997,0.4842805,0.1839473,1.0596741,1.6176838,0.06104523
2016-12-05,-0.044601534,0.5673852,-0.49501085,0.8058042,0.6300313,0.24242975,-0.17598018,0.26361,0.02762809,1.0205779
2016-12-06,0.26017782,-0.3417806,0.29997212,-0.44124874,0.65930575,0.3765712,0.56079763,0.63757885,0.01426741,-0.23152204
2016-12-07,1.9585146,1.2193295,0.42627954,1.2553228,1.1471184,1.0325589,0.5348808,0.48256353,1.044147,0.8395866
2016-12-08,0.26776972,0.036716398,0.43525633,-0.5176373,0.01940052,0.21403424,-0.083327815,0.04411606,0.1668043,0.036132894
2016-12-09,0.50828665,0.23995891,0.77457774,0.78311545,0.20662121,0.011499538,-0.13065724,-0.102963775,-0.54268646,0.3499554
2016-12-12,-0.38685903,0.24153619,-0.39103684,0.03136581,-0.036545403,0.22274843,-0.21202514,-0.11467653,-0.5327387,0.3689065
2016-12-13,1.1906792,0.8152779,0.7946688,0.62230223,0.3131139,1.088057,0.959239,0.4512872,-0.047542877,0.4320954
2016-12-14,0.12702417,-0.2039838,-0.09333482,-0.4587753,0.13531314,-0.42772537,-0.50503784,-1.1913086,0.05380919,-0.19534913
2016-12-15,-0.1641537,0.338032,0.21127361,-0.25346917,-0.044816107,0.26432478,0.5908224,0.20434377,1.0811208,-0.3462388
2016-12-16,-0.4980872,-0.03690836,-0.021388426,-0.43969655,-2.4449668,-0.7506914,-0.40931803,-1.0740144,-0.7712705,-0.77342886
2016-12-19,0.014049146,0.3283236,0.22130837,1.1092912,-0.30181476,0.7369359,0.41818497,0.26927415,-0.17474334,0.7888502
2016-12-20,0.41095665,-0.30938718,0.05642359,-0.23996311,0.117618054,0.36683917,0.27557135,-0.15324739,0.12892987,0.19247328
2016-12-22,-0.07598451,0.1106694,-0.44026938,-0.15573929,0.1592481,-0.14779527,-0.01494948,-0.33620924,0.45146966,-0.40545812
2016-12-23,-0.1150084,0.1538647,0.040885072,-0.4389749,-0.25354478,-0.0058580833,0.07496664,-0.02622797,-0.22404243,0.10484068
2016-12-27,0.1918685,0.28725538,0.26568872,-0.112746574,0.034185216,0.07409921,0.26967427,0.1565893,0.44774023,-0.04146356
2016-12-28,-0.3511846,-0.40708363,-0.28310516,-0.4236161,-0.20328568,-0.6543043,-0.56070095,-1.0405949,-0.62220633,-0.5522762
2016-12-29,0.18499011,0.10323484,-0.073885284,-0.23469841,-0.004889613,-0.018737778,0.024320604,0.09668835,-0.38802856,-0.0635213
2016-12-30,-0.23385727,-0.3462675,-0.46019432,-0.8412966,-0.3155481,-0.5277761,-0.7611085,-0.6470881,-0.56980604,-0.33676168
2017-01-03,0.4880806,0.55830455,0.09465192,0.2658286,0.29907554,0.37704077,0.34398934,0.038987774,-0.5056977,0.20309354
2017-01-04,0.8594316,-0.2895901,-0.13509093,-0.429289,0.24374625,-0.33829272,-0.096208476,-0.040628977,0.300159,0.2766063
2017-01-05,-0.19262268,0.16706687,0.18352939,-0.16461596,-0.16448145,-0.16235928,-0.41584003,-0.03230509,-0.26468244,0.800977
2017-01-06,0.37236714,0.14826596,0.5038204,0.36005288,-0.29281363,0.10521232,0.78323114,-0.09669786,-0.16278777,1.0714515
2017-01-09,-0.73776263,-0.05661428,0.39682686,-0.3611086,0.79794925,0.101537846,0.09135862,-0.005583454,0.8460864,0.089600824
2017-01-10,-0.8223645,0.39112592,-0.018589599,-0.17539336,-0.5208598,-0.16514428,0.13005823,-0.09938673,0.35290796,-0.16061752
2017-01-11,0.90569377,-0.35814792,0.21381697,0.3845031,0.57382846,0.49193832,0.33965552,0.2123014,0.33426553,0.28035286
2017-01-12,0.10955163,-0.1608229,-0.2900346,-0.70932704,0.10307588,-0.4005176,-0.26232105,-0.07366697,-0.28470442,-0.20005475
2017-01-13,-0.21287309,0.09127673,-0.16951568,-0.07304724,0.06239877,0.039474744,0.060239047,0.39349958,0.50505817,-0.05484652
2017-01-17,0.24845368,-0.107076496,0.34650657,-0.3190621,-0.23417519,-0.054418784,-0.3660661,-1.8068022,-0.6908282,-0.25673157
2017-01-18,-0.40552285,0.10441465,-0.06544856,-0.17895173,0.09911943,-0.11311686,-0.108925365,0.525476,0.3929757,0.30516523
2017-01-19,0.014761415,-0.04643958,-0.14163433,-0.3290075,0.0034149885,-0.28635624,-0.3468191,-0.552485,-0.014420912,0.37855327
2017-01-20,1.4672406,0.23119429,0.04515869,0.26462543,0.7863875,0.42032906,0.495466,-1.1474177,0.021625046,0.3437427
2017-01-23,0.20269462,0.31839573,-0.021195712,0.05771474,-0.25603375,-0.27523807,0.565661,-5.899804,-0.19560993,0.08024888
2017-01-24,1.8660058,0.5878981,-0.10563304,0.37173802,0.51152945,1.0561117,0.7883751,0.0023747978,0.2527784,1.0732471
2017-01-25,0.912439,0.20439507,0.75144,-0.0022897802,0.045660023,0.17589575,0.871187,1.3462337,0.3829492,0.18615307
2017-01-26,0.1572071,0.10177104,-0.033129703,0.393349,-0.04342048,-0.36702594,0.36421788,-2.2731113,-0.61510265,-0.5650359
2017-01-27,-0.47900948,0.441913,-0.059584238,1.223997,0.11027256,0.49202356,-0.48081642,0.059330206,1.1811521,0.42192933
2017-01-30,-0.5359326,-0.21529612,-0.19681193,-0.7375098,-0.01796041,-0.7935389,-0.1178883,-0.5832095,-0.9180372,-0.0920327
2017-01-31,-0.46980637,-0.13883647,-0.1700672,-0.5704267,-0.1639529,-0.7875205,-1.4345796,-0.2388314,-0.19252938,-0.19576871
2017-02-01,-0.07255715,-0.31984195,3.035143,-1.1161401,-0.34864247,-0.43359947,0.40166992,-0.31842983,0.8297185,-0.0322421
2017-02-02,0.12980914,1.1567298,-0.14610207,-0.528944,0.15779263,0.15605567,-0.27331084,-0.48424634,-0.19224249,-0.10322768
2017-02-03,0.4774345,0.25548196,0.1718933,0.32296988,0.52199656,0.07901538,0.32675642,0.1675144,0.3415451,0.753002
2017-02-06,0.026821341,0.003651777,0.43890768,-0.18025136,-0.41561824,-0.36673808,-0.20724536,-0.17460127,-0.23615092,-0.29754552
2017-02-07,0.97149444,0.2667367,0.4519349,-0.33326122,-0.05731878,0.055186685,-0.06362379,0.22322369,0.324663,0.1667905
2017-02-08,-0.32867268,-0.23767695,0.159303,-0.21976295,-0.08195283,-0.0036745674,-0.17323343,-0.40339714,-0.0188783,0.41874233
2017-02-09,0.39228237,0.38752267,0.33463305,0.5094252,0.22344707,-1.2005602,-0.42582944,-0.102415,-0.30157936,0.0916477
2017-02-10,0.55195594,0.050376248,-0.16838145,-0.1971192,0.6392655,-0.20231016,-0.12438493,0.81011283,-0.18943319,0.12989916
2017-02-13,0.27192417,0.77855456,0.3940499,0.5093454,0.35281384,0.57560545,0.1852897,0.6338692,0.07613185,0.28284553
2017-02-14,0.3006318,0.5700116,0.60843104,0.07048822,-0.006483076,0.11992653,0.03438239,0.3334211,-0.35336548,-0.05068775
2017-02-15,0.5818768,0.826573,0.1302125,-0.1842553,0.35623458,0.10592888,-0.02117674,0.67764986,0.2148038,0.41008684
2017-02-16,-0.074783415,1.2023357,-0.11464798,-0.15478438,0.19298358,0.4188006,0.31235632,0.2026103,-0.444392,0.05025551
2017-02-17,-0.2578522,0.24370179,0.08606082,-0.056293435,0.53722644,0.038577486,0.07569484,-0.40826565,0.59560806,0.251552
2017-02-21,-0.13007326,0.61549735,0.31475118,-0.26587155,0.22961085,-0.0019763778,0.3488658,0.12726541,0.94577724,-0.039038725
2017-02-22,0.35421655,-0.026159873,0.08729059,-0.2746606,0.27755484,-0.69048053,0.05464339,0.17072703,-0.16573372,-0.08756742
2017-02-23,0.20804681,-0.041110482,-0.28355566,0.086461745,0.5263676,0.08935229,-0.094196,-0.058784433,-0.4843449,-0.2711077
2017-02-24,-0.08649988,0.45580372,-0.010914871,-0.14987962,0.22891325,0.41383994,0.02158371,-0.030610105,0.072351426,0.15725563
2017-02-27,-0.6890701,-0.054039564,0.04233924,-0.5059482,-0.5712047,-0.08445908,-0.06980452,-0.060163394,0.06038894,-0.22433001
2017-02-28,0.16633767,-0.07998176,-0.028233532,-0.37096703,-0.14526537,-0.4466973,-0.37918255,-0.2829752,-0.3214028,-0.18844436
2017-03-01,0.79002476,0.41441676,0.9926254,0.72412914,0.36207908,-0.41012752,0.8764597,0.30756772,0.6182908,0.7237891
2017-03-02,-0.49266955,-0.039282035,-0.36732253,-1.0016596,-0.053588293,-0.08659828,-0.08148591,-0.56729835,-0.4908621,-0.19358374
2017-03-03,-0.15559387,-0.111821495,0.24685994,0.071584955,-0.25184882,-0.06838732,-0.17118818,-0.038170837,0.33805406,0.02792873
2017-03-06,0.17846121,-0.11633119,-0.22559218,-0.13340682,-0.16243766,-0.5204024,0.23420227,-0.081303224,-0.09778431,0.017039137
2017-03-07,-0.012127799,0.05028066,0.00838397,-0.030036693,0.016994867,0.2569042,0.44216982,0.119778834,0.035748817,-0.08758091
2017-03-08,-0.3173112,-0.23610058,-0.25282788,0.3877263,-0.006097056,-0.30700058,0.09158412,0.67935085,0.15766181,-0.16754967
2017-03-09,-0.8343613,0.103836864,-0.14855596,-0.3634757,-0.20680149,0.20539078,-0.15469526,0.0539042,0.11578022,0.08579085
2017-03-10,0.22137977,0.28963003,0.09326903,0.038815994,0.21265177,0.07310338,0.5963095,0.38751552,0.6732276,0.3952206
2017-03-13,-0.5117625,-0.17845973,-0.004549605,-0.31523117,-0.13163124,-0.9025925,0.3207169,-0.21931233,0.23721483,0.22195
2017-03-14,-0.28512576,0.06173364,-0.068934575,-0.38472542,0.18013167,-0.0071546417,-0.00068117207,-0.26313624,-0.25560978,-0.16026653
2017-03-15,0.016353948,0.19487703,0.31587118,0.15788238,0.22729193,-0.12413917,0.3373795,0.12116617,0.5631447,0.20670755
2017-03-16,0.5330135,0.020899942,0.043036215,-0.23645684,2.7679765,0.009710918,-0.099229105,-0.22013327,0.047035627,0.0597858
2017-03-17,-0.59385055,0.034901846,-0.23015906,0.06458466,-0.09605261,0.12246634,0.21778925,-0.67850155,0.14412004,1.6078113
2017-03-20,0.012869373,0.10304742,0.4487292,-0.08336354,-0.4502488,0.1584029,-0.3613201,0.09847729,0.20400955,-0.27156907
2017-03-21,-0.6847163,-0.5080922,-0.49113327,-0.75422174,-0.40925962,-0.5012301,-1.0127338,-0.83969796,-1.0748566,-0.46208188
2017-03-22,0.2973473,0.3222107,0.29269242,0.54436874,-0.08074822,0.3491835,0.43652418,0.079303354,0.14944766,0.348816
2017-03-23,-0.002355956,-0.1521462,-0.12788837,-0.26337847,0.12026955,-0.14652354,-0.046828102,-0.25843635,-0.054790176,0.19386652
2017-03-24,-0.36169723,0.17314652,-0.06881863,-0.027799474,-0.2873933,-0.13032079,-0.06094598,-0.008813392,0.02927994,0.1996933
2017-03-27,-0.05744529,-0.07646599,0.042592254,-0.023072792,0.12254126,0.22792752,-0.05744358,-0.24484369,-0.17826538,0.13083698
2017-03-28,0.20565426,0.070086345,0.6273154,0.028514162,-0.1671659,0.20284271,0.00811251,0.36471602,-0.11237744,0.09230817
2017-03-29,-0.23011237,-0.3288494,0.04910433,0.021358518,-0.19041917,-0.058205113,-0.0927374,-0.10012272,-0.034415297,0.25293997
2017-03-30,-0.044672303,0.03495012,-0.06329861,0.07033202,0.12322469,0.17846045,0.24870771,-0.20839067,-0.064854115,-0.021467919
2017-03-31,0.108418584,0.11955095,-0.14151494,-0.009007233,-0.09654129,0.3551619,-0.3037851,0.010982923,-0.07594502,0.14974923
2017-04-03,0.14102736,-0.27879882,-0.03077219,-0.4120203,-0.02288005,0.06909545,-0.15114334,-0.7317728,-0.096671194,-0.20894533
2017-04-04,0.03156052,0.22218706,0.31979614,0.0109010115,-0.040846445,0.10359057,0.101934016,0.04522843,0.02983008,0.13276255
2017-04-05,-0.59779,-0.6115027,-0.33267155,-0.30640107,-0.1338678,-0.14549111,-0.34653437,-0.24457844,-0.7483037,-0.077810474
2017-04-06,-0.13689081,0.16547315,-0.19914773,-0.0007633096,-0.38511062,-0.33288422,-0.026113668,-0.04247576,0.12846026,0.067302026
2017-04-07,-0.090286866,-0.15914765,-0.18723176,-0.20195337,0.1128627,-0.06805902,0.21975781,-0.24253644,0.2871653,-0.0011937941
2017-04-10,-0.33582073,0.11883089,-0.13636021,-0.29547814,-0.13987105,-0.39754125,-0.2778549,0.06263374,-0.16084704,-0.049318403
2017-04-11,-0.21215303,-0.11291106,-0.64410096,-0.20540506,0.18704064,-0.15782426,-0.47426307,-0.9617238,-0.794515,-0.10563989
2017-04-12,0.062448125,-0.46098727,-0.01156584,-0.38787398,-0.006904976,-0.22776002,-0.60642207,-1.5959039,-0.5546835,-0.23637624
2017-04-13,-0.4134895,-0.28382242,-0.3357872,-0.4060609,-0.22711699,-0.5928302,-0.4266765,-0.565996,-0.36044994,-0.14069542
2017-04-17,0.632183,0.33945566,0.22124568,0.329334,0.31890473,0.26175702,0.49333474,-0.009052732,0.4593509,0.30542836
2017-04-18,-0.38388285,0.12887833,-0.2873426,-0.2295823,0.24173793,0.33923116,0.48660225,-0.267731,-0.054212555,-0.08620939
2017-04-19,-3.2909153,0.004410382,-0.24654989,-0.46200517,-0.388926,0.13353921,-0.18022509,-0.1398671,1.1851531,0.11635011
2017-04-20,0.24876314,0.2964125,0.6065208,0.26368552,0.32982385,0.29128948,0.73089826,-0.05356597,0.5598279,0.37703177
2017-04-21,-0.77699953,0.020309746,-0.10522353,0.6412876,-0.12803607,0.13054897,-0.56529367,-0.22591983,-0.18655777,0.006903062
2017-04-24,0.14722249,0.68851066,0.43103793,0.8181238,0.38866323,0.47277728,0.6504309,0.15824008,0.5552705,0.4276297
2017-04-25,-0.14759901,0.2330531,0.27384797,0.1896014,-0.14752309,0.10389543,0.64955056,0.060036037,0.25636306,0.17074035
2017-04-26,-0.1303803,0.00617661,-0.35573664,-0.21638112,-0.05458404,0.030511672,-0.7231864,-0.061852008,-0.16504428,-0.2575513
2017-04-27,0.11610317,0.541757,-0.008303699,0.23128851,0.06387194,0.5710713,0.06688392,0.044298977,0.52461696,0.17027877
2017-04-28,-0.007388481,0.48709366,-0.09624829,0.019162748,0.17469925,-1.6035643,-0.94555795,0.33368424,-0.79145145,0.09260547
2017-05-01,-0.58651155,-0.10798544,1.0157567,0.65434873,0.07387248,0.15652673,0.023054197,-0.20625186,0.9842174,0.4239926
2017-05-02,0.118530884,0.42198214,0.28230032,-0.23542324,0.06432482,0.7859264,-0.0628907,-0.34330088,-0.07677467,-0.060732868
2017-05-03,-0.1954664,0.048573345,-0.18914501,-0.31738833,-0.26772028,0.2964411,0.24747598,0.8627665,-0.23834312,-0.076691285
2017-05-04,0.17343868,-0.062093038,-0.22606267,-0.3614752,0.5638468,-0.19446804,-0.30017182,0.23637453,-0.019088851,-0.10551515
2017-05-05,-1.631163,0.30996224,0.44419387,0.021373631,0.06721445,-0.060619514,0.134259,-0.074864045,0.10711211,0.03955796
2017-05-08,-0.2303135,-0.09952989,1.0227534,-0.18104258,-0.04836174,-0.35451707,-0.12880556,-0.33229804,-0.3564014,0.060527023
2017-05-09,-0.4003706,-0.49512112,0.2367432,-0.052719127,-0.10596938,-0.231486,-0.043439772,0.31590483,0.38253018,0.1256509
2017-05-10,-0.37734786,-0.18394992,-0.21777211,0.08416418,0.019454638,-0.45378485,0.5178095,0.04442767,0.6781242,0.14729922
2017-05-11,-0.25597802,-0.12154732,0.40968555,-0.848473,-0.40406135,-0.4422763,-0.08967231,-0.604842,0.4803286,0.019127917
2017-05-12,-0.1124141,-0.22601324,0.68241805,-0.21030031,-0.10606145,-0.2522616,0.12338699,0.40820676,-0.12365623,0.15237899
2017-05-15,0.5060559,1.1592371,-0.18430376,-0.1007876,0.23323001,0.0826848,0.44217047,-0.031273473,0.7254764,0.21925132
2017-05-16,0.953141,0.13856322,-0.13299948,1.0213431,-0.05168573,0.20169565,0.37025213,0.32985008,0.60129136,0.11509215
2017-05-17,-1.1669164,-0.67383504,-1.8198497,-1.7990649,-1.1954539,-1.1114588,-2.1145558,-0.54372865,-2.240703,-1.2337983
2017-05-18,-0.045318164,-3.761567,0.72221565,0.051428862,-0.08649883,0.1924946,0.28586903,0.48943296,1.002226,0.045682807
2017-05-19,0.54506105,-0.24466196,0.11406436,-0.16804567,0.14316715,0.19186181,0.59358585,1.0630113,0.07255139,0.6063193
2017-05-22,0.316121,0.68131447,0.24511606,0.5110517,0.35902017,0.4596209,0.0036103248,1.068111,0.5188962,0.7960461
2017-05-23,-0.23780556,0.32086048,-0.13162081,0.045420114,-0.09991998,0.06143579,-0.44464728,-0.12996276,0.1720479,0.19415233
2017-05-24,0.24311714,-0.4290557,-0.23216401,-0.07994635,0.30336955,0.29860383,0.18095955,-0.49789196,-0.3450367,0.5166498
2017-05-25,0.33220613,-0.049605653,0.106937855,0.5793655,0.41749623,0.12788527,0.40635222,-0.22206365,0.273519,0.5496238
2017-05-26,-0.28800812,0.13039905,-0.14197087,0.13823266,0.046137087,-0.05250233,0.14888288,-0.3587909,0.3467109,-0.32345665
2017-05-30,-0.31061947,0.32043603,-0.03453124,0.22824405,0.15523127,-0.15837109,0.44336626,-0.2257357,-0.032725688,0.13830599
2017-05-31,0.40422565,-0.20132212,-0.36190373,-0.6206411,-0.051900856,-0.14377202,0.25235015,-0.14438294,0.19911231,-0.19577798
2017-06-01,0.022158593,0.47378552,0.10002496,0.07293653,0.38705263,-0.030182298,-0.5854166,0.911979,0.01852138,-0.17522228
2017-06-02,-0.2492023,0.28699,0.70518184,1.2227265,-0.15988176,0.21093053,0.03991512,-0.12069356,0.6188187,0.63151187
2017-06-05,0.16699205,-0.3032324,-0.5656061,0.27515855,0.25283766,-0.022414757,0.1052261,0.11203916,-0.15590122,0.009089595
2017-06-06,-0.009737227,-0.27020434,0.13135329,0.049471844,-0.3422886,-0.30763024,0.14143802,-0.58101094,-0.21596384,-0.1975713
2017-06-07,-0.590864,0.11206782,0.2633938,-0.24691223,-0.24204224,0.11870383,0.3288672,-0.5928073,0.5087214,0.1564866
2017-06-08,0.46282467,0.034937665,-0.108147204,-0.46739006,-0.011162627,0.22063287,0.69468313,0.3346988,0.054186285,-0.33265835
2017-06-09,0.8511464,-0.32385245,-1.9959266,-1.4358236,-0.41681892,-0.96572244,-1.862215,-0.89312285,-2.4000244,-1.4634751
2017-06-12,0.46559182,-0.150257,-1.3255309,-0.5861332,-0.21148808,-0.01905128,0.04370177,0.23765175,-0.4482744,-0.28142014
2017-06-13,-0.38481495,0.7297295,0.37391925,0.5739017,0.11645179,0.14610347,-0.07345009,-0.056252997,0.3757826,0.561684
2017-06-14,-0.17284986,-0.12131831,-0.562909,-0.4593329,-0.20459162,-0.5116476,-0.5136592,-0.48975208,-0.8843045,-0.2923112
2017-06-15,0.17483571,0.00481748,-0.3503866,-0.43934864,-0.15808061,-0.31312823,-0.08343317,-0.15514435,-0.835913,-0.2600575
2017-06-16,0.4937596,0.11023337,-0.7816558,-0.05763444,0.39922148,-0.16722402,-0.2510159,-0.17803371,-0.13258637,0.075775266
2017-06-19,-0.22545247,0.5739821,1.4336551,0.56725055,0.6283531,0.33584234,0.9093284,0.5014964,0.99331033,0.76769817
2017-06-20,0.052946057,-0.17625624,-0.5288534,-0.92609155,0.09036273,-0.87823886,-1.0722823,-0.7134461,-0.9399035,0.1496046
2017-06-21,-0.49346808,0.02007471,0.25484475,0.15407601,0.45553255,-0.38809556,0.015956284,-0.44391924,0.15088846,0.9994272
2017-06-22,0.24776895,0.049445063,-0.095683195,-0.1415575,3.595363,-0.30440983,-0.3728168,0.011633112,-0.3373383,-0.19719899
2017-06-23,-0.13623707,0.37758762,0.12658139,0.6052184,0.5193281,-0.23591347,0.24295828,0.23053627,0.57657754,0.48529077
2017-06-26,0.4594081,0.25066912,-0.15328841,-0.66754985,-0.10648709,-0.18209735,-0.72539246,-0.35466966,-0.8365417,-0.16573153
2017-06-27,-0.20279314,-0.6748266,-0.7777852,-1.213499,-0.12408298,-0.5836145,-0.81143856,-0.9640961,-1.3573201,-0.76807535
2017-06-28,0.24432316,0.51336426,0.7185946,0.34650916,0.08594341,0.6809879,0.5982963,0.47044826,0.67093384,0.3640473
2017-06-29,-0.50171554,-0.9691521,-0.81670034,-1.2217845,-0.6363053,-0.90388876,-0.7036119,-0.93254775,-1.2730191,-0.82035905
2017-06-30,-0.120117106,-0.13464008,0.07781388,0.22753555,-0.07873518,0.22565235,-0.022234485,0.015539592,-0.21301575,0.036861468
2017-07-03,0.75198746,0.08152489,-0.239412,-0.7843781,-0.7703235,-0.42944643,-0.3477434,-0.30504912,-0.38127965,-0.97940403
2017-07-05,-0.8399276,0.16173325,0.113390066,0.62849474,0.07458926,1.1890309,0.28805888,0.31481114,0.9701981,0.93064666
2017-07-06,-0.5512275,-0.66820973,-0.58882266,-0.613651,-0.69873285,-1.149503,-0.067121826,-0.5883473,-0.09585249,-0.1920348
2017-07-07,0.29236284,0.36135027,0.45293233,0.61886364,0.53096396,0.30517933,0.9806896,0.3427488,1.2903568,0.4774195
2017-07-10,0.23670153,0.17412812,0.24637735,0.28992382,0.26808834,-0.41120294,0.14482352,0.13215296,0.54511184,0.3396595
2017-07-11,-0.071321994,0.22495559,0.09892983,-0.14649545,0.2556561,0.33790725,0.11964311,-0.32162622,1.0119542,-0.1590479
2017-07-12,0.25465962,0.15920608,3.9516915e-05,0.8300743,0.58775896,0.4243243,0.86066407,0.5678672,-0.19582331,0.9579646
2017-07-13,0.0031797432,0.23314448,0.65016365,0.3631877,-0.12964822,-0.091019414,-0.023525152,-0.061825253,-0.067962475,-0.3207238
2017-07-14,0.30691284,0.30495474,0.36933857,0.6849635,0.20439073,0.5775402,0.8433051,0.3489638,0.650768,0.34452465
2017-07-17,-0.514941,0.17940255,0.0988855,0.30969495,0.0527402,-0.38927442,-0.23820841,-0.34462327,-0.05931283,0.048909124
2017-07-18,0.46800125,0.05408209,0.10429501,-0.20149966,-0.009341843,0.016239401,0.25980815,-0.21147174,0.33229584,0.45995197
2017-07-19,-2.894363,0.722343,0.24768192,0.29856265,0.5677325,-0.03145959,-0.035626296,0.28028387,0.40553123,0.3096418
2017-07-20,0.09496842,-0.033353616,-0.32505658,0.13144185,0.1163395,0.2045126,0.27880257,-2.2222185,-0.025103379,0.3047455
2017-07-21,-0.2330309,0.0020875428,-0.10266295,-0.5107954,-0.36809877,-0.10240172,-0.6212918,-0.1862015,-0.47286534,-0.16401574
2017-07-24,-0.4655486,0.06956555,0.5552015,-0.3087368,-0.059334207,-0.4018711,-0.4976582,-0.5732414,-0.11304559,-0.022661941
2017-07-25,0.12310809,0.47906774,0.14826216,0.32152694,0.4100164,0.18064202,0.2428752,-0.046391398,-0.42374128,-0.45025387
2017-07-26,-0.35918093,-0.77729756,0.16035816,-0.281966,-0.025631784,0.03758863,0.6478271,-0.18711129,0.827414,0.49041882
2017-07-27,-0.10395611,-0.12458864,-1.1241993,-0.90626556,-0.8131178,0.23525365,-0.6709781,-0.6119167,-1.3024731,-1.2423743
2017-07-28,-0.33867404,-0.05274663,-0.47080877,-0.26724702,-0.18999247,0.4129021,-0.19162646,0.23161156,-0.7913425,0.1455591
2017-07-31,0.19805889,-0.07993329,-0.32897362,-0.42789257,-0.39671963,0.1633379,0.3526458,0.15776384,-0.95244867,-0.099137194
2017-08-01,0.31542522,0.37192655,0.3897437,-0.25259236,0.22165713,1.1694822,0.15500689,0.08581235,-0.28294444,0.24849258
2017-08-02,-0.36323312,-0.17634618,2.315498,-0.41102684,-0.41474363,0.33195728,-0.27049956,-0.28024247,-1.3858651,-0.094864
2017-08-03,0.24858484,0.10198208,-0.5811877,-0.24237594,0.45554057,0.10631565,-0.0096898945,-0.26341647,-0.11557626,0.17946102
2017-08-04,0.12372058,0.42785606,0.20877345,0.28148064,-0.2932917,-0.31835985,0.0014915417,-0.35338593,0.029061256,-0.049031284
2017-08-07,-0.7483103,0.10249357,0.7270001,-0.3836346,-0.35241023,0.1152507,0.39347926,-0.023851411,0.99946576,0.2023034
2017-08-08,0.09037814,-0.24390419,0.3466283,0.16614604,-0.5812716,-0.089453176,0.12265966,-0.41769862,-0.14294325,-0.21905862
2017-08-09,-0.13353048,-0.04635363,0.2517293,-0.41210178,-0.05963926,0.18375163,-0.13671413,0.29677933,-0.17122452,0.14112589
2017-08-10,0.056434367,-0.9900765,-1.7285138,-1.0221021,-1.0279639,-0.67256355,-1.1552224,-0.43483675,-1.7961996,-1.0853586
2017-08-11,0.016289365,0.7851645,0.66237354,0.7383956,0.123504624,-0.40808928,0.2639999,0.21766128,0.9207618,0.4474748
2017-08-14,0.23701611,0.6154689,0.7232,0.72457576,0.5956279,0.5640908,0.6164968,0.57738405,0.5705923,0.7814895
2017-08-15,-0.11311201,0.40685305,0.52567625,-0.123475246,-0.043122474,-0.45703435,-0.093556926,0.1625208,0.004936741,0.32595032
2017-08-16,0.20209366,0.40590495,-0.25632614,0.19572079,0.3752725,-0.2784633,0.23720302,-0.54577243,0.439863,0.39331517
2017-08-17,-0.8281421,-1.9337003,-1.0691346,-1.1240876,-0.6930146,-0.85336894,-1.3120551,-0.9453526,-1.3150074,-1.0736365
2017-08-18,-0.45964134,-1.0212003,-0.16812536,-0.07032237,0.046307836,-0.252766,-0.1413735,-0.38401556,1.002559,-0.10267189
2017-08-21,0.31725287,0.55441934,-0.1539123,-0.42606124,0.27155268,-0.18313418,-0.08641688,-0.041180577,-1.0156051,0.36562118
2017-08-22,0.329867,0.97109747,0.79743165,0.6633939,0.3343127,-0.41047886,0.4499685,0.21204825,1.0625933,0.85103697
2017-08-23,0.54020035,-0.52629095,0.010828227,-0.4985569,-0.20953768,-0.038404383,0.04025394,-0.19023436,-0.4835159,-0.36048174
2017-08-24,0.3933143,0.5682824,-0.290651,-0.17531326,0.1067227,0.011236708,0.17061912,0.120605975,-0.36837682,-0.1115048
2017-08-25,0.38305885,0.353938,0.1372081,-0.042019416,0.030828308,-0.10737234,-0.19387178,-0.46848747,-0.4715118,0.16372505
2017-08-28,-0.54399997,0.19698098,0.45802388,-0.14076854,-0.0183759,-0.08455651,-0.16688167,0.1975801,0.21569283,0.07627799
2017-08-29,0.29522768,-0.05669854,0.42359036,0.032582127,0.177046,0.060637582,0.1100265,-0.09428797,0.2713436,0.0756013
2017-08-30,-0.26099342,0.80574566,0.09737444,0.60947555,0.3069529,0.16375366,0.6620024,0.16330737,1.2147043,0.41452035
2017-08-31,0.2102159,0.35583767,0.15427564,0.4405074,0.44904137,0.18534274,0.22992449,0.02876564,-0.39088225,0.39574522
2017-09-01,0.48713648,0.16959207,-0.030826785,-0.785166,0.24922071,-0.018543141,-0.1924123,-0.27623194,-0.10424619,-0.053890456
2017-09-05,-0.47365323,-0.97338426,-0.6623919,-0.3932588,0.25526434,-0.12746848,-0.4100146,-1.8009241,-0.6374928,-0.2490254
2017-09-06,0.3713523,0.4248161,-0.10708856,-0.3116223,0.056668825,0.93362534,0.08355736,0.266245,0.14169195,-0.17371336
2017-09-07,-0.40076947,-0.14074701,-0.265591,0.5993578,0.6869969,-0.35731974,-0.0794753,-0.1493836,0.3609281,0.47164568
2017-09-08,-0.1866342,-0.41499248,-0.90505135,-0.43407014,-0.16425803,-0.5374342,-0.39475423,-0.71949685,-0.88424146,-0.06162221
2017-09-11,1.1032826,1.1006913,0.8997621,0.46127558,0.7899597,0.6881213,0.41832736,0.70709693,1.0094807,0.40513206
2017-09-12,0.41617107,0.3663286,-0.25798905,-0.20476772,0.23269431,0.36288562,0.32841378,0.18680821,-0.024409395,-0.18264197
2017-09-13,0.110623494,-0.3088204,-0.44600114,0.26601997,0.004516258,0.25640392,-0.14317548,-0.000895174,0.32616538,-0.045260083
2017-09-14,-0.18763825,0.050467197,-0.50113463,-0.48726928,-0.029054929,0.14358835,0.2873895,0.30099076,0.7268473,-0.39120826
2017-09-15,-0.30727077,0.42430994,0.4638898,0.27412498,-3.9825563,0.62544197,0.81744957,0.4932094,-0.008365546,-0.15646915
2017-09-18,-0.10472507,0.1587985,-0.44804904,-0.2636446,-0.43740463,-0.05341578,0.6661044,-0.042501263,0.6955624,0.34268013
2017-09-19,-0.053457923,-0.011341486,-0.037137635,0.07018512,-0.31892636,0.24405377,0.32152876,-0.050284695,0.092146486,0.21294492
2017-09-20,0.6887372,0.20276783,-0.9316886,-0.53316194,-0.09105937,-0.25420925,-0.5629284,-0.35559848,-0.92277396,-1.9421421
2017-09-21,-0.25424817,0.20235288,-0.97745806,-0.7450524,-0.018782938,0.108985245,0.08611655,-0.04579174,-0.20033745,-0.23611782
2017-09-22,-0.04339061,1.0421172,-0.56383437,0.011336742,0.17387183,-0.076512404,1.1342566,-0.04293677,0.44605625,-0.262192
2017-09-25,0.34900844,0.5530447,-0.51366353,-1.053775,-0.21316545,-0.076447986,-0.4436798,-0.48098043,-1.3343928,-1.2117693
2017-09-26,0.33601537,0.0974751,0.8155425,-0.1518245,-0.071438745,0.35155642,0.069242276,-0.49111414,-0.45327547,0.23603527
2017-09-27,-0.38251033,-0.39324093,0.30434245,0.3228741,0.23588349,0.032793198,0.5534175,0.25665224,2.4515066,0.29432708
2017-09-28,0.02153077,-0.16338916,-0.3771326,-0.13342737,-0.10212763,0.3184917,0.40239888,0.07415847,1.3848931,0.09832122
2017-09-29,-0.24117911,0.4615249,0.22294514,0.34251428,0.2635302,0.26397586,-0.044701904,-0.0165909,1.0893464,0.6877275
2017-10-02,0.72729146,0.21285371,-0.15843412,-0.052263927,0.43675554,1.1316131,-0.034685224,-0.058974862,-0.09442448,-0.39444295
2017-10-03,0.08464051,0.19595362,0.15425146,-0.43865284,-0.13802552,0.37281582,0.11795579,0.026584286,-0.27756032,0.18319945
2017-10-04,-0.107124045,-0.15552594,-0.40715668,0.18923676,0.20811754,-0.118610784,0.25468013,-0.13525674,-0.2784654,-0.23107111
2017-10-05,0.13295206,0.26910886,0.57380694,0.85445845,-0.0073818383,0.17807868,0.3005057,0.2266273,-0.22273923,0.678499
2017-10-06,-0.07828779,0.29611075,-0.10628621,-0.13526177,-0.57991266,0.05794699,0.07444141,0.026348958,0.68624026,0.24832109
2017-10-10,0.5176742,-0.2869689,-0.041746963,-0.15088315,0.024383204,-0.3208046,0.3715825,0.69478726,-0.16489194,0.16941847
2017-10-11,-0.36684915,0.100875676,0.1440169,-0.05530664,0.05827011,-0.5215665,0.2176476,0.10781385,0.41400176,0.4372545
2017-10-12,-0.23813586,-0.5093306,-0.2660131,0.39002827,-0.07657786,-0.21811604,-0.16737531,-0.9621426,-0.024259744,-0.04215963
2017-10-13,0.06161111,0.3753432,0.25761867,0.12991056,0.39639315,0.5509698,0.4637703,-0.22900763,0.3995903,0.07136361
2017-10-16,-0.09155469,0.15117824,0.88095176,-0.035409834,0.25554538,0.043865144,0.29376844,-0.43575177,0.7480423,-1.1248753
2017-10-17,-0.10095027,0.1373217,0.10819073,-0.21252564,0.34489715,-0.04000646,-0.013904563,-0.059416074,-0.018985232,-0.059390053
2017-10-18,5.912761,-0.047123924,-0.32733288,-0.15055868,0.40886563,0.50816196,-0.47289303,-0.24553624,0.069555596,0.8252479
2017-10-19,0.62236863,0.37008396,-1.3621624,0.069925606,-0.2773604,-0.28206876,-0.024557808,-0.01922265,-0.09342859,5.677079
2017-10-20,0.5189457,0.8405982,0.014469522,0.53231263,-0.12798747,0.36091945,0.85147464,-0.30232716,0.47769332,1.0502809
2017-10-23,-1.0153558,0.19337143,-0.09835484,-0.1414918,0.045893274,0.4325173,0.48041424,1.0028034,0.11954696,-0.96866304
2017-10-24,-1.5245767,0.3972308,0.23681067,-0.13447706,0.6970734,0.0803798,0.07759715,0.5831781,-0.07910369,-0.18647024
2017-10-25,-1.001628,-0.40713504,-0.30613258,-0.3345699,-0.3194385,-0.28406528,-0.34918395,-0.40334383,-0.88622624,0.04176329
2017-10-26,0.070814036,-0.010348719,0.26220363,-0.055948306,0.4524041,0.6344826,0.12602688,-0.11869589,0.38179347,0.489095
2017-10-27,0.065783374,0.28935343,1.7653342,3.5740385,0.7500965,3.5648336,0.6360746,0.5092783,0.47191313,0.94153714
2017-10-30,0.33445436,-0.5965211,1.0962601,-0.10462389,-0.23508789,-0.11015276,-0.4502041,-0.015165655,-0.6645316,-0.39016262
2017-10-31,-0.09980869,0.21032907,0.64773107,-0.6660896,0.21070413,1.2005968,0.27719817,-2.981858,0.30396184,-0.26028526
2017-11-01,0.018592184,0.78297824,-0.74657106,-0.15895623,-0.29312226,1.2835013,-0.20755364,1.8794541,-0.6173712,0.26880288
2017-11-02,-0.2654123,-0.6110764,0.3064392,0.46691975,-0.39893338,0.35453486,0.18286948,0.98158604,0.3199582,1.2215798
2017-11-03,-0.7499719,0.45200348,1.2769457,-0.09529586,-0.1265529,-0.90636253,0.5559127,4.928064,0.12615567,0.33173954
2017-11-06,-0.30196807,-0.061110497,0.4504412,0.07282961,0.21577169,0.62059546,0.24427639,0.39928254,-0.24569575,-0.44264472
2017-11-07,0.2736938,0.019978575,0.07354856,-0.31423077,0.068108514,0.0030349665,-0.10229116,0.99237067,0.014556592,-0.016227327
2017-11-08,0.13756281,0.20085463,0.34276584,0.041272264,0.027127866,-0.16825022,-0.013505302,0.83314073,0.2366891,0.83350855
2017-11-09,0.13871755,-0.6948894,-0.1919196,-0.5010557,-1.4386132,-0.51792926,-0.72952676,-0.6597552,-1.1412617,-0.60448396
2017-11-10,-0.482265,-0.060695246,-0.2544652,-0.3193205,0.067147456,-0.8784659,-0.091487914,-0.10433411,0.5634603,-0.08260615
2017-11-13,-0.31081748,-0.02674951,-0.2779368,-0.11278373,0.066971384,0.12179757,0.006478024,1.141953,0.40232286,0.007370843
2017-11-14,0.2505912,0.1795072,-0.8670122,-0.0716009,-0.23378068,0.05324633,-0.07233351,-0.39604846,-0.53134304,-0.1648699
2017-11-15,-0.77313364,0.14118907,-0.7437774,-0.6103878,-0.41172466,-0.48935947,-0.13166119,-0.34067327,-0.56357044,-0.3338648
2017-11-16,0.92563534,2.680294,0.54816467,0.0046574804,0.3816934,0.14580104,0.715722,0.23139098,1.4177222,0.53501856
2017-11-17,-0.04368062,0.064186595,-0.34683448,-0.7198661,-0.28692147,-1.1686,-0.31783244,0.2992561,-1.0585803,-0.0391535
2017-11-20,0.7052052,0.90471905,-0.116288856,-0.059180405,0.06650518,-0.07395895,0.22322606,-0.24637453,0.73126125,0.00018930077
2017-11-21,0.663348,0.25636202,0.8866506,0.70001715,-0.43929854,0.29523373,0.40509558,0.039247725,0.7521679,0.43678263
2017-11-22,-0.0470418,-0.26599252,0.4716753,-0.60361767,-0.07621121,-0.4067043,-0.5837719,0.82417995,-0.8096522,-0.36050057
2017-11-24,0.06643199,0.0982089,-0.08277423,-0.054619163,0.45826992,0.03750742,0.5690394,0.39597318,0.07746755,0.38724193
2017-11-27,0.10067713,0.6227778,-0.3663359,0.27649152,-0.1746882,-0.37706873,-0.36547083,-0.56363285,-0.77054405,0.10939331
2017-11-28,0.25190774,1.313826,-0.39129344,0.56259847,0.12284558,0.2017931,0.3816228,0.41550735,0.19538936,0.07537159
2017-11-29,0.498682,-0.31993306,-1.1588287,-1.2501119,-0.5470404,-0.9596317,-1.3097477,-1.2430502,-3.405539,-2.2353952
2017-11-30,0.19221926,-0.2018313,0.67487246,0.4315445,0.5156565,0.8868376,0.15343854,-0.20951079,-0.19417077,1.1142137
2017-12-01,0.35234886,0.4348429,-0.29595566,-0.08382168,0.52949804,-0.22214474,-0.09214525,-0.6439307,-0.7576034,-0.5034205
2017-12-04,0.77179384,0.21242045,-0.4657424,-2.4846864,-1.3512414,-0.29231632,-0.64535034,-0.6846578,-1.8247372,-3.1134455
2017-12-05,-0.4459199,-0.55742484,-0.12349503,0.21855222,-0.47191682,-1.2905087,0.42860597,-0.0016171926,0.17043318,-0.28209215
2017-12-06,-0.5115997,0.18308121,-0.2718449,0.7127861,0.45832106,-0.060077354,0.02309999,0.10199746,0.6743085,1.6540651
2017-12-07,-0.20322473,0.021826854,0.032651864,-0.35830486,0.087360725,-0.48261046,0.3294506,0.07302479,0.9425429,0.25922215
2017-12-08,0.559192,0.33154365,-0.051140063,1.0382359,1.1262454,0.24967755,0.078431204,-0.7307031,-0.7797933,-0.30065778
2017-12-11,0.28899622,0.5375701,0.93355733,0.6003035,0.9039387,0.29401183,0.3593959,0.52236056,0.0661378,0.17430268
2017-12-12,0.6112222,-0.036241002,-0.37800294,0.08637764,-0.106479615,-0.4640177,-0.23353338,-0.2912161,-1.0159312,-0.52589065
2017-12-13,-1.1887052,0.3787788,0.099321835,-0.31937554,-0.37885383,-0.058138624,0.17308539,-0.060158398,0.15059124,1.138277
2017-12-14,0.067225166,-0.31439418,-0.08397929,-0.6183362,0.12830636,-0.15973653,0.63098764,-0.21661744,0.35920098,-0.5102252
2017-12-15,-0.6240404,0.4493734,0.45430276,1.353554,-2.0576758,1.4411794,0.4272103,-0.04723259,0.89358324,0.6476886
2017-12-18,0.3974846,0.45103663,0.6572515,-0.48649836,-0.6784532,1.8466586,0.9350811,0.3138595,0.5848028,-0.23699982
2017-12-19,-0.01726497,-0.20992044,-0.6173098,-0.53169554,0.10109425,0.7728208,0.34187636,-0.65892094,-0.4282076,-0.48593357
2017-12-20,-0.09867998,0.6193859,-0.11516757,-0.36240646,0.06615339,0.47962758,0.27511865,-0.024417665,0.16874196,-0.20945007
2017-12-21,-0.610229,-0.23413664,0.14410964,-0.15887669,-0.6557976,-0.8493922,-0.36149704,-0.23225768,-1.170976,0.05426619
2017-12-22,0.45246148,0.061734404,-0.05770746,-0.14167012,0.06632584,-0.11834791,-0.012616759,0.13332479,0.04764613,0.088478126
2017-12-26,0.16027349,-0.056199286,-1.3831244,-0.22277245,0.05452566,-0.69592047,-0.030777235,-0.37577003,-0.88872117,-0.16682465
2017-12-27,0.15691656,0.14572121,-0.057564456,0.061705384,-0.07278847,-0.03169522,0.13531114,0.06882963,0.42038482,0.21739322
2017-12-28,0.41835257,0.0768737,0.07932162,-0.14636917,0.13510676,0.055813882,0.09340839,-0.19241048,-0.054614805,0.024664797
2017-12-29,-0.24866262,-0.34037036,-0.6178901,-0.2686532,-0.26810664,-0.113218494,-0.20754954,-0.33237225,-0.5627218,-0.102580495
2018-01-02,0.37525207,0.7742774,0.8557971,0.13223113,-0.71426505,0.6651772,0.46439114,0.6856406,1.4275731,0.60038257
2018-01-03,1.8062605,0.44365692,-0.06909299,0.12368665,1.1430067,-1.753441,1.2186469,0.38829973,0.63628346,0.81490105
2018-01-04,1.3612936,0.18710223,0.17096956,0.3678099,0.496522,-1.0039907,-0.10004202,-0.029784428,0.15037487,0.532448
2018-01-05,0.35696936,0.78261423,0.51750684,0.58188766,0.3002436,0.28510964,0.3312547,0.19218859,0.14909591,0.51872754
2018-01-08,0.42388496,0.57857656,-0.25759462,-0.09260094,0.52437574,-0.063441,0.18776703,-0.21484865,0.9002272,-0.09950511
2018-01-09,0.17251211,-0.29542053,-0.07228755,-0.19407633,0.26887426,-1.3376895,0.28668585,-0.72700596,-0.87740976,0.38639235
2018-01-10,0.168476,0.3282162,-0.07862479,-0.42431003,-0.29445633,-1.3727045,-0.33780736,-0.094144754,-1.278902,0.07592715
2018-01-11,0.035921276,0.28838915,0.2252659,0.021585168,0.14235349,1.0035232,0.38290787,0.021838581,-0.16417934,0.42093083
2018-01-12,-0.40173447,1.0385112,0.46455246,0.8635397,0.5725892,-0.26085296,0.83647287,-0.12005631,0.107158236,1.444908
2018-01-16,0.31174576,-0.38742247,-0.32636365,-0.9846808,0.065234356,-0.17724775,0.04524309,1.7222917,0.71625596,-0.63489807
2018-01-17,1.9276341,0.8746412,0.78097874,1.0351807,0.6800324,1.3559716,2.5072498,-0.23145558,2.0081577,0.91737384
2018-01-18,0.20246543,0.15807685,-0.011088273,-0.17422341,-0.05836268,0.04254012,-1.1295637,-0.072114214,-0.04369921,-0.09010619
2018-01-19,-2.6552851,0.023061834,-0.28724536,-0.21292147,0.32745916,0.31232494,0.128154,-0.097370796,-0.08660091,-0.13108405
2018-01-22,0.10667658,0.47524238,-0.48045507,0.8868454,0.104649074,0.91295063,0.9740287,0.30320296,-0.044053324,0.44939348
2018-01-23,1.4709573,0.5548457,-0.040585432,0.03892439,0.37274042,0.2673852,0.13301241,-0.2993932,0.14663565,0.4757456
2018-01-24,-0.3329311,0.11755522,-0.88770443,-0.19635011,0.29527122,-0.6184862,-4.1335897,-0.31882605,-0.73361593,-0.5383983
2018-01-25,0.05680443,-0.28616548,-0.9871256,0.17719774,0.12456851,-0.2734217,0.14988954,-0.44548947,-0.8994013,-0.08484262
2018-01-26,0.755181,0.81869483,0.06569822,0.93910545,1.0717763,4.744092,1.4278166,0.6061114,0.89895546,0.8205955
2018-01-30,-1.2439446,-0.6843924,-0.36317945,-0.893153,-0.978497,-1.2328761,-0.94401133,-0.29887658,-1.5610644,-0.32634193
2018-01-31,0.034241065,-0.771717,0.10129798,1.2432173,0.54358166,-0.6353926,-0.12843062,0.7096611,0.10047108,0.60802656
2018-02-01,-0.51160073,0.2230018,0.05962572,-0.6031532,0.016390631,-0.52133596,0.13016157,-1.0183312,-0.35192415,-0.10876514
2018-02-02,-1.3607097,-0.88932025,-2.3598373,-1.6996464,-1.4615114,-1.5602161,-1.0637902,-0.5636901,-2.12553,-0.8624611
2018-02-05,-2.7310488,-2.5460413,-1.3771374,-2.5520692,-1.9585606,-1.6498829,-1.4933026,-3.0289366,-2.0056088,-1.2513328
2018-02-06,1.1966555,1.7071948,2.083402,1.9813899,1.2130489,0.6438435,0.66033345,1.7320036,1.4844947,0.93403614
2018-02-07,-0.6288377,0.23597804,-1.1746281,-1.226765,-0.5230732,0.24483183,-1.7025654,0.33228633,-1.3467366,-0.5113285
2018-02-08,-2.0489137,-1.7726123,-0.9003398,-3.0049438,-1.8425707,-2.329172,-1.842194,-1.7937137,-2.4789376,-1.6817235
2018-02-09,0.778988,0.89404047,0.31835786,1.7960466,0.7332045,1.0787544,1.1089554,0.8922563,1.7717693,0.60378265
2018-02-12,0.69379956,1.1395155,1.2034665,0.40292972,0.29107913,0.7278757,0.4994489,0.8357474,0.9395339,0.8078948
2018-02-13,-0.29073596,0.6793477,0.29251292,0.2680285,0.22959885,-0.33517325,-0.38329062,-0.057756033,-0.04274101,0.23303212
2018-02-14,1.5738367,0.93151796,0.5037525,0.6742816,0.7441371,0.7793445,0.619203,0.4295166,1.6584499,0.73271376
2018-02-15,0.48015392,2.0926948,0.88611853,0.9424911,0.9454092,0.44868767,0.70183396,-0.88077456,1.357195,1.204181
2018-02-16,0.06175732,0.29710516,-0.16284706,-0.53279877,0.03248698,-0.36777186,-0.07909392,-0.37418714,0.6611852,-0.33529449
2018-02-20,-0.43175238,-0.25133434,-0.19459422,0.30395028,-0.75954187,0.6771404,0.30142128,-0.6663967,1.1386148,0.28021657
2018-02-21,-0.50444674,-0.78708756,-0.2843205,-0.9065091,-0.45535707,-0.41112718,-0.73667574,-0.49452382,-0.4631195,-0.2195747
2018-02-22,-0.3324799,-0.37106484,0.38577315,0.0110576525,0.12279412,-0.17314082,0.07540747,-0.9317416,-0.12863684,0.085816056
2018-02-23,1.006351,1.2293274,0.8540062,1.3115275,0.8550559,1.8668108,1.3054022,0.68896616,0.5878089,1.5010642
2018-02-26,1.2977495,1.5683173,0.9549983,0.69357455,0.6366014,1.3160875,1.0727174,2.3057582,1.1864339,0.4847195
2018-02-27,-0.8268024,-0.32221946,-0.22402786,-0.9024211,-0.4493507,0.7244284,-0.5913287,-0.13602908,-0.9101798,-0.72975576
2018-02-28,-0.27780527,-0.27192113,-0.1468309,-0.4276136,-0.07997781,-0.6972467,-0.033816516,-0.9436979,-0.12241301,0.043204945
2018-03-01,-0.83577627,-1.1031717,-0.9700487,-0.7318741,-0.9897837,-1.5274117,-0.8372947,-0.11571754,-0.4599894,-0.6983047
2018-03-02,0.31805086,0.34723592,0.29014456,-0.02540211,0.6140741,1.1165785,0.71099776,-0.23077767,0.6025263,0.80589473
2018-03-05,1.0573113,0.5613893,0.121001646,0.22277935,0.93650025,0.69925237,0.29999766,-0.5735964,-0.37029466,0.26664487
2018-03-06,-0.4937943,-0.2363644,-0.109198004,-0.35640624,0.19370824,0.89385283,0.25741437,-1.335694,1.5712342,0.15940654
2018-03-07,1.1156634,-0.0699108,-0.54277074,0.18987696,0.20044003,0.53206885,-0.52911127,0.14813055,-0.4802585,1.0030857
2018-03-08,-0.86381084,0.19303907,0.5081947,0.20737238,0.36969414,-0.59317315,0.35486645,-0.5532103,-0.120963275,-0.11841894
2018-03-09,1.2990367,1.1527201,0.8483141,1.135935,0.74235666,1.2489072,0.7980818,0.7422209,1.4115487,0.92392623
2018-03-12,0.4161493,0.24126904,0.43292445,-0.010692338,-0.085612625,-0.70139116,0.0033733654,-0.23660366,-0.5171575,-0.05952416
2018-03-13,-0.3646016,-0.4059211,-0.55808854,-1.6053169,-0.32568043,0.1885815,-0.47972688,-2.241414,-0.9596403,-0.26556146
2018-03-14,-0.47862682,0.16822532,-0.4966456,-0.49494603,-0.2643693,0.020582704,-0.30059692,0.20792033,0.28174117,-0.29191652
2018-03-15,0.6409421,0.09260319,-0.00078948215,0.056563057,0.030709123,-1.0010056,-0.15089747,-0.25148606,-0.052420754,0.06455333
2018-03-16,0.29337835,-0.33408687,-0.2458584,0.11148225,-0.116244905,0.22120133,0.07345992,0.4220752,-0.6657092,1.3475299
2018-03-19,-1.1973565,-0.86560297,-0.88007087,-1.2546334,-0.34641352,-0.41137886,-0.9737243,-1.6699246,-0.7457442,-0.7444536
2018-03-20,-0.4591536,0.15747364,-0.08870848,-0.0018870318,-5.243662,0.64675826,0.6701242,-0.16568834,0.4265775,1.5459416
2018-03-21,0.24092974,-0.037106857,-1.2724047,-0.5789571,-0.05295056,-0.06043546,-0.4005944,-1.1414394,0.98213214,-0.63167363
2018-03-22,-1.9374716,-1.3956475,-0.7907728,-1.8776702,-1.229742,-0.74085987,-2.1166983,-1.024575,-1.3319889,-1.2852684
2018-03-23,-1.3811858,-0.71565104,-1.2740059,-1.8614185,-1.1999854,-1.4259895,-1.1760635,-1.6029352,-2.6351097,-1.1407663
2018-03-26,1.9588618,1.9078013,2.3670597,4.102005,1.7813792,2.825096,2.2741473,1.840338,2.1226068,2.742329
2018-03-27,-0.61690813,-1.5168918,-1.4158003,-2.8678455,-1.1682271,-1.1940916,-1.7964187,-1.0957869,-2.2406206,-3.0352874
2018-03-28,0.2762512,-1.156511,-0.6318623,-0.19657937,-0.44970778,-1.5246534,-0.33129188,-0.20278725,-1.1112534,-0.28561625
2018-03-29,0.39187118,1.4195687,0.36379755,1.0506256,0.7601399,2.1224823,0.81458837,0.46203366,1.0430979,0.7003591
2018-04-02,-1.4424995,-2.1471217,-0.39535323,-1.9133152,-0.8005501,-2.9243684,-1.4781806,-1.3571897,-2.1149776,-0.80697405
2018-04-03,-0.07896753,0.48487172,0.4734452,0.63415956,-0.15105085,0.7503501,0.659558,0.6720068,0.7473615,0.73307765
2018-04-04,1.8668388,0.22102286,0.9174377,1.5433751,0.6710512,0.1775231,0.8815516,0.07211525,1.0981413,1.829007
2018-04-05,-0.02183331,0.78027815,0.3041688,-0.114646085,0.46497005,0.3172629,-0.9224511,-0.053102884,-1.0308443,-0.3228154
2018-04-06,-1.4720012,-1.315732,-1.393085,-1.5360849,-1.2758414,-1.6258626,-1.3339659,-1.5962307,-1.59058,-1.0266063
2018-04-09,0.93086314,0.56480616,0.46351615,0.20240018,0.055560544,0.6742406,0.12119782,0.15721145,0.4384076,0.08854874
2018-04-10,1.1718577,1.6624775,0.9027284,1.2014383,0.99917626,1.6002678,1.1403748,0.9627094,1.2688063,1.0570449
2018-04-11,0.017279714,-0.06534064,-0.3166107,-0.8188827,-0.26196215,-0.23814341,-0.04701058,0.096895635,0.02663915,-0.21639556
2018-04-12,1.1938449,1.1959094,0.43824735,0.9574979,0.29633844,1.526536,0.85369456,0.058904734,1.0125766,0.67938876
2018-04-13,-0.55080163,-0.39681694,0.09957403,-0.4837082,0.21400802,-0.91691464,-1.0152956,0.31549272,-0.35069588,-0.6497179
2018-04-16,0.53762805,0.4179666,0.24937342,0.5420199,0.16704276,0.45871142,0.59520906,-0.8133221,0.49918923,0.49668327
2018-04-17,1.2867059,1.6014202,0.6397519,1.0367998,0.6716771,1.0223877,0.82909936,0.35483855,0.62727827,0.9182737
2018-04-18,-5.1882997,0.08448057,-0.18794319,0.073658325,0.45451102,-0.0015609614,-0.056060217,-0.17755735,-2.3873472,-0.038614463
2018-04-19,-0.4665,-0.050464418,-1.6044362,-0.37008256,-0.32175496,-1.4249012,-1.9515482,-2.1583495,-2.8421624,-0.77208006
2018-04-20,-1.2523127,-0.5408824,-2.2637522,-0.85674506,-0.69543827,-0.75082463,-0.67627174,-0.9958578,-0.16727075,-0.5284994
2018-04-23,0.47343564,0.23332936,-0.22591403,0.06279692,-0.5166285,-0.49847135,-0.949682,-0.83343214,-0.82983035,-0.014723596
2018-04-24,-0.10664295,-0.59654534,-0.8103683,-1.5831405,-0.33543172,0.2781107,0.125569,-0.57750475,-1.3073249,-1.6274394
2018-04-25,0.19654039,3.801142e-05,0.16098888,-0.66882503,0.22944959,-0.12880166,2.115751,-0.24969316,0.26744196,-0.14384079
2018-04-26,0.37413952,0.6225579,0.117802635,1.0835614,0.21523926,1.5176421,-0.16763023,0.5183089,1.0296867,0.9207199
2018-04-27,-0.08160873,0.6285962,-0.66703445,0.8221695,-0.5057156,-0.3674628,-0.1361171,0.44196495,-0.9883277,-0.027257426
2018-04-30,-0.6644363,-0.44583192,0.86572754,-1.5781652,0.13629438,-1.0937703,-0.5359332,-0.1735042,0.13732783,-0.08486082
2018-05-01,0.04206456,0.66336316,1.1206009,0.77696913,0.2944558,1.5520977,0.8701453,-0.24685617,0.92972124,0.48017743
2018-05-02,-1.147435,-1.0583129,2.1842265,-1.0704501,-0.49390346,-0.97292155,-0.23726313,-0.56577307,-0.39273158,-0.6184702
2018-05-03,-0.1892154,0.71593577,0.031292144,0.20181665,-0.5256683,-0.088596754,0.2537398,-0.047184188,0.059966262,0.97932506
2018-05-04,0.9115541,1.0365146,1.9195842,0.5304941,0.7194072,0.69888586,0.7426886,1.6993998,1.3921765,0.46927282
2018-05-07,-0.29071495,0.54301745,0.30405557,0.50630295,0.3949649,0.4587497,-0.1205707,0.32651585,-0.062897764,0.4795442
2018-05-08,-0.071461044,0.012621671,0.17506921,-0.4164925,-0.1708192,0.2155807,0.40151525,-0.20412295,0.5842501,0.7072298
2018-05-09,0.5720151,0.40932825,0.29873133,0.5421798,0.6909725,0.5914315,0.88547766,0.15787426,0.43470603,0.96815705
2018-05-10,0.78818774,0.33989668,0.66766316,0.439538,0.3774789,0.5274303,1.0382893,1.3085507,0.9699996,0.2496287
2018-05-11,-0.01507348,-0.4009612,-0.2748278,-0.2878235,-0.14450139,-0.3602751,-0.35490197,0.11198556,-0.6034968,0.116568334
2018-05-14,0.10374171,-0.23398924,-0.19313136,0.04528158,-0.018455803,0.14524531,0.5707335,1.0438046,0.22917867,-0.71431464
2018-05-15,-0.23008172,-0.21996787,-0.5401775,-0.5874373,-0.02914299,-0.97343284,-0.6604086,-0.90953064,-0.9713188,-0.37085435
2018-05-16,0.43809828,-0.34006298,0.4126939,-0.0013300377,-0.1076863,0.60450584,0.91300774,0.7046988,0.7311142,0.1292831
2018-05-17,-0.03166728,-2.0039966,-0.39673412,-0.752894,-0.2310822,0.091150224,-0.5001891,0.097364925,-1.0035689,-0.13139519
2018-05-18,-0.16581196,-0.26821277,-0.25431004,-0.042394202,-0.26391318,-1.2782805,0.052110545,0.32353082,-3.642941,0.21524826
2018-05-21,0.66810083,0.68475133,0.29993737,0.60559577,0.96248394,0.69609666,-0.09472158,0.057756852,0.31989866,-0.022882223
2018-05-22,-0.15378298,-0.08701927,-0.20236824,-0.21812065,-0.96781385,0.05316466,0.15812138,-0.3194085,0.11987286,0.10964433
2018-05-23,-0.16376723,0.073083356,0.26162302,0.55108255,0.5801869,0.6360272,0.05299318,0.94504285,0.15253071,0.96729624
2018-05-24,-0.24744155,-0.09888029,-0.12815602,-0.3682695,-0.514358,-0.49174598,-0.1764998,0.098125696,0.26536173,0.21113689
2018-05-25,-0.17464039,-0.3302228,0.05797676,-0.11971071,0.566235,0.5551701,0.30301553,0.53691155,-0.021858953,-0.31692344
2018-05-29,-1.109007,-0.28749573,-0.23545709,-0.3450849,-0.7646098,-0.13972703,-0.28891668,-0.9100108,0.82639503,-0.27436212
2018-05-30,0.65566283,-0.10064703,-0.16038035,0.4090651,0.7822296,0.25086156,0.32948372,0.024496885,-0.42144838,0.9122705
2018-05-31,-0.60136503,-0.12133822,-0.22010224,-0.20338252,-0.35039985,-0.42712063,-0.015665647,-0.2946395,-0.71957856,0.3068003
2018-06-01,0.29600605,1.0767125,0.87797683,0.97473216,0.5890773,1.4331955,1.0859386,0.26725566,1.0425997,0.329759
2018-06-04,0.5042341,-0.052629534,0.39343542,0.35808912,-0.0532179,-0.23659855,0.3232981,-0.020936295,-0.047975484,0.32764313
2018-06-05,0.2972426,0.13170384,0.33815712,0.15203242,-0.2078996,-0.26658902,0.6793157,0.10246506,0.38045326,-0.13933699
2018-06-06,0.46728352,0.6837834,0.13552214,0.027259013,0.59665126,0.3559555,0.13241707,0.53093517,-0.37702137,0.19191022
2018-06-07,0.29694253,-0.6274793,-0.18433166,-1.0464338,-0.09184615,-0.9488767,-0.36873794,0.47892764,-1.0734872,-1.1570188
2018-06-08,0.36587963,-0.15819277,-0.5282914,0.28622854,0.4894975,-0.75544167,-0.6324169,-0.36226895,-0.16612059,0.63210124
2018-06-11,0.21133402,0.2730418,-0.18004927,-0.4780726,-0.00993788,-0.5040562,-0.22280394,-0.3285345,-1.1016061,-0.061402876
2018-06-12,0.14427392,0.31748825,0.23269054,0.004479442,0.24261697,0.20791307,0.011925074,-0.19294326,0.6976664,0.25492957
2018-06-13,-0.2167294,0.1143551,-0.4818547,-0.41162467,-0.20227782,0.12957835,-0.60757005,-0.5024507,0.009596089,0.5925691
2018-06-14,-0.50207365,0.79695433,-0.026005713,0.18301101,-2.4866576,0.385097,0.25050193,0.08107364,-1.1317788,0.31503907
2018-06-15,0.103908874,-0.4619131,-0.58913124,-0.89660996,0.390057,-0.42642814,0.43170813,0.19479398,-0.40076062,-1.1200287
2018-06-18,-0.39867884,-0.009518123,-0.07905636,0.27781194,0.230448,-1.679929,-0.6367954,-0.5695797,-0.910876,0.6490746
2018-06-19,-0.24583259,-0.41024348,-0.89737314,-0.1472612,-0.28637823,-0.3160561,-0.33727878,-0.4534652,0.10777203,-0.7169916
2018-06-20,-0.56998897,-0.05445692,0.17837733,0.43425733,-3.7482877,0.4138773,0.1921351,-0.027360648,-0.06144848,-0.1124673
2018-06-21,-0.6188211,-0.6407173,-0.3454554,-0.5703128,0.30742007,-1.2186944,-0.91830796,-0.1198381,0.2581053,-0.45470008
2018-06-22,0.014097987,0.07868767,-0.1897986,-0.5508267,1.0259423,0.22088149,0.06685015,-0.27837744,-0.93205065,-0.95653427
2018-06-25,-1.1479522,-1.0445,-0.82963675,-1.3417773,0.18554269,-1.7369273,-0.9592061,-1.1586598,-1.1702018,-0.75494534
2018-06-26,0.15409993,0.341786,0.5836944,0.26194814,0.12556967,-1.0412031,0.5119109,-0.5438795,-0.121600494,0.44939616
2018-06-27,-0.74079245,-0.2414503,-0.14624058,-1.0920156,-1.1681904,-1.0051467,-1.2282271,-1.0484523,-1.3647242,-0.9172284
2018-06-28,1.3006306,0.8382254,0.29982018,0.5110349,0.46509174,0.4356298,0.10846507,0.47044325,-0.049743522,0.4085466
2018-06-29,-0.13175201,0.15389727,-0.19699538,-0.1761726,0.25048712,0.40034285,0.4769569,0.08140349,0.723012,0.7833543
2018-07-02,0.11127036,-0.24741727,0.5066102,0.6913942,1.0615294,0.42911163,-0.04047715,-0.039726496,-0.5441711,-0.13991758
2018-07-03,-0.11317879,-0.14517409,-1.0493299,-0.74464345,-0.32326669,-0.7873613,-0.61928314,-0.75867105,-0.8378854,-0.28629956
2018-07-05,0.9734974,0.32480487,0.3217619,0.2580494,0.80485076,1.1628445,1.1220113,1.5162323,0.47356707,0.38815695
2018-07-06,0.5453542,0.23462357,0.6464543,0.6827061,0.6834847,0.5432778,0.4893525,0.25408322,0.5315417,0.7750205
2018-07-09,0.9574202,-0.016010767,0.6472938,0.24773404,0.8400128,0.40572104,-0.30461487,0.0629551,0.25825933,0.28179377
2018-07-10,0.18731852,0.2861005,-0.15146507,-0.0038292045,0.2801225,0.21779081,0.6756521,0.15559568,0.10761348,-0.25876075
2018-07-11,0.14524701,-0.34542778,-0.7873392,-0.2494384,0.7293775,-1.0296278,-0.89036113,-0.8670595,-1.4569993,-0.13546576
2018-07-12,0.7072129,1.252579,0.79375684,1.1166363,0.527243,1.040144,1.6574368,0.6559918,0.34893358,1.1944597
2018-07-13,-0.22397515,-2.14847,0.018860543,0.5481736,0.4889007,-0.18318945,-0.32556278,-0.038520012,0.31742066,0.632449
2018-07-16,-0.17271613,0.94081336,-0.18082574,-0.4484874,0.0035380903,-0.26776925,-0.27966738,-0.116378926,0.074445456,-0.72995615
2018-07-17,-0.88401693,-0.14899145,0.09932743,0.4281236,0.41158548,-0.27774328,0.4494623,0.31817082,0.7697251,0.5989327
2018-07-18,0.48248538,-0.11641222,-0.33876762,-0.6017355,-0.27878773,-0.076262094,-0.08742327,-0.20253962,0.747009,0.22611372
2018-07-19,2.1263094,0.25986546,0.34621948,-0.548448,-0.22262955,0.18641123,-0.47845137,0.30659857,-1.4728284,-0.38460442
2018-07-20,-1.2648762,-0.43129048,-0.17498489,0.8931835,0.06358515,-0.11980364,0.12676804,-0.59706694,-0.0076413406,-0.048364732
2018-07-23,-0.2733569,0.095271945,-0.010476546,0.7825796,0.13497819,0.31508496,-0.17351933,0.24934839,-0.376771,0.308643
2018-07-24,0.30769593,0.40718704,0.33560878,-0.30384254,-0.023977652,-0.15155227,-0.3779609,-0.26293424,-0.53645897,-0.36372173
2018-07-25,0.11964852,0.91789657,0.44118896,1.5406299,0.25617808,0.17393683,-0.27331868,0.32167003,-0.04235899,0.9381952
2018-07-26,0.053990196,0.45612866,-0.21541788,-0.7834241,-0.09964083,-0.29150766,-0.007506465,2.81462,0.9704615,-0.23318018
2018-07-27,-0.68716586,-1.0669737,-0.926345,-1.1844624,-0.25972325,-4.267327,-0.3246078,-0.6980382,0.8769923,-1.2428263
2018-07-30,0.16271766,-0.42352352,-0.3446795,-1.3960236,-0.9111297,-0.036201637,-0.47475913,-0.54348606,-0.41399297,-2.2394936
2018-07-31,-0.25086814,0.16986267,0.06220213,0.24461299,-0.07265949,0.33828917,0.12409951,1.3080318,0.5091998,0.39976043
2018-08-01,-0.65073985,-0.44482413,2.7387815,-0.029935464,-0.33966315,0.5972487,-0.16445936,0.0792743,-0.6263246,0.56626123
2018-08-02,-0.25806892,0.75751615,0.8858164,0.52844626,0.4608562,0.5319426,0.41525173,0.17746787,0.027496843,0.697501
2018-08-03,2.1263409,0.3649592,0.104859844,0.11007642,0.5080473,0.09388043,0.20553064,0.32102883,0.5099777,0.15634002
2018-08-06,-0.74596566,0.54629576,0.21275306,-0.08909685,0.15866517,-0.06300118,0.06526781,0.121345855,0.42840156,0.11548187
2018-08-07,0.43971494,0.3412064,-0.5320101,0.2558461,-0.20468087,0.31712526,0.98699754,-0.28538403,0.03464881,-0.15166591
2018-08-08,-0.04902034,0.31963557,-0.008867601,0.18036422,-0.10997192,0.1914189,0.11448316,-0.27962777,0.3556564,0.05024555
2018-08-09,-0.25828645,-0.027737645,0.24679688,-0.040420834,0.10272837,0.11829192,-0.70113045,-0.14360256,-0.8785501,-0.03647304
2018-08-10,-0.1376655,0.034878787,-0.16134354,-0.47813627,-0.22954364,-1.1470042,-1.671201,-0.26457712,-0.91700107,-0.04651602
2018-08-13,-0.80299544,0.0019598994,0.29484794,-0.5583709,-0.32412827,-0.41203892,-0.10070683,-0.08104383,0.013638038,-0.053761553
2018-08-14,0.30722654,0.31145662,0.17354791,0.57413286,0.19595776,-0.35861114,0.12457534,0.29700392,0.022248274,0.40883806
2018-08-15,0.2534147,-0.11697554,0.07941174,-0.92030114,-0.39969215,-0.65421367,-0.33846763,0.0700632,-0.81157684,-0.9875772
2018-08-16,0.6303982,1.3853687,0.5553977,-0.14339595,0.20893265,-0.2921224,-0.11586043,-0.041958116,-0.15108103,-0.3158876
2018-08-17,0.32248992,0.7718097,0.9646362,-0.16949998,0.22078337,-0.103856504,0.057212453,0.101386905,-3.2780607,-0.59500384
2018-08-20,0.20596048,0.3986083,-0.5604797,-0.52003324,0.0344285,-0.61593586,-0.288788,-0.029109407,-0.30670053,0.6952617
2018-08-21,-0.23230284,-0.43056723,-0.1516215,-0.62667155,-0.031223325,1.0473179,0.98079455,0.15978321,0.12664953,0.28092325
2018-08-22,-0.31378064,0.26214242,-0.050539885,0.44555447,0.3728171,-0.61942923,0.24022973,0.09407496,-0.623435,0.6810927
2018-08-23,0.076134354,0.06784693,0.050848152,0.12571158,0.14277047,-0.12424501,0.046928905,-0.07889779,-0.27726775,0.22895777
2018-08-24,0.32266945,0.3657865,0.101932466,0.3084532,0.28835976,0.6419313,0.47390535,0.09342704,-0.1442286,0.7547444
2018-08-27,0.31360465,0.33272249,0.36294022,0.49870217,0.05351302,0.6450132,0.6210725,0.029747646,0.88325447,0.1284422
2018-08-28,-0.0240309,0.42729256,0.35599756,0.20407744,-0.72659934,0.16426158,-0.13305679,1.4219344,-0.41647843,0.084984295
2018-08-29,0.4437204,0.60315484,0.70729667,0.7810823,0.23750319,0.123505756,0.14253686,-0.4464262,-0.3710184,0.869741
2018-08-30,-0.6988111,-0.32721964,0.4083772,-0.18875106,-0.55612725,-0.58371973,-1.2399386,-0.74008304,-0.048311085,-0.3532155
2018-08-31,0.28215092,0.7439911,0.52622414,0.0457357,0.20033182,0.13097523,-0.11465181,0.26285768,-0.20168208,-0.5490745
2018-09-04,-0.33563268,-0.008192004,0.09946702,-0.4822953,-0.017887281,-0.55289155,0.02071802,1.0635246,-0.47252008,0.52495176
2018-09-05,0.46936816,-0.47295964,-0.40310705,-1.8897872,-0.5964983,-0.31440672,-0.63884634,0.45553967,-0.20303403,-1.8760312
2018-09-06,-0.10025229,0.046192847,-0.9213215,-0.013582363,-0.36501363,-0.5281001,-0.14076664,-0.4092822,-2.3002496,0.60302144
2018-09-07,-0.40492597,-0.20959622,-0.4741093,-0.4330392,0.08478934,-0.8816032,-1.0686108,-0.07940759,-0.5155557,0.16718683
2018-09-10,0.107575096,0.05650575,-0.75400174,0.4821905,1.0549845,-0.20757228,-0.09967966,1.070513,-0.34389648,0.7356646
2018-09-11,0.39343572,-0.0072223707,1.2418071,0.8382577,0.040837597,-1.4765402,-1.0181509,0.020256134,-0.5217515,0.24717155
2018-09-12,0.058501482,-0.11772262,-0.7034982,0.09848049,0.4158208,-0.058702487,-0.7145136,-0.53595203,-0.9249705,0.10891772
2018-09-13,1.1024666,0.43576795,1.1700854,0.4829312,-0.42616963,0.6507802,0.5018479,1.5515921,0.4488743,0.101384215
2018-09-14,-0.25126952,0.21018654,-0.64885205,0.08938638,0.28295138,-0.092086114,-0.20014754,0.1818083,0.1352233,1.0032506
2018-09-17,-0.14957044,-0.28213343,-1.4512705,-0.79584813,-0.09062761,-0.19074014,-0.78968805,-1.1432056,-0.5104035,-1.1001092
2018-09-18,0.2931339,0.40799263,0.029278234,0.40891168,-0.17069024,0.6601599,0.50003743,0.76214784,0.42865744,0.3955997
2018-09-19,0.24276084,-0.15906484,-0.028806077,-0.940459,0.39262775,-0.004774853,1.0495173,-0.46629265,-0.24430558,-1.016598
2018-09-20,0.94824725,0.53572506,0.32497022,0.8335447,1.0225221,1.0656683,0.45639104,0.21758153,0.2822675,0.22802816
2018-09-21,0.099159114,0.88125134,-0.6178322,0.20767523,0.6169111,-0.58390397,0.61264855,-0.6154633,0.16008615,-0.93884945
2018-09-24,-0.5539051,-0.091428675,0.6749443,0.061206296,0.12049144,0.20376496,-0.14631449,-0.15891455,-0.64053696,0.52646
2018-09-25,-0.46949306,0.06789443,0.2628435,-0.2651616,0.45998433,-1.1299188,-1.0192375,-0.5735914,-0.6387034,0.6163826
2018-09-26,1.2043968,-0.028080331,-0.471719,-0.39257953,-0.106396735,-0.28347623,-0.6248454,-0.66446614,-0.42933238,0.08156922
2018-09-27,-0.024048088,-0.049938057,0.9854798,0.07151734,0.04134789,0.13425562,0.43440005,-0.11871808,0.010219223,0.21792479
2018-09-28,-0.110768534,0.36220145,0.12961295,-0.16577943,-0.14282325,1.3766621,-0.039883595,0.098552026,0.23097809,-0.01778324
2018-10-01,0.7857224,0.25753123,0.29854795,0.48256811,0.20538615,-0.8888791,0.15207693,0.24587288,-0.41407213,0.873125
2018-10-02,0.37980208,0.19833079,0.3776533,-0.4124722,-1.7310191,1.6758361,0.29415536,0.35927373,0.49949652,-0.67260146
2018-10-03,-0.20350301,0.18619134,0.55645686,-0.15600438,-0.55313766,0.61632943,-0.16088971,-0.49619874,-0.06484498,-0.3075651
2018-10-04,-0.83128256,-0.46147007,-1.0374398,-1.4375343,-0.3343382,-0.7445048,-1.0917697,-0.23539482,-1.1833682,-1.2985593
2018-10-05,-0.9783971,-0.23819926,-0.9132161,-0.5034124,-0.1444528,-1.2285653,-1.2215183,-0.7722674,-0.80183613,-0.11137378
2018-10-09,-0.4891379,0.0030626347,0.6475007,0.5953397,-0.5249781,-0.56356376,0.39322913,-0.56981415,-1.0772858,-0.118363984
2018-10-10,-2.057633,-2.0986378,-2.5304534,-3.491581,-1.6219208,-2.0074925,-1.7613153,-2.1712892,-1.6079661,-3.1091557
2018-10-11,-1.6925938,-1.6517239,-0.51370263,-0.2848097,-0.6705778,-0.6655419,0.095599554,-1.6833205,-2.0825715,0.102681875
2018-10-12,0.85989887,1.7233021,1.7978547,1.8053148,0.56705755,0.607906,0.6524022,-0.0945345,0.9969628,1.8302658
2018-10-15,0.13736722,-1.0753455,-1.189704,-1.1868901,-0.09237732,-0.3991295,-0.7851978,-0.17482866,-0.39834246,-1.9902533
2018-10-16,1.8297013,1.2470888,1.1003182,1.6413493,1.0557637,1.3458985,1.161253,1.1979301,1.4744775,3.9763782
2018-10-17,-5.196827,0.16033618,-0.27387014,-0.29087296,-0.383426,-0.091739655,-0.30787212,-0.10743684,0.14400384,-0.3242069
2018-10-18,-1.7249845,-0.45139143,-0.99263525,-1.2573673,-0.47213367,-0.89045954,-0.8891003,-0.7070038,-1.2656237,-1.5029109
2018-10-19,-0.73040867,-0.08481796,0.43554577,-0.048419494,0.1550244,-0.92303836,-0.5721431,0.041218657,0.33082652,-0.9601039
2018-10-22,0.44650355,0.45933667,0.20341077,0.3598743,0.28922626,0.9187953,0.58792645,0.3932747,-0.9561334,1.0314865
2018-10-23,0.5894803,-0.31429166,0.409527,-0.92864895,0.020054327,-0.52761924,0.1917521,0.073731445,-0.09757866,0.09391141
2018-10-24,-1.9215677,-1.2750999,-0.99592,-2.9232423,-1.0714415,-1.8979402,-3.377601,-2.3100114,-1.9978684,-2.2702377
2018-10-25,-0.40029666,1.4564319,0.6525363,2.9627635,1.0466142,1.7641884,-0.14510585,0.28916448,0.9040525,2.5205865
2018-10-26,-0.8658263,-1.2187223,-0.6351141,-0.8226806,-0.61566955,1.2555497,-0.6017385,-0.57601523,-0.42046258,-1.2789471
2018-10-29,-2.7476118,-0.39815062,-0.8599797,-1.7882074,-0.310138,-0.30641156,-0.21950753,-0.30583638,-1.6192937,-1.1230357
2018-10-30,-2.3547356,0.8148238,0.19208063,-0.19976649,1.4164333,2.1314714,1.6571223,0.5933997,1.5231009,-0.27515545
2018-10-31,-0.0068679233,1.1924888,0.69114095,1.4296582,0.19531837,-0.7762714,-0.1047542,-0.27332228,0.44790056,1.2585487
2018-11-01,0.724154,-0.06187707,0.40231875,-0.5610624,-0.24477942,1.0979971,1.9691288,0.4230227,2.6196005,-0.117070176
2018-11-02,-0.62295866,-0.12115134,-2.1014264,-0.002600335,0.14723553,-0.90095025,-1.0079297,-0.29303044,-0.15758123,-0.9439895
2018-11-05,2.1516414,0.6355555,-0.88435596,0.500125,0.10797783,0.6662946,0.20476559,-2.9261167e-07,-1.0398916,0.0028534126
2018-11-06,1.4237852,0.35462868,0.32293668,-0.017323075,0.13576148,-0.35142168,0.5354554,0.011022434,0.47651193,0.069092505
2018-11-07,0.75525695,1.2401395,0.92263436,1.7042001,0.71524537,1.1212841,-0.005262297,-0.30563703,0.2963264,1.9318205
2018-11-08,0.013641622,0.49884567,-0.115587525,-0.20154008,0.087397255,0.18928774,0.45434526,-3.106661,-0.38675356,-0.57212055
2018-11-09,0.03178565,-1.0862627,-0.616664,-1.0200168,0.08932385,-0.68577635,-0.9020907,-0.866278,-0.72397804,-0.8107515
2018-11-13,-0.067412175,-0.42275155,-0.3161483,-0.07981771,0.18216054,0.5745191,0.3681053,-0.29448003,0.84352183,0.29921228
2018-11-14,-0.2968674,-0.5174789,-0.81593543,-0.5840733,-0.47061002,-0.19823886,0.052220393,-0.16308835,0.01543522,-0.45743498
2018-11-15,0.43777683,1.7602501,0.7192765,0.7172569,1.0973678,0.6608354,0.9759876,0.66442466,1.1090392,0.54381275
2018-11-16,0.010315743,-0.30625048,0.34331417,0.30339557,0.32686922,0.50703657,-0.0603307,0.20822874,0.27424872,-0.19192758
2018-11-19,-0.6203985,-0.4746763,-1.2820965,-1.6434922,-1.202452,-0.63317746,-1.1880994,-0.6525819,-1.0000957,-3.0463128
2018-11-20,-1.5096263,-1.0713903,-1.5480114,-1.3869877,-0.9516073,-0.4822117,0.789842,-0.06125936,1.214337,-0.032528706
2018-11-21,0.50621665,0.32109162,-0.032286838,0.42267942,0.1435104,-0.2482832,-0.23282112,0.115354806,-0.3611163,0.78944856
2018-11-23,-0.6797922,-0.26486978,-0.81623185,-0.116682775,0.013609299,-0.38469428,-0.38783526,-0.08128293,-0.19968648,-0.10452803
2018-11-26,0.7665938,0.62756836,0.34194013,0.9116539,-0.3049959,0.50269365,0.3234287,0.15267614,0.5741687,0.6383482
2018-11-27,0.13614915,0.41868386,-0.06303106,0.14749567,-0.59463084,0.39838016,-0.046066593,-0.13746154,-0.067403734,-0.0033860486
2018-11-28,1.1540322,0.8758345,1.1408553,1.3143513,0.46541825,0.51748866,0.601731,0.48400548,0.8172983,2.1205482
2018-11-29,-0.62670344,0.0612703,-0.21823744,-0.37787414,-0.23576121,-0.73226786,-0.25343287,0.61380213,-0.47096196,-0.053689536
2018-11-30,1.3867937,0.5272018,-0.15952073,0.20873173,0.69031805,1.2976178,0.9466004,0.014264809,0.6652972,0.26797503
2018-12-03,0.4972956,0.8362202,0.9210242,0.44426787,0.8582224,0.63525456,0.49483377,0.5084421,0.9693137,0.6971086
2018-12-04,-1.963722,-1.3616403,-2.4251914,-2.007194,-1.0569329,-2.251489,-2.3510237,-1.1361274,-3.2659256,-1.6849046
2018-12-06,1.247743,1.1044532,-0.63730586,0.21334444,-2.1231465,0.5535692,0.5331766,-0.09295331,-0.9443579,0.83128864
2018-12-07,-2.4590137,-1.9143372,-1.9103276,-2.4662445,-0.69801795,-2.021867,-2.339956,-0.9484346,-1.3104519,-2.302557
2018-12-10,0.9811031,0.46659327,0.3017352,1.3576623,0.65321565,0.88964605,0.6430604,0.8593364,0.5411197,1.0862664
2018-12-11,-0.1380769,0.26164523,-0.2619157,0.38239738,-0.2271317,0.118326135,0.29832077,-0.012238377,-0.2573495,0.19397089
2018-12-12,0.1457817,0.3651782,0.10252753,0.11821886,0.81391025,0.37564024,0.5487979,0.182463,0.12386012,0.010374527
2018-12-13,-0.23557766,0.08430121,0.491831,0.055022813,-0.112191826,0.37723842,-0.025216648,0.17972197,-0.65663874,0.4225939
2018-12-14,-0.4415155,-1.6931573,-1.7585456,-1.9831698,-0.66555536,-0.4605796,-0.796717,-0.44349307,-1.380825,-3.3616076
2018-12-19,-0.11966877,-0.97430986,-1.7132206,-0.2946816,0.5819646,-2.1215048,-1.973753,-0.91699123,-2.2508235,-0.3250013
2018-12-20,-1.9422641,-0.6976741,-1.3980839,-1.366012,-0.23617324,-0.07410954,-0.25919268,-0.33858505,-0.89923704,-1.2176145
2018-12-21,-1.2126799,-0.69292223,-2.1397681,-2.0270157,-2.345033,-0.7382035,0.1190087,-1.2750936,-0.8600666,-2.05519
2018-12-24,-2.017872,-1.7657793,-1.3416271,-2.554901,-1.3974887,-1.2690243,-1.3226042,-1.0455607,-1.8515468,-0.8013973
2018-12-26,2.0358999,2.2678928,2.0283117,3.132561,1.6408789,2.1948788,2.1293955,1.4572258,1.8910657,3.256567
2018-12-27,1.3915118,0.52436614,-0.3796494,0.21208616,0.3664257,0.12211986,0.35416093,0.0055235894,1.0815352,0.40334263
2018-12-28,-0.4400247,-0.11357203,-0.00141724,-0.55562985,-0.173948,0.31497127,-0.03644611,0.4350576,0.91205686,-0.42046908
2018-12-31,0.35714057,0.6376919,0.37073454,0.51841533,0.29474092,0.1288515,0.27588296,-0.019068062,0.34704128,0.57690376
2019-01-02,0.88308597,-0.38393337,0.01747125,-0.392605,0.047152173,0.100776784,-0.062883034,0.27533194,0.8060558,-0.35285094
2019-01-03,-1.3058498,-1.902753,-5.4743075,-2.3752327,-0.5222095,-2.8863232,-2.9266217,-1.354877,-2.550799,-1.8679253
2019-01-04,2.5721142,2.3836734,2.0978045,2.5568817,2.192423,2.9448082,2.0811057,0.5853875,2.653028,2.1835961
2019-01-07,0.5059165,0.40485996,-0.19320801,-0.082491554,0.8219988,0.16640666,0.7902448,-0.20402458,0.64327544,0.6179288
2019-01-08,0.98279524,0.47869185,0.9144765,0.2757352,0.46406296,0.25095582,-0.09840755,-0.45066044,-1.796351,0.6829467
2019-01-09,0.52948487,-0.27422225,0.81048554,0.6986395,-0.13916866,0.209547,0.921379,0.41307604,1.6072646,0.5502531
2019-01-10,0.6780824,-0.068011954,0.066633955,-0.56181365,0.011044895,0.47833812,0.71601754,0.06392515,0.44417638,0.44334835
2019-01-11,-0.15598917,0.3606166,-0.6344129,-0.6413264,0.50609416,0.2919836,0.40274614,0.45071328,-0.062262304,-0.086246334
2019-01-14,-0.57791835,-0.32771,-0.9026245,-0.6130277,-0.15100133,-0.6886662,-1.170927,-0.23130645,-1.1800386,-0.66522825
2019-01-15,0.7660921,1.0323335,0.9822036,1.5535328,0.40805367,0.19428506,0.6061762,-1.2513645,-0.22109973,1.5063916
2019-01-16,-0.027121909,-0.03964937,0.56020325,0.049325574,-0.38566312,-0.5761763,-0.26600578,-0.43352523,-0.22008279,-0.11572727
2019-01-17,0.35450676,0.35373035,0.22976245,0.26117226,0.56417185,0.28466186,0.15025197,-0.4667677,0.999815,0.46455786
2019-01-18,0.9301442,1.0515058,0.24414264,0.7376962,0.7405216,0.68321407,0.89192176,0.29630095,1.289039,0.5838105
2019-01-22,-0.7035297,-0.27847427,-1.3172547,-1.3288186,-0.40027976,-1.0363082,-1.4349042,-0.8501721,-1.5500475,-0.7798138
2019-01-23,5.629445,0.8834322,0.12751114,0.42494538,0.3109333,-0.4298855,-0.6105467,-2.092223,-0.24102354,0.22870994
2019-01-24,-0.15101857,0.22088735,-0.50767726,-0.45457733,-0.06665691,1.8363922,3.229062,-0.8723251,3.9199727,-0.5521947
2019-01-25,0.7805529,0.6743001,1.651845,0.38788903,0.6403244,-2.9577246,1.0654639,0.32231563,1.3719155,0.45339006
2019-01-28,0.18745011,-0.4251752,-0.5783578,-1.3589838,-0.32934356,-0.4381263,-0.8513517,-0.62926435,-0.60372233,-0.6577074
2019-01-29,0.05684458,0.27831516,-0.60563046,-1.378521,0.07661299,-0.24812193,-0.6610287,-1.1293002,-0.6240628,-0.71433043
2019-01-30,0.0591406,0.9358277,3.4162667,1.8287776,0.79230726,1.0168806,0.7141531,0.56523913,1.3975836,0.86359215
2019-01-31,0.029889664,0.63635206,0.32843593,-1.2142025,-0.14492399,-0.45541108,-0.6941265,-0.6557854,-0.6214285,0.9007203
2019-02-01,-0.14487776,0.08664106,-0.024804289,-1.067192,0.53133154,1.5084337,0.54940456,-0.015143317,0.15138872,-0.10316029
2019-02-04,0.55175036,0.04605563,1.3861402,1.5187657,0.19787945,0.42900375,-0.12669972,-0.022216694,-0.5167597,1.2864728
2019-02-05,0.19005066,-0.05942748,0.82804286,0.66501653,0.18165728,0.70192295,0.19511558,0.7955615,0.14339319,-0.01038213
2019-02-06,0.38147178,0.26090136,-0.030709414,-0.7885739,-0.0027532934,0.14283797,1.7686356,0.21971074,1.0953201,-0.10639697
2019-02-07,-0.74951386,-0.78442466,-1.0483097,-0.5640861,-1.0193211,-0.6860307,-1.1853652,-0.55712706,-0.45210564,-0.13058372
2019-02-08,0.26457652,0.5412772,0.013854662,0.07677531,0.7393058,-0.40939718,0.2598216,-0.31637064,-0.22832327,0.5371928
2019-02-11,0.14460333,0.43222728,-0.3518247,-0.37118852,0.16252503,-0.10952297,0.050603565,0.36707008,0.034956068,0.2120286
2019-02-12,1.0055811,0.34647465,0.40804672,0.7477969,-0.032140218,1.0858675,0.67285186,0.6052692,0.7009088,0.4788535
2019-02-13,0.70883197,-0.35657606,-0.26393119,-0.18314049,0.15841739,0.3677121,0.25733364,-0.15299502,0.07106596,-0.21856299
2019-02-14,-0.48511812,0.95800894,0.13907515,-0.095379,0.03603714,0.26435623,-0.116877735,-0.109713346,-0.22600317,-0.03985081
2019-02-15,0.7628738,1.1076301,-0.17298877,0.57263386,0.21554253,0.7506852,0.22244935,0.24601597,-1.7438701,-0.14318752
2019-02-19,0.34605885,0.26901522,0.08911533,-0.18037112,0.2812976,-0.31551296,-0.16716182,-0.063919164,0.12413466,-0.31583333
2019-02-20,-0.30787125,0.014695344,0.26471743,-0.46419764,-0.26876703,-0.074439734,0.25445226,0.26629615,-0.19236903,0.026556164
2019-02-21,-0.046862654,-0.20449038,-0.36888766,1.0950787,0.32913792,-0.04995355,-0.6222765,-0.16593023,-0.26715416,-0.089703105
2019-02-22,0.7143871,0.80329674,0.50608736,0.69276476,0.35851362,0.992613,0.265846,0.5259016,0.54776335,0.18289737
2019-02-25,0.132996,0.7728978,0.30448902,0.17629799,0.06212086,0.5201358,0.35842898,-0.18814383,0.15412469,-0.07970999
2019-02-26,0.14543876,0.4294252,-0.03112317,0.25536966,0.020612655,0.061288383,-0.44166672,-0.05768611,-0.16972011,0.427243
2019-02-27,-0.23577343,0.44957858,0.096932344,-0.2513967,-0.23240522,-0.051270865,-0.73204917,-0.08111369,-0.9284227,0.2665029
2019-02-28,-0.4742767,0.21021213,-0.56632894,-0.22028872,-0.25625694,-0.30656564,-0.0089718755,0.18934014,-0.55359197,-0.091884755
2019-03-01,0.52524537,-0.31625167,0.48381004,0.11340198,0.34248713,0.2534555,0.38945085,0.5509805,0.14774969,0.231378
2019-03-04,-0.35272026,-0.2033012,0.21372944,-0.28268278,-0.45278332,0.504554,0.2322989,-0.4285703,0.45628312,-1.0129677
2019-03-05,-0.24050865,0.17482506,-0.15243359,-0.44330937,0.29050237,-0.2925739,-0.40317395,0.0358138,-0.24461201,-0.15993384
2019-03-06,-0.40867534,0.4036828,-0.3566002,-0.12334602,-0.027803369,-0.72843546,-0.54925597,1.0708451,-1.005347,-0.19587736
2019-03-07,-0.7602939,-0.34306508,-0.65901554,-0.87134373,0.2038521,-0.38326603,-0.24946555,-0.6896775,-0.63046354,-0.1896232
2019-03-08,-0.1046836,-0.19197318,0.05521506,-0.0896795,0.17025743,-0.18036465,-0.07936974,-0.47790188,0.10011015,-0.15627187
2019-03-11,1.2821392,0.8736122,1.6970278,1.0719148,-0.123102985,0.7417311,0.66416776,0.55590284,0.7423708,1.055116
2019-03-12,0.3015423,0.270597,0.5105363,0.2612141,0.12061646,0.14223436,-0.0068970644,0.2894372,0.12761687,0.4249877
2019-03-13,0.16040793,0.47850713,0.16197908,0.3051136,0.23694257,0.679786,0.43334392,0.33171794,-0.20412037,0.12649186
2019-03-14,0.13989165,0.18925461,0.50386965,-0.10923172,-0.028288767,-0.944251,-0.25281855,-0.07907219,0.2656942,0.55744255
2019-03-15,0.3365825,0.5038948,0.6010788,0.52911913,-0.12816463,0.771922,1.5708275,0.811492,1.4367567,-1.9277127
2019-03-18,0.40050277,0.34774634,0.45726052,0.69412196,0.49646428,-0.2827518,-0.44305697,0.08326794,-0.48790103,0.09566536
2019-03-19,0.16252115,-0.16504271,-0.48498687,-0.11567509,0.55115813,-0.0022781715,0.054094728,0.016539996,0.2944555,0.4558267
2019-03-20,-0.39364964,-0.013630767,0.3829289,-0.21977492,-1.3845141,-0.39076942,-0.20801543,0.052236177,-0.91387117,-0.14614531
2019-03-21,0.88213766,0.6834903,1.8030834,1.1874884,1.3057717,0.6808971,1.0560935,0.36031675,1.702,0.73682696
2019-03-22,-0.94239235,-1.2289983,-1.206494,-1.7924013,-1.3284085,-1.3884912,-1.1556987,-0.78529155,-1.5689664,-0.8841803
2019-03-25,-0.09802017,0.02618637,-0.724085,0.15276542,-0.05171157,-0.5397511,-1.1906396,-0.21781592,-0.5650023,0.45174092
2019-03-26,0.52894545,0.5482686,-0.6159974,-0.03039773,0.52272236,0.5645634,0.5093429,0.90783674,0.15436277,0.56956005
2019-03-27,-0.44530356,-0.05775896,0.39096686,-0.75358456,-0.5052588,-0.3465306,-1.111235,-0.88305455,-0.8190438,-0.6375092
2019-03-28,0.36633855,0.26685175,-0.012909891,-0.07985288,0.36792222,-0.12422171,-0.52610654,-0.35113475,-0.5329051,0.19112551
2019-03-29,0.59449476,0.67554486,0.2650508,0.35855845,0.49976426,0.49422508,0.49450952,0.26827532,1.1306326,0.5047282
2019-04-01,1.0808686,1.0405661,0.27714393,0.3898395,0.8468294,0.69478214,1.1279992,0.48500496,1.4161544,0.9938679
2019-04-02,-0.10874758,0.34877715,0.6817166,-0.0756554,-0.44964284,-0.21656823,0.6939502,0.11838631,-0.22681029,-0.1772951
2019-04-03,0.33711463,0.38064146,0.27716747,0.23193786,-0.11416814,0.96815735,1.0483859,-0.3827644,1.3312969,-0.004936466
2019-04-04,-0.37026817,-0.104276694,0.009475031,-0.4715416,-0.26301122,0.3302167,0.17565358,0.046575326,0.09792415,-0.6855292
2019-04-05,0.26658252,0.10579249,0.27378333,0.10764399,0.08983897,-0.36519676,0.12946403,0.008479578,0.3191297,-0.106561124
2019-04-08,0.085610926,0.3170315,0.7440297,-0.14154844,-0.23196308,-0.00075924414,0.6404332,-0.25145435,-0.2014055,0.2171699
2019-04-09,-0.5802205,-0.27695358,-0.24582791,-0.4945266,0.08882858,-0.41026586,-0.5812731,-0.31819326,-0.96644956,0.0011336704
2019-04-10,0.46624944,0.67494667,0.21506564,0.29819852,0.36125585,0.32329482,0.3806332,-0.9035663,0.0706216,0.43633386
2019-04-11,0.3930286,-0.18198676,-0.5223436,-0.091195345,-0.20148456,-0.02846771,-0.05309347,-0.40626064,0.20625788,0.027581599
2019-04-12,0.2979229,0.711105,-0.097387455,0.15022017,0.6824911,0.49429232,0.7493594,0.6940958,0.41679063,-0.035109967
2019-04-15,-0.1781094,0.29809928,0.018689498,-0.10937861,0.10807772,-0.19875902,-0.7346411,0.08334894,-0.35656288,0.035368826
2019-04-16,0.6056951,0.4097447,-0.06890517,-0.29715002,-0.057937052,0.318631,0.49700642,8.655169,0.88042134,-0.16548856
2019-04-17,-2.8372085,-0.58675396,0.9370577,0.337304,-0.1290464,1.5742617,-0.3590933,4.760845,0.07396515,-0.3836614
2019-04-18,0.62213427,0.12450064,0.110428445,0.62745875,0.019483283,-0.13435997,-0.07438208,0.34208724,-0.029860897,0.17141984
2019-04-22,-0.66471875,-0.022051442,0.09361386,0.02982244,0.07848005,0.2152166,-0.2726177,0.9929055,-0.23688048,0.26347768
2019-04-23,0.79672813,0.38386935,0.6761549,0.65511894,0.29612622,-0.11247766,0.5694433,2.2923453,-0.048525874,1.0946779
2019-04-24,-0.20658915,0.22557026,-0.17400455,-0.37607267,0.21419148,-0.13212109,0.82187414,-0.02948951,0.49671102,-0.5810168
2019-04-25,-0.6202053,-0.51083976,-0.57788324,1.8183318,-0.19447199,-1.0550209,-0.5584322,-0.9517749,-0.09505488,0.363637
2019-04-26,0.42393965,-0.40249822,-0.32767478,0.18475968,0.36856928,-4.8987737,-0.020346187,0.68070817,0.10850115,0.7089431
2019-04-29,-0.15894179,0.27033046,0.013056662,-0.20785967,-0.3269489,-1.3393375,-0.24623464,0.20709346,-0.47683528,0.6501884
2019-04-30,0.55914164,-0.11426079,-0.8581118,0.22250552,0.17214778,-0.09269233,0.37588522,-0.64306617,-0.23637378,0.44465297
2019-05-01,0.13171595,-0.27683932,2.3035116,-1.3276386,-0.39516696,-0.27588168,-0.6135229,0.024992842,-0.7104533,-0.9343661
2019-05-02,-0.4597642,-0.49522936,-0.24280915,-0.8530878,-0.25102416,-0.20350313,0.38389644,0.2780802,0.19926913,-0.6051398
2019-05-03,0.26984793,0.03491372,0.323068,0.9873575,0.107644215,0.91336906,0.23354322,0.8793039,0.13941495,0.85417295
2019-05-06,0.036311,-0.2515624,-0.44452223,-0.43737122,0.011801077,-0.19681986,-0.59766304,-0.5618966,-0.82219386,-0.32185414
2019-05-07,-1.2843419,-0.9349003,-1.0130078,-1.2770172,-0.70770764,-0.6404817,-0.74804425,-1.569016,-1.0510249,-1.0568347
2019-05-08,0.15159039,0.05202017,-0.012254171,-0.13419405,-0.039133344,-1.0589159,-0.5427247,-0.41464883,-0.51750004,-0.07880705
2019-05-09,-0.50602907,-0.4432201,-0.45882207,-0.1375491,0.1820061,-2.3419316,-0.19371781,-0.4755805,-0.69084513,-0.18536139
2019-05-10,-0.020448817,0.4170927,-0.5674763,0.5840054,0.29215497,-0.41395572,0.13278128,0.93213654,-0.21871597,0.3944098
2019-05-13,-1.904339,-1.7846416,-2.4033153,-1.8119483,-1.0189611,-1.3689866,-2.1706936,-1.0650141,-1.755769,-1.7584797
2019-05-14,0.87910277,0.65996444,0.42131913,0.4683284,0.50814176,0.34155047,0.69285405,0.9738484,0.7967976,0.6253837
2019-05-15,0.5124579,0.40445095,0.4088321,0.64070666,0.313324,0.38239884,0.44474772,-0.02950861,1.3336327,0.7582791
2019-05-16,0.70797855,3.0448859,-0.23629786,1.1495993,0.038428187,-0.120761245,-0.4651572,-1.8394731,0.0658766,1.0266697
2019-05-17,-0.7536257,0.39151952,-0.34174222,-0.5225509,-0.1427674,-0.6708071,-1.0361643,-0.7829524,0.89995384,-0.60461706
2019-05-20,0.3967415,-0.25721765,-1.7264602,-0.9801739,-0.7556241,-1.4088418,-0.91714364,-2.7604244,-2.3664515,-0.7233793
2019-05-21,0.64650613,0.46879146,0.95696825,0.1680714,0.41796994,0.8736182,0.91841793,0.53789914,0.8177094,0.39058557
2019-05-22,-0.042874973,-0.67484176,-1.1375299,0.20697822,0.0028631033,-0.5100532,-0.13183354,-5.0578113,-0.6475171,0.5637291
2019-05-23,-1.9247847,-1.23792,-0.8058449,-0.79430467,-0.9578303,0.47689614,-0.42463478,-0.7455716,-0.62346786,-1.2247102
2019-05-24,-0.08198258,0.17822805,-0.12015538,-0.094400644,-0.27004814,0.012193521,-0.31588686,-1.2420611,-0.48519337,0.04126468
2019-05-28,-0.89308935,-0.32726106,-0.12581453,-0.15808734,-0.83963066,-0.93847424,-0.7527033,-0.5982684,-0.5525092,0.5000834
2019-05-29,-0.39361218,-0.6126993,-0.21757019,-0.67401284,-0.079807006,0.60130984,0.3493101,0.15822697,0.27327535,-0.80325615
2019-05-30,-0.07213974,0.37101236,0.16756964,0.21671805,-0.0045780265,0.43840587,0.48403284,0.43416098,0.28800535,0.1494266
2019-05-31,-1.2929363,-1.275176,-0.5243889,-1.0062338,-0.9471732,-0.6579149,-0.4757153,0.049880467,-1.1081716,-0.6001645
2019-06-03,0.5162646,-0.15666224,-0.32622218,-1.5327538,-0.30272943,-0.4979189,0.2622348,-0.1529248,0.0037761694,-1.6701875
2019-06-04,1.7941809,1.0868107,1.1300067,1.0931779,1.1905817,1.0553824,1.2288083,0.7788727,1.270915,1.2455872
2019-06-05,-0.5509665,1.1437454,0.498739,0.8673127,0.012704631,-0.21141873,0.08985363,-0.4731944,0.06634644,0.518852
2019-06-06,0.21659784,0.23964721,0.43534046,0.50315285,0.2537651,0.38034856,0.17628816,0.17505357,0.4854124,0.17171134
2019-06-07,0.40658173,0.61223155,0.8244966,1.1244875,0.41021276,0.7172659,0.28057498,0.45478687,0.030575367,0.39378065
2019-06-10,0.62117976,0.41352162,0.34712425,0.34492528,0.51984227,0.6266532,0.4766274,0.9302919,1.3291887,0.28488582
2019-06-11,0.5185385,0.5646891,0.31045717,-0.31384704,-0.08887444,0.018317739,0.07153906,0.2944117,0.43469962,-0.6820501
2019-06-12,-0.5177704,-0.92579454,-0.100929596,-0.3552245,-0.27427664,-0.4686628,-0.9370821,-0.9785641,-2.0134606,0.09023097
2019-06-13,0.31579536,0.24675079,-0.011522876,0.17681126,0.10263881,0.2775797,0.23628232,0.08718057,0.045956332,-0.10891147
2019-06-14,-0.3046973,-1.0611558,-0.22276062,-0.06736803,-0.44818705,-0.44656023,-1.3886629,-0.73340774,-0.44580674,-0.3329431
2019-06-17,-0.120625,0.5493153,0.1549821,0.03482407,-0.14980528,-0.07476048,-0.24898753,0.13240856,-0.738212,0.16254547
2019-06-18,0.60997677,0.5392602,0.6509328,0.75693965,-0.2097093,1.012739,1.5085593,1.4493278,1.5138857,0.13847773
2019-06-19,0.33161876,0.101893134,-0.18034689,0.08482724,-0.21463062,-0.31344026,0.06329784,-0.1901011,0.11944899,2.2072763
2019-06-20,0.77652115,1.03602,0.20487684,0.3630232,3.190575,0.07597336,0.47163135,0.427929,0.5112786,1.5183359
2019-06-21,0.19406933,-0.31544563,-0.24361338,-0.1453824,-0.8192157,0.22241797,-0.20396978,-0.09918317,-0.3263975,-0.45262155
2019-06-24,0.09876258,0.17513068,-0.11925934,0.19688068,0.55462575,0.11517153,0.13567448,0.16581404,-0.6972385,0.057911344
2019-06-25,-0.44522598,-0.9794835,-0.8513852,-2.0540664,-0.6299181,-0.88542867,-0.56829005,-0.4413415,-0.42928705,-1.8748404
2019-06-26,0.10239875,0.5201901,1.0390042,0.06910753,0.52337414,1.3475047,1.2038052,1.281748,1.458168,0.09427009
2019-06-27,0.030521458,-0.8022524,-0.088828586,-0.059009835,0.08422121,-0.848093,0.5616189,0.18131746,0.9540867,0.7067952
2019-06-28,-0.27080435,-0.96516013,-0.56372255,-0.24717759,0.1693769,0.36745766,-0.5004115,0.26981243,0.11641401,0.20523569
2019-07-01,0.9831509,0.04627347,0.87500304,0.60774237,0.94099945,0.122062005,0.9728986,0.7047796,0.6168774,0.9768101
2019-07-02,0.19914311,1.112696,0.2267651,0.23813786,0.39784893,-0.0005925298,-0.5081571,-0.3617683,-1.0169119,0.037845574
2019-07-03,0.6352036,0.9586326,0.3682213,0.2287301,0.32263407,0.34509996,-0.087906845,-0.30138224,-0.07743629,0.6102622
2019-07-05,-0.049824845,0.14626037,-0.10855714,-0.32433116,0.347233,-0.51414067,-0.11669248,-0.07228301,-0.72876155,-0.28162393
2019-07-08,-0.35421437,-0.34248212,-1.135864,-0.1949072,0.19805998,-0.33046803,-0.37576896,-0.10537205,-0.58665866,-0.1836056
2019-07-09,-0.55942845,0.17522241,0.24933906,-0.36925554,0.042706728,-0.13531666,0.31111884,-0.1325045,0.40448162,0.16788872
2019-07-10,0.56087786,0.757367,0.4445007,0.44796285,0.45182687,0.41418186,0.31083405,-1.3152136,0.6105861,0.3882168
2019-07-11,0.40306216,0.2007069,-0.46496338,0.07963585,-0.1640936,0.3398898,-0.0030241036,-0.4530738,0.4275402,0.06853998
2019-07-12,0.73330045,0.64239544,0.32698143,0.05943201,-0.17692827,1.2938303,0.61688817,0.5846258,1.0223517,0.25055915
2019-07-15,0.29698622,0.12773237,0.41608348,-0.154674,-0.2633251,0.13620554,0.57259166,0.20866178,-0.29153237,-0.124753065
2019-07-16,0.12283625,-0.3545377,-0.24398725,-0.93599826,-0.6146823,-1.0207902,-0.5015713,0.045507148,-0.32822683,-0.4819503
2019-07-17,-0.19574961,-0.31877953,-0.3461238,-0.49068537,-0.5392723,0.15979084,-0.62537074,-0.041483082,0.09897204,0.5065364
2019-07-18,2.9496121,0.48222387,0.5479991,-0.07878939,0.084755026,0.4608955,0.4938033,-0.89294386,1.5823267,0.07292601
2019-07-19,0.02145597,-0.2773725,-0.8061814,-0.05457764,-0.4834995,0.24973597,-0.52852887,0.26874053,-0.38442045,-0.48521605
2019-07-22,0.031224618,0.34307393,1.1480688,0.6153437,0.025586994,0.91145116,0.30997485,0.4493056,2.2926974,0.21431507
2019-07-23,0.28819498,0.018083755,0.36355022,0.21547402,-0.14560969,0.30880773,0.67713326,-1.1466887,0.15147519,-0.12105347
2019-07-24,-0.14162686,-0.37333903,-0.09261408,0.4486467,0.52784634,0.98676515,3.2280567,0.9118833,0.7855482,0.31620178
2019-07-25,0.1665938,-0.4856716,-0.46704954,-0.36072177,0.12579519,-0.70889723,-0.6231891,-0.39047134,-1.1226583,-0.24436332
2019-07-26,0.43401143,-0.04307671,0.13124889,0.33031067,0.15294293,-0.5591737,0.24974637,-0.16750854,-0.15044641,0.33692023
2019-07-29,-0.19645695,0.3804849,0.43696213,-0.27121845,-0.3845546,0.7725236,0.6002215,-0.23658577,-0.14252207,-0.6025415
2019-07-30,-0.46551487,-0.37479168,-0.27863035,-0.43149805,-0.51117295,-0.80568475,-0.27849397,-0.18200861,-0.03807889,-0.54719824
2019-07-31,-0.6640475,-0.89482623,1.0163243,-1.8485936,-1.018708,-1.077693,-1.3021579,-1.0558196,-1.184808,-0.7242825
2019-08-01,0.93048906,0.02612683,-1.188665,0.6157851,-0.38746062,-1.0479908,-0.6200399,-1.2550242,-0.83754164,-0.08658076
2019-08-02,-1.2510074,-1.6115812,-0.65836805,-0.5218569,-0.067627124,-0.653587,-0.52459073,-0.10463879,-0.7536968,-0.66268814
2019-08-05,-2.8203256,-1.5478427,-1.4827187,-1.9361678,-1.5752866,-1.4439998,-1.6616161,-1.3996158,-1.7514844,-1.9815222
2019-08-06,-0.048239782,1.0354356,0.5494051,0.80187166,0.1043093,0.22895856,0.63286495,-0.41800344,0.5973186,0.78362924
2019-08-07,-0.6980362,-0.16510257,0.3163183,0.09526653,-0.468246,-0.19767457,0.48493606,0.53301966,0.18014044,0.3239543
2019-08-08,0.8342408,0.5232657,0.6375188,0.8717448,0.7164989,0.28103027,0.83218086,0.65356064,0.62628996,0.8220771
2019-08-09,-1.6366324,-0.50712836,-0.26667202,-0.4855344,-0.5422954,-0.9380202,-1.0748453,0.038452946,-0.56791914,-0.39779085
2019-08-12,-1.1534297,-0.7157899,-0.081594914,-0.8473623,-0.5255773,-0.3522888,-0.20722872,-1.0197387,-0.6269497,-0.9170771
2019-08-13,0.99705285,1.0707223,1.3851093,0.9944183,0.54758245,1.0834156,1.0886787,1.306153,1.2233474,0.6449054
2019-08-14,-2.2172015,-1.9802231,-1.6285149,-1.9237831,-1.5291455,-1.0302639,-1.0707462,-0.8736374,-1.2455124,-1.4817301
2019-08-15,0.33497173,-4.245261,-0.30119812,-0.26685673,0.21279539,-0.20445053,-0.31576234,0.07550449,0.2964298,-0.17447515
2019-08-16,0.8968039,0.74648476,1.0432281,0.8867819,0.8153051,0.7091766,1.0222949,1.1608493,-0.5309522,0.70178604
2019-08-19,0.6201339,1.5540645,0.88045496,0.80465734,0.21062179,0.6400612,0.5912784,0.82822675,0.31164035,0.051706597
2019-08-20,-0.99103254,-0.5356772,-0.044298287,-0.62241834,-0.80878556,-0.6535258,-0.14474545,0.59251744,-0.40404636,-0.37248537
2019-08-21,0.6251448,0.88488173,0.51583964,0.49924967,0.2145709,0.4957569,0.5900908,0.26185885,0.1827536,0.86465627
2019-08-22,0.0417855,-0.5531436,-0.09183488,-0.56288373,-0.0665928,-0.40256113,-0.3376894,0.15851335,0.08533579,-0.6093815
2019-08-23,-2.355969,-1.5362486,-2.484905,-1.9850204,-1.4365741,-1.7886994,-1.8112941,-2.1727216,-1.7385157,-0.8375282
2019-08-26,0.1935971,0.5135865,0.6197704,0.7113463,0.42621982,0.5197363,0.44251886,-0.4399512,0.33261257,0.92899054
2019-08-27,0.5540811,-0.26310268,-0.34208128,-0.012073845,0.17644708,0.17687248,0.13634814,0.4985181,-0.16756904,0.07270518
2019-08-28,0.77907836,0.11464604,0.27497607,-0.20998454,-0.40415496,-0.035834152,0.15952182,0.12478624,0.25031674,-1.1540909
2019-08-29,1.0443213,0.44297317,0.8418439,0.9347236,0.16621135,1.0063565,0.26237673,1.1087772,1.1291263,0.67076105
2019-08-30,0.34405276,-0.47805247,-0.13207065,-0.26499516,-0.11724522,0.5103427,0.030636836,0.63220817,0.52870476,-0.3659037
2019-09-03,-0.67922413,-0.2968802,-0.8143,-0.92310196,-0.1805425,-0.4865457,-0.79797006,-1.5749038,-0.4369251,-0.34671858
2019-09-04,1.048448,0.83960843,0.60358185,0.5111705,0.86700183,1.6637533,0.9439577,0.9960049,1.4358345,0.30069447
2019-09-05,2.210965,1.155942,0.96897966,0.86643964,0.7594303,1.0523031,0.7632837,0.95586795,0.59467703,0.46035323
2019-09-06,-0.16850369,0.46899483,-0.060298305,-0.5455792,-0.64922553,0.72443914,0.06270837,-0.17264149,-0.29028225,-0.46066535
2019-09-09,0.9622433,-0.23573247,0.16162716,-0.8197064,1.267212,0.5783561,-0.03587957,-0.4318268,0.3696545,-0.918721
2019-09-10,1.149302,0.70848626,0.54146594,-0.77595407,0.85244733,0.15964979,-0.06129019,0.18002622,-0.47124422,-0.54411256
2019-09-11,-0.6398505,0.8737048,1.5555788,-0.13117251,0.7166994,0.84305495,0.52352643,0.8841344,1.0184244,0.24061616
2019-09-12,0.015534498,-0.061470717,-0.16448453,0.44785,-2.0719275,0.14424911,0.5296486,-0.53978,-0.32893553,0.012309633
2019-09-13,0.021373307,0.12921578,-1.026598,-0.22012614,-0.14390245,-0.42731735,-0.24529544,-0.46068263,-0.00861792,0.02460963
2019-09-16,-0.5466481,-0.030802257,0.21676633,-0.5449501,-0.5404563,-0.31743833,-0.46101215,-0.29721782,-0.41815302,0.68924654
2019-09-17,-0.10116293,-0.5894206,0.10037707,0.30404958,-0.30847132,-0.32510346,0.42310944,0.27119642,0.13707803,0.27342874
2019-09-18,0.03385711,-0.03798374,0.41797006,0.33311996,-0.3194936,-0.26218036,-0.13048223,0.023579886,0.62417156,-0.82577735
2019-09-19,0.36283532,-0.11746657,-0.4770164,0.92032856,0.73792785,-0.21070613,-0.21232189,-0.4559871,-0.40978876,0.21987511
2019-09-20,-0.4824691,0.45691416,-0.81650245,-0.8313243,0.0754447,-0.8626457,-0.8302675,-1.0750523,-0.6624565,-0.5602569
2019-09-23,0.12466203,-0.16499849,0.1583398,-0.2924994,0.53330684,0.10698185,0.38523352,0.35269073,0.5560998,-0.11263622
2019-09-24,-0.15298435,-0.29940853,-0.3307837,-0.9300929,-0.6935058,-1.174749,-0.78790385,-1.1906954,-0.5676713,-0.90521723
2019-09-25,0.72164965,0.5694296,0.72312886,0.69977206,0.46382913,1.1413758,0.6941021,1.0293726,0.5315475,0.82020736
2019-09-26,0.20693763,-0.80030423,-0.33349413,-0.076910004,0.09778729,-0.16269384,0.099441424,-0.038900428,0.088144355,1.0225759
2019-09-27,-0.11646778,0.04668398,-0.31755367,-0.9289561,0.10686268,-0.20163162,-0.40072095,-0.48139507,-2.2995405,-1.0521977
2019-09-30,0.99587595,0.59202796,1.1838573,0.39926222,0.7844794,0.616814,0.6945149,-0.29207072,0.29377955,-0.2309944
2019-10-01,-0.7959759,-1.5976862,0.101992376,-0.9490815,-1.0649697,-0.7050196,-0.2625824,-0.5550919,0.009659938,-0.5945035
2019-10-02,-0.81274873,-0.95064634,-0.8064188,-0.9078502,-0.48411116,-1.0081342,-0.5044063,-0.7296244,-0.44844404,-0.8528976
2019-10-03,0.0742905,0.7009744,0.26233444,0.40797213,0.41240996,0.43123052,0.45533502,0.6469577,0.045121063,0.6738357
2019-10-04,0.31068256,0.38968122,0.86419564,0.46666542,0.7661644,0.5960943,0.34348276,0.6399667,0.70432264,0.5176842
2019-10-07,-0.7261991,0.2450365,-0.00012548534,-0.44459474,-0.2710511,-0.23551437,-0.38395798,-0.58673054,-0.22978073,-0.046931434
2019-10-08,-1.2647513,-1.199178,-0.36354852,-0.6342669,-0.57025164,-0.6972752,-1.1755116,-1.7808642,-1.0306315,-0.912726
2019-10-09,0.5241888,0.44717976,0.33059955,0.821509,0.48138037,0.55679864,0.71453553,0.67625123,1.0214461,0.471536
2019-10-10,0.5808881,-0.591237,0.3919982,0.19044499,0.6333097,0.45352066,0.055427153,0.22208956,0.03979969,0.064787015
2019-10-11,0.7039242,0.43205693,0.7172188,0.096476525,1.005646,0.74200994,0.7123807,0.8328275,0.46211934,0.47851053
2019-10-15,0.42084154,0.34289545,-0.10464815,0.6612477,-0.11459664,0.7766041,0.58941877,0.73383325,0.63216925,0.22108611
2019-10-16,-0.4164096,0.4526728,-0.13485509,-0.5729214,-0.3861433,-0.18461019,-0.7288526,0.12453186,-1.0712793,-1.0778211
2019-10-17,-3.6671667,0.26901394,0.110898465,-0.4128305,-0.66696274,-0.5008214,0.16686642,0.30028233,0.34730425,-0.58709145
2019-10-18,-0.08991041,-0.28262773,0.17931436,-1.0563551,-0.44070536,-0.44769928,-0.26060084,-0.7952466,-0.43329766,-0.639866
2019-10-21,-0.74320084,0.71118253,0.775515,0.281143,0.44775495,0.6045301,0.45186248,0.6162892,0.64034957,0.18943791
2019-10-22,0.6647808,0.1914692,-0.12742394,-0.9732084,-0.85497355,-0.13262649,-0.82043326,-0.36942992,-0.58018696,-0.98510087
2019-10-23,0.21202913,-0.47451168,0.6584594,0.22494593,-0.005075542,-0.29695952,-3.5372622,-0.7765357,-1.2249699,0.013131925
2019-10-24,-0.13193698,-0.65836555,0.027549624,0.99529624,0.101430774,0.41928852,-0.25206003,0.86285025,3.442351,1.3859521
2019-10-25,0.68689,0.5660071,0.57476956,0.18224265,-0.10148961,3.7033925,0.7799842,0.54073966,0.39439195,0.18711665
2019-10-28,0.27643815,0.32631806,0.45641854,1.277682,0.41393587,0.20096275,-0.23769979,1.4112027,0.8091418,0.03684167
2019-10-29,-1.0333376,0.10774388,-1.2763315,-0.6942373,0.12055467,-0.39372495,0.07036864,-0.81955737,-1.1186973,-0.008398459
2019-10-30,0.7084092,0.36480987,-0.056246273,0.57448304,0.022815282,0.16552404,-0.6543266,-0.20967342,-0.31336403,1.091576
2019-10-31,-0.7355392,-0.01566165,1.1359698,-0.6356275,-0.33139732,-0.09863157,0.03630568,-0.6280146,-0.7833972,-0.10188491
2019-11-01,0.8585965,-0.43581906,1.1373025,0.0024320146,0.38234714,-0.049037218,-0.019922502,1.5312089,0.77045643,-0.047066152
2019-11-04,0.9899266,0.4697373,0.19580492,0.18529886,0.31848243,0.7677076,0.9901916,0.6523478,0.10947979,-0.08172404
2019-11-05,0.08658856,0.30319932,-0.06532651,-0.16394895,0.13840029,-0.073591076,-0.42239413,0.088255204,0.012011853,1.7752652
2019-11-06,0.41428465,0.53159523,-0.013283189,-0.2919114,-0.0027819711,0.23727651,0.14206065,-0.51195717,-0.12812464,-0.31665218
2019-11-07,0.23645854,0.17762797,0.39844912,-0.055126566,0.18807574,0.29354516,-0.19257614,2.4825368,-0.0016809639,0.47832203
2019-11-08,-0.033932313,0.43815127,0.09982732,0.5318361,0.39904532,0.12711051,0.031049188,1.8069918,-0.021861717,0.22888947
2019-11-12,0.060288914,0.30126777,-0.0902554,0.23522046,0.106757976,-0.15494636,0.31253034,-0.5053743,-0.20641254,0.19266488
2019-11-13,-0.537165,0.12300489,0.45206687,-0.04557031,-0.33428016,-0.27539322,-0.26284397,-0.3322743,0.40540317,0.24672902
2019-11-14,-0.23052903,-3.6010246,-0.40931585,0.15116034,-0.12296031,-0.10356146,-0.36083317,-0.08971029,-0.1986238,0.12191708
2019-11-15,0.19479312,0.22403198,0.5636259,0.5915044,0.24324732,0.074547425,0.121630006,0.06223284,3.3254561,0.41422144
2019-11-18,-0.03461618,0.09947649,0.21684283,-8.60234e-05,-0.21615121,0.1827979,-0.08212558,-0.25085098,0.10192334,-0.07552312
2019-11-19,0.10772976,0.37373963,-0.20565331,-0.12151186,0.04360164,0.034251876,-0.058700435,-1.3144647,-1.0047749,0.48074326
2019-11-20,-0.64799327,-0.36757642,-0.5739516,-0.23319216,-0.050947588,-0.36847788,-0.6349492,-1.2471797,-0.79270375,-0.10186418
2019-11-21,0.32821387,-0.22833945,-0.2862634,-0.19923697,-0.028796425,0.2086425,-0.09125617,-0.349488,-2.3366063,-0.2163177
2019-11-22,0.26543078,0.04671372,-0.103132196,-0.10543281,0.12421035,-0.56777245,0.32571197,-0.2006327,-0.45190334,0.050682932
2019-11-25,0.8081461,0.6987621,0.8463506,0.49067134,0.12905471,0.928839,0.7444654,0.109220244,1.5873555,0.85357046
2019-11-26,-0.4069482,-0.12069963,-0.46113965,0.16150872,-0.06279415,0.018704353,0.007378869,-0.42185375,-0.5891559,0.3573027
2019-11-27,-0.62298584,-0.04437403,0.62504536,-0.038417317,0.07236345,-0.388626,0.98105305,-0.004428213,0.42562765,0.14595278
2019-11-29,0.3717514,0.120788306,-0.19072069,-0.5309633,-0.4643212,-0.47475752,-0.64497566,-0.7076537,-0.36402592,0.044820886
2019-12-02,-0.7464003,-0.6233358,-0.66174006,-0.8455681,-0.6277393,-0.3546436,-0.57816005,-0.6655792,-0.9326314,-1.0009531
2019-12-03,-0.3802993,-0.4258383,-0.9953895,-0.23630573,-0.7532252,-1.3376269,-0.4399865,-1.0822209,-1.0696865,0.14371847
2019-12-04,-0.05147025,-0.40039188,0.40802252,0.06542775,-0.18037252,-0.090710394,0.93374014,1.0321771,0.4605298,-0.22846031
2019-12-05,-0.012109476,-0.4144082,0.68608224,-0.123041615,0.2410052,-0.011797392,0.14454708,0.17272083,-0.27126282,0.05408148
2019-12-06,0.6821631,0.42403767,0.9223057,0.5641911,0.1248222,0.58640105,0.6023252,0.53338987,0.47229132,0.4603846
2019-12-09,0.38878518,0.11240465,-0.82507277,-0.31716913,0.45046857,-0.32813445,-0.18353978,0.46243852,-0.0862351,0.10039689
2019-12-10,0.029240541,0.2902757,0.22541977,-0.2554652,0.47740287,-0.02175547,-0.28826448,-0.48242652,-0.07158686,-0.49364117
2019-12-11,-0.042384997,0.26304588,0.36744082,0.06571652,0.4526731,0.35860863,0.8987671,1.3249413,1.639024,-0.099388875
2019-12-12,0.8199987,1.7481378,0.053688902,0.4494534,0.13266197,0.35570988,0.8797395,0.8975998,0.82607114,0.32460383
2019-12-13,-0.51932514,-0.40118313,0.6310853,0.34524634,-1.8833456,0.14349526,0.17922321,-0.6646483,-0.42370042,1.7782904
2019-12-16,-0.007332708,0.8588343,0.8152451,0.2288156,-0.53719753,-0.15365909,0.12837783,0.20060492,-0.024246369,0.8555248
2019-12-17,0.07568737,0.576455,0.028784253,-0.48294914,-1.1637396,-0.42510396,-0.029768018,-0.1381038,0.48228446,-0.16664878
2019-12-18,0.12764898,0.27245164,-0.2031928,-0.28470972,0.5361359,-0.1888824,-0.31998897,-0.24684417,-0.36600503,0.19902977
2019-12-19,0.106551655,1.4690046,-0.023289982,0.36116168,-0.16966136,0.63119537,-0.017883424,0.15653451,0.11175703,0.44876736
2019-12-20,0.5481229,-0.46040323,-0.18802883,0.4950509,0.3427498,0.79587555,0.93382525,0.08521528,0.6825982,-0.03193089
2019-12-23,0.0020274646,0.7304379,0.7743768,-0.14930987,0.085172914,0.1740146,-0.18519993,-0.2817074,-0.57492113,0.1590729
2019-12-24,-0.25567594,-0.30532435,-0.009917944,-0.16044812,-0.2723504,0.090846255,-0.04676559,0.063045725,0.19501318,0.06984812
2019-12-26,-0.012801205,0.11019643,0.9526759,0.33109763,0.10424891,0.2783655,-0.057700343,-0.26756915,-0.21377076,0.18770753
2019-12-27,0.19847986,-0.050673038,-0.0804363,-0.042724032,-0.12260418,0.15435818,-0.0062061553,0.10149642,-0.18074305,-0.08034315
2019-12-30,-1.1852008,-0.15681016,0.24646796,-0.6578329,-0.7383995,-0.430686,-0.37219277,-0.2678572,-0.24805884,-0.35731032
2019-12-31,0.59058625,0.39452726,0.28228423,-0.095046416,0.20628409,0.12922423,0.17335734,-0.1900933,-0.014817715,0.16645125
2020-01-02,0.64003366,0.8037351,0.70274997,0.87258846,0.74423444,0.6473013,0.37796995,0.12378184,0.6397908,0.57174784
2020-01-03,-0.529368,-0.7177288,-0.35078648,-0.81877565,-0.1825802,-0.53942114,-0.598608,-0.88508487,-0.704641,-0.37369746
2020-01-06,-0.11568363,0.20403819,0.37050235,0.008573846,0.21475956,-0.16534206,-0.3487185,-0.34816197,-0.9559079,0.22442243
2020-01-07,0.043273907,-0.272656,-0.2789095,-0.6587605,0.07610321,-0.7760459,0.80207384,1.1129235,1.0460865,-0.0695911
2020-01-08,0.53321934,0.06427198,0.67173713,0.7513453,0.14483307,-0.006027204,0.07807322,-0.21868186,-0.111078344,0.55666256
2020-01-09,0.61811244,-0.14969717,0.57105476,0.5196915,0.14869803,0.19604227,0.44071048,0.43386158,0.15117207,0.28009677
2020-01-10,-0.046877943,-0.1444359,0.048581112,-0.37019327,0.018588845,-0.27129817,-0.4461938,0.06667632,-0.38780457,-0.114057966
2020-01-13,-0.06566784,0.82120275,0.56213295,0.50736904,0.06348269,0.4138125,-0.05008231,0.22380221,0.12412216,0.6853914
2020-01-14,-0.38186833,-0.13018177,-0.38564193,-0.487545,0.18510436,-0.13082312,0.18528561,-0.2617812,0.24001415,-0.1561562
2020-01-15,0.35311982,0.24225365,-0.138825,0.22056349,-0.12487908,-0.36608917,-0.5110285,-0.4932809,-0.3414351,-0.24443866
2020-01-16,0.6041972,0.9971344,0.33270448,0.8452396,0.47363028,0.4643909,0.27647322,0.8551892,0.6915171,0.26986992
2020-01-17,0.14237279,0.006762621,0.38841504,0.17693917,-0.26596555,-0.07465777,0.46149832,1.7546185,-0.30715677,0.517573
2020-01-21,0.3827052,-0.17054118,-0.24413078,-0.3273382,0.039086614,0.62460667,-0.30509844,-0.6906729,0.1295116,0.000729959
2020-01-22,2.1465976,0.28948933,0.11315783,-0.39993885,-0.42687586,1.4549992,0.7612999,-0.7998239,0.33774677,-0.02282937
2020-01-23,-0.46933886,-0.028370535,0.11821281,0.19902472,0.15873404,0.34826013,0.23849587,-0.50219446,-0.08268396,0.1696169
2020-01-24,-1.0067552,-0.09541183,-0.09550955,-0.614787,-0.6859917,2.9783804,-1.0967468,-1.0305444,-1.1519126,-0.08150433
2020-01-27,-0.8373188,-1.1300987,-0.93734086,-0.89890605,-1.0048686,-1.5575345,-1.212317,-1.0935854,-1.7493331,-0.521924
2020-01-28,0.31984317,0.27498373,0.8763295,0.7531251,0.4732143,0.85444725,0.44119596,0.69930625,0.55187386,0.7389657
2020-01-29,-0.795172,-0.5680053,0.64614826,0.5992451,-0.22082229,-0.5510107,-0.73413116,-0.42060885,-0.28080878,-0.34684604
2020-01-30,-0.42635253,0.19844815,-0.052728612,1.2035217,0.035741903,0.060467254,-0.07750607,-0.25481918,0.17063665,0.50654
2020-01-31,3.0084536,-1.1510707,-1.2836065,-0.8807528,-0.6867077,-1.5525827,-1.2363076,-1.1784737,-1.4841522,-0.6882185
2020-02-03,1.0321947,0.5574489,-0.089270175,1.101948,0.44211233,0.27497116,0.8410079,0.4315514,0.98952097,0.75326544
2020-02-04,1.100002,1.0066501,0.9702458,1.4685365,0.6413758,0.59,0.89104635,0.9320493,1.8213507,0.91209114
2020-02-05,2.7967696,0.7698548,0.22961631,-0.1762871,0.4622245,1.0690849,1.7246968,0.732347,0.36756876,-0.16733527
2020-02-06,0.1491859,0.25558823,0.30465773,0.9644126,-0.05695488,0.021298632,-0.010390534,-0.22112305,-0.44514748,0.18764196
2020-02-07,-0.7337311,-0.64129984,-0.43340653,-0.051810507,-0.024190668,-0.6899769,-1.2506663,-1.5674103,-0.99255663,-0.19387624
2020-02-10,0.39861488,0.87126553,0.11907175,1.2588656,0.1726982,0.19907683,0.2657609,0.45417166,0.6536071,0.42230713
2020-02-11,-0.4109421,0.27108616,-0.1773324,-1.3307295,0.08490382,0.58551276,0.2907505,0.5361208,0.8191201,-0.11685654
2020-02-12,0.74325824,0.77106786,0.7324922,-0.04971821,0.41593593,0.00033696037,0.5094044,0.6929682,0.46084026,0.5529076
2020-02-13,-0.42634267,-2.4740787,-0.3640878,-0.441174,-0.36564508,-0.048773807,0.08892147,-0.8896435,1.1018434,0.035827436
2020-02-14,-1.548943,-0.3164473,-0.027225763,0.3678512,0.10716745,-0.15002786,-0.23885979,-0.30087483,-0.39439735,0.5361422
2020-02-18,0.17826608,-0.35411647,-1.0192038,0.43889293,-0.040104058,-0.8011505,-0.36869225,-0.85796875,-0.9869472,-0.12129959
2020-02-19,-0.10448258,-0.27052537,0.6925903,0.032461498,-0.03341644,0.599085,0.5902885,1.1257697,1.2637863,0.48417994
2020-02-20,0.1665863,0.6207147,-0.5919355,-1.0338069,0.039081916,-1.1993774,-0.6098365,-0.61571336,-0.6973116,-0.52459645
2020-02-21,-0.58593005,-0.55179864,-1.2425689,-2.019544,-0.7580075,-0.86056376,-1.0866641,-1.2773778,-1.4162898,-0.7323258
2020-02-24,-1.5000125,-2.4462607,-2.6114988,-2.6937313,-1.8297395,-1.9290257,-2.6129065,-1.9721036,-2.1460116,-1.9008363
2020-02-25,-2.132612,-1.3082144,-1.4000529,-1.0588979,-1.4602404,-1.4437532,-1.1272503,-1.6971561,-1.5301417,-1.223468
2020-02-26,-0.9100776,-0.59039223,0.5148458,0.55157816,0.88094616,-0.08683223,0.10829623,-0.38459477,0.533936,0.40948752
2020-02-27,-3.1046424,-2.287572,-1.9258488,-4.0503654,-1.0677394,-2.7183158,-2.037238,-2.0324533,-1.9120916,-1.7551316
2020-02-28,-1.4224627,-0.08644784,-0.027886588,1.1254073,-1.1058649,-0.24630313,0.32013246,1.1125276,0.6413622,0.8982456
2020-03-02,1.9633242,1.4089925,2.474545,3.3235683,1.1648191,1.870207,1.6590668,1.0622218,1.2244295,1.8075036
2020-03-03,-2.5553956,-1.1828876,-0.9054264,-2.6537583,-1.6898398,-1.551646,-1.780165,-1.057848,-1.4054329,-1.4346521
2020-03-04,2.008194,1.1975596,1.3980526,1.3533863,1.0945768,1.5677317,1.3999226,1.3588861,1.1933032,1.3540633
2020-03-05,-1.9245969,-1.633557,-1.0392835,-1.1716554,-1.8356993,-1.0457625,-1.2457707,-1.080835,-0.8017212,-1.2542012
2020-03-06,-0.75525594,0.12543383,-0.4074167,-1.2064794,-0.48256907,-0.70014447,-0.43933833,-0.684463,-0.73572606,-1.3294345
2020-03-09,-2.9881222,-0.9928928,-1.7907118,-1.9094343,-0.8016228,-2.1082804,-1.6394892,-1.403436,-2.1135545,-2.1063294
2020-03-10,1.3071054,0.99662787,1.0244464,1.1178545,0.97118086,1.0496606,1.2576977,1.2657502,1.0721637,1.2644871
2020-03-11,-1.3422776,-1.304273,-0.5006566,-0.86218756,-1.6436291,-0.6977035,-0.8428499,-0.9373607,-0.9244827,-0.8649897
2020-03-12,-3.1348336,-1.820424,-1.4597031,-1.760403,-2.2383893,-2.0040398,-1.4529234,-1.7452819,-2.022395,-1.5852767
2020-03-13,1.0887012,2.1678343,1.6023685,2.2249167,3.3885362,2.9223337,1.49241,1.9027002,1.6270282,2.451022
2020-03-16,-1.9890414,-1.8307565,-1.950014,-2.8140326,-2.2315452,-3.1697893,-2.091897,-2.634425,-3.062485,-2.4999332
2020-03-17,1.6594746,0.89435405,0.61456525,1.3107866,1.6891959,1.8629435,2.1859887,1.0120174,1.3637675,1.2796936
2020-03-18,-0.5956541,0.86877984,-0.37957966,-0.8554216,0.1386678,-0.89358443,-1.0676407,-1.9243052,-1.8209479,-0.96049327
2020-03-19,-0.84279054,0.46313098,-0.22524594,0.36932278,-1.0937899,-0.74587053,0.70702696,1.132627,0.6706106,0.914252
2020-03-20,-1.0777446,-1.046536,-1.0121548,-0.76626396,0.21503584,-0.012810271,-0.6826267,-1.073673,-0.71725726,-0.6938186
2020-03-23,-0.022645697,-0.5522583,-0.3869543,-0.27958614,-0.6609564,1.6579413,0.3308278,0.40383112,0.945405,0.6724352
2020-03-24,2.7209594,2.1921303,1.5917537,1.6705489,1.51338,1.1106389,1.5123938,0.7150889,1.7678486,0.11406909
2020-03-25,0.18220575,-0.43746448,-0.085784666,-0.24320652,-0.79542154,-0.37877968,-1.1142495,-0.6380776,-0.045697987,-0.25883037
2020-03-26,1.4837893,1.3759786,0.7699752,1.0370399,1.7162778,1.430706,1.6214472,1.3793455,1.3544024,0.80478364
2020-03-27,-0.92726785,-0.7986825,-0.65069395,-0.8343736,-0.2686363,-1.0424509,-1.2620769,-0.59806716,-1.1611962,-0.9087923
2020-03-30,1.0368711,0.7135227,0.42454654,1.1646482,0.16635883,1.035493,0.35119763,0.535785,0.71581084,0.59657365
2020-03-31,-0.32182354,-0.48692274,-0.03824685,-0.4033036,-0.8329657,-0.45456725,-0.3065526,-0.38375375,-0.34837836,-0.042959858
2020-04-01,-1.145442,-0.44018915,-0.83116513,-0.72502404,0.12162898,-0.7397653,-0.5081996,-0.45270965,-0.7211436,-0.93009025
2020-04-02,1.3717302,1.0293648,0.29923674,0.37716126,0.43457004,1.016652,1.2880542,0.49873915,0.10715998,0.12997305
2020-04-03,-0.77551943,-0.29264393,-0.19531399,-0.20305684,-0.192805,-0.055526514,-0.31004775,-0.7006833,-0.2959405,-0.5710135
2020-04-06,2.4739208,1.2330155,1.6238321,1.6276957,0.9433811,1.5540651,1.7280226,1.6057723,1.5227132,1.5791899
2020-04-07,0.016052336,-0.30428758,-0.16000588,-0.23674725,-0.32106262,-0.001165563,-0.4012248,0.37611517,0.4109952,-0.54876465
2020-04-08,0.8344115,0.48116767,0.36513242,0.12605031,0.5418768,0.17545964,0.671181,0.099217184,1.071478,0.36372837
2020-04-09,0.43255386,-0.19816126,0.11406024,-0.04232228,0.34536144,-0.5022846,-0.36019236,-0.42534277,-0.50757223,0.036681183
2020-04-13,-0.020999275,0.035987824,0.28868818,-0.007860995,-0.105099246,0.47563925,0.057498284,0.34157094,0.11618048,0.056045495
2020-04-14,0.521843,0.6693412,0.70936143,0.7852567,0.31958997,0.56205004,0.5817162,0.8521099,0.7069112,0.89563435
2020-04-15,-0.9010511,-0.5233099,-0.13449903,-0.24602301,-0.31950405,-0.5118789,-0.43435323,-0.35699043,-0.50335485,-0.43141544
2020-04-16,-0.51014614,0.018704327,0.12218292,0.46687123,0.15294003,0.5595886,0.6147219,0.1458832,0.5233578,0.4260921
2020-04-17,0.83604574,0.42225432,-0.18275282,0.105520345,0.2768786,-0.10173966,0.37533286,-0.16901156,0.26512846,0.024121698
2020-04-22,0.5132732,0.54517955,0.4182817,0.53526115,0.30868652,1.1091561,0.9065599,0.5770878,1.0534911,0.32384792
2020-04-23,0.7762932,-0.08196051,-0.115966566,-0.5487172,-0.23411855,-0.5787347,-0.4277206,-0.3883899,-0.73397326,-0.1662265
2020-04-24,1.8334748,1.1540644,1.4030565,0.9202979,1.003104,0.123279795,1.429867,1.1657442,0.5890206,1.1492989
2020-04-27,0.68482614,0.7374053,-0.044426747,-0.3359121,0.34565204,0.10661284,0.74888706,-0.11765289,-0.6558814,0.59014475
2020-04-28,0.060967,-0.31660676,-0.39270982,-0.7935288,-0.13777177,-0.3131343,-0.3291195,-0.25595868,-0.31211007,-1.0839134
2020-04-29,0.66804385,0.49738553,0.7433632,1.1428403,0.2877897,1.2028067,1.003517,0.9928116,1.5189017,0.9846078
2020-04-30,-0.6931929,-0.65734607,0.72547746,0.24535164,-0.41301817,-0.60777074,-0.42571032,-0.18389809,-1.1674104,0.3439848
2020-05-01,-0.67329216,-0.73309594,-0.3307559,-0.68924856,-0.47363043,-0.85338044,-0.9493388,-0.7443966,-0.723905,-0.5659404
2020-05-04,0.08051527,0.24485283,0.23889765,0.42730922,-0.032629192,0.22055577,0.27104908,-0.029391872,0.3103157,0.22530812
2020-05-05,0.24182223,0.08090586,0.23499908,0.14499274,0.08224063,0.2654243,0.26706725,0.3724251,0.43046322,0.28388444
2020-05-06,0.105561174,-0.110782444,0.17006248,0.1420084,-0.1203294,0.22328721,0.15269233,0.23998599,0.47251448,0.2563232
2020-05-07,-0.08982372,0.11475158,0.17058438,0.06529584,0.2487273,0.0019957952,0.20549087,-0.041567773,0.20312728,0.15542369
2020-05-08,0.3581263,0.6924589,0.37422663,0.06604154,0.33139232,0.14637639,0.22143696,0.33916152,0.6946552,-0.0053044907
2020-05-11,-0.1516502,0.18371162,0.31937665,0.21206588,-0.06662396,0.16138047,-0.018779485,-0.059899703,0.037691917,0.17186147
2020-05-12,-0.6603107,-0.025065823,-0.21003745,-0.5836082,-0.61274195,-0.5871303,-0.5541534,-0.5417126,-0.5789445,-0.3678212
2020-05-13,-1.8401688,-0.9051318,-0.3479592,-0.6256021,-0.4209157,-0.34808803,-0.69106734,-0.19942683,-0.4945886,-0.55437493
2020-05-14,0.43476135,1.4089669,0.17837007,0.07278112,0.70212525,0.68821603,0.317736,0.57003284,1.4376289,-0.29160625
2020-05-15,-0.0124019785,0.45314392,-0.17480135,0.6278918,-0.028656734,-0.5636959,-0.796979,-2.134212,-1.7436942,1.1104699
2020-05-18,2.5172997,0.8761253,1.1720818,0.40432644,0.17598514,1.1886754,2.423447,2.2173307,1.6555952,0.29379874
2020-05-19,-0.672511,-0.50887024,-0.37708384,-0.5753255,-0.8365564,0.24427333,-0.77756864,-1.0665561,0.7497351,0.5159818
2020-05-20,0.64195853,1.0515031,0.93529785,0.6710678,0.55267423,2.264348,1.9894245,1.2567606,1.1147734,1.4321012
2020-05-21,-1.2805761,-0.96856195,-0.49889156,-0.9056097,-0.7434932,-0.9876349,-1.7416731,-1.5046111,-1.4307574,-0.2271402
2020-05-22,-0.4006029,0.35960573,0.23603058,-0.14573908,0.38192204,0.13465403,-0.0435852,0.3105977,-0.53829575,0.3458158
2020-05-26,1.9771004,-0.038539138,-0.45342526,-0.8135128,0.14190567,-0.013711007,0.94916624,-0.4512857,0.47416204,-1.160247
2020-05-27,2.202139,1.4142613,0.12558873,-0.09233583,0.39890736,0.8632383,0.84402806,0.6266577,0.80576634,-0.23071001
2020-05-28,-0.5155203,-0.39992005,-0.05861222,-0.2989531,0.40507063,-1.6008714,-0.84915864,-0.7142756,-1.3705745,0.5726183
2020-05-29,0.16593213,1.4617678,-0.40523708,0.34536597,0.20896952,1.2389977,0.76180184,0.8413354,0.8544956,0.9732174
2020-06-01,0.07834141,-0.97864115,0.5782814,-0.3845615,-0.64508986,-1.0473613,-0.37864554,-0.4756838,-0.52098167,0.20270231
2020-06-02,0.3256438,0.39256424,0.0025525498,0.38588294,0.22890465,0.24156311,1.3192698,1.5308307,-0.105350144,-0.23583183
2020-06-03,0.7948029,0.044849344,0.06606459,-0.09834092,0.2534294,-0.1723634,1.1861,-0.04919765,1.1616894,-0.5160084
2020-06-04,0.020828074,-0.038068224,-0.87679255,-0.9158305,-0.5784295,0.94692874,0.27935135,0.53198135,0.03327779,-1.10028
2020-06-05,0.7478717,0.61263424,1.3232155,0.8606468,0.86461353,1.0398715,0.7035359,0.74758375,1.0474769,0.74086773
2020-06-08,0.87306917,0.19928582,0.08596303,0.10713111,1.0064112,-0.60912645,0.28162372,0.77092046,-0.3430898,0.4934475
2020-06-09,-0.8473346,-0.034146454,1.3948531,0.15529044,-0.7545391,-0.5362775,-0.27515563,-0.60450435,-0.1953546,-0.28253248
2020-06-10,-0.43899286,-0.3717363,1.0882174,1.3560777,-0.12079776,0.55458295,-0.2697417,0.34496978,-0.09378769,0.9353564
2020-06-11,-2.8400862,-2.39328,-2.8251169,-2.5076168,-2.2495387,-3.3026593,-1.987468,-2.4373853,-2.7152512,-2.5696876
2020-06-12,1.2251842,1.0395355,0.22006422,0.16441658,0.32276514,-0.3386785,-0.24499181,0.4499826,0.54330724,1.5165073
2020-06-15,-0.084041715,0.23246986,0.3974415,0.11418595,0.963756,0.43836474,0.04627196,0.44247076,0.18448195,-0.50565296
2020-06-16,1.1368744,0.8447038,1.0229839,0.80861217,0.8868125,0.11882522,0.5575835,1.2555188,0.7211893,0.745735
2020-06-17,-0.32202995,-0.20797095,-0.22623833,-0.0021644034,-2.3767607,-0.023751553,-0.0042570587,0.109524146,0.68700725,0.054732587
2020-06-18,0.008464279,-0.24143319,-0.13909124,0.2912556,1.5836334,-0.3601527,-0.113900356,-0.07587897,0.10834172,0.4566931
2020-06-19,-0.54592204,-0.35784772,-0.4245136,-0.37221923,0.4277695,-0.39677423,-0.38645938,-0.5290834,0.20075728,0.49393675
2020-06-22,-0.47746095,-0.10255842,1.0139712,0.95140165,0.43630826,0.23355898,0.07216849,0.07067337,0.07131234,0.71004504
2020-06-23,-0.66046107,0.2820873,0.8274739,0.14091639,-0.031077588,-0.2008647,0.43412286,0.031740926,-0.32037222,0.06818907
2020-06-24,-1.393781,-0.647093,-0.99249285,-1.1029396,-0.70364887,-0.6644023,-0.95514584,-0.17471041,-0.57345384,-0.7468838
2020-06-25,1.546436,0.5741473,0.56321317,0.5410289,0.03245731,-0.5373434,0.38146755,-0.17100257,-0.07820264,0.465012
2020-06-26,-0.99215657,1.1928469,-1.7106291,-1.2477102,-0.390154,-0.85272133,-0.66234046,-0.5569163,-1.0582389,-0.95858026
2020-06-29,1.4791794,-0.14406864,1.0474046,0.42453372,0.49501398,0.50959826,0.505614,0.42593357,0.34075975,-0.3137645
2020-06-30,0.34832793,0.37674612,0.21409447,0.85315144,0.2766654,0.989733,0.65957165,0.8482819,0.6427779,0.7574274
2020-07-01,-0.93740654,-0.46915933,-0.23521125,0.110597186,0.089874215,-0.7872694,-0.77045506,-0.7317131,-0.51201636,0.2660851
2020-07-02,0.38165158,-0.032023557,-0.16811799,0.15629461,0.22499712,0.13864645,0.27561155,0.7730816,0.59392035,0.1405828
2020-07-06,0.16616353,0.5913191,1.03313,0.6923183,0.36995542,0.19800848,1.1153742,0.35357818,1.1570123,0.61917955
2020-07-07,-0.9472193,-0.5859757,-0.29922813,-0.61124647,-0.2958357,-0.9294595,-0.33057615,-0.3947881,-0.7477191,-0.31246442
2020-07-08,0.05741096,0.16721539,0.90616965,0.7673873,0.17215963,0.12201058,0.18025494,0.53440243,0.21447365,0.51336676
2020-07-09,-0.8546548,0.7756215,0.052970245,0.15987268,0.57703865,-0.21846431,0.35447127,-0.195287,0.28638786,0.15453422
2020-07-10,1.2714592,-0.011000216,-0.057095706,-0.29448792,-0.18968393,0.6938509,0.005021514,-0.4188115,-0.5700851,0.32888603
2020-07-13,0.3911634,-0.6192672,-0.36232194,-1.5735128,-0.37741694,-0.74730784,-0.60423654,-0.6194316,-0.6691322,-1.7895176
2020-07-14,0.69736606,0.34174243,0.65972716,0.14483762,0.2814969,0.19872777,1.0293798,0.4290803,0.48475945,-0.7504847
2020-07-15,1.2012315,0.16364837,0.20035714,-0.23165733,-0.5618199,-0.051314257,0.061408926,0.0063037407,-0.33070648,-0.12126988
2020-07-16,0.5164784,-0.5878407,-0.7455699,-1.1680071,-0.7610504,-0.00795951,-0.017403096,-0.7304834,0.049385834,-0.62233984
2020-07-17,0.5701487,1.0083089,-0.2337286,-0.42373332,-0.8867245,0.53353184,0.56268734,0.4263599,-0.10769164,0.47166476
2020-07-20,0.6992561,0.26884308,0.9475519,2.1616423,0.4123807,0.7642543,0.91222507,0.37879845,0.74841523,2.055903
2020-07-21,-0.13897394,0.084418915,-0.83942276,-0.9128113,0.4142874,-0.41755325,-0.408905,-0.4976875,-0.038614176,-1.042576
2020-07-22,1.3698118,-0.09572465,0.014353375,0.6057229,0.028918587,0.16639546,-1.0581813,0.063243374,0.14716497,0.015012931
2020-07-23,-0.696695,0.60542506,-2.5641823,-2.7307622,-0.29023668,-0.5828736,-1.3091575,-1.5258511,-0.4324029,-1.3809847
2020-07-24,-0.8243317,-1.1773388,-0.23673446,-0.54374075,-0.14294505,-8.889504,0.1919337,-0.4620578,-2.0181124,-0.20387305
2020-07-27,0.26987055,0.991928,1.1621735,0.5982268,-0.33753684,-1.1117039,0.9007113,1.7169858,1.478638,0.74343497
2020-07-28,-0.9272424,-1.0621195,-0.97843117,-0.71640366,-0.015679084,-0.42093587,-0.7780907,-0.6600242,-0.54828227,-0.5890248
2020-07-29,0.49358374,0.5471839,0.92146266,0.44614393,0.31961882,-1.3083299,0.5245191,0.63354445,0.53856766,0.42160377
2020-07-30,-1.2762966,-0.2791028,0.5544307,-0.20556617,-0.45163622,-0.15580381,-0.726188,5.8483243,0.6717146,0.25335756
2020-07-31,0.05106272,0.79401505,5.105013,0.16854365,0.1721882,-0.34368885,-0.54024076,-0.70906204,-0.14432178,0.5515487
2020-08-03,0.758823,0.10282353,1.2190163,3.096323,0.47470778,0.53120047,0.61749274,1.468466,0.34776348,0.3506011
2020-08-04,0.83513135,0.6016307,0.2780662,-1.0514212,0.00063025265,0.79023683,1.0211489,0.43081012,-0.18835813,-0.1328951
2020-08-05,-0.1779215,-0.34449008,0.11915865,-0.2526243,-0.4870409,-0.281991,0.1315674,0.07882615,-0.07378762,0.24261172
2020-08-06,0.3787335,0.5229946,1.7049417,0.7906068,-0.22380081,-0.08426011,0.33333552,-0.2128144,-0.8968927,1.4444474
2020-08-07,0.270064,-0.33093634,-1.2435416,-1.2135775,-0.063957654,-0.6064657,-0.10268747,-1.1759536,-0.11249195,-1.4575894
2020-08-10,1.1343714,0.34780866,0.69754994,-1.317614,-0.27717993,1.1041241,0.59375125,-0.84785557,0.9702786,-0.6469625
2020-08-11,-0.16466509,-0.5470063,-1.6134635,-1.5431861,-0.6384666,-1.0926454,0.17865968,0.8835682,-0.581207,-0.84934926
2020-08-12,0.002137972,1.0539682,1.6257541,1.5253075,-0.11471231,0.9723675,0.8688932,2.513922,1.202057,1.044866
2020-08-13,-0.8618247,-6.4718585,0.8442837,-0.30119184,-0.16857749,-0.7332512,-0.560829,-0.9554903,-0.98475724,0.47228363
2020-08-14,0.1482637,-0.22926633,-0.105668105,-0.09337447,0.15029941,0.27378115,0.0291498,0.033237282,1.4946828,-0.2669973
2020-08-17,-0.41471297,-0.46304294,-0.19499445,0.23812777,-0.21518205,-0.018602524,0.2785254,-0.67447346,-0.50264937,0.37502697
2020-08-18,0.27876416,-0.1005649,0.36424902,0.18788193,1.1021519,-0.34681183,0.31284872,-0.14519136,-0.40210357,1.1632689
2020-08-19,-0.54775536,-0.101213776,0.0008219816,-0.5128165,0.92502433,-0.39069086,-0.32245737,-0.46273312,-0.29904333,-0.172732
2020-08-20,-0.3429527,0.6013127,1.071526,1.2219242,-0.91273874,0.80908537,-0.0062444285,-0.2298181,-1.4139537,1.6280622
2020-08-21,0.036923006,-0.040868558,2.5557177,-0.5975352,-0.08688207,0.043330975,0.57350576,0.79080075,-1.0837598,-0.5554309
2020-08-24,1.3702502,-0.051895723,0.54764277,0.03268437,0.75169986,-0.20861475,0.19616535,0.98027766,0.8781179,0.27494547
2020-08-25,-0.5244049,-0.24548201,-0.5006772,0.6173303,0.056982063,0.23098107,0.18030734,-0.071973145,0.114265695,0.7704069
2020-08-26,-0.22231388,0.41467845,0.6322933,1.1297619,1.3038697,0.05185912,0.23305374,-0.05271194,-0.27387694,4.1610603
2020-08-27,0.28670827,0.08715731,-0.69674623,1.2951943,-0.30381075,-0.22215673,-0.3630269,-0.093782894,-1.2245367,-1.6700759
2020-08-28,0.24434389,-0.074174225,-0.14420985,0.45327592,0.6007184,0.95674235,0.6223521,0.69825214,0.5980115,0.51402384
2020-08-31,-0.91146296,0.061096296,1.6575636,-1.0395523,-0.6154285,0.4516203,-0.48659372,0.23105189,-1.0614012,-0.29921913
2020-09-01,0.07512235,-0.20199022,1.9516779,0.30335706,0.38002583,-0.22203816,0.89507115,0.92701334,0.107526034,1.2633022
2020-09-02,2.5499446,0.5274896,-1.1528572,0.983341,1.2105314,1.3656502,0.8388174,0.5374714,1.9918333,0.48621368
2020-09-03,-1.9284022,-1.8289585,-4.380911,-3.9591482,-1.7482089,-1.8879069,-2.0092041,-2.4557948,-2.4520664,-2.3311787
2020-09-04,-1.1265124,-0.1319066,-0.032274123,-0.9943867,-1.2803077,-0.37430707,-0.4443608,-0.2541968,-0.4241312,-1.488349
2020-09-08,-0.5757868,-0.9579595,-3.7064624,-3.368881,-0.37604812,-1.1426876,-1.5008298,-2.45977,-3.795835,-2.7819855
2020-09-09,0.51691467,0.1795124,1.0522462,2.082868,1.1629263,0.55260706,1.0321265,1.4276373,-0.37479872,1.5281527
2020-09-10,-0.9177234,-0.61761427,-1.4438198,-1.7233623,0.26598978,-0.60356885,-0.8110314,-0.6870109,-0.14234161,-0.32322425
2020-09-11,0.45118994,0.38661116,-0.39088503,-0.4790075,-0.27520928,0.23692179,-0.28183728,0.26293463,-0.16672577,-0.47823355
2020-09-14,0.33136043,0.60523313,1.3294979,0.2439701,1.8622038,0.077201776,0.6423967,-0.0791445,0.946251,1.3078394
2020-09-15,0.17903455,0.29933003,0.0386015,0.7779403,1.0647622,0.47159606,0.61351097,1.0620861,0.42580232,1.0205454
2020-09-16,0.95204574,-0.17862107,-1.6289004,-1.1773168,-0.416973,0.2889117,-0.34684592,-0.8493132,-0.60241085,-1.9857997
2020-09-17,0.39459825,-0.028564792,-0.89113027,-0.7719738,-0.23018628,-0.10994831,0.20424893,0.028749857,-0.18162964,-0.18709761
2020-09-18,-1.144688,-0.73166895,-1.7740467,-0.9143359,-0.4056135,-0.5131875,-0.64201933,-1.6423917,-0.2258768,-0.7203021
2020-09-21,-1.3586217,-1.0335177,1.4914047,0.48346373,0.9318959,-0.24696438,-0.6277186,0.3776482,0.7661393,0.79546845
2020-09-22,0.17331763,0.42015964,0.73984843,1.2680095,-0.19209838,0.16664164,0.5447908,0.61893296,0.32289758,1.0601512
2020-09-23,-0.902171,-1.3787409,-2.2803984,-2.1447253,-1.4607015,-1.2135948,-1.2546018,-1.3056474,-0.54596204,-1.6038724
2020-09-24,-0.3864599,-0.56310916,0.4610692,0.612714,0.2820914,0.28465396,0.4998389,0.5233352,0.3015911,-0.2941184
2020-09-25,0.50892,0.8710222,1.8385493,1.1879189,0.42050147,0.7286205,0.52868766,0.76831543,0.22707695,1.1595011
2020-09-28,1.566049,0.9751464,1.1548498,0.30825186,-0.21217178,1.4239414,1.2025743,1.3422807,0.7085925,0.81743693
2020-09-29,-0.4042803,-0.059939682,-0.46597597,-0.7822683,-0.115844466,-0.30552813,-0.1871061,-0.47401837,0.11514193,0.052333392
2020-09-30,0.4139468,0.4595261,0.7160892,0.714182,0.17344977,0.4972138,0.3829058,0.017649407,-0.22419633,0.07594281
2020-10-01,-0.28973848,-0.2740926,0.36985272,0.44514808,-0.03518123,0.379315,0.6621656,0.56491625,0.7386571,0.8156332
2020-10-02,-0.28866404,-0.601657,-1.3587878,-1.8023642,-0.659405,-1.0410075,-1.1802682,-1.553644,-1.6895833,-1.8675216
2020-10-05,0.7356003,0.3878828,0.86809343,0.9587367,0.48722184,0.5122481,0.82899404,1.6598121,1.4510616,0.63470066
2020-10-06,-0.024224171,0.034840297,-1.464828,-1.3528372,-0.06405246,-0.30713236,-0.10879835,-0.4451603,-0.21682824,-0.7104027
2020-10-07,1.1411829,1.1146592,0.8098609,0.95888,1.0842297,1.1547145,0.8927891,1.1338513,0.39955094,1.278906
2020-10-08,3.8248138,0.52156734,-0.10190507,0.06274671,0.22033134,0.56976885,0.3682178,-0.33426544,0.8871126,-0.23198551
2020-10-09,-1.8585023,0.11452869,0.8249921,1.3018715,0.20164898,-0.5785241,0.8663969,0.7740518,0.365875,1.0167247
2020-10-13,-1.0830165,-0.643339,-1.4531765,0.23764369,-0.40997484,-0.093748815,-0.16168813,0.16751066,-0.08025509,0.27060407
2020-10-14,0.46912712,0.14162257,-0.027446076,-0.68900955,-0.026384952,-0.32520565,-0.57210606,0.70308685,-0.54251814,-0.74614143
2020-10-15,-0.5297498,0.1452539,-0.2814561,-0.48519713,-0.40447024,0.2152126,-0.10689893,-0.5072367,-0.39141983,-0.514046
2020-10-16,0.5809237,0.29032272,-0.80257416,-0.15587409,-0.21867327,0.22392496,0.14116053,0.059676893,-0.4200289,0.12951788
2020-10-19,-0.18885428,-1.107257,-1.4036334,-1.6453447,-0.5989593,0.32393122,-0.7796842,-0.2869573,-0.7144974,-0.7295926
2020-10-20,-4.4030657,-0.09699755,0.6118854,-0.033161208,0.09402927,-1.1205299,-0.016906466,-0.12816013,0.052811675,-0.081785604
2020-10-21,-1.2869421,-0.15150407,-0.34608802,-0.1111486,-0.08699791,0.0028390018,-1.5432428,-0.006405302,-0.18617573,0.10261445
2020-10-22,0.40742898,-0.26469162,-0.5562003,-0.11841592,-0.005511596,0.29565126,0.6039668,-0.15083067,-0.35417226,-1.1371471
2020-10-23,0.15227209,0.035133313,-0.3729946,0.21683118,0.15339385,-5.3619986,0.49970835,0.0743789,-0.5859133,0.42281842
2020-10-26,-2.1652613,-1.4173229,-0.042378966,-1.8051773,-1.9626638,-1.460745,-1.2613271,-1.001468,-1.0497389,-1.2410665
2020-10-27,-0.97648317,-0.96570766,0.5705673,0.7061598,-0.34634918,-1.0359695,0.30652794,-0.19228226,-0.53755456,0.28039542
2020-10-28,-2.352993,-1.514868,-2.55118,-3.078652,-1.2785193,-1.4585407,-1.3245289,-1.6041592,-1.136154,-2.0588148
2020-10-29,1.3378392,0.009220164,1.2674346,0.42085618,0.30329666,-0.16391064,1.1961839,1.5490723,1.3613601,0.36228842
2020-10-30,1.5944173,0.30431533,-2.0826917,-0.7411699,0.03944008,0.12876661,-0.50225985,-1.1264861,-0.26129404,-1.3769568
2020-11-02,0.67141044,0.034916513,-0.035069074,-0.16034281,0.21325612,0.13645707,0.24571028,0.107920796,0.60696805,-0.23931272
2020-11-03,0.7112426,1.0383378,0.66618675,0.99317116,0.24893229,0.338852,0.46412805,0.41293418,0.88129467,0.858652
2020-11-04,-1.3082337,-0.107440956,2.016765,2.5463364,-0.27572486,0.7862058,1.3557627,1.0981629,1.8190264,3.079468
2020-11-05,1.7163721,0.9970694,1.74251,1.7214895,0.14012831,0.27811635,1.0657345,4.9419875,3.0391083,0.8552778
2020-11-06,-0.39950544,0.4413421,-0.11555294,-0.03519205,0.10469184,-0.36301783,0.60967886,-0.20824209,0.25196433,-0.1898986
2020-11-09,1.7907579,0.87166417,-1.0689075,-1.5101311,0.00710338,0.16335273,-0.4657948,-0.813537,0.34584904,-2.1682408
2020-11-10,1.4244692,0.78971803,-0.24290417,-2.247227,-0.18442293,-0.25642744,-1.5355127,-0.82792944,-1.2045633,-2.0632253
2020-11-12,-1.5590928,-0.9082824,-0.2090935,-0.47549033,-0.74111706,-1.6515878,-0.41324553,-1.1756341,-0.87999934,-0.5779048
2020-11-13,1.4150667,3.8239446,-0.05963424,0.13787997,0.41868067,0.50445914,0.637423,0.017508592,1.6544883,0.6780968
2020-11-16,0.87665415,1.4696306,0.38226938,0.04374877,0.20078172,0.73605806,0.46430475,1.2909662,0.85058093,-0.8566596
2020-11-17,-0.34690478,-0.8332667,-0.48509738,-0.94053966,-0.050042987,-0.8149581,-0.90911233,-0.1774939,-0.14705324,0.7073274
2020-11-18,-0.5087055,-0.7162596,-0.6945797,-0.97006994,-0.85983235,-0.6097379,-0.6519187,-0.5655183,0.76981133,-0.9330374
2020-11-19,0.2777181,-0.16796409,0.18603657,0.21941243,0.1702521,0.5528475,1.1380639,0.054503143,0.73814106,0.7113844
2020-11-20,-0.1067473,-0.23858434,-0.6847892,-0.7532625,-0.76425105,-0.33804697,-0.17421824,-0.5188344,-0.36573008,-0.41016182
2020-11-23,1.9073707,0.9536163,-1.7239867,-0.25113797,0.34493467,0.652367,0.15496555,-0.74029106,1.8490512,-0.28712818
2020-11-24,2.545722,1.3236911,0.5114267,0.8950061,1.4076333,0.9153734,0.5649266,0.55663085,1.098287,0.1770224
2020-11-25,-0.093159296,-0.10014376,0.25874862,-0.16535316,-0.20287582,-0.049250986,-0.55066746,-0.655366,-0.8966865,0.60156596
2020-11-27,0.105116576,0.26573035,0.11970223,0.1806864,0.2531775,0.28963596,0.38564822,-0.15718089,0.5924323,0.53862417
2020-11-30,-0.4393106,0.44166413,0.9953087,-0.4912627,-0.082416296,0.80692714,0.65495205,0.94120246,-0.16861793,0.09309252
2020-12-01,-0.1722121,0.7019698,1.514808,0.42387256,0.9215915,1.1124271,0.64247584,1.127844,0.75525916,0.023799224
2020-12-02,0.8405195,0.48404053,0.07099667,-0.39991444,0.29217538,0.27438667,-0.2659583,-0.2605916,0.40883029,0.1848799
2020-12-03,-0.5235261,0.31694892,-0.14680053,-0.4841176,0.1524302,1.031184,-0.25798088,-0.10356558,0.3022103,0.27694282
2020-12-04,2.0298486,0.38163567,-0.39526293,-0.13354637,0.61114794,0.9074074,1.322239,2.054147,1.1890882,0.14145698
2020-12-07,-1.3428967,-0.0014263858,0.56133974,-0.18703678,-0.17306006,-1.8668307,-0.10173175,0.024530016,0.05167455,0.6020751
2020-12-08,0.58505505,0.061932385,0.18564978,0.32180107,-0.7269323,0.4226779,0.07876609,0.122937284,0.19463105,0.27031124
2020-12-09,0.6120925,0.43343902,-1.1935042,-1.350394,0.6155724,-0.705621,-1.1934955,-0.825592,-0.9837795,-1.17218
2020-12-10,-0.95878124,-0.42708004,0.5485423,-0.53114414,-0.25032395,0.11813886,-0.26401058,-0.15705448,-0.053304404,-0.7338117
2020-12-11,-0.35246292,0.03650583,-0.46133757,0.6184583,1.010362,-0.617103,-0.4556265,-3.370405,0.10236417,-0.13803208
2020-12-14,-0.37562492,-0.06457681,-0.3623034,0.102594405,0.11179795,0.6792708,-0.18440351,0.5004935,0.0068399683,1.0487038
2020-12-15,1.3707851,0.64577377,2.5258212,-0.18676528,0.96134347,0.12181933,0.6530237,0.5135745,-0.09964135,-0.42299604
2020-12-16,-0.17247297,0.036813356,-0.11535605,1.2800518,0.78346103,0.37613267,-0.11347206,0.30660635,-0.04890533,0.7053525
2020-12-17,0.03442731,0.16144396,0.28422868,-0.12464828,0.69293493,-0.55079204,0.13585423,-0.14323072,-0.5770025,0.5135841
2020-12-18,0.1971387,0.80252707,-0.93108845,-0.39293045,1.2038013,-3.4174724,0.37657392,-0.6820079,-0.7550289,0.7152153
2020-12-21,-1.3202487,-0.65816087,0.5695919,0.9377768,-0.5123379,-1.2806728,-0.52631366,-0.26165843,0.0663381,-0.4820681
2020-12-22,0.15292637,-0.19683799,1.3986086,0.2045666,0.53611094,-0.2837382,-0.00968518,-0.2166133,-0.45608163,0.5278431
2020-12-23,0.16544811,-0.3059009,-0.41744357,-0.9051305,0.08996023,0.3521897,-0.47423187,0.08873946,-0.8561656,-0.6646047
2020-12-24,0.43399212,0.2150058,0.34350866,0.30917427,-0.27670354,0.4562133,0.1496109,0.4375215,0.5406673,0.23851958
2020-12-28,0.08787979,0.4649346,1.7554741,0.43117413,-0.08787088,-0.055172607,-0.08870542,-0.39261934,-0.30822608,-0.10546179
2020-12-29,-0.51966965,-0.28037256,-0.7481059,-0.35931107,-0.3348026,2.2648242,-0.123457804,0.124706246,-0.3773483,0.2574096
2020-12-30,0.30339095,-0.14491503,-0.4979952,-0.7953311,-0.065131985,-0.6775439,0.39588684,0.32637882,1.2081577,-0.43866435
2020-12-31,0.81798613,0.3300079,-0.45610836,0.049889393,0.19395672,0.953783,0.3578972,0.5880782,-0.40419152,0.21103746
2021-01-04,-1.0097953,-0.43738684,-1.3689468,-1.3844185,-0.71791095,-0.18353663,-0.56966937,-1.1954892,0.17943095,-1.3467687
2021-01-05,1.007132,0.05352686,0.35937798,-0.06657984,-0.5202784,0.69572085,0.2448534,0.87051386,1.0209064,-0.009041602
2021-01-06,1.5797464,0.47207886,-1.2812936,-1.5845215,-0.13387258,0.3711332,0.17197573,-0.4361334,0.4444234,-1.8089696
2021-01-07,-0.15085186,0.6298484,1.6982167,1.4625953,0.34178132,0.89181775,0.95200175,1.173245,1.518979,1.0388339
2021-01-08,-0.23193505,0.14051406,0.4060893,0.20805821,0.20219606,-0.50142896,0.8030993,0.16517682,0.3339411,0.64617157
2021-01-11,0.05131742,0.38321587,-1.2773981,-0.7305701,-0.30358624,-0.16891618,0.0028267177,-0.23116201,0.9374841,-1.0607305
2021-01-12,0.33625168,0.503908,-0.12580971,-0.8363481,-0.49618304,1.4837381,0.22590005,-0.55052453,0.7580593,-0.26682466
2021-01-13,-1.1539648,-0.45164692,0.76718473,0.23540498,-0.31278682,3.2643123,-0.2836069,0.71606064,-0.9019519,0.013931663
2021-01-14,1.0781881,-0.2039361,-0.8457766,-1.063837,-0.39704528,1.8932557,0.043315303,0.8222116,3.0469253,-0.87362933
2021-01-15,-0.27205285,0.3591784,-0.7769895,-0.25549152,0.13256522,-1.488507,-0.74105316,-1.0850289,-1.137693,-0.53984946
2021-01-19,0.3414872,-0.23321964,0.22158733,0.88887835,-0.41724378,0.28796765,1.3210455,1.6813427,2.2633054,-0.17857794
2021-01-20,0.5648775,0.2086392,1.6022671,1.9716793,0.20822111,0.51855165,-0.27367434,0.12448273,-0.61127657,1.2782905
2021-01-21,0.812781,-0.22661184,1.7920052,0.015005266,-0.30817953,3.024745,0.43987817,-0.050981767,-0.036991645,0.19538945
2021-01-22,-6.833158,-0.34985125,0.76297677,0.1066418,-0.72157985,-4.7993035,-0.6560764,-0.69564724,-0.7152249,0.015684932
2021-01-25,0.0019594077,0.3268575,1.3541385,0.7735225,0.4240209,-1.1006234,-0.010110758,0.4256151,0.59704196,0.07003501
2021-01-26,2.1581364,0.29809874,0.025516938,0.5650787,0.72816914,-0.2638908,-0.43620574,-0.56848264,-1.0849931,0.24578492
2021-01-27,0.009859193,0.52741337,-0.45534587,-0.0047288905,0.5874642,-1.5037495,-2.4305005,-2.4785259,-2.8837743,-1.5815132
2021-01-28,-1.2741523,-0.36775404,-1.8923334,1.3543414,-1.1003687,2.147254,1.7385455,0.42606366,0.97068834,0.52519697
2021-01-29,-0.5178335,-0.90215206,-2.1003737,-1.9554509,-0.7254098,-0.59086376,-0.7715139,0.112214915,-1.9494429,-0.7593715
2021-02-01,0.8264018,1.0192707,0.7813604,1.7968818,0.9188153,1.0022604,1.8909895,1.3109695,1.8080533,1.1132063
2021-02-02,-0.5822811,0.5462675,0.2565433,-0.19238847,0.7178383,1.0955224,0.59856254,0.73530453,0.8751625,1.4520264
2021-02-03,-0.14899926,-0.036442515,-0.5001763,0.71468395,-0.19758728,-0.3609668,-1.7914623,-0.72285867,-1.589833,-0.338217
2021-02-04,1.135292,1.8338658,1.2705462,-0.4159911,1.0090294,1.2000593,0.9508839,-4.014366,1.2672611,0.73081034
2021-02-05,0.4834883,1.020003,-0.26797557,-0.122739255,0.18576673,-0.60537183,-0.6260253,-0.7095971,-1.0803335,0.23745476
2021-02-08,1.0813044,1.0384221,-0.04131075,-0.1024657,-0.4590434,0.75377667,1.443651,0.37106007,2.0429842,0.12626627
2021-02-09,0.10539313,-0.4717924,-0.45938867,0.15236643,0.45265374,-0.4033328,-0.43286425,-0.45965442,-0.38933638,0.18547648
2021-02-10,0.1164484,-1.4354193,-0.3528284,-0.4072298,-0.3848156,-0.018894257,0.1574117,-0.26557633,0.101636566,-0.37360722
2021-02-11,-0.74045193,0.43477884,-0.2119484,0.23982486,-0.53656465,1.3816792,1.311713,-0.063695356,2.4711912,0.34054655
2021-02-12,-0.028683882,-0.307756,-0.00958408,-0.047778144,0.29839465,0.84334874,0.08331675,0.6370659,1.1946385,0.17716743
2021-02-16,-0.3940586,-0.8959702,-0.9784156,-0.4905386,-0.864559,0.43657094,0.273039,-0.32536784,0.47006792,0.23001128
2021-02-17,-0.023378475,-0.2787688,-1.0622337,0.09138639,-0.080402456,-0.5764865,-0.6386603,-0.80381674,-0.9790371,-1.0653406
2021-02-18,0.47919568,0.14096037,-0.5754571,-0.27168408,-0.061358526,-0.27224478,-0.5819848,-0.3401332,-0.8540073,-0.31769854
2021-02-19,-0.9940316,-0.76312673,-0.04315713,-0.8708788,-0.87803394,1.0076911,0.4757252,0.2322021,1.9478037,-0.96153384
2021-02-22,1.1284567,-0.27393702,-1.7223171,-1.8254309,2.8923023,-1.9629016,-1.5021529,-1.7346704,-1.5447344,-1.2793345
2021-02-23,-0.052521937,0.13422608,-0.16629377,-0.4919258,0.006090884,0.24554488,-0.09884465,-0.82289714,0.22604431,0.0067421
2021-02-24,1.4869772,0.3192763,-0.32314065,0.1599259,0.13581063,1.5617483,1.7873318,1.1656688,2.208832,0.87396175
2021-02-25,-0.39086044,-0.22636247,-1.9897536,-1.5758617,0.45175686,-2.2121923,-2.4757564,-1.8823402,-2.9525561,-1.7394216
2021-02-26,-1.9131745,-0.63274825,0.06627063,0.68764085,-0.5663325,0.23208763,0.39785254,0.112649746,1.3526331,0.0191498
2021-03-01,0.9535272,1.0907936,1.6957041,0.9338616,1.0581156,1.375486,1.2554688,0.90290457,1.2170517,0.8941225
2021-03-02,-0.23628579,-0.35886136,-0.61125964,-0.8270167,0.27576625,-1.1021979,-0.6821335,-0.8096303,-1.589357,-0.3063946
2021-03-03,1.0206373,-0.34723786,-0.68511534,-1.5645748,0.11867118,-0.9116989,-1.035353,-1.4883432,-0.7454981,-1.7108042
2021-03-04,-1.2126541,-0.5530428,-0.66786796,-0.33665302,-0.8905512,-1.1554279,-1.9169904,-1.353025,-2.6000135,-0.9567772
2021-03-05,1.4650052,1.7959951,0.50640124,1.0716624,2.9186618,1.7378742,1.2091819,0.5578296,1.7844439,0.14977759
2021-03-08,1.0700591,1.3969626,-2.2515993,-1.2250577,1.5233469,-0.76992995,-1.6894187,-2.2958126,-2.996685,-2.0592446
2021-03-09,-0.31254295,0.4389028,1.996888,1.478506,0.31312835,2.1726375,2.278243,1.9036626,3.1009195,1.843417
2021-03-10,1.9272996,0.43592897,-0.53351897,-0.4775345,-0.36115706,-0.3487596,-0.28880125,-0.51092863,-0.63288224,-0.2436936
2021-03-11,-0.36597174,0.5456151,0.81417185,1.0176312,-3.2425096,0.72859883,1.4164281,1.1923571,1.4999417,1.3692962
2021-03-12,0.2669853,0.05690565,-0.45606613,-0.49611592,-0.20782506,-0.3817274,-0.4134249,-0.65740114,-1.1193829,-0.70928544
2021-03-15,0.50913775,0.6245233,1.2147548,-0.3760294,0.3875058,0.6052531,0.31153908,0.4529498,0.1224952,0.3009564
2021-03-16,-0.1617527,0.29215306,0.613435,0.568495,-0.65104765,0.6669489,0.53838265,0.55910903,1.172126,0.26513663
2021-03-17,0.4022635,-0.20417115,-0.3729572,-0.29910526,-0.45892227,0.6342346,0.5079817,-0.0076040397,0.3816026,0.018745856
2021-03-18,0.5089522,-0.5519669,-1.5230176,-1.6474626,0.31868166,-1.382827,-1.2526081,-1.4401456,-1.9685426,-1.1956369
2021-03-19,-0.5304368,0.1721319,-0.14586486,-0.16920163,-0.2994072,0.0024896625,0.28891307,0.24024573,0.0921947,0.14347166
2021-03-22,0.7016857,1.1329801,0.85052925,1.0471939,-0.0066781514,1.0688547,0.8231552,0.7417915,1.254659,0.9034897
2021-03-23,-0.06634245,-0.22363588,-0.20305975,0.23198389,0.5555589,-1.370594,-0.33373082,-0.561983,-1.0279316,0.69358015
2021-03-24,-0.0016807973,-0.1473262,-0.4488133,-0.3065343,-0.22236149,-0.54254174,0.012737333,-0.93345493,0.78172654,-0.45954403
2021-03-25,0.8772372,0.6198794,0.12632346,-0.6107541,0.8307717,-0.020763706,-0.08894967,-0.039619952,-0.400694,-0.07613096
2021-03-26,0.9690267,1.101691,0.13633683,0.47456104,0.61662805,1.1941062,1.3243251,0.9880229,1.6360891,0.9326159
2021-03-29,-0.24205938,-0.002240266,0.044784795,-0.29700297,0.36613593,-0.19887525,-0.35354084,-0.4395033,-0.7461833,-0.024782507
2021-03-30,-0.4945005,-0.5010309,-0.39133126,-0.71123344,-0.3296816,-0.40840256,-0.06470665,-0.34307498,0.19320549,-0.31968087
2021-03-31,-0.7201804,-0.028662328,0.90411663,0.854869,-0.32274202,0.10366693,0.7635651,0.7188539,2.058878,1.014925
2021-04-01,0.0088745095,0.30507395,0.29526561,1.475461,1.1614903,0.36288866,0.7220683,1.5366049,2.2865632,0.72883266
2021-04-05,1.3592968,0.7997465,1.0658859,1.3306044,1.5990261,1.2645768,1.150536,0.74603605,0.3074898,0.630671
2021-04-06,-0.8621564,-0.36727574,0.020049462,-0.46299604,0.047260884,-0.80195415,-0.6121264,-0.803169,-1.0529686,-0.07161738
2021-04-07,0.4085134,-0.24306646,0.60221606,0.3193072,0.041807063,0.42217785,-0.40774336,0.35370883,-0.19725944,0.15713486
2021-04-08,0.13529883,0.1872861,0.91755855,0.6334073,0.8579538,0.5062234,0.5007671,0.20227993,-0.025307765,0.5899404
2021-04-09,0.35339388,0.23209003,0.9787331,0.45166308,0.1888327,0.8142371,0.025400955,-0.011934557,-0.21254724,0.37704822
2021-04-12,-0.5526732,-0.53079647,-0.8098839,-0.15394014,0.3652188,-2.246422,-0.7924494,-1.044882,-1.2449673,0.16055593
2021-04-13,-1.7731025,0.13481203,1.191225,0.43978494,0.36620614,-0.2291868,-0.33644962,-0.12656309,-0.055619624,0.81856465
2021-04-14,0.80693734,-0.28199455,-1.0653828,-0.8568092,0.07893132,-0.8865514,-0.26703078,-0.8870644,-0.37389582,-0.44842497
2021-04-15,0.003546229,0.30937633,0.85066986,0.70113105,0.9591116,0.50590163,0.68159753,0.93956,-0.008782863,1.0159703
2021-04-16,0.5603594,1.2194684,-0.25190005,0.105387226,0.40151826,-0.28124145,-0.33865693,0.03960731,-0.27683213,0.10710737
2021-04-19,-0.21455722,0.08844541,0.1637002,-0.6360176,-0.17732504,-0.9397554,-1.2870004,-1.0319318,-0.9313798,-0.8713269
2021-04-20,2.666402,-1.1032059,-0.7989451,-0.2838838,0.30743515,-0.81278026,-0.50222725,-0.68276924,-0.78959304,-0.22767593
2021-04-21,2.702025,0.1893238,0.06341089,0.37748826,-1.8513095,0.724033,0.91816086,0.79919755,1.9084561,-0.21715261
2021-04-22,-1.0487446,-0.42417195,-0.7024526,-0.95907545,-1.2997801,-0.9941117,-0.8418414,-1.089104,-1.1066439,-0.5125016
2021-04-23,0.58155525,0.47429404,0.8629557,0.7669701,0.051636487,-2.8812623,0.74743366,0.6838961,0.8770596,0.7806091
2021-04-26,-0.38159236,-0.25602454,0.070995085,-0.07195537,-0.36785397,-0.4952273,0.6190132,1.0033101,0.64945334,-0.046051186
2021-04-27,0.2476057,-0.25668633,-0.2163236,-0.06669568,0.5022914,-0.77198344,-0.32982242,-0.37314087,-0.2419642,0.12293343
2021-04-28,0.5224827,-0.25051314,-0.42089263,-1.918026,-0.35979265,-0.38853166,-2.2468953,-0.5320605,-0.4096673,-0.21442658
2021-04-29,0.63254213,0.42123663,-0.12981382,-0.6585342,0.7771278,0.50323695,1.0316882,1.7711109,-0.1764159,0.025160333
2021-04-30,-1.0647126,-0.5306374,-0.8538344,-0.23128442,-0.07268648,-0.7141827,-1.1585121,-1.2471298,-0.9126883,-0.7220069
2021-05-03,1.3311944,0.28980845,0.36924922,-0.22072297,0.9731556,-0.27680245,-0.48058268,-0.51611966,-0.043501765,-0.45238096
2021-05-04,0.4734202,-0.42477474,-1.9137046,-1.1071045,0.7566597,-0.36398515,0.020735718,-1.1259717,-1.3839285,-1.1751155
2021-05-05,-0.21350583,0.4762751,0.03217439,-0.47403434,0.4208516,-0.11093048,0.6583726,0.078392975,0.41491866,-0.40825248
2021-05-06,1.464957,1.3604205,0.59153336,0.62679124,0.3393004,0.5417684,0.6417445,0.33177635,0.36722383,-0.31537792
2021-05-07,-0.57455564,0.97678727,0.21847591,0.4894995,0.3909129,0.3474827,0.83308154,0.4851251,0.290902,0.44483954
2021-05-10,0.33311862,-0.21482962,-1.4162569,-1.3742317,-0.17144583,-1.450884,-1.45656,-2.9640305,-2.6952646,-0.8780059
2021-05-11,-0.87133753,-0.26787773,-0.44067892,-0.36541948,-1.5086627,-0.8151702,0.24568328,-0.28482494,-0.45777485,0.5057798
2021-05-12,-1.3284857,-1.1257877,-1.3704692,-1.8777002,-0.610927,-1.272076,-1.7218978,-1.3671781,-3.0446784,-1.2336514
2021-05-13,1.3393071,0.8983544,0.8600845,0.83258,0.87583035,0.29455024,0.58663017,0.7521347,1.6728208,0.17094676
2021-05-14,0.23710074,0.40850297,0.99298006,1.0577432,0.42482212,1.0601255,1.0194858,0.9265661,1.525638,1.110607
2021-05-17,0.21194628,0.07299525,-0.53617424,-0.8506226,0.09962814,-0.07008002,-0.66089123,-0.20691374,-0.5012576,-0.37420285
2021-05-18,-0.52714366,0.025740141,-0.6399846,-0.6505479,-0.26399726,-0.4796945,-0.54582024,-0.38534015,-0.6735448,-0.2198861
2021-05-19,-0.31539622,-0.39545134,-0.118644424,-0.0009791766,0.01066637,0.39246926,0.6851947,0.4865741,0.8997124,-0.03827479
2021-05-20,0.29969585,0.3677451,0.775116,0.6291169,-0.0404294,0.4128828,0.7922244,0.5411247,1.5971574,0.9774472
2021-05-21,0.3622881,-0.32698932,-0.46625733,-0.41783276,0.13464667,0.06586634,-0.10123791,-0.4587998,-0.5722901,-0.3500613
2021-05-24,-0.013192496,0.8851601,0.597142,1.1412847,0.17222601,0.63550955,0.8186536,0.37578478,1.6910951,0.8421022
2021-05-25,-0.40680483,-0.039597634,-0.1355281,0.07232566,-0.36125603,-0.12700249,-0.03739286,0.17769347,0.78966296,0.6167726
2021-05-26,-0.17033994,-0.34148717,-0.07496518,-0.20000573,0.24930283,-0.010806261,-0.12332476,-0.303359,-0.19391723,0.1425142
2021-05-27,0.21657789,0.044492934,-0.70025516,-0.6535193,-0.19304605,0.61707777,0.14827384,0.084474444,0.18657841,-0.79087293
2021-05-28,-0.0076784445,0.015947025,-0.3495721,-0.06748021,-0.17879091,-0.6072972,0.13721035,0.1946794,0.0064594643,0.56302196
2021-06-01,0.23514384,-0.24578917,-0.20521118,-0.7012263,0.52981234,-0.26902968,-0.24542262,-0.2750338,-0.062578686,-0.8293861
2021-06-02,0.73240834,0.382133,0.25442296,-0.18038733,0.44353038,0.45632663,0.405246,0.089115314,0.15227598,-0.03960072
2021-06-03,-0.04676571,0.41652066,-0.71628225,-0.5469724,0.5238688,-1.1874251,-1.2575523,-0.729029,-0.8762519,-0.2820665
2021-06-04,0.89807373,0.798459,0.9142087,1.0759599,1.1650475,0.94744515,1.0166732,0.7223865,0.9508234,1.0763018
2021-06-07,0.31221274,-0.11834447,-0.08025064,0.5630521,0.66341394,-0.32783934,-0.42752898,-0.40497893,-0.345816,0.45089495
2021-06-08,0.5073237,0.24922395,0.27238902,-0.45421872,0.40621975,-0.15256035,-0.45496684,0.19017383,-1.0220867,-0.053508945
2021-06-09,0.7711655,-0.07754702,0.07571521,0.079886295,-0.08225958,-0.078556664,-0.1605648,-0.49844575,-0.45255882,0.49791235
2021-06-10,-0.024291685,1.0749655,-0.5152973,0.7041707,-1.4773571,0.2632925,0.36974454,0.33621567,0.6724419,1.9289302
2021-06-11,0.37138304,-0.22850914,0.43469733,-0.010992526,0.3738272,0.34105748,0.1388066,0.04161717,-0.18796201,0.49451864
2021-06-14,-0.5446199,-0.5867196,1.2084694,0.3021094,-0.21539898,0.21455881,0.378728,0.7646561,0.5632853,1.3883206
2021-06-15,-0.2772864,-0.36175987,-0.44375834,-0.52891463,-0.68790954,-0.256239,-0.46048212,-0.626388,-0.1992252,-0.80291677
2021-06-16,-0.6865569,-0.30111152,0.113237664,-0.40102753,-3.2060206,-0.7566272,-0.2622806,-0.28288165,-0.5717535,-0.5057195
2021-06-17,-1.0314287,-0.32442486,0.5751162,0.6579824,0.31318307,-0.11797374,-0.05360086,0.0445804,0.01452129,0.6926037
2021-06-18,-1.1797708,-1.069079,-0.65366733,-0.5069073,-0.98668146,-1.3642524,-1.229112,-0.8601921,-1.8380702,1.140183
2021-06-21,1.6873902,1.1183276,0.60256356,0.5203405,1.1433378,0.07523433,0.75504327,0.24490213,0.42614833,0.07969318
2021-06-22,-0.107390404,0.10868926,0.5285353,0.441819,0.4044916,-0.08753764,0.20866108,0.29633048,0.023748785,0.56069237
2021-06-23,-0.7879792,-0.48994997,-0.19559813,-0.2184426,-0.42522454,-0.6403659,-0.28147656,0.05280435,0.5441637,-0.16042207
2021-06-24,0.42599055,0.05796422,-0.20000368,0.1604951,-0.2740067,0.6705059,0.61890054,0.65505296,0.74337804,0.3127964
2021-06-25,0.68963635,0.332336,-0.20413962,-0.54488033,0.47997123,-0.22338866,-0.14948818,-0.16661361,-0.7066688,0.087671354
2021-06-28,-0.68494815,-0.06743483,0.5777764,0.676748,0.0071325,1.3480225,0.8239631,0.5410677,1.343953,0.72872275
2021-06-29,0.15052451,-0.014833179,0.5234278,0.4379463,-0.290575,-0.7226169,0.30178785,0.7744833,0.18555385,0.12970912
2021-06-30,0.4955569,0.124727406,0.17348672,-0.26179218,-0.18980877,-0.6014951,-0.1818662,0.003021268,0.052807298,-0.42203245
2021-07-01,0.1416831,0.47729677,0.0481158,-0.0012145939,1.1150296,-0.18374614,-0.40346986,-0.7169423,-1.3996521,-0.098359294
2021-07-02,-3.3344312,0.5236913,0.92746246,1.1463017,1.5098176,0.55763644,0.3184626,0.47320652,-0.02538176,0.6299423
2021-07-06,-0.5956766,-0.54824716,0.6716803,-0.17001185,0.7986995,-0.66149694,-0.28712222,-0.5141118,-0.47752023,0.26309523
2021-07-07,0.56119347,0.33460602,0.85833555,0.32614973,1.9370126,-0.1996714,-0.3983671,-0.45630297,-0.6520489,0.6957745
2021-07-08,0.49282855,0.03672194,-0.5891492,-0.71679235,-0.34779215,-0.60181534,-0.43335822,-0.5977394,-0.7978915,-0.020563742
2021-07-09,0.41737765,0.5419957,0.6037109,-0.05193313,1.3494738,0.47216082,0.4909314,0.86737704,0.639447,-0.15250273
2021-07-12,-0.26097348,-0.5029151,-0.32213733,-0.3048196,-0.4577332,0.5832242,0.39051095,0.23066977,0.481199,-0.39266723
2021-07-13,-0.27808702,0.13168716,0.33147874,0.63254046,-0.02990178,0.04811683,-0.21877542,-0.46799877,-0.23916368,0.3627214
2021-07-14,-0.19222085,0.8463573,1.1839131,0.16385953,0.93639296,-0.3950965,-0.013448651,0.68385506,-0.27770793,0.27894622
2021-07-15,0.33292612,-0.4084199,-0.31063575,-0.47430423,-1.266474,-0.7173016,-0.80676866,-0.75832593,-0.8402079,-0.23640001
2021-07-16,-0.7147334,0.08755826,-0.8204842,-0.21944687,0.7513973,-0.8488707,-0.5908807,-0.6068774,-1.6745071,-0.03371543
2021-07-19,-0.4451272,-0.62223995,-1.5125558,-0.96907383,-0.3340594,-0.38154572,-0.0053609493,-0.3620314,0.055288278,-0.35174718
2021-07-20,0.97453845,0.50506663,1.3093345,0.33702266,0.8794958,0.45067203,0.32837984,0.14165875,0.9487421,0.4595435
2021-07-21,0.6275694,0.30437267,-0.31887564,0.2860601,0.5232236,0.7618281,1.486333,0.70910215,1.7133961,0.22983187
2021-07-22,-0.2531055,0.65959305,0.43351117,0.8343684,0.5430314,-0.29388493,-2.6082766,-0.009522679,-0.33174682,0.80742794
2021-07-23,0.32534948,0.7071727,0.5488631,0.5765905,-1.7829498,-2.8171654,0.9889587,0.62543166,0.28866833,0.13746734
2021-07-26,0.6991644,0.26867503,0.07977825,-0.2840449,0.08368845,1.1716548,0.32320523,-0.487987,-0.07155354,-0.4071056
2021-07-27,0.02244306,-0.15112576,-0.8637132,-0.68441176,-0.056013018,-1.1486118,-0.8490721,-0.842484,-1.169257,-0.22298168
2021-07-28,-0.4315734,-0.47095653,-0.7206524,-0.22674459,-0.3992668,-0.17802496,0.4113171,0.36111262,0.61554986,0.17624867
2021-07-29,0.10870425,0.3370327,0.1607544,-0.10123326,0.25688818,0.5324992,0.73151875,2.3581455,0.000919377,0.031831425
2021-07-30,-0.4277651,0.31742665,0.015465856,-0.4803457,-0.30482033,-0.04207041,0.15734881,-0.42325905,0.63559854,-0.029651603
2021-08-02,0.2450767,0.11324139,-0.19031954,-0.17423493,0.25814572,-0.10427294,-0.012937309,-0.3510818,0.52378607,-0.24246123
2021-08-03,1.2339804,0.74765706,0.5988502,0.32344764,1.1647116,0.28262407,-0.37504727,-0.3549345,-0.04350671,0.15652435
2021-08-04,-0.58862966,-0.45309296,-0.19591233,-0.26634365,0.14404717,-0.18356834,0.6843759,-0.014956153,0.08402865,0.28619128
2021-08-05,-0.0012100837,0.09352643,0.0021051331,0.45266166,-0.33596927,0.2341377,0.13670565,-0.4969078,-0.2211046,0.41829824
2021-08-06,0.60919064,-0.11188181,-0.29817837,-0.15277253,0.024365444,-0.018122029,-0.08619708,-0.25641385,0.020844715,-0.0746267
2021-08-09,-0.547157,-0.06955716,-0.06521861,-0.36731532,0.17816186,0.064856365,-0.6302108,0.09442396,-0.27046907,-0.1763724
2021-08-10,0.06445255,0.15540394,-0.22117265,-0.5172578,-0.15833637,-0.13315111,-0.22751297,-0.40421858,-1.2140115,-0.5526199
2021-08-11,0.3649229,0.2601371,0.037119985,-0.0428515,-0.024563905,0.12372433,-0.07649204,0.14495677,-1.0579114,0.28149256
2021-08-12,0.4497385,0.50764287,1.0097328,0.43318716,0.079897396,-0.58446646,-0.4400815,0.0450155,-1.8205904,0.5620802
2021-08-13,0.06711405,0.10593068,0.018816715,0.46327263,0.2923739,-0.09678399,0.16414669,0.3391872,0.1277946,0.18233116
2021-08-16,0.20114765,-0.13113269,0.650952,0.20187439,0.2155834,-0.066926636,0.23871519,-0.24056084,0.46998152,-0.05015214
2021-08-17,-0.53392625,-0.19385545,-0.36365512,-0.4345693,0.04175493,-0.6912043,-0.8717437,-1.1920747,-0.9721984,-0.1603057
2021-08-18,-1.3697957,-0.6917693,-1.2927185,-0.48375803,-1.035332,-0.4503858,-0.6333496,-0.76244074,-0.52760583,-0.6024682
2021-08-19,-0.68627626,1.7584524,0.057592005,0.997009,-0.14213274,0.1672972,0.2450547,-0.55422276,0.46564832,0.7174231
2021-08-20,0.47021508,0.768903,0.2626603,1.2141111,0.07257075,-0.3578519,-0.05008463,0.33008787,-0.67037135,0.60611814
2021-08-23,0.19606552,0.27448976,0.27170065,-0.071442515,0.044602167,0.8901079,0.57526463,0.46784908,1.1414896,0.5699417
2021-08-24,0.09904735,0.65580857,-0.064249,-0.5142261,-0.31563538,0.43177104,-0.045805946,0.00068542216,-0.10090982,-0.002782857
2021-08-25,0.01874563,0.05946067,-0.4943956,-0.25923124,0.016082443,-0.045918427,0.025215507,-0.2703324,0.4094641,-0.054637004
2021-08-26,-0.4941327,-0.09012971,-0.34103897,-0.71091837,0.03505523,-0.6482933,-0.06924704,-0.5395036,-0.18784693,-0.32233056
2021-08-27,0.30379972,-0.11190099,0.33211577,-0.020136561,0.31087765,0.5989557,0.56628937,0.6486028,1.1284245,0.38616017
2021-08-30,-0.19778608,0.12542002,1.5308375,0.5993227,0.031857222,-0.0035396984,0.17615515,0.2296278,-0.23475108,0.4719428
2021-08-31,0.65705305,-0.05675756,-0.49336606,-0.4730948,-0.19415338,0.0546227,-0.16461203,0.12743434,-0.3624124,-0.17666967
2021-09-01,-0.48343775,0.051034927,0.19125444,-0.149541,0.4029762,-0.3656222,-0.64203966,0.035482574,-0.5845844,0.11877492
2021-09-02,0.3346542,0.42767817,0.34570652,-0.26776257,-0.10127721,0.009024681,0.20928746,-0.48821947,0.20883653,-0.10948207
2021-09-03,-0.18768395,-0.05634592,0.1679873,-0.14689945,0.08827189,-0.24257958,0.07393857,-0.23794499,0.3290528,0.1050855
2021-09-07,-0.71524554,-0.39921528,0.7585065,-0.3213873,-0.6850606,0.0751871,-0.13760291,-0.35792845,0.1073278,-0.37144014
2021-09-08,0.2880855,-0.12607966,-0.5565815,-0.13230535,0.3597429,-0.104527175,-0.19295001,-0.46477076,-0.9492193,0.094270445
2021-09-09,-0.43161103,-0.031465948,-0.40322506,-0.71599704,0.015917111,-0.19225162,-0.119270205,-0.3791034,0.3471707,-0.127498
2021-09-10,-0.33805072,-0.55055505,-1.8242568,-0.43933263,0.05031139,0.32630035,0.47575125,0.23996112,0.4574655,-0.20856965
2021-09-13,0.55903506,0.21863191,0.14330566,0.10534144,-0.46090442,0.9666192,0.7685667,0.12639049,0.6852904,-0.9686482
2021-09-14,-0.9036029,-0.16667844,-0.55321527,0.40283254,-1.4537685,-0.47476292,0.23263454,-0.76818764,0.1190927,-0.033908002
2021-09-15,0.4910088,-0.23718369,0.25809437,0.82874525,0.7528563,0.47474417,0.52949864,-0.97392493,0.23131293,1.0763476
2021-09-16,-0.34541842,-0.17855053,-0.15432559,-0.077647425,-0.3073477,-0.33535555,-0.2036223,-0.03821317,0.74291545,0.258538
2021-09-17,-0.5603492,-0.41931656,-1.0402559,-1.2189615,-0.5451643,-0.60306865,-0.17738298,-1.5644895,-1.0419676,-0.790928
2021-09-20,-0.4248663,-0.86784077,-1.185337,-1.2714732,-0.15113874,-1.2692477,-0.9386719,-0.35228923,-1.6637838,-0.96910655
2021-09-21,-0.6406562,-0.53271425,0.12213772,-0.04752686,0.40945002,-0.15241212,0.049231905,-0.41806135,-0.19231735,0.29339594
2021-09-22,0.8361754,0.27452445,0.8033047,0.6002138,0.8537999,0.5199347,0.6736534,0.313925,0.7911892,-1.4204383
2021-09-23,1.0300237,1.0671021,0.29631162,0.04567817,0.517586,0.4134962,0.60112154,0.19686382,0.79150647,0.31061545
2021-09-24,0.38298377,0.07086901,-0.024805533,-0.18889418,0.27026424,0.11445893,0.42234817,-0.100661024,0.1479364,-0.602487
2021-09-27,0.52577716,-0.41639182,-0.6037255,-1.1668674,0.5807216,0.33265135,-0.11373121,-0.21979335,0.14885882,-1.4042646
2021-09-28,-0.49957615,-0.596887,-1.2995267,-2.3094883,-0.32064635,-0.6399717,-1.322121,-1.2500755,-3.0163596,-1.9005194
2021-09-29,0.82540345,-0.00060075335,0.28443173,-0.046574574,0.38758564,-0.4961549,-0.47111377,-0.29804066,-1.5270889,-0.106230855
2021-09-30,-0.12021366,-0.8634267,-0.49608037,-0.55302286,-2.116616,-0.20834419,-0.23414932,-0.19428726,0.055844802,-0.17896917
2021-10-01,1.9147527,0.60927814,0.20757826,1.1975889,1.1723738,0.4068198,0.29403377,-0.17043702,0.03329044,0.09332152
2021-10-04,0.39001667,-0.48570144,-1.3521034,-1.3973224,-0.29596066,-0.42802793,-0.87948275,-0.7566915,-1.3634406,-1.5618844
2021-10-05,-0.41666022,0.49513805,0.66057175,1.0286903,1.2943366,0.38636383,0.83751506,0.19419488,0.85112554,0.6660525
2021-10-06,-0.33938858,-0.7098928,0.25516135,0.7391629,-0.10561323,-0.040778123,0.08908113,0.08750549,-0.59022814,0.27315155
2021-10-07,-0.22930582,1.0819141,0.40091255,0.19832222,0.5308722,0.12163673,0.18666272,-0.16013351,0.35526702,0.66838545
2021-10-08,0.6916515,0.09534277,-0.21508698,-0.15737142,1.3476791,-0.41872498,-0.05478933,-0.5109986,-0.626994,-0.19884647
2021-10-12,-0.9042276,-0.6199216,-0.5611344,-0.4386268,0.13787003,-1.3081758,-1.281285,-0.7581891,-0.32664055,0.6104199
2021-10-13,0.17281954,0.38168156,-0.30398822,0.5426314,0.44627133,0.0145467,-0.39367893,0.62224466,0.38326895,0.8343443
2021-10-14,1.2993709,1.0794567,0.97889733,1.1414148,-0.6583086,1.5104367,1.3510977,1.1169921,1.13458,1.3130091
2021-10-15,0.6187922,-0.36850256,0.31138074,0.12749434,0.0049636555,0.4512505,0.4610753,0.41921493,-0.23523837,0.17725562
2021-10-18,-1.0909473,-0.025140002,0.52933985,0.4413549,0.6472776,-0.07481996,0.08393371,-0.109053604,0.42531332,0.9819858
2021-10-19,-0.13424157,0.5899717,0.69572026,0.012215183,0.27556822,0.5755403,0.79484653,0.71316785,0.30375996,0.97638327
2021-10-20,-0.00317479,0.5014378,0.08592732,-0.33041632,-0.2663502,0.06588124,0.25024354,-0.19270866,-0.27332652,-0.3267805
2021-10-21,-6.96885,-0.47867113,-0.014717577,0.49297643,-0.22125338,0.49432048,0.4340868,0.20311642,-0.28043664,0.45816132
2021-10-22,-0.20470737,-0.5416575,-0.35929668,-0.47312328,1.061482,-6.4503174,-0.5756166,-0.53808784,0.7079073,0.3429215
2021-10-25,-0.09394833,0.06697207,-0.09979302,-0.36439067,-0.22025645,-0.12717599,0.23991919,0.014341827,-0.1377761,0.2263939
2021-10-26,-0.23718064,0.68814224,0.16555329,0.2268214,-0.5130629,-1.2470974,-0.81875026,-0.08312828,-1.2484823,-0.35380527
2021-10-27,-1.0201241,0.40236613,-0.24693023,2.3335118,-0.552772,-0.49085805,-2.54034,-0.32073453,-0.036245007,-0.21306103
2021-10-28,0.38224274,0.09287005,1.2102399,0.062529214,0.09079163,0.1341915,0.15836023,0.7018346,1.1039548,-0.08377711
2021-10-29,-0.36959702,-0.23267378,-1.0609012,1.1826887,-0.18759993,0.8953329,0.16339822,-0.289423,0.10380763,0.8161733
2021-11-01,0.68291533,0.16731066,-0.38883922,-0.5799239,-0.92280024,0.4928915,-0.03724993,0.47551727,0.7625738,-0.8143762
2021-11-02,-0.019327099,1.5377305,0.290635,0.5254623,0.83370364,0.24157746,0.45077184,0.047634378,0.41085958,-0.017081285
2021-11-03,0.5433883,0.065622605,0.4341338,-0.0041314024,0.13690232,0.4682003,-0.0745813,0.91274,0.36108103,1.0829574
2021-11-04,-0.3492797,-0.45815146,-0.25191432,0.27918035,-0.3033899,0.20372646,0.44672748,4.93795,1.9986522,1.3034174
2021-11-05,1.4925566,-0.007864688,0.13800888,-0.20896333,-0.36372906,0.50997066,0.50263405,1.7751776,0.7575734,-0.77434796
2021-11-08,0.5194896,-0.02823883,-0.35042602,0.011671285,0.08493048,0.5502385,-0.29465544,0.63443005,-0.175507,0.20176505
2021-11-09,-1.0850105,0.4382318,0.062335297,-0.33578792,-0.31691027,-0.40239736,-0.42815408,0.13701214,0.8025129,0.10541838
2021-11-10,-0.32284406,0.3566717,-1.1120285,-1.101154,-0.4615417,-0.5198024,-1.0100065,-1.8737574,-1.666636,-1.5581249
2021-11-12,-0.69758564,0.09034649,0.6709765,0.6067261,-0.29024392,-0.27588618,0.33023736,0.04422948,0.6880069,0.98118216
2021-11-15,-0.028007638,0.43912396,-0.05587658,-0.26330036,0.24041353,-0.047981687,-0.2498991,0.81817245,-0.23106833,0.12113002
2021-11-16,-0.21092717,-0.19995473,0.29149792,0.4483385,0.80324215,0.22068754,-0.21334097,3.1627762,0.3264079,0.72815955
2021-11-17,-0.2070477,-0.17400889,0.7983913,-0.105800375,-0.16307376,-0.40584671,0.21577795,0.3138192,-0.574681,-0.04809885
2021-11-18,-0.77972806,-2.6586082,1.4182692,0.2219465,-0.34915563,-0.526446,0.86211896,0.5538571,0.61351585,-0.007856418
2021-11-19,-0.33432913,-0.31077564,0.8387499,0.16833478,-0.37038088,-0.19407766,0.35444853,-0.4004167,-2.367607,1.1036963
2021-11-22,0.24221365,1.2363758,0.10920154,-0.69261986,0.2948243,0.23771624,-0.6544048,-0.9432053,-0.75562745,-0.98275226
2021-11-23,0.19789195,0.67453134,0.06977764,-0.51846164,-0.90134984,-0.7601692,-0.00599269,-0.19997855,0.2914971,-0.58283275
2021-11-24,-0.010140155,0.25968674,0.107063174,-0.110736534,0.33237994,0.59986705,0.19567475,-0.14302965,0.004768103,0.1902557
2021-11-26,-0.49678582,-0.79233724,-1.7255657,-1.6161561,-0.7129743,-1.0575131,-1.3691453,-1.2623008,-1.7030108,-0.45352942
2021-11-29,1.2838984,0.84114367,0.6633087,0.87671965,0.20526057,0.90402496,1.1363485,1.476168,1.7841202,1.3940084
2021-11-30,-0.7797319,-0.7311626,1.141057,-1.1347322,-1.0730144,-0.70893914,-0.47865915,-0.82781434,-1.1353025,-1.1664637
2021-12-01,-0.11911034,0.19006939,-0.10287052,-0.2083867,-0.49049106,-0.5240305,-0.16476434,-1.054451,1.0512686,-0.8348663
2021-12-02,-0.030982165,0.9436483,-0.19106525,-0.2235095,0.07925777,0.71922874,0.35263684,0.23323907,-1.4067054,0.9029085
2021-12-03,1.0811847,0.10270583,-0.66106385,-1.2761889,-0.93374306,-0.26629514,-0.08550639,-0.22153945,-0.26683617,-3.8105662
2021-12-06,0.5850257,0.6436764,1.0359621,0.41901898,0.3346999,1.4792905,0.23950969,-0.35384867,0.33394513,0.36395222
2021-12-07,0.9319173,1.0345364,1.7328737,1.4066437,0.6101593,1.4381115,1.0168844,1.86202,2.4859326,1.9529005
2021-12-08,0.8173843,-0.9601199,1.1020609,-0.14842606,-0.6767377,-0.8709896,-0.6814408,-0.33541632,0.018894639,0.20101643
2021-12-09,0.32773978,0.53537416,-0.22702612,-0.49229717,-0.119808145,-1.3338518,-0.776574,-0.17131,-1.3253084,-1.5325224
2021-12-10,0.30547056,1.5767775,1.3616389,1.509277,7.5392876,0.04481048,0.5994365,0.28412795,-0.064890064,1.5461485
2021-12-13,-0.7830139,-0.5348708,-1.143529,-0.69994164,-0.90316826,-0.6507031,-0.7138335,-0.21645981,-1.6379414,0.24423756
2021-12-14,0.6628155,-0.72983485,-0.4845685,-2.1279356,-0.5379552,-0.3686809,-0.77896756,-0.39553723,0.09015381,-3.1881921
2021-12-15,-0.32173055,1.9684993,1.3856847,0.97772264,1.8981328,0.9055325,0.7486885,1.5663092,1.5393789,1.1175538
2021-12-16,1.5268301,0.37017357,-2.13745,-1.9132066,-0.23428014,0.09403,-1.3393806,-2.6343014,-2.0023944,-4.9880843
2021-12-17,0.796183,0.16753726,-0.40447664,-0.35597458,-3.4607253,-0.27322167,-0.5332859,-0.4071692,-0.24182564,-0.80366546
2021-12-20,-0.1551988,-0.04872103,-0.4779581,-0.85868895,-2.67344,-1.0443232,-0.5596228,-0.12190402,-0.40803874,-0.5798816
2021-12-21,0.976482,0.55743474,0.9296293,1.1607171,-0.08993195,0.98516065,0.46778578,0.6094586,1.6357865,0.5888108
2021-12-22,0.4135469,0.4445964,0.73085415,0.90025157,-0.9202763,0.13477355,0.09950587,0.33445054,0.15584782,0.48804626
2021-12-23,0.444245,0.6105031,0.14738849,0.11590855,-0.096217886,0.2536693,0.07183386,0.22769754,0.7358396,0.41112337
2021-12-27,0.4992871,0.90311563,1.1532769,1.1749316,-0.11698704,0.5041582,1.0063992,0.745838,1.7359781,0.5923465
2021-12-28,0.5210786,0.12278933,-0.3549513,-0.35364792,-0.5167999,-0.22223745,-0.21978143,-0.43785995,-0.8697655,-0.6711319
2021-12-29,0.37529987,0.37693834,-0.0312536,-0.02792922,-0.26740828,0.009906634,-0.11051508,0.22582798,0.25622922,-0.029627869
2021-12-30,0.29217842,-0.23149782,-0.396321,-0.59803176,-0.1312689,-0.13572572,-0.38102275,-0.8961321,-0.85548365,0.072440155
2021-12-31,-0.11916121,-0.15307498,-0.22936109,-0.6482544,-0.44756165,-0.24856286,-0.26106042,-0.061451387,-0.24361424,-0.2949379
2022-01-03,1.1265738,-0.117714226,0.8819774,-0.39045686,0.3125297,1.3348294,0.4384355,0.66742355,0.54394084,-0.2383809
2022-01-04,0.9649866,-1.2049494,-0.71607375,-1.1569318,0.50494623,-0.11505441,0.008721936,0.14181988,-0.4895646,-0.8470944
2022-01-05,0.11185408,-0.7624475,-1.4509101,-2.4339542,-1.3582176,0.5973335,-1.0156896,-0.25899586,-1.2962352,-3.3130062
2022-01-06,-1.3669523,0.55766666,-0.9291208,-0.607221,0.093216754,0.0718,-0.05466657,-0.21934617,0.59635466,-0.051045477
2022-01-07,-0.22307104,0.21727748,-0.01497265,-0.12315157,0.6805839,-0.5961666,-1.9444476,-1.3598788,-1.5745074,-0.33234093
2022-01-10,0.12237496,0.6197344,-0.056997508,-0.10838382,1.00972,1.5572605,0.8813819,-0.25991285,-0.4216239,1.3041096
2022-01-11,-1.0388081,0.48650405,0.7988915,-0.016236376,-0.47105902,0.55652225,0.38862494,1.2410123,0.69124264,0.32052678
2022-01-12,0.38860184,-0.17891556,0.06316841,0.46515736,-0.11944832,-0.22167727,0.322176,0.1432118,1.7965983,0.192284
2022-01-13,0.6203024,-0.5142221,-1.0874544,-2.767767,-0.33700046,-0.8138823,-0.5295019,-0.65781564,-0.7047862,-1.4484949
2022-01-14,-0.24377644,-0.089227945,0.1890203,0.9003496,-0.08199557,0.6314768,0.7132032,0.99607176,2.4154398,0.31667793
2022-01-18,-0.6104271,-1.4495816,-1.0852169,-1.6498713,-1.3530883,-0.9475559,-1.2818422,-2.328741,-3.8743095,-0.7098947
2022-01-19,-0.66505194,-0.739635,-1.2052941,-0.026138445,-1.4127454,-1.155638,-1.111385,-1.6122217,-2.6805353,0.27686697
2022-01-20,-0.3620703,-0.7474316,-0.6384126,-0.51136136,-0.45608026,-1.612416,-1.3828429,-1.5683728,-1.2281336,-0.58138657
2022-01-21,-0.7460942,-1.3381095,-0.7770654,-1.3016291,-0.35782084,-0.07940126,0.580395,-0.48506823,-1.3057508,-1.1102663
2022-01-24,-0.24467131,0.25011376,-0.335679,-0.09130515,0.11068046,-0.17204666,0.7046659,1.2016801,1.1874285,1.8446565
2022-01-25,3.6392088,-0.68303907,-0.6495705,-1.7391276,-0.8560945,-0.9557735,-1.209944,-1.2561938,-1.9914494,-1.5185938
2022-01-26,-0.8747526,-0.7069827,-0.096928574,1.5193686,-0.98008853,0.612407,1.1482706,0.30409786,0.7109221,-0.20199578
2022-01-27,-0.84908354,-0.67541987,-0.23438627,0.47303787,0.10824461,-3.821538,-1.0052079,-1.5670807,-1.7742804,-0.78478646
2022-01-28,1.0156718,0.99824995,3.4325967,1.4992294,0.4413774,-0.40611798,0.9553818,1.3475089,0.6381668,2.2975507
2022-01-31,-0.43255633,0.092191696,1.2654129,0.36844385,0.41575724,1.0638127,0.5468417,2.1136873,1.6615785,1.3768393
2022-02-01,0.9894674,-0.24827209,-0.11576063,-0.57874054,-0.09452793,0.06978144,0.4365632,0.23859672,0.041781023,0.11914446
2022-02-02,0.86431706,0.79819065,0.29541758,0.74574214,0.91509026,0.50851727,1.6599376,2.457584,0.54991096,-0.27643993
2022-02-03,0.2800226,-0.8756165,-0.93362325,-2.5084853,-0.3691413,-1.3177541,-3.242627,-2.1762671,-1.3522105,-1.9753743
2022-02-04,-0.27690157,-0.013276222,-0.1672705,0.77217424,0.0914606,0.02837566,-1.2040489,0.0015088735,-0.37169775,0.22680953
2022-02-07,0.0807657,0.05720719,-0.31568035,-1.166911,-0.9471657,0.10203556,-0.4563272,-1.1293758,0.08288172,-0.6598591
2022-02-08,-0.075581744,0.20631687,0.88494307,0.5594539,0.013122213,0.5933359,0.72389585,0.7449789,0.70097667,0.37105474
2022-02-09,0.39500508,0.92447823,0.36187765,1.127799,1.6497021,1.048251,1.0697098,1.1578618,1.5034144,0.8978351
2022-02-10,-1.2765571,-1.3539035,-1.3238888,-1.8882428,-1.051082,-1.1575545,-1.7212254,-2.398015,-1.3770117,-2.5322268
2022-02-11,-0.3867641,-0.93330103,-1.1424001,-1.6345994,-1.4036485,-1.3733686,-1.8431528,-2.4185781,-2.2989948,-2.0949311
2022-02-14,-1.2814354,-0.7106334,-0.006946994,-0.17063352,-0.5682022,-0.12932415,-0.6114833,0.0404293,-0.28263888,-0.026186848
2022-02-15,-0.07616413,1.1587354,1.1277906,0.94959915,0.5375649,0.84574276,1.0593011,1.8686559,2.338799,0.5298728
2022-02-16,-0.36239585,0.016561676,-0.13385461,-0.22036083,-0.39131892,-0.27576688,0.5465275,-0.18683979,0.24226828,-0.1952779
2022-02-17,-2.1580276,1.4622489,-1.1678007,-1.9055603,-2.429192,-0.73928165,-1.0570265,-1.534995,-1.4200274,-1.9580867
2022-02-18,-0.3127225,1.2918292,-0.5423734,-0.70757097,-0.64129645,-2.6078846,0.5385546,0.12302741,-1.027046,-1.511654
2022-02-22,-0.21419552,-0.7539632,-0.99081546,-0.18679589,-0.31356633,-0.41322112,-0.05365694,-0.5442343,-0.96599954,-0.44162238
2022-02-23,-0.9719767,-1.6298014,-1.4161775,-1.6741413,-1.1196196,-0.09285804,-0.33078343,-1.2112238,-0.8442445,-0.9370364
2022-02-24,-0.044972047,0.2924764,0.8252359,2.7362406,1.488411,2.025519,1.0262119,1.5717812,1.6320908,3.3663545
2022-02-25,1.1838542,1.1733255,0.635067,0.38786238,0.93556553,0.9036178,0.28487325,0.6576802,0.6010618,0.13724726
2022-02-28,-0.87117684,-0.20676774,0.029759234,0.1436314,-0.2658361,-0.06310858,-0.2656477,0.17254509,-0.54712254,0.17959754
2022-03-01,-0.6061676,-1.0949907,-0.68518573,-0.93478477,0.009119499,-1.0212185,-0.8106182,-2.1575751,-1.5260102,-0.1290014
2022-03-02,1.4851583,1.5684652,0.98057,0.88302743,1.5754589,1.991775,0.7820328,1.5758598,0.9783953,0.4141707
2022-03-03,1.0894595,-0.039320584,-0.23033921,-0.9228288,-0.08429806,-0.93580085,0.21765648,-1.1272373,-0.7740951,-1.0530785
2022-03-04,0.41122013,0.4494275,-1.0964166,-1.3683295,-1.2701089,0.048451986,-0.3163065,-0.9275322,-1.5315396,-0.72444564
2022-03-07,-0.23775783,-0.6899175,-1.3007727,-2.0134494,-1.4245653,-0.42807692,-1.3885821,-3.4940925,-1.9092581,-1.1598624
2022-03-08,-0.17156634,-0.9614712,-0.71401995,-0.7147264,-0.72092557,-0.24841626,0.64399004,0.11969172,1.329294,-0.59192973
2022-03-09,0.27738166,1.2826185,1.5584804,2.0943463,1.7208055,0.028988156,1.3429466,1.7604035,1.1475406,1.5191566
2022-03-10,-0.9929797,-1.1925006,-1.5586607,-0.7821269,0.37063017,-1.1327032,0.047472637,-0.73440826,-1.2660403,-1.3609931
2022-03-11,-0.17990042,0.01661514,-1.3273966,-1.32263,0.77927446,-0.97809273,-0.7070968,-0.73397076,-0.529127,-2.497647
2022-03-14,0.024402564,-0.3661416,-1.5281519,-0.9603215,-0.5559997,-1.701067,-1.0923985,-3.27269,-1.2644321,-0.61922055
2022-03-15,0.91165537,1.2209686,1.4578454,2.0766664,2.1966202,0.38624188,1.4927356,0.7824772,1.3450596,1.0597112
2022-03-16,0.7185859,0.211481,1.3288492,1.2695854,-0.3851387,1.681648,0.96242,1.7209634,1.795534,2.0784454
2022-03-17,0.4809103,0.34553394,0.2929189,0.02061226,0.35486618,0.44986606,0.5041386,0.58360916,0.37732175,0.17320661
2022-03-18,0.43710172,-0.15084103,1.0031431,0.8849444,0.668774,0.26471344,0.39317337,0.23009889,0.88708025,0.8892403
2022-03-21,-0.31610504,0.06659104,0.36761972,-0.4195144,-0.50242984,-0.1407117,0.061643284,0.3501814,-0.373711,-0.002494599
2022-03-22,0.56443584,0.2049349,0.99698025,0.807191,0.5309171,0.9368162,0.4784727,0.4840823,0.2893241,1.3106598
2022-03-23,-0.3728562,-1.68437,0.3485118,-1.0885496,-0.9795847,-0.20632347,-0.92093724,-1.3776714,-1.3301519,-4.9070506
2022-03-24,0.55249417,0.057385225,1.10883,0.7625145,1.2278824,3.3156,1.352839,1.4548333,2.066528,1.0413673
2022-03-25,1.1098111,0.5024479,0.12081462,-0.24086551,-0.34976497,0.13732772,0.1431801,-0.21567242,-0.545661,-0.08441956
2022-03-28,0.0942805,0.20654313,0.18600582,1.218876,1.197012,-0.39076394,0.16783419,0.042110756,0.0941477,1.9853603
2022-03-29,0.2517631,0.5146376,0.9254328,0.7332502,0.38760912,0.62873507,1.2730478,0.60914814,1.0212206,1.5589215
2022-03-30,0.1149918,0.381135,-0.40160128,-0.43812564,-0.57532895,-0.82450736,-0.9197338,-2.3510988,-1.7571136,-0.63007355
2022-03-31,-1.0365107,-0.23121668,-0.98348534,-1.202403,-0.40320957,-1.8791226,-1.0473697,-0.064755484,-1.3172187,-0.46176225
2022-04-01,0.055635937,-0.048276175,-0.098327465,0.06693058,-0.41366628,-1.2917073,-0.36613235,-1.7433132,-1.4102782,0.21674858
2022-04-04,0.07770365,0.22365098,1.1573541,0.8927868,1.2063601,1.0163699,0.12029353,1.8472509,0.55957514,0.9934541
2022-04-05,-0.67769384,-0.50672835,-1.0523138,-0.92924696,-0.7184866,-1.1643207,-1.5018377,-2.4368591,-2.6299994,-1.0379568
2022-04-06,0.26680055,-0.45976564,-1.0252635,-2.3109438,-0.50114524,-0.62383586,-0.021837967,-1.9604677,-0.88868564,-1.4182887
2022-04-07,-0.43121758,0.24531227,0.037243508,0.20244952,-0.16513528,-0.008345267,0.044803157,-0.103772424,0.86271375,0.74935156
2022-04-08,-0.4027442,-0.22208141,-0.38319406,-0.77759063,-0.31304726,-0.43400186,-0.72755,-0.69047225,-0.751756,-0.6431876
2022-04-11,-0.6792148,-1.0865235,-0.7599478,-2.1376832,-0.61536384,-0.3948413,-0.5135377,-0.44899675,-1.2200093,-1.0399863
2022-04-12,-0.20170143,-0.6426938,0.34383214,-0.5132056,-0.22248936,-0.057161663,0.16772056,0.08997334,-0.4768263,-0.5773897
2022-04-13,0.042482484,0.30581284,0.46409714,0.85897696,0.16787772,0.3998216,0.43251154,1.1042888,0.63639945,0.42283636
2022-04-14,0.2059996,-0.8434298,-1.2703197,-1.6639454,-0.19448158,-1.2571166,-0.39373243,-1.1903725,-1.2737768,-1.1847874
2022-04-18,-0.20196718,-0.020687515,-0.10806847,0.0020832943,-0.7391402,0.88361347,0.6909182,0.65728134,0.44051325,0.49609306
2022-04-19,1.5259141,0.695568,0.6716542,0.82279974,0.74967307,1.1553404,0.5792741,0.43677387,0.6644913,1.0886016
2022-04-20,4.363772,1.0658131,-0.048024263,0.072812684,0.35619107,0.124487855,0.047066737,-0.2992763,0.18654002,-0.8620777
2022-04-21,0.71006763,-0.1767814,-0.25222448,-1.2352161,-0.47975323,-0.5822674,-0.5697898,-1.4011257,-0.82693446,-1.1332647
2022-04-22,-0.7503541,-1.2682401,-1.528272,-1.540643,-1.9772007,-0.95309305,-1.0367427,-1.154418,-1.0994331,-0.9651294
2022-04-25,0.3918354,0.55786365,0.26796427,1.2186397,0.41950196,0.4394961,0.11075466,1.0932099,0.49183244,0.53447354
2022-04-26,-1.3751794,-0.89242464,-1.3507355,-2.230484,-1.4396417,-1.4177798,-1.3844352,-1.0405906,-2.0089521,-1.6212423
2022-04-27,-0.5441303,-1.4724964,-0.11774094,2.5435698,0.12982585,-0.33239523,0.20965329,0.41934806,-0.12647909,-0.16159421
2022-04-28,0.3258449,1.2782862,2.1526988,1.1315992,0.80355877,1.4934143,1.5999606,3.8803954,1.9794165,1.3467
2022-04-29,-1.7130958,-1.6908305,-1.9846808,-2.681395,-1.9012805,-3.6380382,-1.5733786,-2.5799,-1.6565353,-1.6726171
2022-05-02,0.42729518,0.92402077,0.047632135,1.298652,0.38168383,1.4198914,0.96815515,1.5842278,0.87181324,1.2285002
2022-05-03,-0.23720048,0.104699485,0.4194473,-0.7474977,-0.55939066,0.03141436,-0.44687757,-0.38101637,0.21161167,-0.0004886376
2022-05-04,2.4726799,1.8351424,2.035811,1.5704467,1.3703334,1.5849055,0.9905448,1.2839288,1.6937579,1.8019643
2022-05-05,-0.72386813,-2.1669397,-3.1803365,-2.8829908,-1.8294147,-1.8329246,-1.7182817,-2.2736254,-1.9423139,-2.8003445
2022-05-06,0.89002794,-0.272068,0.1716408,-0.7294885,-0.24702711,-0.41623107,-0.5200462,-0.40029162,-0.44144627,-1.1734573
2022-05-09,-0.753025,-0.37430143,-1.8435386,-2.42357,-0.7240881,-1.5121874,-0.7679642,-1.8068889,-2.645157,-1.7826663
2022-05-10,-2.6268854,0.6417437,0.7670291,0.93313223,0.66856384,0.98871773,0.88503736,0.50140554,0.4642499,1.8462384
2022-05-11,0.83107084,-0.8672311,-2.8335714,-2.1076698,-1.0330226,-1.3185292,-1.0167506,-1.534242,-1.3418224,-1.5914553
2022-05-12,1.1392326,-0.37429854,-1.5199333,-1.380771,-0.24946144,-0.062324792,0.32003906,-0.25314248,1.0263561,1.1304178
2022-05-13,0.39808056,1.4975622,1.5891517,1.1946256,0.31582254,0.82131296,1.0860219,0.91944677,1.8248254,2.0882478
2022-05-16,0.7896872,-0.60217184,-0.6821374,-0.08364966,-1.1796776,-0.6766461,-0.3900774,-0.41361415,-0.5773247,-0.35475525
2022-05-17,1.7618178,1.8030642,1.2266749,1.0262737,1.6330205,1.3622525,1.8051717,1.7927972,2.0881267,0.74000967
2022-05-18,-2.7861154,-2.5220695,-3.2251723,-3.0051048,-2.85646,-2.4496174,-1.3619871,-3.0408368,-2.0200393,-1.4846655
2022-05-19,-1.7126899,-8.320669,-1.4369237,-0.3947887,-1.0568177,-0.48995924,-0.81152725,-0.04348918,-0.30438587,-0.4774367
2022-05-20,-0.6103772,1.6603098,-0.009396071,-0.3102951,1.2615048,-0.51194936,0.6045277,0.25918362,-1.6574903,0.5444318
2022-05-23,1.4989089,0.55738395,1.9851345,1.703142,1.0685848,0.3149879,0.004581781,0.093470484,1.1598451,0.84811914
2022-05-24,1.4223739,0.58206135,-1.1365465,-0.40968162,-0.8290088,-0.48180887,-0.6347656,-1.25989,-1.3382975,-1.0708553
2022-05-25,0.3387742,0.33153573,-0.02766387,0.5106028,0.60750574,0.5686525,0.5884275,0.79571754,0.7530924,0.47365817
2022-05-26,1.2923596,1.2772653,1.133048,0.61289036,1.3851103,1.4586086,1.132957,1.0573208,2.322931,0.70730877
2022-05-27,1.2455683,0.82340264,2.050289,1.4901572,0.82753265,1.1445601,1.0375963,1.4560304,1.4339315,2.2996078
2022-05-31,-0.17612122,-0.65358704,-0.3592384,-0.4629582,-0.65798926,-0.2223241,-0.3676527,0.93954587,-0.85085315,-1.366459
2022-06-01,0.31219214,0.25070226,-0.11664905,-0.035475377,-0.25381878,-0.42403737,-0.6788046,-0.8135035,-1.096958,0.16268402
2022-06-02,0.40046215,0.726001,0.78954697,0.30572677,1.1378683,0.723212,0.6099818,1.806334,0.8958733,2.5829723
2022-06-03,0.5491424,-0.61271214,-2.2041895,-1.1610241,-1.0580789,-1.6495149,-1.2488867,-1.6251067,-0.870782,-1.2685059
2022-06-06,0.8610877,0.1265362,0.15373382,-0.44218954,0.8203909,-0.1407155,-1.3185077,-0.32941985,-0.07132976,-0.07962394
2022-06-07,-0.014571684,0.3300031,0.82643193,0.66182345,-0.2499011,0.1279489,0.57418257,0.36959073,0.14362785,0.39958847
2022-06-08,-0.9396457,-0.76576257,-0.3795879,-0.6351926,-1.039165,-2.7345092,-1.3361211,-0.9993224,-1.1917189,-0.55512065
2022-06-09,-1.4235528,-0.7830951,-2.0679376,-1.4262389,-1.72459,-1.5349438,-1.159009,-0.80393374,-1.9368812,-0.31262848
2022-06-10,-0.87393117,-0.9554617,-2.2200897,-2.943838,-1.7185769,-1.1332012,-1.1996258,-1.2065264,-2.1433837,-3.981301
2022-06-13,-0.51122284,-0.28602764,-2.163416,-2.797795,-2.595493,-1.9582254,-1.3699756,-1.5461375,-2.391676,-2.894282
2022-06-14,0.33764017,-0.38592392,0.27118638,0.3926777,5.3198385,0.14342521,0.13738811,0.43335205,0.04213751,-0.13739054
2022-06-15,0.68817866,1.1496497,0.9661177,1.6010296,-0.7910987,0.8900897,0.5356624,0.16086727,0.25468338,0.74674135
2022-06-16,-0.64828056,-0.52936876,-2.1421247,-1.7606013,-0.7422507,-1.7475715,-1.4316365,-3.5288284,-3.5330722,-1.4607179
2022-06-17,-0.29322895,0.11865699,0.5295946,0.49157852,-0.75542665,-0.54873383,-0.40481934,-0.030127257,0.023532549,-0.5578221
2022-06-21,1.361856,0.8517315,1.6463101,1.2507974,-0.0512696,0.86353207,0.9152738,1.1019025,2.2230668,0.24105541
2022-06-22,-0.36519948,-0.58276695,-0.24106671,-0.2763424,-0.81419456,-0.45244774,-0.28841457,-0.87505335,-0.6053054,0.25598612
2022-06-23,0.5353468,-0.57691973,0.6483552,0.9597404,0.578865,0.011261058,-0.38217536,-0.6822154,-0.3230912,1.1366105
2022-06-24,1.4100927,1.1036749,0.75515443,1.4317671,1.5832106,1.1388943,1.0825737,1.3024864,1.3674227,1.0284019
2022-06-27,0.2739192,-0.2834214,-0.009586167,-0.63507867,-0.19851026,-0.00094039756,-0.11049939,0.523338,0.012348558,-0.72538185
2022-06-28,-0.4376342,-0.6902698,-0.8338909,-1.819194,-1.1133094,-0.9150051,-0.4124128,1.2641096,-1.0886157,-1.7798402
2022-06-29,-0.5377614,-0.1559857,0.39680603,0.6698196,0.3597971,-0.56969965,-0.41241205,-0.5257528,-1.3527839,0.3075146
2022-06-30,0.1949477,-0.2177062,-0.52880526,-0.83916235,0.3642891,0.10255739,0.19722958,-0.87406653,-0.48256552,-0.31828672
2022-07-01,-0.05235969,-0.00727647,0.43752462,0.44490352,0.5614546,-1.2068622,-1.4213328,-1.4499698,-2.102387,0.24931133
2022-07-05,-1.6751735,-0.30653593,0.9105892,0.5960378,0.82920426,0.41705263,0.14756659,0.69063574,-0.2153836,1.0208608
2022-07-06,0.23186111,0.883269,0.4488582,0.59378827,-0.2428268,0.3310742,0.48209256,0.32533646,0.177158,0.7128058
2022-07-07,1.3068676,0.6423073,1.1882557,0.33181316,0.0944798,1.3809346,1.1235799,2.3217723,1.8345238,0.89561117
2022-07-08,-0.14443761,0.23946466,0.1797331,-0.31471893,0.010609972,-0.25605533,0.21719699,0.4137543,0.11283223,-0.19339113
2022-07-11,0.2715348,-0.13139597,-0.82681346,-0.8501174,-0.0037028787,-1.0974907,-0.64103925,-1.2777339,-1.2644238,-0.6424565
2022-07-12,-0.8320349,-0.43623558,0.2875563,-2.629985,-0.8575324,-0.048143968,0.23812403,0.13707894,-0.035412874,-1.0588056
2022-07-13,-0.9483747,-0.13880287,-0.1374393,-0.34400284,-0.2675961,-0.03449248,-0.08553438,0.75789803,0.06879541,-0.4520033
2022-07-14,0.89173216,-0.3778199,1.0056812,0.16752619,-0.40661627,0.54830426,0.9687695,1.8507774,1.0559785,0.093487926
2022-07-15,0.39911142,0.84852684,0.5175195,0.4481312,0.8045272,0.9956233,0.6985995,0.646138,1.1043385,0.77799904
2022-07-18,-0.8296265,-0.5092765,-1.1375654,-0.7091198,-0.38758084,0.0589906,-0.29020908,-0.8959941,-0.6644664,-0.5671574
2022-07-19,-3.5481088,1.7904501,1.2973722,1.070384,1.4716969,1.8657017,1.4284317,1.5626698,2.1135976,1.5067763
2022-07-20,-0.8426598,0.1587683,0.6269234,0.47230837,0.23732656,0.35992932,0.16384278,1.1296712,1.5648682,1.6061428
2022-07-21,-1.0195328,0.5611382,0.7093035,0.42525974,1.3368222,0.00068798417,0.30555344,1.0510186,0.5574428,0.80590045
2022-07-22,0.5607321,-0.092069715,-0.44210228,-1.1044774,0.19282043,-1.5762415,-0.73906666,-0.6944725,-0.92329305,-0.78843147
2022-07-25,0.14146934,-0.091377154,-0.3743442,-0.46704888,-0.051045436,-0.079706,-0.22402766,-0.21955958,-0.34613436,-1.1290232
2022-07-26,-0.23641008,-0.5098473,-0.47784457,-1.6759117,-0.5316422,-0.2608321,-0.6771572,-1.0246081,-0.914984,-1.4766755
2022-07-27,0.5208583,0.88973725,1.5103829,3.504825,1.0696567,1.2868228,2.7505329,0.8777098,1.6851096,1.5099448
2022-07-28,0.06171447,1.0953354,0.13775307,1.4873195,0.71315545,-0.5906075,1.0636334,-2.097021,0.57367647,1.1624084
2022-07-29,0.7770347,-0.2205291,1.3673404,0.7360156,0.4298321,-3.8458683,1.006298,-0.4997569,0.21911623,0.68465215
2022-08-01,0.6344717,-0.061909962,-0.37403718,-0.70901823,-0.2678662,0.7708738,-0.06277607,0.60503167,0.07361841,0.07920247
2022-08-02,-0.0847079,-0.40742755,-0.5772405,-0.8622189,-0.7913192,-1.4133376,-0.46861953,-0.19854853,-0.63576156,-0.16532502
2022-08-03,0.312505,1.0179492,1.9159753,1.5058026,0.7035936,0.64095986,1.6628101,0.52525634,1.4524677,1.7019982
2022-08-04,-0.32404855,-0.34686363,-0.16632012,0.09415142,0.0022407745,-0.75751364,0.33465892,0.43029848,0.68345034,0.6276313
2022-08-05,0.42994517,-0.36724833,-0.1236612,-0.2959234,-0.051718906,-0.40274495,-0.19104636,-0.32159287,-0.61650884,0.2655951
2022-08-08,0.0820147,0.046340708,-0.20545822,-0.68502605,-0.58543015,-0.066809885,-0.41897443,-0.77975714,-0.75997937,0.06906394
2022-08-09,-0.7302784,-0.081262365,-0.0503877,0.26489794,0.1853236,-1.2988164,-1.3848311,-1.6234173,-3.3421476,-0.8561568
2022-08-10,1.0558759,1.3110372,1.2694746,1.273645,0.50010693,1.1568062,1.3910371,1.2136604,2.0897858,1.2340288
2022-08-11,0.5461375,-0.10098015,-0.29374284,-0.5934168,-0.27159435,0.24710613,-0.31476673,0.15161093,0.101653695,-0.39305308
2022-08-12,0.75394404,0.83936983,1.0287193,0.849369,1.2959394,0.6616146,0.81991506,0.88610524,1.768481,1.0952897
2022-08-15,0.46875033,0.013604258,0.2687324,0.16467917,-0.043862168,0.25153112,-0.034603547,0.1448674,-0.3100858,0.5085172
2022-08-16,0.80058014,0.22455186,-0.09940201,-0.294952,0.22970508,-0.2416602,-0.54622984,-0.6909119,-0.56667334,-0.36459953
2022-08-17,0.5844691,-0.07616235,0.40022117,-0.2871623,-0.18023817,-0.53523666,-1.6599042,-0.52680004,-1.0073848,-0.99562633
2022-08-18,0.6162702,2.780371,-0.16959313,-0.3714993,0.020671507,0.48955706,0.40707192,0.72605205,0.7702243,0.096546486
2022-08-19,-0.30801964,-0.6756651,-0.8470724,-0.9777893,-0.44690853,-1.200069,-0.5757613,-1.1555134,-1.497308,-1.4972463
2022-08-22,-1.3320673,-1.0185486,-1.2590774,-1.9060063,-1.4555619,-2.2413416,-1.3942969,-1.8453678,-1.6168509,-1.5010533
2022-08-23,-0.37256098,-0.28674158,-0.16351368,-0.42750522,-0.051240355,0.1011102,0.2551735,-0.3578008,0.36750245,-0.12692724
2022-08-24,-0.72175545,-0.35123637,0.021715337,-0.2975704,-0.18471703,-0.20336874,-0.12986489,0.08885293,-0.16385715,-0.5754726
2022-08-25,0.3975317,0.25894764,0.6990966,0.5022432,0.46959507,1.4380517,1.3568873,1.3575424,1.3220286,-0.2203255
2022-08-26,-1.7705532,-1.500671,-2.0408518,-2.4780877,-1.5304673,-2.2812567,-2.172355,-2.4252717,-2.595614,-2.6747067
2022-08-29,-0.0068262974,-0.17408077,-0.78539956,-0.7963917,-0.34317693,-0.7092458,-0.47894958,-0.4826793,-1.0437263,-0.73792326
2022-08-30,-0.34784406,-0.5360826,-0.89624465,-0.6796524,-0.057378054,-1.1461401,-0.38524652,-0.9103344,-0.9584803,-0.054515995
2022-08-31,-0.5705544,-0.5170284,-0.6052037,-0.46738592,-0.017430797,-0.5136929,-0.4501152,-0.54590595,-0.27727008,-0.21809322
2022-09-01,0.59828496,0.621224,0.16475622,-0.36190692,0.64821905,-0.24624595,0.2072924,-0.8530702,-1.0356388,-0.37262523
2022-09-02,-0.9472281,-0.6752709,-0.4596535,-1.0485163,-0.38503218,-0.7391586,-0.8393008,-0.5541841,-0.32434225,-0.31271774
2022-09-06,-0.55501103,-0.08790961,-0.28411958,-0.73299015,-0.5210614,-1.18492,-0.011096717,-0.68041664,-0.48752737,-0.012943864
2022-09-07,0.48269856,0.5953207,0.27754152,0.9049567,0.34941292,0.36249092,0.6544727,0.5353381,0.6124885,1.2936157
2022-09-08,0.29201704,0.34241766,-0.31016797,-0.02943257,0.03605656,0.10267267,0.52343833,-0.008666649,0.5977791,0.3392095
2022-09-09,0.32368344,0.42438594,0.49451637,1.0715864,0.6508807,0.8871241,0.5174941,0.88401926,0.9872757,1.1752653
2022-09-12,0.73346084,0.6750894,1.7587088,0.32936382,0.66062987,0.10029222,-0.07953112,0.21274629,-0.17179976,0.14715192
2022-09-13,-1.7271082,-2.3212154,-2.7025404,-3.305968,-0.6314229,-3.2213557,-2.0913997,-2.7618585,-2.5731022,-3.241605
2022-09-14,0.22829363,-0.12727973,0.45417774,-0.0870086,-2.4695375,-0.20753844,0.6670894,0.7944006,0.024130095,0.3456968
2022-09-15,-1.131023,-0.7102279,-1.0566536,-1.7309697,-1.2779522,-0.58167523,-0.7548001,-0.96541995,-0.86014545,-8.12419
2022-09-16,0.9180637,0.04572322,-0.5841576,-0.28511918,-0.9455544,0.5614804,0.6528321,-0.104848705,-0.10826207,-1.4199157
2022-09-19,0.23328748,0.034837622,1.1886065,-0.18795033,0.13185441,0.2586107,0.22243728,0.4862192,0.29127324,-0.5359992
2022-09-20,-0.73355424,-0.7678398,0.7751772,-0.62800807,-0.67607576,-0.7782602,-0.09072634,-0.74037665,-0.8077629,-0.77591217
2022-09-21,-0.71656305,-1.049183,-0.8004397,-0.9383179,-0.90923446,-0.7492014,-0.7496762,-0.1438146,-0.5426248,-0.75134087
2022-09-22,0.10007783,-0.33193034,-0.19445921,0.2394981,-0.4036317,-0.4707884,-0.14570996,-0.27796194,-0.7588858,0.041833073
2022-09-23,-1.3321561,-0.4953882,-0.42650345,-0.7931369,-0.9612631,-0.8150523,-0.36279574,-0.8898184,-0.41337335,-0.4031077
2022-09-26,-0.37471187,-0.048354913,0.058981705,-0.20975228,-0.6998405,-0.7889603,-0.22302435,-0.5156859,-0.65030766,-1.1029121
2022-09-27,-0.16487089,-0.022577656,0.20238897,-0.28091952,-0.61157304,-0.115556985,0.029414361,0.08684031,0.3856187,0.034076743
2022-09-28,0.38256884,0.7512363,-0.3983013,0.70562017,0.30632728,0.2896161,0.39466992,-0.41948158,0.5999326,0.4085266
2022-09-29,-0.60413367,-0.80322564,-1.3853495,-0.9147054,-1.1416655,-1.1533384,-1.1294938,-1.486088,-0.78051805,-0.51211107
2022-09-30,-1.5349855,-0.63172716,-1.5589386,-1.2466995,-0.27043572,-1.0573946,-1.0663886,-0.7967082,-1.2734585,-0.51258886
2022-10-03,0.9176873,0.9246311,0.8117739,0.9980356,0.9030087,1.2646129,0.83333695,0.85180044,1.2123516,0.8866214
2022-10-04,2.3216944,1.2744,1.2563971,1.8447665,2.2052166,1.2393233,1.569612,1.7894967,1.3475078,1.6076363
2022-10-05,0.17038524,0.26150152,0.0012517447,-0.09478759,0.75123537,-0.19141474,0.746807,0.8147525,-0.16850357,0.34846795
2022-10-06,-1.968907,-0.5965968,-0.46245465,-0.7597435,-1.1567568,-0.9136679,-0.40032324,0.053890876,-0.577602,0.12781735
2022-10-07,-1.9591715,-1.6905789,-2.113704,-3.3447824,-1.7605841,-2.8453312,-2.2183444,-1.6180722,-2.6795928,-1.6666776
2022-10-11,0.06146466,-0.3866396,-0.6620411,-1.1590943,0.091080636,-0.38640213,-1.068615,-1.9018899,-1.5036484,-0.18861035
2022-10-12,-0.10296867,-0.40498063,-0.35434115,-0.080714345,1.160934,0.48095417,-0.64050955,-0.6385033,-0.23568179,0.1829885
2022-10-13,2.4905157,1.9329004,1.6797664,2.0830765,1.1866751,2.0641367,0.86100405,1.5400746,1.7008896,1.4397562
2022-10-14,-0.9792823,-0.537664,-1.859595,-1.6652726,-0.7889594,-1.0660287,-1.9786981,-1.204674,-2.4954748,-1.2004498
2022-10-17,0.8704228,1.5413724,1.439126,2.1717916,2.2225935,0.9251221,0.8284315,0.53849685,-0.31237602,0.9074667
2022-10-18,0.816826,0.685458,0.41447142,0.08562927,-0.011962788,-1.1522157,0.13031964,-0.22806907,0.36647835,-0.11433656
2022-10-19,-0.20504802,0.14941211,-0.026653238,-0.65921885,-0.58652234,0.18764007,0.31889635,0.52763265,1.0136613,1.0391961
2022-10-20,3.1351361,-0.18573116,-0.24749966,-0.24310687,2.3091135,0.08585215,0.30122903,-0.4096957,0.6561891,0.37735692
2022-10-21,0.86453164,1.4458677,1.3234594,1.3436195,2.5807836,1.6465968,1.8168923,1.297863,1.8443831,0.5993225
2022-10-24,1.4324086,0.93924636,0.69292086,1.0927055,0.13891014,0.32533577,0.53396946,0.14395872,1.1578002,1.4312487
2022-10-25,0.13764621,0.97677755,0.9319919,0.655277,0.13139717,0.35133937,0.107069395,0.9187011,1.144152,1.0305828
2022-10-26,1.0517995,0.05952536,-1.0875889,-4.918473,1.1561884,-0.42918512,-1.3141468,-0.46435747,0.2002348,-0.49600068
2022-10-27,-0.08775117,0.087633125,-1.7512068,-1.3837521,0.21607941,-1.8715909,-0.37988085,-1.3301928,-0.83205885,-0.32052973
2022-10-28,1.9578043,1.5696292,3.8185515,2.2333817,1.5720958,5.0248537,1.7762735,1.5744065,1.3714532,1.0493971
2022-10-31,-0.09183385,-0.19145088,-0.86392367,-1.0722785,0.42081365,-1.0846773,-0.24720602,-0.6562618,-0.7388109,-1.0086004
2022-11-01,-0.050592992,0.06552995,-0.78171194,-1.0961784,-0.5753294,-0.22915322,0.56464684,-0.2131955,0.5745636,-0.37237215
2022-11-02,-0.6712311,-1.0652587,-2.1461344,-2.3349533,-1.4765307,-1.6232966,-1.3700812,-1.9328102,-0.98239523,-2.346612
2022-11-03,-1.1980244,-0.8740365,-2.4322245,-1.79439,-0.103934266,-0.13904786,-0.64186734,-3.5825982,-0.7457892,-2.560687
2022-11-04,1.3203076,0.8946287,-0.20076916,1.8297774,0.680883,2.0729125,1.852068,1.0599935,2.3731198,-0.06809546
2022-11-07,0.74587005,0.07333692,0.10210469,1.5690075,0.4970519,0.27877825,0.87467736,1.2926112,1.328187,2.2464235
2022-11-08,0.8739191,0.11227829,0.13528253,0.10161509,-0.81234187,0.048490673,0.674105,0.8449728,0.9462839,0.3999466
2022-11-09,-0.45667198,-0.83234406,-1.8525192,-1.3201673,-0.0056675784,-1.8312546,-0.94576424,-0.8783543,-1.4132675,-0.5577083
2022-11-10,1.8340812,2.0348153,4.328334,4.505479,0.9800886,3.768695,2.6432395,3.675066,4.21524,4.4223547
2022-11-14,0.50107926,-0.022937259,-0.55848885,-1.5064646,0.5071496,-0.196163,-0.58629435,-0.30659026,-1.1928663,-0.13063821
2022-11-15,0.06793865,0.20567586,0.57766414,-0.04050254,0.36092964,0.48559153,-0.0069307154,1.732705,0.96163505,0.6908953
2022-11-16,0.08863982,-0.51584196,-0.48888582,-0.03642151,0.39833844,-1.8184947,-1.0933868,-1.9461967,-2.4271336,-0.99716914
2022-11-17,0.7156862,2.3680847,0.63477993,-0.15338378,-0.43156856,0.505125,0.45062488,0.6611008,0.0023805725,-0.10110396
2022-11-18,0.6421903,1.17321,0.090329915,-0.22694325,0.24288826,-0.054143116,-0.076825894,0.2336576,0.006900161,-0.9229325
2022-11-21,-0.42899716,-0.1198343,-0.6306815,0.05610921,0.0074679013,-1.2609313,-0.65558994,-1.2245275,0.072298415,-1.2156571
2022-11-22,0.9843465,0.73084015,0.38768697,0.51369405,1.1132258,1.1621631,1.0596972,1.0166396,0.58185816,1.1666934
2022-11-23,-0.16269602,0.21597396,0.20766462,0.4427044,0.20504743,-0.2457764,0.38357213,0.41619492,0.23842518,0.61327183
2022-11-25,-0.1852306,-0.12044744,-0.54999214,-0.14231125,0.043949425,-0.4722686,-0.46410066,-0.62791616,-0.73035866,-0.2208985
2022-11-28,-0.9455808,-0.255915,-0.7460135,-1.3322623,-0.68971467,-0.85437167,-0.95153284,-1.3342229,-0.9119536,-0.7041192
2022-11-29,0.11907119,0.22397403,-0.6938088,-0.45313886,-0.31564245,0.21327132,-0.04143012,-0.49530408,-0.16633224,-0.32161042
2022-11-30,0.8858518,1.2166288,1.4785242,2.6667106,0.941269,1.4472115,1.4885888,2.4058828,1.9560809,1.9788849
2022-12-01,0.087016135,0.25933126,0.03846937,-0.21931818,0.50203174,-0.35041687,-0.706986,0.012487218,-0.9861379,-0.13529867
2022-12-02,-0.19547053,-0.24034658,-0.23211877,-0.07272001,-0.4746214,-0.7462579,0.002667954,-0.47761855,-0.20189188,-0.36131692
2022-12-05,-0.5430806,-0.33597016,-0.46966943,-1.2583319,-2.378395,-0.4383213,-0.10997633,-0.9051922,-0.19368862,-0.99951184
2022-12-06,0.047398824,-0.69475377,-1.405436,-1.3239939,-0.3324612,-0.9400355,-0.8211347,-1.3448117,-0.74272794,-0.4147454
2022-12-07,-0.1014736,-0.3668782,-0.7565361,-0.31313887,-0.10042207,-0.45748344,-0.18911473,-0.6634499,0.44307598,-0.62513065
2022-12-08,0.20515928,0.7946299,0.36664522,0.54344946,0.662803,0.12977621,0.5859368,1.1310656,0.8113543,0.7447324
2022-12-09,-0.3346196,-0.45135373,-0.10765658,-0.5524938,-0.14292558,-0.31151032,-0.521196,-0.9890544,-0.5270064,-0.28309032
2022-12-12,0.85835797,0.7797422,0.44939178,1.3317689,0.6633693,0.59535617,0.6805801,0.60044444,0.60386133,0.8877425
2022-12-13,0.55531245,0.3448008,0.17808774,0.80455834,-0.4064784,0.028456613,-0.031085566,0.66855544,0.77607304,0.5085975
2022-12-14,-0.3140768,-0.28561047,-0.7384126,-0.069452494,0.66439915,-0.7415578,-0.44958094,-0.7138922,-0.8776405,-0.35590652
2022-12-15,-3.35789,-1.1142241,-2.5760608,-2.0202222,-1.0545712,-1.8891114,-1.5655276,-1.9284093,-2.0055718,-1.5029783
2022-12-16,-1.015122,-0.3059831,-0.8223088,-1.1478479,-0.3110555,-0.42730334,-0.16135284,-0.8827812,-0.021040458,1.2715281
2022-12-19,-0.6092844,-0.36162564,-0.62314343,-1.0999701,0.4709229,-0.23545505,-0.5258314,-0.8044668,-0.36077785,-1.3115238
2022-12-20,1.1367258,0.004232068,-0.075477146,0.18115403,0.23644046,-0.64432645,-0.45126146,-0.28993374,-0.27694094,1.2241294
2022-12-21,0.38851354,0.31940103,1.0285732,0.4726567,0.2797811,0.59116316,0.6430737,0.8435061,0.8158452,0.3794017
2022-12-22,-0.56873167,-0.32057023,-1.303278,-1.6539315,-0.6305521,-1.591712,-1.1545926,-1.5804992,-3.4147727,-0.6592711
2022-12-23,0.3715514,0.20169348,-0.19809349,-0.013086521,0.1969895,0.16645522,-0.12919872,-0.030695513,-0.24527673,0.22832441
2022-12-27,0.3786567,0.08947286,-0.77906036,-0.58827513,0.063204825,-0.34070128,-0.21128388,-0.620975,-0.88985085,-0.4733746
2022-12-28,-1.1096392,-0.43058234,-1.687236,-0.73151076,-0.3990572,-0.73766637,-0.7515006,-1.0883031,-0.55574626,-0.92327136
2022-12-29,0.4698502,0.4556957,1.1040385,1.3849316,0.5527472,1.0608058,0.9658683,1.0275966,1.102637,1.1870326
2022-12-30,-0.10114884,0.16513455,0.054849956,-0.3824137,0.13482018,0.30791357,0.014412566,-0.051483214,0.009527884,-0.16591978
2023-01-03,0.28224728,0.3206081,-1.2131879,-0.1838686,0.988986,0.4352239,-0.5466397,-1.135257,-0.3417634,0.018158449
2023-01-04,0.49785712,0.024650462,0.48529795,-2.743907,0.41730317,1.5811992,1.6022415,1.6097983,0.98299205,0.5600331
2023-01-05,-0.6902991,-0.61673874,-0.40413636,-1.7918012,-0.11738825,-0.21334371,-0.6006378,-0.9012479,-0.63153875,-1.7206993
2023-01-06,1.1988194,1.4902787,1.864476,0.5331192,0.7237845,1.833188,2.1210673,2.1894615,2.440071,0.548234
2023-01-09,-0.05851386,0.29614928,0.16599168,0.41783908,0.57953006,0.8724788,0.3523333,-0.36745664,0.76570016,1.1808364
2023-01-10,0.58853924,0.27388275,0.1727731,0.2971426,0.027486855,0.15857945,0.41195297,0.7555854,0.50567937,-0.45404428
2023-01-11,0.22686352,0.4463988,1.0226672,1.5979866,1.1743698,0.61082906,0.08273751,0.4452974,0.67207617,0.5287391
2023-01-12,0.1624172,-0.1935668,-0.10226112,0.5350047,0.08872394,0.6757051,-0.23715809,1.0311884,-0.033886936,0.1935338
2023-01-13,0.1857318,-0.095929,0.45234996,0.023673844,0.23122804,-0.37214923,0.19969016,-0.55413586,-0.17290597,-0.0485995
2023-01-17,-0.29108706,-0.85803676,0.38164237,0.12263065,-0.37743634,-0.9415776,-1.0206287,-0.07209876,-0.2976253,-0.027135454
2023-01-18,-2.1952827,-1.2896317,-0.34832522,-1.2933764,-1.1490158,-1.4353228,-0.48843983,0.522323,0.02295704,-0.44311887
2023-01-19,0.13138519,-0.47646913,-0.051507086,-1.1554562,-0.49457726,-0.7673468,-0.8310137,-1.6450899,-1.4431374,0.1424168
2023-01-20,0.31168073,0.41566113,0.9242509,1.9612721,0.7957398,1.3514347,0.5489334,1.7711439,1.2491645,1.8923779
2023-01-23,0.34846637,0.8793957,1.1449109,0.42973635,1.0322281,1.7386811,1.3949404,2.6013088,1.5781031,1.1257794
2023-01-24,-0.14376345,0.39216012,0.44883817,-0.29330692,0.41785654,-0.66714543,-0.34509534,-0.19112056,-0.5123094,-0.5106674
2023-01-25,-0.3151122,0.22676659,-0.3156162,-0.5105246,-0.053593386,-0.44245344,-0.58392066,0.06380116,0.26352426,-0.43690628
2023-01-26,-3.0155988,0.4339326,0.69282097,1.649047,0.09275698,0.59319437,-0.2960381,0.79605997,0.50083566,0.9563511
2023-01-27,0.0014086763,0.22771251,0.63629997,-0.119768515,-0.5204457,-3.4612463,0.27849433,-0.26116288,-1.2034819,0.6056174
2023-01-30,0.46620885,-0.27226594,-1.1038852,-1.4588455,-0.96085906,-0.4256283,-0.2751575,-0.65579486,-1.6901133,-0.9189991
2023-01-31,-0.25240755,0.5479364,0.39416945,1.0947396,0.6594566,0.49286157,1.0946219,0.4151261,1.1510652,0.8820608
2023-02-01,0.21449848,-0.07717708,0.33492443,1.0325735,0.9426957,1.3769393,1.2889143,1.5377107,2.6067572,1.7228063
2023-02-02,0.69896716,0.9007599,1.8565265,2.6248882,-0.43552938,1.8520747,0.6658048,-0.8907086,1.6781043,1.0315721
2023-02-03,0.31052765,-0.7515999,1.1967145,-1.616227,0.12365356,0.14337437,-0.68240106,-0.34226495,-1.5266877,-1.6807975
2023-02-06,-0.34194145,-1.1632714,-1.0213306,-0.5271518,-0.67165226,-2.2768216,-0.38054696,-0.739143,-0.88345337,-0.5453731
2023-02-07,-0.1367709,0.3418248,0.92090875,2.3096173,-0.4932259,0.5662974,0.6206414,1.0638634,0.8966261,1.0411459
2023-02-08,0.10446273,-0.99759054,-1.0278271,-0.35137367,-0.6761908,-1.5285827,-1.9306085,-1.4799447,-1.6780622,-0.73335654
2023-02-09,-0.2626898,-0.239017,-0.45780307,-0.8787442,-0.049003392,-1.0122992,-0.4553157,-0.6113735,-0.040017527,-0.36782235
2023-02-10,0.98608124,0.6723491,0.041086834,-0.28651237,0.28483057,0.04946291,0.18915492,-0.586593,-0.5499033,-0.67576826
2023-02-13,0.91874176,0.7458301,0.9061149,1.7067178,1.3910121,1.2854794,0.22076048,0.51833963,0.5378473,0.50012577
2023-02-14,-0.65639096,-0.15276645,-0.3301684,0.019139541,-0.23744549,0.07273444,-0.13461246,0.41206995,0.5646915,0.3405451
2023-02-15,0.2338351,0.91610324,0.64827704,-0.6551367,-0.48938143,0.29395902,0.56225514,0.14982656,0.26467845,-0.29251388
2023-02-16,-0.6741774,2.9038415,-0.6457985,-1.8057307,-0.4085862,-1.2465074,-0.7026964,-1.0173103,-1.5084918,-1.4718559
2023-02-17,0.04459959,-0.20458955,-0.48654488,-1.1177951,-0.29595152,-1.162355,-0.2466852,-0.8806773,-0.06827655,-1.162854
2023-02-21,-1.6188178,-1.1075783,-1.4689922,-1.4132298,-0.66935253,-2.9836462,-1.2998369,-1.4296209,-1.6042259,-1.365894
2023-02-22,-0.34577796,-0.37309054,0.0810393,-0.42965445,0.05479479,-1.224444,-0.3082994,-0.0024269486,-0.31438836,0.24460362
2023-02-23,-0.07262028,-0.06660005,0.11478614,0.60655653,1.26033,0.2089108,0.5090005,0.6769833,0.82920176,-0.24137841
2023-02-24,-0.08779462,-0.7344926,-0.9959561,-1.4501767,0.027885677,-0.9711995,-0.7803082,-0.717929,-0.67427146,-3.609684
2023-02-27,-0.014618138,0.30551457,0.35892215,0.07064949,-0.42736772,-0.54218984,0.40895334,-0.40099776,0.19440474,0.22873376
2023-02-28,-0.6037439,-0.258065,-0.14501932,-0.29484224,-0.3067883,0.018449215,0.13797635,-0.055362683,1.3012321,0.18908925
2023-03-01,-0.5643642,-0.043359827,-0.7715345,-0.86118895,-0.58293587,0.6590206,0.14536895,0.22001089,0.29224396,-0.10480245
2023-03-02,0.38229677,0.22287367,0.17265575,0.97722626,0.3166996,1.4730654,0.45393,-0.059481762,0.31887662,1.3304698
2023-03-03,0.36099595,0.76316094,1.7486509,0.80360025,1.1671754,0.29578683,0.36570254,-0.15737195,0.08523888,1.3425136
2023-03-06,0.29349402,0.17616503,0.90052134,0.2141519,0.2489587,-0.7924529,-0.7358553,-0.50680566,-0.23084413,0.3577774
2023-03-07,-0.9651106,-0.4998333,-0.8128262,-0.7792332,-0.8075072,-0.9402895,-0.3099119,-1.2168809,-0.8476242,-0.3146843
2023-03-08,-0.08569012,0.23892656,0.3780066,-0.24991737,0.05315325,0.77926123,1.0657274,0.623632,0.70601165,0.109426305
2023-03-09,-0.9572756,-0.27402744,-0.8318685,-0.4675902,-0.9397547,0.791301,-0.7806146,-1.5142064,-0.6464683,-0.9978575
2023-03-10,-0.3587789,-0.21625747,-0.78361344,-1.0072554,-1.5964925,1.2988107,-0.5154567,-0.84579074,-1.0149251,-1.2231964
2023-03-13,0.08738731,-0.12108921,0.6229743,1.0964415,0.48943406,-0.53639525,0.5677169,-0.3729979,0.4297867,-0.71103317
2023-03-14,-0.47351643,0.68397504,0.677239,1.4090668,-0.23256971,1.7614594,0.4436029,0.69562817,1.4645565,1.1938214
2023-03-15,-0.7260647,0.04435689,0.083401814,0.8546673,-0.8629733,0.5685586,-0.36730132,-0.48240003,-0.69611526,0.0073790904
2023-03-16,0.5996505,0.8813604,0.5766658,1.7071091,0.7582059,2.1900702,0.52389675,1.3533373,1.1364794,2.062613
2023-03-17,-0.53057855,0.09611882,-0.16195951,0.48141304,0.17285544,-0.5127804,-0.3520719,-0.015229269,-0.15141764,0.533215
2023-03-20,0.91971534,0.58969796,0.48044133,-1.2194914,0.6475822,-0.7871861,0.628039,0.21419013,0.3028227,0.4125884
2023-03-21,0.30103958,-0.20634356,0.34579417,0.17983715,0.26989767,-1.028179,-0.2106148,0.5731522,-1.2261152,1.2989329
2023-03-22,-1.2895033,-1.0468222,-0.26504058,-0.41609627,0.1174102,-0.49798867,-0.5141216,-0.68798035,-0.5695505,-1.4838233
2023-03-23,-0.34739873,0.24392213,0.21420401,0.7653244,-0.092850275,1.1151369,0.7410671,0.50618285,0.99387234,0.67212164
2023-03-24,1.0314898,0.81631696,0.3723355,0.46313384,0.11066896,0.4877921,-0.23847914,0.117796704,-1.1841385,0.6883322
2023-03-27,2.0550642,0.06267069,-0.6199805,-0.98483396,1.0475428,-0.30168033,-0.6387838,-0.4944926,-0.30436936,-0.2411433
2023-03-28,0.022991026,-0.10880868,-0.25799927,-0.38226935,-0.17458835,0.12643859,0.072128385,-0.89080966,-0.9328334,0.004064021
2023-03-29,0.1986703,0.7858614,0.97934216,0.958138,0.3890754,3.3471522,0.86228627,1.2177861,1.0972074,0.6502901
2023-03-30,-0.23632382,0.28336287,0.46547863,0.5839186,-0.07924634,0.7841234,0.759962,0.6944961,0.67139614,0.2929979
2023-03-31,0.946806,0.820587,0.77458507,0.71239424,1.205029,0.76125574,0.3880689,-0.0334233,0.1495926,0.37213984
2023-04-03,0.49787718,0.063393846,0.34775805,-0.36146593,0.5012642,0.26520938,-0.4991137,-1.0593638,-0.2558982,-0.6355212
2023-04-04,-0.21186435,-0.07230798,-0.2816554,-0.18233174,0.009963781,0.22712061,-1.0397421,-0.94750655,-0.8020728,0.6014018
2023-04-05,0.32207718,0.036673464,-0.70432615,-0.77419823,0.49234426,-0.4971791,-0.9115689,0.17467724,-1.043318,-0.44312572
2023-04-06,-0.8415518,-0.56717354,0.19609316,1.3660201,0.56654143,-0.11355986,0.22149846,-0.09666968,-1.0836966,-0.22335604
2023-04-10,0.3218216,0.10244951,-0.9665676,-0.63321036,-1.0596802,-0.52836597,0.32449022,0.36801836,0.6277337,-0.6094106
2023-04-11,-0.28344965,-0.7363641,-0.4848117,-1.5505908,0.10009635,-0.34429777,0.08606261,-0.3285191,-0.12869558,-0.70140016
2023-04-12,-0.9712011,-0.5345975,-0.32487103,-0.024732845,-0.06650576,-0.603378,-0.6704984,-1.2329353,-1.2311385,-0.1983333
2023-04-13,-0.31303164,0.8104315,1.7057614,1.1817486,0.93343425,0.09175527,0.39612356,0.22216743,0.025249446,1.1505506
2023-04-14,0.16206636,-0.2490579,-0.1955074,-0.94202465,0.069200285,-0.46109447,-0.07109778,-0.42238146,-0.29354408,0.044267457
2023-04-17,-0.13682194,-0.2526187,-0.08068075,0.39788443,-0.092006,0.32242164,0.25666335,-0.35876533,-0.49141857,-0.22320703
2023-04-18,0.0074024117,0.067869924,0.31885993,-0.2437614,0.46162137,-0.5556872,0.033553228,-0.44734013,-0.27934012,-0.07128121
2023-04-19,-0.7330913,-2.3741403,0.2941331,-0.1357088,-0.37116578,-1.1373801,-0.8992419,-0.024557624,-0.43294716,0.2836194
2023-04-20,0.038735602,-1.5145785,-0.35848194,-0.6238765,-0.52867544,-0.5018089,-0.1605476,-0.055492245,1.3883961,-0.0065969396
2023-04-21,-0.32162207,0.49726546,-0.56553155,-0.21143956,0.13554518,-0.8697821,0.06180642,-0.41585237,-0.41455036,-0.32666978
2023-04-24,-0.16156086,0.40718207,0.049114067,-0.9579736,0.12487161,-1.0326948,-0.32872698,-0.24379578,-0.03297791,-0.063422844
2023-04-25,0.27176875,-0.28089845,-0.5456583,-1.4760936,-0.7344214,-1.3144578,-1.7808803,-1.3141748,-1.1784539,-0.9438085
2023-04-26,-0.018044874,-0.5250767,-0.046079006,3.8620439,-0.19657572,0.21975267,-1.3525962,-0.052935686,-0.19482353,-0.8111417
2023-04-27,0.55854374,0.054658312,0.98855525,1.6091462,0.5812462,1.1173598,0.17038687,-0.18108721,0.39380813,0.96263605
2023-04-28,-0.3009898,0.67733735,0.19765636,0.2882809,-0.17209111,1.5278085,0.423479,0.87728924,0.36094603,0.64339787
2023-05-01,-0.17447035,0.12286315,-0.046765953,-0.4416551,0.040433306,-1.0784699,-0.17078209,-0.4424427,-0.11292706,-0.42730978
2023-05-02,-0.4818692,-0.96320975,-0.36929578,-0.16774859,-0.05801874,-0.8271319,-0.7773317,0.0060011977,-0.36708918,-0.6770685
2023-05-03,-0.87793124,-0.34560075,-0.19006804,-0.2929846,-0.044767175,1.1282952,-0.17605332,-1.2006547,0.2891452,-2.7701848
2023-05-04,-0.44008306,-0.18812218,-0.31994224,0.04519894,0.028531574,0.81906366,-0.24852286,-1.943139,-0.31885055,-1.0327832
2023-05-05,0.4410997,0.5000193,1.4421096,0.65864974,0.70811003,-0.30542222,0.98599774,0.5997158,0.97222704,1.282116
2023-05-08,-0.15017477,0.121961325,-0.024613636,-0.4695117,-0.11107542,-0.31478095,-0.42929515,-0.26326793,-0.18440787,-0.56841516
2023-05-09,-0.31557852,0.163641,-0.38357064,-0.42750746,-0.32226023,-0.9519588,-0.35267976,-1.088323,-0.7304244,-0.21008314
2023-05-10,0.44038475,0.27233607,0.37016007,0.8183902,0.59235007,-0.21447676,-0.024597017,0.18085305,0.4478376,0.14399756
2023-05-11,-0.6065739,-0.2967904,0.016514292,-0.5131081,-0.06676434,-1.5808266,-0.51813614,-1.0310502,-0.06773362,-0.34023678
2023-05-12,0.9792499,0.36171585,-0.16253673,-0.32127073,0.1400567,0.0986112,0.1435343,-0.25922722,0.122036695,-0.80561537
2023-05-15,0.2247632,0.39370856,-0.09358188,-0.037859537,-0.2771688,1.105371,0.7685579,0.8752134,1.4606538,1.1886513
2023-05-16,0.019952992,-0.13217689,-0.0111832535,0.25688073,0.36861765,-0.79651415,-0.4815542,-0.99665064,-0.13920939,-0.10285692
2023-05-17,1.0917586,0.6962152,0.08657628,0.36766675,0.58667654,-0.5031105,0.4402694,0.29573914,1.3576134,1.3387778
2023-05-18,0.22783953,0.5968954,0.6502116,0.6749219,1.1357168,1.1728743,1.13464,0.7797963,1.2265346,0.43895236
2023-05-19,0.5580506,0.9192147,-0.0009390442,-0.16476387,0.18543234,0.3209055,0.037518278,-0.5312781,-0.9886568,1.2656574
2023-05-22,0.10989928,-0.25661317,-0.22996446,0.35979524,-0.48528183,0.4552056,0.14916092,-0.32433873,-0.2078443,0.06351993
2023-05-23,0.33817223,0.12054571,-0.6948886,-1.1765792,-1.4584916,-1.1324033,-0.32148883,-0.7952755,-0.72955376,-0.22198896
2023-05-24,-1.2891421,-0.4494159,0.043755963,-0.39164963,-0.12721023,-0.79822266,-0.73447406,-0.3194091,-0.8733707,-0.5846349
2023-05-25,0.56227607,0.63993275,0.30548993,2.016969,2.6956584,-2.553169,0.6322254,0.32225806,2.6822479,3.0293214
2023-05-26,1.0852048,0.82370687,0.64963186,1.061095,-0.11724335,2.4246914,1.6464782,2.4421904,1.5749024,2.5141323
2023-05-30,0.3117943,0.33895847,0.504991,-0.43765074,0.4728336,1.5119853,0.027396156,2.055979,0.065319784,0.16824505
2023-05-31,-0.45157182,-0.43880215,-0.053902045,-0.62450117,0.31705678,2.0315702,-0.7104645,-0.7691692,-1.0500013,0.03381641
2023-06-01,0.6028626,0.0997689,0.5693417,0.5697912,-0.009128955,-0.44780698,0.43067572,0.79525375,0.35848352,0.896502
2023-06-02,1.3137251,0.31094414,0.19813098,0.346311,-0.06609377,0.2200801,-0.19113892,-0.17108904,-0.1468245,0.9596443
2023-06-05,0.13089377,0.2294833,-0.4505303,-0.054822683,0.47565293,-2.3767805,-1.3906723,-1.1637872,-0.36241198,-0.2503987
2023-06-06,0.04774681,-0.37640938,-0.16690156,-0.5486912,0.062737055,1.7216085,-0.011572773,1.2517573,-0.02199724,-0.15872984
2023-06-07,0.8489767,0.0049469583,-0.45794165,-1.9832152,-0.88380677,0.4395082,0.40555874,-0.5264824,0.23910606,-1.54774
2023-06-08,0.037376404,-0.067870185,0.72938776,0.19167563,1.0465572,0.78255093,0.023650562,0.33824828,0.27461782,2.1555145
2023-06-09,0.45166636,0.014977624,0.055598713,0.12750152,1.0649369,-0.7842625,-0.48468825,0.9090068,-0.11065405,1.4687022
2023-06-12,0.55326706,0.8389385,0.76179165,0.74817437,2.7893398,2.4520903,0.87527406,0.9878041,1.0573716,1.9367316
2023-06-13,0.5579542,0.33111706,-0.1602587,0.27759182,0.07007908,1.046968,0.7966185,0.7020044,0.41334534,0.37373498
2023-06-14,-0.1833554,0.1867692,0.13717057,0.382003,2.1901858,2.139869,-0.113583416,-0.45298314,-0.2629939,0.024152072
2023-06-15,0.58120024,0.9525907,0.5377378,1.6740003,1.6220626,0.26260367,0.20799154,-0.02035117,-0.39130142,1.0086257
2023-06-16,-0.41699922,0.17298913,-0.3615257,-1.1330258,-0.45463416,0.68663365,-0.3911504,-0.4107301,-0.4342343,0.36466947
2023-06-20,-0.7098321,-0.498622,-0.043536335,-0.9055537,-1.4658898,-2.0073416,-0.6931067,-1.0769644,-0.20874709,-0.90981305
2023-06-21,-1.0895678,-0.6923479,-0.3637317,-0.95268136,0.0076594735,-3.1945481,-1.1163213,-1.533591,-0.642593,-0.8353086
2023-06-22,-1.2305766,0.31242543,0.78089195,0.9305431,-0.6629669,-0.35065436,0.5560419,0.14380817,0.5873525,-0.015231043
2023-06-23,-0.8800799,-0.83447355,-0.17645973,-1.0084224,-0.90741426,0.37600362,-1.4568998,-1.1731393,-0.9381692,0.6998647
2023-06-26,1.0231594,-0.09492659,-0.47838104,-1.3291876,-0.87153995,0.4526919,0.27261028,1.08151,1.0305965,-0.5518315
2023-06-27,0.53540725,0.72856677,0.70631796,0.9212508,0.4589155,1.0780897,2.0710897,1.0337813,1.8643984,0.9211154
2023-06-28,-0.26495153,0.04596567,0.26191568,0.074314356,-0.59156764,-0.8392803,-0.40313652,-0.8888709,-0.80203444,-0.66540843
2023-06-29,1.1947678,0.40053362,0.0180886,-0.30262303,0.5513535,-1.088147,0.46685055,0.09939107,-0.028989855,0.10479799
2023-06-30,-0.11139503,0.5378979,1.1504092,0.7985708,0.50992095,0.69101316,0.78440255,0.26273683,0.00048748325,0.4484024
2023-07-03,-0.054304004,0.11145363,-0.45943165,-0.5827921,-0.82046235,0.20219527,-0.10633816,0.28438035,0.17457826,-0.36756852
2023-07-05,0.27864695,0.108420484,-0.3423043,-0.11125514,-0.49264398,-1.5149891,-0.8392214,-1.1701734,-0.9744239,0.15835276
2023-07-06,-1.019204,-0.3382923,0.08771562,0.38674706,-0.22887102,-0.7919697,-0.47439712,-0.8045485,-0.6196354,-0.5688188
2023-07-07,-0.03819096,-0.076830134,-0.348407,-0.820385,-0.36076212,-0.20642613,-0.32405078,0.17414425,-0.31705114,0.33559105
2023-07-10,0.41689503,0.42592764,-0.62332785,-1.0769014,-0.11741676,1.2254553,1.4396161,0.34288523,0.19979464,0.9705305
2023-07-11,0.7560737,0.6958371,-0.18804494,-0.02885409,0.3381565,0.70968956,-0.19278093,-0.18678361,-0.94719136,0.7109044
2023-07-12,-0.7726128,-1.284279,0.41683328,0.6765227,0.45741805,0.89392924,0.8596734,0.56798244,0.30432996,0.20400347
2023-07-13,0.5543309,0.82668954,0.14892626,0.7964137,0.60128313,-0.21658868,0.15344301,1.4674486,1.0119057,0.84664893
2023-07-14,-0.22981453,-1.1721294,-0.029167483,0.2924576,0.7905778,-1.1567047,-0.6368186,-0.27799475,-0.060406867,-0.24813539
2023-07-17,0.43367255,0.46888217,0.824842,-0.065670036,-0.1790244,1.7046417,0.6168662,0.1997182,0.7002376,0.59619975
2023-07-18,0.5608106,0.4540252,-0.12298945,2.1309803,0.74963343,0.12731646,0.030522505,-0.28020406,-0.36503252,0.8353919
2023-07-19,0.072691895,1.1712548,0.31452787,-0.8641275,-0.867294,-0.10492582,-0.0424051,0.44897872,-0.8632543,-0.44689637
2023-07-20,1.4022914,-0.021306587,-0.5819081,-1.503502,-1.179886,-1.547754,-0.9839375,-1.391503,-2.366944,-0.89492023
2023-07-21,0.27669016,0.2774662,-0.3744397,-0.6645473,0.70920205,0.84682405,1.062345,1.3103316,0.6213454,0.2602544
2023-07-24,0.30578604,0.50163466,0.15671214,0.07936762,0.16251948,-0.62414926,-0.14921902,-0.30097982,0.49746162,0.2889788
2023-07-25,0.4037232,0.52651346,0.16426904,0.8515169,-0.07151486,0.63604605,0.52962744,0.23955955,0.4215923,0.105609715
2023-07-26,0.37820014,-0.3438552,0.16585188,-2.445926,-1.1200436,0.31798452,-2.7091439,-0.44062582,-0.39479786,-0.9940289
2023-07-27,0.9059733,-0.17933428,-0.40250018,-1.3990867,0.37960687,0.21262376,0.42118332,0.5294275,1.9728365,-0.07580953
2023-07-28,0.24785514,-0.8744947,0.62713933,1.20499,-0.20060231,3.1372683,0.4685303,1.1083692,1.5183771,1.2872478
2023-07-31,0.36660916,-0.015202678,0.09410511,-0.5899612,0.5410711,-1.5479368,0.3987602,0.7753496,-0.17917915,1.4789647
2023-08-01,-0.3664949,0.6880167,-0.30364317,-0.08489131,0.2910542,-0.029914282,-0.4782341,-0.113650136,0.19617343,0.22938444
2023-08-02,0.44148415,-0.049048048,-0.9278514,-1.7901748,-1.0620956,-2.130195,-1.6916972,-0.99716544,-1.5276259,-1.7701448
2023-08-03,0.15941063,0.6176271,-0.45462507,-0.3106641,-0.55153316,0.6369917,-0.21671619,-3.6604927,0.048114795,-0.6113737
2023-08-04,-0.06679868,-0.4955962,-2.6399214,0.04790049,-0.069684684,0.50711656,-0.9900414,0.8904817,-0.69262975,0.2540166
2023-08-07,0.9526419,0.44018975,-1.0136659,0.2660169,0.7640385,0.053464428,0.115726426,-0.8407711,1.223252,0.23447934
2023-08-08,-0.09347986,0.08707459,0.20412476,-0.8975912,-0.41601193,-0.3725058,-0.6772061,-0.6805227,-0.7437003,-0.84472495
2023-08-09,-0.79427034,-0.03574496,-0.5489727,-0.8695546,-1.019647,-1.1664488,0.11989897,-0.4752824,-0.8900832,-0.66130686
2023-08-10,0.40162548,0.43829128,-0.15382697,-0.033189937,-0.077058,0.51609623,0.049997017,-0.43320024,-0.24160017,0.16457929
2023-08-11,-0.029879846,0.46204486,-0.05637392,-0.51607037,0.014045231,0.23825221,-0.4309126,-0.44978154,-1.7737795,-0.71181005
2023-08-14,-0.53567123,0.12557714,0.41552106,0.40556228,1.1355268,1.0676478,1.1819971,-0.30337787,0.81533295,1.2245529
2023-08-15,0.008653248,-0.48722014,-0.64954686,-0.5558768,0.75164175,-1.3652196,-0.6928942,-0.9587954,-0.6172342,-0.34066355
2023-08-16,-0.5516595,-0.33743316,-0.3139651,-0.29149404,-0.85975784,-1.8194594,-0.7232797,-0.6771562,-0.62640804,-0.38889012
2023-08-17,0.021118581,1.6450093,-0.8192835,-0.7846465,-0.21321858,-1.3810279,-0.02889601,-0.12066249,-0.2805982,-0.26720345
2023-08-18,0.36586484,0.31742957,0.09125071,-0.22028784,0.65443665,0.19538109,0.16362657,-0.084104545,1.3919086,-0.33233312
2023-08-21,0.4269129,0.4091187,0.3355953,0.8481589,0.038793627,0.52407974,0.3726061,0.13278861,1.6405809,1.060309
2023-08-22,-0.35011575,0.052977845,0.3564417,-0.04059082,-0.0406925,-0.40841568,-0.2708873,-0.56380033,-0.3394054,-0.10859951
2023-08-23,0.902001,0.50261265,1.0685488,0.67091507,0.5293266,1.5044209,0.70885766,0.5669566,0.04346353,0.9259918
2023-08-24,0.083259515,-0.6367989,-1.4247088,-1.4223398,-2.150257,-2.0695484,-1.2181333,-1.1230696,-1.6329743,-1.5876012
2023-08-25,0.8312933,0.4441516,0.60378444,0.39997587,1.3171256,0.88991755,0.57117105,0.6179622,0.43524438,1.0515089
2023-08-28,0.31993684,0.48419645,0.39965758,-0.016798627,0.31328914,0.47681335,0.2059982,0.43163738,0.21280207,0.3857342
2023-08-29,0.21231793,0.3578815,1.0564035,0.6993131,1.5822216,0.9252814,0.50704604,0.7027188,1.1789428,0.8635408
2023-08-30,0.21099648,0.2676179,0.9147852,-0.084371075,0.18338741,0.25674993,-0.44758475,0.019729363,0.17971556,0.37988654
2023-08-31,0.0027299155,0.5063608,0.0070434255,-0.32922402,-0.31651902,0.77908885,-0.3603688,0.381655,0.39991814,1.097744
2023-09-01,0.5274665,0.48819655,0.3682985,0.008791615,0.21590267,2.002845,0.46307367,0.2266947,0.24508141,0.29430684
2023-09-05,0.11483783,-0.5047122,-0.004914312,0.72713596,1.2946129,0.070854,-0.06333101,0.33260486,-0.18872252,0.11251551
2023-09-06,-0.0013422613,-0.058083497,-1.9725863,-0.27771044,0.13077715,0.30438715,-0.5198607,-0.76383173,-0.20242313,-0.2733313
2023-09-07,-0.21435988,-0.32255533,-1.6474559,-0.70337933,0.3086451,1.565769,-1.0130166,-3.2291582,-1.4418538,-0.15771803
2023-09-08,0.10564301,-0.079652704,0.10530866,0.6318783,0.5060215,-0.30168033,-0.05136999,-0.18766816,-0.2818945,-0.037271295
2023-09-11,0.3507145,0.20083742,0.269512,0.49843022,0.1456843,0.70402986,0.3094728,1.5179266,-0.3167154,0.32544997
2023-09-12,-0.9167986,-0.39757088,-0.9776279,-1.2678862,-7.770597,0.28557447,-0.7279232,0.27374652,-0.86594015,-1.9548951
2023-09-13,0.15426525,-0.07340486,-0.7298786,0.6161199,1.0822232,-0.2773992,0.22606817,0.45170698,0.08675623,0.9973804
2023-09-14,0.40879002,0.12638143,0.37917098,0.31113863,0.8590943,-0.13071527,0.46519476,0.43731543,-0.088855185,-0.15728062
2023-09-15,-0.60020536,-0.29150268,-0.30642167,-1.7037108,0.097324334,-1.1366161,-1.055088,-0.41781303,-1.9239984,-2.1527157
2023-09-18,-0.38661185,0.10602361,0.80550003,-0.37520716,-0.835875,0.07391365,0.026917303,-0.2295429,0.5118981,0.29453725
2023-09-19,0.7091725,-0.23378608,0.24138819,-0.24056314,0.2489416,-2.355085,0.058070682,-0.850761,-0.84195083,0.82150495
2023-09-20,1.532565,-0.29702654,-1.1341599,-1.6194943,0.02807347,-2.4501524,-0.3466299,-0.65690154,-0.30917144,-0.5526359
2023-09-21,-1.0876628,-2.168286,-0.5546123,-0.3968759,-1.6994731,-0.13450478,-0.54968524,-0.5719055,-0.6254118,-2.0689476
2023-09-22,-0.18331145,0.27526483,0.17949587,-0.6410957,-0.2191848,-0.77628106,-0.06339965,-0.19360873,0.21170318,-0.12291183
2023-09-25,-0.16525747,-0.055456653,0.30929524,-0.058693428,-0.37919706,0.09285067,0.14108078,0.97098416,0.04096377,-0.14975783
2023-09-26,-1.4512004,-0.6885469,-1.2813147,-1.1481847,-1.5993612,-0.6945027,-0.8928223,-0.3680325,-0.8440374,-0.4861483
2023-09-27,-0.0034754474,0.53189534,-0.5343457,-0.031516004,-0.14885674,1.0890238,0.016737144,-0.28981835,0.2147676,-0.36936682
2023-09-28,-0.72296053,0.73817605,0.0006538614,0.0029416636,0.7630169,0.7648229,0.2549215,0.64253455,0.868505,0.17001703
2023-09-29,-0.58339286,-0.074482,0.10852883,0.24527596,-0.1253295,0.4384453,-0.062911786,-0.10863467,-0.0190035,0.4303995
2023-10-02,0.24614264,0.6076148,0.71945214,0.95841616,0.33901283,-0.16689461,0.22976187,-0.077566445,0.22324917,0.93718356
2023-10-03,-0.2089625,-0.2376541,-0.24551664,-1.3992668,-0.83347243,0.22567274,-0.6644868,-0.37563485,-0.79111415,-1.1120797
2023-10-04,0.23096283,-0.115964,0.22184728,0.7053893,0.84769267,0.2293472,0.13600808,-0.17938581,0.55795383,0.78441393
2023-10-05,0.10784573,-0.2133514,0.21799417,-0.040193826,0.3412235,-0.046418633,-0.57947075,-0.07497565,-0.06749483,-0.15897995
2023-10-06,0.111221015,0.24380377,0.41473785,0.7648812,0.40251073,0.23959665,0.3230902,0.19768424,0.13435754,0.5002184
2023-10-10,-0.08057064,4.347386e-05,-0.090666875,-0.2273911,-0.21765684,0.2938187,0.15261586,0.062215287,0.17670675,0.13663624
2023-10-11,0.3142195,-0.09376788,0.22948077,0.3546208,0.045940597,0.366733,-0.073875464,-0.3401627,0.09168347,0.86486894
2023-10-12,-0.687108,0.13500565,0.14508547,-0.2100291,-0.19691013,-0.03857306,-0.42604402,0.023861418,0.4595115,0.44236064
2023-10-13,-0.8823203,-0.014295872,-0.2609352,-0.39523914,-0.27635235,-0.6465113,-0.37848324,-0.6555982,-0.68495286,-0.52838504
2023-10-16,0.24042809,0.3015795,-0.026328702,0.53543407,0.10279709,0.5540776,0.31305674,0.45884988,-0.10109316,0.08294262
2023-10-17,0.35555163,-0.11260352,-0.27407378,-0.16224694,0.055469826,-0.47220895,-0.02774306,0.3840875,0.30024904,0.50062203
2023-10-18,-0.17368343,-0.07601355,-0.22361037,-0.31298366,-0.28442636,-0.3871528,-0.5003422,-0.3694257,-0.32009262,-0.16145432
2023-10-19,-0.7745392,-0.2684085,-0.06886245,0.055654347,-0.018103382,0.016812243,-0.20557177,0.015699059,-1.6166847,-0.16432185
2023-10-20,-0.35789692,-0.22030595,-0.4509101,-0.63870776,-2.0810573,-0.70357627,-0.6617304,-0.7518821,-0.13086812,-0.8765891
2023-10-23,-0.33525428,-0.44622752,0.020751359,0.22647522,0.5348674,-1.0299137,-0.3308382,-0.0542903,-0.039501347,-0.071926475
2023-10-24,0.44676855,0.53745323,0.07660967,0.05196171,-0.19094744,0.6775664,0.10569676,0.1259924,0.08040658,-0.08733121
2023-10-25,-0.2997806,-0.34836698,-0.40153056,1.0390341,-0.6018111,-1.6532302,-1.0662642,-1.2433772,-1.0759236,-1.0698786
2023-10-26,2.1915717,-0.6027776,-0.724511,-1.4699007,-0.36996385,-0.30050078,0.4346216,0.15717642,0.09525723,-0.42316943
2023-10-27,-0.44245097,0.13854058,0.22496371,0.12175569,0.12956285,2.5990992,-0.18255903,0.14851958,0.036969922,-0.36886993
2023-10-30,-0.007990174,0.03881772,0.3801103,0.8405173,0.17821428,0.13210095,-0.32592243,0.3238029,-0.13206655,1.1709377
2023-10-31,0.78353894,0.48432356,0.0769501,0.0024848662,0.6104826,0.8304571,0.3679099,0.3042937,0.2745398,0.33915475
2023-11-01,0.26022953,0.08063069,0.5701533,0.9849677,0.79684293,0.7786876,0.2669402,0.5227359,0.67935723,0.8359827
2023-11-02,0.63584137,0.4948431,0.5768716,0.20979382,0.37832206,0.4032111,1.0704783,2.0568757,0.7745911,1.0131763
2023-11-03,0.39376426,0.26700023,-0.30173206,0.5886659,0.4753849,0.46889868,0.8238632,0.6905384,0.2680839,0.36062416
2023-11-06,0.4667345,0.28198177,0.66405785,0.4580447,0.41362253,-0.111025654,-0.83834183,0.05246607,0.08631353,0.1111924
2023-11-07,-0.06416339,-0.10654112,0.6690853,0.49502414,-0.07581886,0.8906977,-0.3095877,0.1875201,0.3015553,1.4820387
2023-11-08,-0.36015698,-0.077869944,0.19576,0.2764185,1.2845504,-0.9618555,-0.43587115,-0.32368225,0.59183174,-0.022391884
2023-11-09,0.09420675,-0.8350202,-0.105837256,-0.5101189,-0.08832976,-0.16203667,-0.60340875,-0.0781976,-0.36915326,-0.5974393
2023-11-10,0.99148256,0.53662133,0.6111876,1.1737843,0.29007286,1.0825382,1.0528398,1.2499439,1.8350235,1.3695563
2023-11-13,-0.40854278,-0.28660578,-0.43980977,-0.59376466,0.39982533,-0.7404683,-0.4301523,-0.21861218,-0.33270395,-0.53777534
2023-11-14,1.0172197,0.8857319,0.701157,0.41823626,0.7618804,1.3119129,1.1822194,1.1121012,1.0569152,1.0044689
2023-11-15,0.95545727,0.13781047,0.10443216,-0.122080855,-0.8885118,1.3678397,0.553155,0.4295177,0.25346476,-0.69033957
2023-11-16,0.20411158,-4.8500686,0.41523474,0.8525659,0.2174701,2.814148,-0.03334973,-0.16807602,-0.22941433,0.46850318
2023-11-17,-0.09220994,-0.2271791,-0.016733699,-1.0307662,0.21601526,0.3996951,0.6910034,0.15127523,-1.6352916,0.0089473855
2023-11-20,0.6289509,0.5452391,0.44255754,1.0272815,0.60726786,0.90320355,0.22633877,-0.08096533,0.97581303,0.7015468
2023-11-21,-0.16701299,-0.46219027,-0.27641833,-0.83314747,-0.38051105,-1.2661132,-0.67874736,-0.9157927,-0.98991245,-0.1493034
2023-11-22,0.5361947,0.32848644,0.12596336,0.59809047,0.049309134,-0.020685468,0.11134594,0.06956178,0.06423721,0.6068366
2023-11-24,0.03476389,0.32135543,-0.41859537,-0.20939095,-0.016003786,0.26044393,-0.14133155,-0.00866007,0.14676654,-0.045165453
2023-11-27,0.16245745,-0.38620362,-0.085484244,0.03982259,0.060385745,0.08064814,-0.32283452,0.056704305,0.037876032,-0.039013132
2023-11-28,0.03681898,-0.04488079,0.12517294,0.47560245,-0.11548673,0.109878,0.047854487,-0.64019495,-0.8225631,0.26047537
2023-11-29,0.32831103,0.23714636,-0.3343372,-0.72638667,-0.03403159,0.6823912,0.048821747,0.6273582,0.2665187,-0.44633177
2023-11-30,0.9265541,0.3936009,0.09358398,-0.14296803,-0.017861413,-0.32918966,-0.19094989,0.28537956,0.029311247,-0.4994503
2023-12-01,0.8347872,0.12779213,0.29701123,-0.82824594,0.38113663,-1.083403,0.7108368,0.11315229,0.4038516,0.081600934
2023-12-04,0.23616904,-0.3913392,-0.54900783,-0.9817167,-0.5914805,-1.546209,0.6052152,-0.00040347112,-0.98469186,-0.59820664
2023-12-05,0.12973665,-0.08749474,1.0430881,0.38504198,-0.54349065,-0.5211809,-0.089210145,0.1709626,-0.67057765,-0.19582264
2023-12-06,-0.43507424,-0.20629816,-0.3501786,-0.7345001,-1.1129036,-0.80220366,-0.39550015,-0.35032254,-0.49455538,-0.5082682
2023-12-07,-0.025342891,0.5860755,0.47231022,0.19270717,0.31545833,0.88456494,0.4178499,0.8815015,0.9146341,0.9282092
2023-12-08,0.71106887,0.15335146,0.34445697,0.36449423,0.2795636,0.5360646,-0.2234853,-0.084785245,-0.26735333,0.062429007
2023-12-11,0.6449278,1.08023,-0.72789854,-0.60917145,0.64516675,1.9828153,0.82565457,0.9000082,1.9227809,1.0737484
2023-12-12,0.50613725,-0.027391434,0.34379202,0.33722043,-6.818796,-0.6202271,-0.6493184,0.09051676,0.46252826,0.5859256
2023-12-13,-0.42237797,0.3929869,0.81364554,-0.1460281,1.0168022,0.509849,1.0749105,0.5687952,-0.14603901,-0.6846348
2023-12-14,-0.26072946,-0.23095144,-0.027900625,-1.5113528,-1.3914766,0.6194859,1.9760163,0.7217606,1.1456054,-3.056124
2023-12-15,-0.25234163,0.52244353,-0.23214005,0.6276904,1.5931454,1.022878,-0.07558557,0.39954227,-0.03274838,-0.028851736
2023-12-18,0.2421273,0.43950194,-0.5224171,0.15199287,0.84198236,-0.59456426,-0.38835847,-0.5210146,-0.49442604,1.1376469
2023-12-19,-0.4655683,-0.030274317,0.19755258,-0.065533966,0.62418145,0.9987097,0.2797729,0.38485205,0.41483337,0.42076346
2023-12-20,-0.6226642,-0.3936126,-0.6768049,-0.6019032,-1.1326257,-1.0651962,-1.0094033,-0.927672,-1.4544991,-0.7495609
2023-12-21,0.34269089,-0.07271909,-0.16170427,0.2777073,0.81155306,1.2185364,0.4413082,0.5567581,0.9673676,0.24440645
2023-12-22,0.63106805,0.47712016,-0.40163437,-0.0019689403,0.14419515,0.8801618,0.38665575,0.23617926,0.077906355,-0.15449417
2023-12-26,0.47796312,0.24556997,-0.22932562,-0.14797476,-0.025400462,2.5327544,0.7005306,0.4869374,0.4780796,-0.06883166
2023-12-27,0.1420038,0.20955735,-0.084905565,-0.26593852,-0.17137237,0.16005419,0.08962604,-0.0022836272,-0.10125922,-0.21671735
2023-12-28,0.15855862,0.08148607,0.028229086,0.030200614,0.13537624,-0.45345932,0.10584765,-0.042622294,-0.35789204,-0.08088872
2023-12-29,-0.083863236,0.07197754,-0.29455534,-0.021889405,-0.37517956,-0.15690409,-0.3594304,-0.4573851,-0.34092695,0.05131744
2024-01-02,-0.80804104,0.026142212,-1.0115392,-0.84040904,-0.5653071,-2.0051334,-0.3135806,-1.2906854,-1.8866645,-1.2085015
2024-01-03,-0.5527026,0.36119324,-0.23464286,-0.14974713,-0.6373047,-0.62497914,-0.59489965,-0.77065647,-0.75819266,-0.6066197
2024-01-04,0.29492018,-0.35931227,-0.5137201,-0.53202826,0.025987064,-0.19389744,-0.6205717,-0.53365123,-0.6392121,-0.394429
2024-01-05,-0.69123685,0.04384867,-0.123192295,-0.15242738,0.022203047,-0.00961499,0.120107345,0.07566582,-0.16157015,-0.21823853
2024-01-08,0.7776381,0.37088287,0.7617827,0.89348745,0.7668312,1.3241525,0.8265649,0.60121447,0.5718835,1.1786828
2024-01-09,-0.43537164,-0.44503433,-0.07410167,0.030567227,-0.4346031,-0.35137376,-0.012084874,0.15299281,-0.21112984,0.36681268
2024-01-10,0.4233812,0.32799014,0.14103316,0.8472827,0.2391142,-0.5130281,-0.36551562,-0.25335336,-0.38721606,0.31304836
2024-01-11,0.3386443,0.2125088,-0.10169753,0.132549,0.3032233,0.11720862,-0.4371748,-0.16959354,0.45158914,0.4289374
2024-01-12,1.4214308,-0.05640341,0.042869996,0.41775492,0.723741,-0.49226567,-0.22484688,0.25944513,-0.2645243,-0.10016175
2024-01-16,0.4306604,0.26076806,-0.41578203,0.12292594,-0.04334039,-0.08296188,-0.28833455,0.17942014,0.54886603,0.051020764
2024-01-17,-0.35371512,-0.22921672,-0.20975788,-0.24491115,-0.08700834,-0.92978346,-0.41587692,-0.6314605,-0.18352842,-0.14638324
2024-01-18,0.2894312,0.44922233,1.3738383,0.49508083,0.9088974,0.5899929,1.1365951,1.6931365,1.6589212,-0.20631881
2024-01-19,1.7950656,0.51738703,0.75013256,0.55165297,0.38193935,1.2664523,1.7067848,1.839684,1.7572807,1.2763358
2024-01-22,0.5131343,0.31095728,0.57929426,-0.44747812,0.15418701,0.024508826,0.25936154,0.16267456,-0.0008732115,-0.6037439
2024-01-23,0.43717456,0.21906403,0.28881454,0.20469864,0.75025874,0.60521317,-0.16980979,0.084070966,-0.3912483,-0.4981862
2024-01-24,0.00525389,-0.388823,-0.23231135,0.38540527,1.0218166,0.1411446,-1.162385,0.15001482,1.5923756,0.6556021
2024-01-25,5.9592724,1.0047699,-0.14020698,0.18815227,0.27171314,0.38692495,-0.7597284,-0.065050416,-0.4405971,1.132866
2024-01-26,-1.0270777,-0.15550752,-0.53308904,-0.29136604,-0.18040584,-6.4184875,-0.9957007,-1.121835,-1.4810808,-0.6682571
2024-01-29,-0.07434763,0.18472618,-0.24730042,0.690351,-0.41680342,0.15458475,0.51979303,-0.39275664,0.30186567,1.1652273
2024-01-30,0.2810114,-0.013978651,-1.0634456,-0.3149097,0.16648062,-1.1128848,-0.81837314,-1.1342338,-0.6385315,-0.18860398
2024-01-31,-1.4710507,-2.0718236,-1.0727003,-1.7731093,-1.1426101,0.123233184,-0.60832006,0.6352583,-0.57124394,-0.7731334
2024-02-01,1.1671197,0.035280183,0.6275918,0.7594007,1.6607718,0.25744456,-0.1649219,-2.2701209,0.573879,0.70089597
2024-02-02,-0.3813473,0.034893326,-0.33423808,0.91305584,0.08553561,-0.856389,-0.17913818,0.08316624,0.20533961,0.45293954
2024-02-05,-0.842015,-0.58767235,0.37551013,-0.8940003,0.19893721,0.1347545,-0.11875656,0.6007637,0.585275,-0.3249063
2024-02-06,-0.018252831,0.46708885,0.2695456,-0.15215653,-0.43557096,0.06136565,-0.1773127,-0.071985,-0.628052,-1.674176
2024-02-07,0.11304484,-0.16244674,-0.006779811,1.0433187,0.73548937,0.0036560348,0.07102379,0.43472445,0.425917,0.59783626
2024-02-08,0.8140067,0.20561028,-0.33475268,-0.12981085,-0.25577575,-0.32738492,0.35868815,0.5764215,0.60400325,-0.026550734
2024-02-09,0.71336824,0.21164095,0.16302446,0.7521421,-0.037089173,0.8306246,0.58088857,0.71799463,2.612174,0.78147787
2024-02-12,-0.046256162,-0.10476547,-0.522781,-0.88672215,-0.35905895,0.7338478,-0.41797262,0.4987609,-0.15262593,-1.1259481
2024-02-13,-0.8534353,-0.32190984,-0.64208406,-1.4278071,-0.96373785,-1.0262558,-1.2849427,-0.9487528,-1.2605754,-0.75833267
2024-02-14,-0.022950888,0.69822764,-0.3098544,0.4173774,0.24180202,1.1053559,0.26701674,0.99535114,1.2356988,0.18352282
2024-02-15,1.1933116,-1.2219471,-0.1405354,-0.5724904,-0.67721725,-0.21305111,0.7981538,0.468274,0.23677824,-1.0943089
2024-02-16,0.30019486,-0.6384425,-0.50563955,-0.5217421,-0.70258725,-0.68688595,-0.1366284,-0.98275054,2.457448,-3.593226
2024-02-20,-1.4809872,-0.14217639,-0.28693953,-0.34557474,-1.3965759,1.0998652,0.66605276,-0.28710958,-2.3072517,-0.4383407
2024-02-21,-1.3336939,0.25106803,0.15196572,-0.24159855,-0.15540168,-1.2479771,0.34975174,-0.0748926,0.24200594,-0.31053075
2024-02-22,1.6483154,0.12946078,0.5186946,1.2183545,1.2847233,-0.6054147,0.3433734,0.66929096,1.89153,-0.1030973
2024-02-23,0.5642224,0.3469337,-0.5838827,-0.34127045,0.41657975,-0.050545555,-0.54088813,-0.044971794,-0.6211329,1.3043411
2024-02-26,-0.5450653,-0.4433907,-0.44265717,-0.54989016,-0.4580321,-0.0553303,0.13395558,0.487877,1.2213792,0.5402839
2024-02-27,0.28360376,-0.059090782,0.35890555,-0.1571051,0.16634606,-0.35005304,0.14214063,0.25196114,-0.22594851,-0.66625476
2024-02-28,0.17602193,-0.23189601,-0.40307993,-0.1157668,0.11887416,-0.91993994,-0.5855662,-0.53511274,-1.1809895,-0.07921287
2024-02-29,-0.06833411,0.37931028,-0.26108003,0.70517206,-0.018133502,1.1953468,1.207141,0.43188572,0.75906205,0.6832437
2024-03-01,1.159694,0.06947478,-0.38455817,0.11226088,0.9625494,0.8322107,1.0182734,1.2982669,1.6473807,0.85543257
2024-03-04,1.7351191,0.84681106,-1.4145012,-0.24128473,0.111736044,1.9727117,0.35293195,0.7957716,-0.23625551,-0.27560073
2024-03-05,-0.3599408,-0.14961818,-1.5458297,-1.9062861,-1.3981967,-2.7092087,-0.5279787,-1.4204212,-0.499201,-1.8736746
2024-03-06,1.4426023,0.2608501,-0.36030924,-0.22886725,0.57312596,1.4250599,0.29425648,1.5777189,0.8463157,-0.16735648
2024-03-07,0.15327571,-0.25219578,-0.10083059,0.8781761,1.0142696,1.7428589,0.89168173,1.8319309,-0.0010600274,1.0525079
2024-03-08,-0.17362346,0.67006207,0.4616542,-0.5756147,-0.9763469,-2.430153,-0.8485454,-1.3440331,-1.4774482,-0.38199624
2024-03-11,-1.4142845,0.74828786,0.5612847,-0.3890129,0.7145784,0.8585513,0.4610974,0.045545723,-0.9245958,0.66957784
2024-03-12,2.0515404,-0.112367444,0.09342655,1.3819418,5.369192,0.3452172,0.120305605,0.39664903,0.6278924,1.4269437
2024-03-13,-0.3438084,0.07475646,-0.6869108,-0.17098214,-0.80171144,-2.200056,-0.60253024,-1.0515522,-0.9675081,-0.45380762
2024-03-14,-1.0856442,-0.30627015,0.49433967,1.2830062,-0.0139978565,-0.6324636,-0.46782213,-0.28564945,-0.047341343,-0.2790281
2024-03-15,-0.79251707,-0.9136249,-0.1904999,-1.4165235,-0.0149588175,-0.20284767,0.35147408,-0.39761308,-0.52128303,-7.0469036
2024-03-18,0.24898897,0.4141897,0.25725183,-0.028871678,0.9337223,0.0128708165,-0.974452,-0.15582842,0.3443849,2.00371
2024-03-19,0.6148106,-0.109566174,0.6319823,0.42841774,0.56417733,-0.87432283,-0.74605286,-0.79975355,0.038965195,0.65936023
2024-03-20,0.2522933,0.49928293,0.69091064,0.3842935,-0.00057434535,0.10715734,0.897063,0.8204349,0.66801894,-0.22363919
2024-03-21,-0.7120196,0.41218638,-2.3390656,0.42150214,-0.12735675,0.18057808,0.7148211,0.7229133,1.0311663,-0.800617
2024-03-22,-0.34323642,-0.074862346,0.19792388,-0.25156754,-0.5372403,0.1057576,-0.06688228,-0.26927805,-0.19381785,-1.1662886
2024-03-25,-0.7098753,-0.07631813,-0.53402823,-1.0063463,-0.7630101,-0.9766317,-0.49956816,-0.7303913,-0.43604776,0.72715294
2024-03-26,-0.07058779,-0.10985165,-0.4418465,-0.33823428,0.14583467,0.11869058,-0.88357264,-0.1973391,-0.440451,0.0042011086
2024-03-27,0.84247893,0.27673355,1.0225083,-0.18913946,-0.5257713,2.0497365,1.368075,0.4273104,0.17894146,-0.3272909
2024-03-28,0.06881455,0.17363659,-0.60567176,-0.2429164,0.11165042,0.37675995,0.31445393,-0.049621344,-0.4342036,-0.0069414186
2024-04-01,-0.3945692,0.15522231,-0.3673563,0.37400642,-0.07431934,0.29983628,-0.29368472,0.50717515,0.377648,-0.24839668
2024-04-02,-0.3195505,-0.6301606,-0.4188123,-0.57056785,-0.4567076,-0.647618,-0.78157705,-0.2648955,-0.5892971,-0.27857667
2024-04-03,0.7060871,-0.18318528,0.20513496,-0.2778337,0.6973908,-3.9545822,-0.045146603,0.6243152,0.16141286,-0.21985756
2024-04-04,-1.0149387,-0.5987328,-0.30724964,-0.49782604,-0.8040918,-0.7361988,-0.5250387,-1.1350253,-0.872486,-0.9117965
2024-04-05,0.44184577,0.5045917,0.17039783,0.91867673,0.27186763,-1.3395065,-0.3282179,0.3493996,0.80653584,-0.20924415
2024-04-08,0.24908683,-0.28087527,-0.40068245,-0.2719874,-0.23453501,-0.9411191,0.49372518,0.42758372,0.14564268,-0.10105816
2024-04-09,-0.16680107,1.7871889,0.33163756,0.08706172,-0.2994195,0.3749028,1.0182142,0.38800782,0.17763782,0.72108656
2024-04-10,-1.1362522,-0.74120796,-0.6383319,-0.5502519,-0.59070295,-1.3950795,-1.2310003,-1.2687824,-0.30868936,-0.5047618
2024-04-11,-0.046966534,0.34338236,2.171075,0.4881657,0.5382391,0.4690257,0.5558101,0.9708338,0.61978525,-0.2930281
2024-04-12,-1.2881094,-0.94743127,0.32330686,-0.9242528,-0.79549575,-2.2722871,-1.2723618,-1.032838,-1.0362182,-0.96157664
2024-04-15,-0.36472812,-0.21164075,-1.2021086,-1.2712128,-0.49697742,0.72483945,-0.03418011,-0.46156976,-0.5079398,-0.39849263
2024-04-16,0.88909996,-0.27689707,-0.9540023,-0.007915694,0.24994849,-0.096068986,0.28433734,-0.41340774,0.6370083,0.5401793
2024-04-17,-0.24131806,-0.08993629,-0.32010925,-0.49806616,-0.73748934,-0.70649487,-0.5173917,-1.1674156,-1.9037858,-0.19335812
2024-04-18,-0.5896033,0.34137377,-0.22691032,-1.1551094,-1.0161415,-0.78767353,-0.558164,-0.834016,-1.1806949,-0.1478739
2024-04-19,0.023662409,0.23393011,-0.4259922,-0.8329362,-0.44750246,-1.036451,-1.0716133,-1.0858423,-0.9986613,-0.7878437
2024-04-22,0.10608474,-0.1383932,0.18784131,0.12317041,-0.16313474,0.22575209,0.9591615,0.58832514,-0.14955637,0.14651954
2024-04-23,0.105892025,0.2121468,0.28951126,0.79480934,0.20039521,-0.20767581,0.510158,0.21939713,0.702186,0.5360855
2024-04-24,0.6914228,0.06483054,0.62034553,0.068739764,0.080268525,0.2460377,2.4344666,0.511796,0.4972869,0.36572206
2024-04-25,-5.634446,-0.2104952,0.22290038,-1.550053,-0.20390017,0.7303282,0.071566865,-0.18158571,0.20512469,-0.36795226
2024-04-26,-0.691614,-0.20330448,-0.22424783,0.8945136,0.9001465,-4.3221173,0.52194625,0.5247351,1.0860584,0.35472053
2024-04-29,0.12654233,-0.046257876,1.2452095,-0.7239719,-0.31469956,-0.7975357,0.41929233,0.8185491,0.2851177,-0.44136316
2024-04-30,-0.4816622,-0.7663954,-0.99548656,-2.0010624,-1.119035,-1.3100953,-0.75316393,-0.95705295,-1.3912385,-0.99003106
2024-05-01,-0.70020765,-0.10661724,-0.35315722,0.6770662,0.32891142,-0.18439864,-0.3458456,-0.549296,-1.031804,0.59229296
2024-05-02,0.09094294,-0.014340126,0.8124208,0.27342513,0.09621494,0.16051838,0.10773398,3.8276663,0.6937639,0.63353693
2024-05-03,0.3860746,0.3581426,2.1095562,1.0805515,0.28653562,0.49946448,0.7052608,-0.20035307,1.1089643,0.8410599
2024-05-06,1.1152767,0.02508581,-0.3998285,0.80170226,0.9257349,0.23344493,0.61692643,0.42449015,0.81745785,0.6328264
2024-05-07,-0.09807109,0.20165958,0.12796576,-0.70236444,-0.18135016,-0.4316833,0.5040881,-0.49154142,-0.37458813,-0.14720814
2024-05-08,0.58374226,0.74492615,0.05494291,0.02900966,-0.23358859,-1.009421,0.2661216,0.0007571105,-0.07827213,-0.40216342
2024-05-09,-0.76699746,-0.1725047,0.46871546,0.10821342,-0.31809604,0.09229155,0.2876139,-0.09699684,-0.28413048,-0.52139795
2024-05-10,0.3454613,0.30149108,-0.39431304,0.19507545,-0.013173617,-0.39111137,0.37052253,0.2714234,0.5644403,-0.0600424
2024-05-13,0.14018407,0.6184923,0.5337428,-0.26370314,-0.14137086,0.8718818,0.13471474,0.38966352,-0.65685326,0.041660182
2024-05-14,-0.07850772,0.29636613,0.27428323,0.2512847,1.7090025,0.73023146,0.7302107,1.004318,0.5232381,-0.6843429
2024-05-15,0.3518307,0.7271721,0.58603436,0.8497968,0.26317194,0.2713043,0.9665256,1.1734587,1.3446211,0.83365315
2024-05-16,0.2779099,-1.2565358,-0.009244375,-0.42217654,0.17664659,1.0235939,-0.16673255,-0.39275336,-0.72674054,-0.25124788
2024-05-17,0.026191182,-0.1331489,-0.034751274,-0.24564293,0.48170593,-0.31978458,-0.02811583,0.03704809,-0.45230392,0.023606196
2024-05-20,0.3482383,-1.0089494,0.27948198,0.55579066,0.3595415,0.33559254,0.90674233,0.7657536,1.3737767,0.08834783
2024-05-21,1.3432037,-0.15415397,0.28763512,0.35251835,0.012775377,-0.5219951,-0.080153964,0.5694386,-0.112693965,-0.28681603
2024-05-22,0.082639754,0.5259764,-0.42590588,0.05796769,-0.03608444,-0.483635,0.73541474,0.3492345,-0.31336594,0.16224243
2024-05-23,-1.1382601,-0.76716036,-0.6719945,-0.5755375,-0.2062378,-1.8223826,-1.1282829,-0.32986173,-0.11955705,-0.08771139
2024-05-24,0.074083894,-0.14432625,0.6472924,0.2776557,-0.44916207,0.85715336,0.3700482,1.6755677,0.43837932,-0.75014687
2024-05-28,-0.47278798,-0.108042836,-0.036997788,-0.11686555,0.55918825,0.44383237,0.053588524,0.45889407,-0.008706167,0.24951564
2024-05-29,-1.0114634,-0.17272043,0.038472574,-0.29405114,-0.3054962,-1.4062566,-1.1031514,-1.0826862,-0.4999546,-0.10248532
2024-05-30,-0.56166285,0.07540866,0.21038736,-2.0709858,-2.4999335,0.04944247,0.13237505,-0.63590026,-0.53993666,-3.0494077
2024-05-31,0.48286217,0.42529312,0.21902128,-0.07578415,0.0152834505,0.91798586,-0.19168651,-0.25291055,-0.35644794,-0.136382
2024-06-03,-0.6172293,0.18800041,0.43831608,-0.36108896,0.79167265,-0.85188717,-0.33380786,0.2969961,-0.24803706,-0.59844184
2024-06-04,0.19720073,0.79173833,0.039971594,0.20903161,0.2606893,-0.39720485,-0.13052571,-0.41099703,-0.44956666,0.89265907
2024-06-05,0.6106387,-1.3695625,0.33756948,0.93121547,0.9226018,1.0283583,0.5828822,1.4564594,1.936826,0.69419605
2024-06-06,0.3229208,0.25179592,-0.4158997,-0.07063863,0.30344597,-0.5639414,-0.0032568346,-0.59864813,-0.37726805,0.19788702
2024-06-07,0.7131292,-0.37882987,0.5975898,-0.23487349,0.9101797,0.43620938,-0.18627836,-0.6775951,-0.09014646,0.6722067
2024-06-10,0.14792018,0.045304634,-1.0666837,0.401807,-0.55406505,0.20510206,0.41824982,0.47263485,1.0616475,-0.54829067
2024-06-11,-0.39203954,-0.052334834,3.572618,0.50709367,-0.26609507,-0.037755642,-0.08203982,-0.2613869,0.23655628,0.24076208
2024-06-12,-0.10365187,-0.13159952,1.3933052,0.97870106,6.2639937,-0.30869344,0.32416996,1.2871996,1.2622781,-0.2979689
2024-06-13,0.07434704,-0.08012818,0.21612492,-0.08393983,-0.21498561,-0.55807674,-0.6909938,0.3817666,-0.10394254,-0.13911496
2024-06-14,0.06650462,0.2269107,-0.5024529,-0.023457218,-0.67729855,-0.08681316,-0.62648225,-0.56555825,-0.17708065,6.407918
2024-06-17,0.14402112,0.048083253,0.94235253,0.62293804,1.1846485,0.8095515,0.20988554,1.2332982,0.9188302,-0.6189607
2024-06-18,0.45984855,0.37972438,-0.6760107,-0.44088435,1.2509116,-0.6605957,0.30281723,0.8317001,0.74515957,0.30131269
2024-06-20,1.3695412,0.9388204,-1.2371749,-0.2500946,-0.6761788,-0.092876635,-0.9112276,-2.2935462,-1.4096975,0.034860823
2024-06-21,-0.55388963,0.7227894,-0.6603894,0.3866744,-0.5760852,0.6889558,0.6670591,-0.6713494,-0.8658955,0.9537203
2024-06-24,1.0434687,0.0249527,0.07985877,-0.450554,-0.64887154,-0.9429197,-0.44191995,-2.4715595,-1.068947,-0.8990905
2024-06-25,-0.9314964,0.15618405,0.14483848,0.27693442,-0.31205672,0.20032354,0.10801782,0.19879079,0.68981785,0.22135861
2024-06-26,-0.25638735,-0.582631,0.968003,-0.0019286681,-0.3942944,-0.41273385,-0.3807971,-1.1071144,-0.45540357,0.13445878
2024-06-27,-0.37511095,0.740482,0.12383001,-0.07272158,0.74379474,0.0050809113,0.048945058,-0.5535307,-0.022460997,1.6372216
2024-06-28,0.8408822,0.10372184,-0.9199647,-0.938691,0.3626404,0.5586403,0.23402601,0.77030057,0.52445334,0.7176807
2024-07-01,0.83677894,0.04649376,1.4153687,1.1274881,0.6596689,-0.26715833,-0.022207854,0.09067621,0.16052297,0.3381479
2024-07-02,0.81707954,-0.20484759,0.78555423,0.17888224,0.035810348,0.28707445,0.81807494,-0.06660006,0.48815206,0.5737247
2024-07-03,-0.5792334,-0.15753111,0.26102963,0.045764677,0.33191267,0.18748395,0.07707539,0.6858799,0.3190016,0.16245289
2024-07-05,0.12131345,-0.0071763294,1.0666608,0.70589834,0.13047719,1.117781,-0.07446957,0.3143705,-0.20696576,0.6053358
2024-07-08,0.6157124,-0.59505045,0.28684434,-0.30991653,0.04746138,2.7601726,0.57611674,0.35151392,0.52993953,-0.24981368
2024-07-09,-0.41411996,-0.24644247,0.1421896,-0.99038684,-1.5134364,0.7771931,-0.34091315,-0.25121656,0.7625204,-0.75242656
2024-07-10,0.5078966,0.5239006,0.9382402,0.6917665,0.4357995,0.318978,0.7264984,0.25451347,0.46812406,-0.14056456
2024-07-11,0.18375315,0.5487624,-1.2851331,-1.5960217,0.3460526,-1.8951771,-0.85787034,-1.9818655,-2.324198,-0.5686288
2024-07-12,1.6499318,0.6720741,0.6376897,-0.2880474,0.6402747,1.2813697,0.38253397,0.45973656,0.26971802,0.08663268
2024-07-15,0.028500812,0.055507887,0.8241501,-0.0908056,-0.5869056,-0.08698988,-0.06469311,1.1137582,0.26954186,0.49714443
2024-07-16,1.045251,0.054968596,0.050431993,-0.7030826,-0.17331636,-0.19734523,1.0213414,0.20729546,-0.038998187,0.03820506
2024-07-17,0.5638687,1.1016061,-1.1507664,-0.8874762,-1.082822,0.113836884,-0.5332281,-3.9262302,-4.4318967,-0.2973423
2024-07-18,-0.77626526,-0.44709215,-1.1432663,-0.55394864,-0.44328013,0.4949668,0.31524634,-0.12544431,-0.5328273,-0.51613754
2024-07-19,-0.6997807,-0.6795128,-0.010079496,-0.5609533,0.15024425,-2.4844956,-1.5127742,-1.2924525,-1.4603691,-0.49199632
2024-07-22,0.30465093,-0.45426616,-0.08202443,0.6016645,0.4736641,0.46060583,1.3836236,1.8419156,2.2840943,0.27136377
2024-07-23,-0.034109768,-0.41439644,0.12920801,0.10530519,0.85377187,-0.5521827,-1.6022433,-0.4366821,-0.74699914,-0.7258407
2024-07-24,-0.059543483,0.48507696,-0.85891,-1.947443,-1.2466114,-1.519557,-0.03330274,-2.5345588,-2.305549,-1.1603395
2024-07-25,2.493099,0.38618734,-0.15255664,-1.3418388,-0.30587497,-0.75506437,-0.24736363,-1.2541538,-0.8164203,0.046062928
2024-07-26,-0.08709287,0.658188,0.06172868,0.7747807,0.34993973,0.30508956,1.0002822,1.0180576,0.70844173,0.8094382
2024-07-29,-0.09938585,0.13967662,0.022996146,0.05761412,-0.24746515,-0.7226723,-0.059597682,-0.4185178,-0.25295228,-0.501101
2024-07-30,-0.17194395,0.1762425,0.059852514,-0.6134934,-0.84692526,-0.96917886,-0.21876907,-2.8684018,-1.7619406,0.13588497
2024-07-31,0.32861325,0.31761596,0.39496657,-0.6877835,1.0790792,0.77087265,0.77828085,3.0658414,2.7281325,0.9584761
2024-08-01,-0.84869266,-1.0179901,-0.9244958,-0.30888328,-0.67150265,-2.548126,-2.38271,-4.3394604,-3.1977646,-0.44673297
2024-08-02,-0.18952149,-0.6939809,0.29685494,-1.3175604,-1.4365752,-13.112923,-1.3844895,-1.3396037,-3.1192706,-1.6879421
2024-08-05,-2.0411372,-1.9443907,-2.497736,-2.020422,-1.910685,-2.908838,-1.5301698,-0.4631867,-0.068522565,-1.4595301
2024-08-06,1.2320338,0.47580746,-0.53293365,0.50007373,0.09912812,-0.65139455,1.3359926,0.11472964,0.22284158,0.3920228
2024-08-07,-0.0051922207,-0.0065684007,0.5459845,-0.30221277,-0.84152067,-1.6256163,-0.7123695,-0.8009633,-1.1318451,-0.07822401
2024-08-08,2.0024054,0.7723357,0.7976467,0.4668853,1.0704452,3.2889926,2.1130924,2.274292,2.5079947,1.3737854
2024-08-09,0.17229444,-0.33659163,0.6420334,0.3299088,1.052601,-1.7283725,-0.2868819,-0.217235,0.044926174,0.47214597
2024-08-12,-0.67188025,-0.61524075,0.3295716,-0.029247947,0.16219808,-0.8530519,-0.07483344,-0.51379114,0.31346536,-0.468797
2024-08-13,0.54408914,0.6150231,0.81768227,0.8838765,0.6192194,2.6735418,1.2141415,1.5887264,1.5238897,0.33793586
2024-08-14,0.4728788,0.11241474,0.050213188,0.25444895,0.4719808,-1.3544023,-0.42694926,-0.6808191,0.08208013,0.35358176
2024-08-15,0.56801945,3.2879117,0.64806265,0.5393454,0.45559886,1.7322801,1.4214947,1.4686004,1.9224578,1.1373367
2024-08-16,-0.038661543,0.9927021,0.24825135,-0.50517964,0.17728765,0.36259285,-0.36369586,-0.3774386,-0.8538432,-0.08046634
2024-08-19,0.32614818,0.5370041,-0.0827932,0.27805248,0.1302003,1.33707,-0.010667085,0.42433545,0.4967301,0.7358437
2024-08-20,0.426662,0.27677873,0.09230904,0.29910353,0.37467813,-1.1027292,0.3646192,-0.62400514,-0.98713213,-0.09687884
2024-08-21,0.3857628,0.22981818,-0.05547072,-0.22311434,0.3031243,0.81545603,1.1922964,0.42694703,0.47611246,0.24712192
2024-08-22,-0.4230837,-0.17481424,-0.31719387,-1.2599593,-0.6900268,-2.6672177,-0.98012507,-1.3674968,-1.700396,-0.6795029
2024-08-23,0.040996574,0.51611763,0.44043016,0.032278128,0.33110148,0.8940474,1.242097,1.0294163,0.39738405,0.03900743
2024-08-26,0.6352677,0.08274229,0.030514807,-0.6021792,-0.120941296,-0.9701793,-0.39319196,-1.1025459,-1.3914148,0.064754255
2024-08-27,0.2712566,-0.04545743,0.13196647,-0.100202106,-0.17172875,-0.20520867,0.50901926,1.005512,-0.18319215,0.64598066
2024-08-28,-0.07914036,-0.79779357,-0.40581012,-0.59773964,-0.22882958,-1.1125559,-0.68002194,-0.6124555,-0.6859667,-0.593724
2024-08-29,0.15031147,0.5515901,0.7188517,0.2109339,0.4965069,1.1328363,0.6764009,-0.6916731,-0.06759387,0.6821656
2024-08-30,1.0541545,0.17553028,-0.21654189,0.41329366,0.5851901,3.9430716,0.63459456,1.3578459,0.78704506,0.34051523
2024-09-03,-0.28368568,-0.40538427,-1.0910754,-1.1668555,-0.58661824,-3.909154,-2.5973163,-3.1007867,-2.9294786,-0.28772086
2024-09-04,0.742579,-0.25368282,-0.27859944,-0.16583587,0.2837604,-1.2567244,0.3520765,0.35415745,-0.25670576,0.23115847
2024-09-05,-0.46673322,-0.43071494,0.20915967,-0.16494423,0.44305134,-0.074289724,-0.45951557,-0.23761103,-0.47713023,-0.5169226
2024-09-06,-0.57475805,-0.5017682,-0.22388755,-0.9070275,-0.2543972,-1.0255626,-0.78959817,-1.2990266,-1.1619718,-0.34820953
2024-09-09,0.77608615,0.20648196,0.00334915,0.37149513,-0.56203103,0.3404716,0.6671713,0.50357044,0.4830035,0.40986136
2024-09-10,0.5099876,0.11558128,-0.11191678,0.9462126,4.3177943,-0.21063325,-0.30226082,0.1325873,0.022014737,0.29803732
2024-09-11,1.1692332,0.2870541,0.3584513,0.83846873,0.25253,1.2140387,0.42385963,0.90112835,1.3559532,0.3261574
2024-09-12,0.45762452,0.46794316,0.004248837,0.34976336,0.99426216,-0.5771177,-1.2677704,-0.43776858,-0.61368316,0.389661
2024-09-13,0.9046188,0.20430218,-0.045271676,0.316409,0.12924822,0.58854175,0.7657634,0.56587756,0.97543985,-3.766456
2024-09-16,0.66449976,1.1225319,-0.7804047,-0.03238871,2.026416,2.451029,-0.33094135,-0.35602024,-0.261115,-1.267318
2024-09-17,-0.9208562,-0.35230154,0.06894497,0.36031914,-0.78798324,1.103755,0.5967704,0.4398185,0.12622969,-0.57718533
2024-09-18,0.25472075,-0.0032865258,0.89604187,-0.7190621,-0.857975,-1.5469842,-0.192065,-0.19666089,-0.6129532,-0.6194828
2024-09-19,-0.32378325,0.83385015,1.6961764,0.88696164,0.8017244,0.72514796,1.429715,1.3130472,2.0950089,1.5277562
2024-09-20,1.1611316,0.5249191,-0.19839412,-0.58873427,0.09024695,1.4136862,-0.9733785,-1.3542621,-1.0238899,-0.3737816
2024-09-23,0.8588569,0.24908951,-0.44939348,-0.38585764,-0.6321831,1.5126272,0.08645008,-0.8437146,0.31264272,0.4495272
2024-09-24,0.13535334,0.33060834,0.15637484,-0.7051561,-0.0671389,0.43980035,0.1937084,0.16071837,0.46856967,-0.34587052
2024-09-25,0.090844035,0.15696178,-0.28178766,0.25242305,0.12029409,1.426126,-0.013055427,0.24557784,0.02285469,-0.5477956
2024-09-26,0.63564444,0.21118554,0.19115229,-0.2382134,0.45493224,0.6475598,0.834769,1.0025741,2.287303,-0.24336207
2024-09-27,-0.76365054,0.18633032,0.021372627,-0.5723493,0.14749363,-0.05670834,-0.064310275,-0.7297632,-0.9844811,-0.019043358
2024-09-30,0.07037319,0.21272117,1.1095564,0.16430171,0.42166808,-0.8709538,-0.58330405,-0.114848055,-0.64672744,0.16849191
2024-10-01,-0.51668894,-0.3897066,-1.4465295,-1.4113278,-0.8902076,-1.4775425,-1.0989622,-1.1843516,-1.0455152,-1.3189925
2024-10-02,0.06325659,0.25595203,0.06822092,-0.52160186,0.084405266,-0.522579,0.30571207,0.46404862,0.6180669,0.19399819
2024-10-03,0.7839581,-0.120771565,-0.15230137,-0.18840405,-0.23816653,-0.2481228,-0.36604527,0.05048307,-0.3623736,-0.19814439
2024-10-04,0.9269429,0.3137539,0.15215285,-0.19436769,0.9920758,0.58115995,0.17947939,-0.09741094,0.3737529,0.2635461
2024-10-07,0.30689713,-0.1748812,-0.86485934,-1.0056624,-0.2568683,-0.42347988,-0.33962554,-0.5836345,-0.4406104,-1.7806458
2024-10-08,0.43582612,0.2349276,0.9170424,0.5795383,1.1682165,1.7993854,0.16846927,-0.24996082,0.06366897,0.7740883
2024-10-09,1.5443022,0.7420097,0.4740572,0.22969526,0.9073569,0.21600483,0.5244642,0.85470736,0.7029212,-0.22083902
2024-10-10,-0.36780453,0.018132197,-0.077012904,-0.33621007,-0.62217927,-0.44688508,-0.5398066,-0.49874532,-0.28848094,0.78428966
2024-10-11,0.06262562,0.6517581,-0.3434438,-0.070867695,0.065407105,0.5902524,0.5246518,0.27517778,0.12651114,-0.74567306
2024-10-15,-0.6464107,-0.12788235,0.43617466,-0.18733437,-0.54060066,-1.471706,-1.892628,-1.0470697,-4.5148783,-0.169183
2024-10-16,0.16535027,1.8853896,-0.2541138,-0.45463973,0.12516373,-0.649454,0.13634695,-0.68771696,-1.366211,-0.4939768
2024-10-17,-0.23540123,0.050918832,0.030501818,-0.049301025,0.18401802,0.20806576,-0.52628386,-0.17990853,-0.36244825,-0.5233125
2024-10-18,-0.20913233,0.31229126,0.32924405,0.057138287,-0.2632709,0.55047536,0.0008109817,-0.12568055,0.5394804,-0.19675405
2024-10-21,-0.1504936,-0.09353133,0.1738638,-0.042180646,-0.24735124,0.09694533,-0.55453986,-0.49985233,-0.44891664,0.1908306
2024-10-22,0.092727035,0.041883633,-0.087839186,0.90260106,0.3042042,-0.766143,-0.37942213,0.8117068,-0.36267987,-0.4064397
2024-10-23,0.107052736,-0.21551177,-0.60756814,-0.47951636,-0.5520971,-0.77862203,1.5331486,-1.6091166,-0.14354813,-0.7287154
2024-10-24,-3.9381518,-0.21396855,-0.034185324,-0.104345605,0.2582936,0.61531943,0.90333724,0.25966442,0.12928821,-0.22039019
2024-10-25,-1.0671066,-0.1338418,0.09614768,0.2845848,-0.23211622,0.56215346,0.028030219,0.39523607,0.4594769,0.033953413
2024-10-28,-0.5413438,-0.33607787,0.22223318,-0.32002947,-0.29801813,0.3980037,-0.25189483,0.36903483,-0.32317957,-0.27079237
2024-10-29,-0.6797625,0.30614552,0.032281898,0.44226676,0.16175018,-0.045024093,0.8707791,0.6215116,0.7499141,0.2735619
2024-10-30,-1.4806311,-0.02867984,-0.4895687,-0.041208275,0.18389955,-0.9489479,-0.57182163,-1.6139538,-0.89475393,0.052093085
2024-10-31,0.5157942,-0.61568576,-0.5199924,-3.3434875,-1.6162246,-1.429127,-0.68934935,-1.2220275,-0.83037573,-0.7760902
2024-11-01,0.46281052,0.64330494,-0.5057324,0.41205952,0.5298709,3.1100914,0.32744926,0.54680264,0.29768774,0.39792806
2024-11-04,-0.5898282,0.28522354,-0.13016085,-0.34459075,-0.1374132,-1.1608675,-0.2635124,-0.10093241,-0.3840465,-0.15696047
2024-11-05,0.38083377,0.30726427,0.23096463,0.27406392,0.53356016,1.4390106,-0.2899783,0.09303009,0.9020145,0.428585
2024-11-06,1.8734325,1.4538252,-0.20703998,1.0556695,2.42748,3.1016693,2.6032498,1.7058089,0.13519694,1.6074343
2024-11-07,0.00619565,0.19815262,0.5861815,0.54059714,1.1373343,1.8446529,0.4521686,-0.10890849,1.2255751,-0.36703554
2024-11-08,0.011271448,0.018433942,-0.104221426,-0.52866274,0.6839604,-0.09134683,0.5178889,-0.59665555,-0.51236963,-0.57841283
2024-11-12,-0.32781777,0.09820544,-0.028625986,0.5335787,0.07695675,-1.5721538,-0.6577156,-1.3447831,-0.4928693,1.8377641
2024-11-13,0.0005626495,0.3970381,0.10417799,0.14935291,-0.020694317,1.2434268,-1.4380466,-0.85236114,-0.87726736,0.46454307
2024-11-14,-0.6057776,-0.95395887,0.47280455,0.08746553,-0.62431884,0.15210651,0.020138169,0.8257188,0.5904157,-0.24694523
2024-11-15,-1.2642596,-0.3431626,-0.77349573,-1.7487975,-0.8443467,-1.252805,-1.0985823,-1.0168073,-3.933421,-2.2849107
2024-11-18,0.9531413,-0.084943235,0.44707662,-0.0303562,0.43546474,0.79887825,1.2148176,0.9376764,0.3369953,-0.36666358
2024-11-19,0.66850865,-0.21076109,0.019970331,0.13882937,0.73265314,-1.1606929,-1.339403,-0.039697643,-0.41530588,-0.019718764
2024-11-20,1.338255,0.43893284,0.120562464,-0.4514343,0.41905612,-0.38349122,-0.67349166,-2.9135556,0.18991458,-0.037159167
2024-11-21,2.2880623,0.082818516,-0.096529044,-0.37002903,0.34966767,0.7091806,-0.035179827,0.22934346,1.1839311,0.3983202
2024-11-22,0.15627067,0.8242118,0.21294306,0.42130798,-0.060721576,0.070004314,-0.081139535,0.26729554,-0.27925077,0.63460034
2024-11-25,0.91970605,0.18789543,0.6191257,0.10576732,-1.0574458,0.6174674,1.0429069,0.45934752,-0.16112493,0.53428817
2024-11-26,0.7909571,0.73991406,0.43963733,1.1176363,0.58673036,-1.6076255,-0.48793602,-0.60838336,-0.4016654,0.5307955
2024-11-27,-0.5445255,-0.20711601,-0.074098825,-0.8152894,-1.9453552,-0.7953507,-0.43324858,-0.24052715,-0.5242749,-1.010735
2024-11-29,0.16037077,-0.0327903,0.46853703,-0.08250944,0.56079715,0.7526706,0.3883564,0.48564056,0.71603084,0.17060979
2024-12-02,0.009273157,0.21897715,0.44011036,0.8805347,-0.9354784,-0.28675753,0.13161272,1.1081444,1.8627275,-0.0011779384
2024-12-03,0.47363535,0.07597237,0.61771274,-0.11369652,0.36850393,-2.9526637,-1.0775764,-0.21262482,-0.11080104,-0.019762421
2024-12-04,1.298732,0.15591688,0.016774608,0.69392246,1.4266698,-1.1818796,-0.17777574,0.107744046,-0.5381464,1.7047193
2024-12-05,0.3729581,0.373593,-0.05056396,0.54532224,-0.53899604,-2.6777914,-0.9161893,-0.64492285,-2.2069678,0.119596116
2024-12-06,0.936023,-0.07521347,-0.10116036,-0.023055738,1.4354883,0.22346185,-0.012735201,-0.3238541,0.14919859,1.1882906
2024-12-09,-2.2401943,-0.74620014,0.7809709,0.17567763,-0.3358081,-0.2971925,0.043246005,0.2372041,-0.3602755,-0.42836887
2024-12-10,0.5069279,-0.16104063,0.15791248,-0.50114256,-3.4421346,-1.573636,-0.83141,-1.2440618,-0.974651,-0.09563203
2024-12-11,-0.44225445,-0.07378265,-0.3219588,0.59254587,0.20700133,-0.14069515,0.32381943,0.82394254,0.6216864,0.20707133
2024-12-12,0.62029326,0.25284004,0.2596421,-0.07064728,-0.91269547,1.4577729,-0.037517376,-0.5229187,-0.5762212,-6.5272646
2024-12-13,-0.39634138,-0.15674566,-0.014200884,-0.4399192,-0.5536007,-1.0398371,-0.06848133,-0.014466228,-0.021798564,-0.8635609
2024-12-16,-0.40690956,-0.19685562,0.5467753,0.41560116,-0.6411385,1.0883044,-0.5593431,-0.26409554,-0.072101034,-0.4234585
2024-12-17,-0.084832355,0.18155041,0.44397599,0.22370288,-0.46166575,-0.96123886,-0.36969978,-0.08327441,0.13751274,-0.6358927
2024-12-18,-2.5553195,-0.81563646,-1.1767858,-2.3819263,-1.2819977,-2.7786293,-0.81302464,-1.4330031,-1.2758266,-1.4013677
2024-12-19,1.1213635,0.120556705,0.31363016,-0.19244556,0.9610291,-0.63444763,-0.17140347,-0.8436884,-1.0839899,-0.4186457
2024-12-20,-0.1571159,0.7740894,0.93895155,-0.19818845,0.22018482,1.0369074,0.54212666,0.6149599,0.44634154,0.9481706
2024-12-23,-0.42376766,0.40099326,0.109697446,-0.3101335,-0.16451252,1.4367862,0.71430576,1.3774705,0.83614117,-0.070890136
2024-12-24,0.70014685,0.70516527,0.36824054,0.3819921,0.54368526,0.378279,0.46848208,0.20197271,0.12463794,0.085443094
2024-12-26,0.11680625,0.13308284,0.07722041,-0.27811712,0.033894677,0.051251117,-0.18859334,-0.30442622,-0.27045798,0.18034807
2024-12-27,-0.6192812,-0.24533583,-0.41300702,-1.0737419,-0.7080017,-0.31071195,-0.15504357,-0.42630115,-0.24886891,-0.38691625
2024-12-30,-0.7499843,-0.29426533,-0.6200612,-0.8820729,-0.57020915,-1.0564593,-0.77090114,-0.82116234,-0.84384364,-0.09609004
2024-12-31,-0.122097515,0.04287717,-0.41445738,-0.58994603,-0.09890353,0.47198987,-0.14615294,-0.36349648,-0.33387494,-0.13720746
2025-01-02,0.03329888,-0.045295857,-1.4101,-0.5346162,-0.19302669,0.33203083,-0.17142043,-0.088992134,0.21646048,-0.39278156
2025-01-03,0.80916643,0.16578601,-0.1522661,0.51093864,0.05929115,0.7091198,0.8071552,1.0678846,1.4044386,-1.0795443
2025-01-06,0.023844564,-0.041618314,0.2917783,0.47179267,-0.20710278,-1.6892093,0.36559623,0.45156488,1.6608764,0.03881619
2025-01-07,0.39452934,0.17016189,-0.64826214,-0.8975706,-1.1140311,0.28081515,-0.03266802,0.08698884,-0.008524038,-0.9112645
2025-01-08,-0.21570203,0.26003292,0.05427297,0.15617403,0.31059825,-0.3536287,-0.1711885,-0.48038208,-0.2766789,-0.34442955
2025-01-10,-1.0060819,-0.34467047,-1.3341706,-0.91244024,-2.5027375,-1.7653269,-0.39883032,-0.6667808,-1.3254422,-1.4836674
2025-01-13,-0.6938214,0.051594447,-0.59578806,-0.3877407,-0.20175488,0.0731301,0.18489164,-0.052226614,-0.27351597,0.2546803
2025-01-14,0.13246,0.5428942,-0.31233406,-0.369694,0.7794108,-0.06315179,0.55777705,0.54979736,0.58240455,0.4454181
2025-01-15,0.7066091,0.5930722,0.9436376,1.3387699,0.6242575,1.2493395,0.9239507,1.1879529,1.0184076,0.47081128
2025-01-16,0.8331194,-0.11000287,-2.244421,-0.40503067,0.39572918,-0.20260218,-2.593257,-0.8517109,1.7489501,1.0716647
2025-01-17,0.6553378,0.3946169,0.32220384,0.4660371,0.4631403,4.365754,1.2270406,0.72004193,1.1290115,0.30266288
2025-01-21,-0.13189329,0.7176886,-1.7311639,-0.22386473,3.512696,0.5794349,0.64540577,0.60120904,0.088941105,0.6413726
2025-01-22,-0.27719003,0.5222797,0.22291465,2.2166226,3.1895895,0.14393373,0.38873708,0.6616866,0.46825308,0.07315432
2025-01-23,0.81998366,0.50393444,-0.087752886,-0.076104224,0.5537924,-0.65402997,0.76903176,0.93824166,-1.0913891,-0.029356346
2025-01-24,-0.36010933,0.03482685,-0.24097785,-0.47663444,-0.734409,-1.5707248,-3.4849098,-0.6541414,-0.9187335,-0.2188979
2025-01-27,-0.19639158,-2.4163163,1.5389001,-1.3660026,-6.784218,-1.1862208,0.31699428,-0.3277614,-2.7644691,0.29665175
2025-01-28,0.45280337,0.31940693,1.8515646,1.5097324,1.6491933,-1.1498411,-1.6202438,-0.0009559572,-0.48482242,0.39794523
2025-01-29,0.86381453,0.13194539,0.19745466,-0.7713572,-0.5938712,-0.15787299,-0.11446049,-0.053974256,0.47515705,-0.14119758
2025-01-30,7.9578876,0.7553991,-0.40013278,-3.7487254,2.2493217,0.5300435,1.1567801,-0.039504707,1.3426648,0.4000766
2025-01-31,-0.6580325,0.13400634,-0.2846109,-0.12323384,-0.11145721,-1.2705364,0.12398807,0.15147565,-0.38003406,-0.8770827
2025-02-03,1.2309757,0.36443713,-1.1097026,-0.67660767,-0.39961416,-0.13647799,-0.87446094,-0.7408399,-0.4164168,0.0819205
2025-02-04,0.90094817,0.2597294,0.70569044,0.0629026,-0.21271197,-0.22546926,-0.1258278,0.58991003,-0.13690212,0.13055485
2025-02-05,-0.29608458,0.94849765,-0.075508796,-0.0086430665,0.9362183,0.74229586,0.20361316,0.5867262,0.371328,-0.289416
2025-02-06,-2.4705377,-0.18528074,0.090770386,0.20488688,0.14270937,-0.60732126,0.35299557,-1.6764092,0.36859664,-0.253772
2025-02-07,-0.29347795,0.034934193,-0.8944351,-0.943237,0.49750122,-0.63991207,-0.80071366,-0.43098876,-0.6836375,-0.26503077
2025-02-10,-0.37051365,0.43814516,0.022227287,0.20283045,1.1015577,1.4441088,0.03598461,0.76248676,0.70715135,1.7633023
2025-02-11,1.4079553,-0.2515823,1.05163,-0.24519394,-0.46809182,2.5371578,-0.29824153,0.06337253,-0.18563817,0.7190669
2025-02-12,0.28258526,0.110278286,0.86888456,-0.46937442,-1.3189901,2.9944413,0.1416568,-0.5218503,-0.5895299,0.34850556
2025-02-13,0.8239916,0.9791512,0.598974,0.07029995,0.373199,2.8923519,0.15071319,0.35811925,0.62729645,-0.3649819
2025-02-14,0.5200481,0.78524536,0.5710262,-0.42727038,0.05112582,-0.9965089,0.4951923,-0.074486,-3.457229,0.061613247
2025-02-18,0.44252852,-0.16832106,-0.06175039,0.030787045,1.4132686,6.417106,0.7717642,0.2555165,0.5635485,0.34779254
2025-02-19,0.28594828,0.21059488,0.033346992,0.5486014,0.37363985,-2.619714,2.1080194,0.282625,0.3725802,-0.70170796
2025-02-20,0.08857202,-0.08544415,0.11602062,0.1595339,-1.3652503,0.56368905,1.5726464,-0.4571365,0.43555364,-0.2510409
2025-02-21,-0.8129666,-0.46498993,-0.0820084,-1.2137355,-2.1493063,-2.0831358,-0.45549998,-2.175222,-0.9961875,-1.0420827
2025-02-24,0.07866895,-0.4945413,0.18012719,-0.69468576,0.51151645,-1.0369334,-0.29740995,-1.1887789,-0.8540881,-0.022259627
2025-02-25,-1.0373544,0.78143984,-0.035108663,-0.97903985,-0.39679644,-2.318111,-0.1996489,-0.061922956,-0.79285634,-0.12972963
2025-02-26,-0.49191058,-0.1020713,-1.133974,0.12233966,0.9840149,0.92952055,-0.41143203,0.13695438,0.6091632,-0.2190459
2025-02-27,-0.6724694,-0.16370171,-0.66704166,-1.1662786,-2.0961294,-0.83896285,-1.5974218,-2.1739383,-2.9790177,-0.45941722
2025-02-28,-0.1794637,0.2848334,0.9130705,0.5185822,0.39217144,1.3130002,1.1196828,0.6483583,0.28919092,0.119379885
2025-03-03,-0.5690237,-0.5008892,-0.90526736,-1.4590844,-1.3319521,-2.2490563,-0.43346238,-1.0426474,-1.6706743,0.20646165
2025-03-04,0.8141945,-0.14409128,-0.5180953,-0.13282149,-1.4732537,-3.2260916,0.07016141,0.14121279,0.11338612,0.5184616
2025-03-05,-0.46707937,0.5847505,-0.09603292,1.6903061,1.2444293,-1.2272906,0.13326119,1.0100965,0.5629195,0.49109802
2025-03-06,-0.69073784,-0.3816008,-0.13863192,-0.7378053,-3.2285776,-0.17491561,-1.496769,-0.53472704,-1.0783256,-0.66051906
2025-03-07,3.3138635,0.43899778,0.7834451,-0.66620594,1.291141,-0.2891703,0.24149948,1.3152031,1.0024271,0.43011242
2025-03-10,-1.1652493,-1.412658,-2.6707299,-2.1070423,-2.0149455,-1.646168,-1.0073074,-1.7972746,-1.5899665,-1.4518187
2025-03-11,-2.0536811,-1.0611042,-1.6126086,-0.097934395,-1.5132266,-0.38902953,-2.3111281,-0.6208744,-0.9012506,-0.16934852
2025-03-12,0.1851102,-0.13198435,-0.9783102,0.28389597,2.1153836,1.965459,-0.45697784,-0.17897682,0.47598448,0.47295323
2025-03-13,-0.996758,-0.62587935,-1.8239052,-0.8387725,-1.0927949,6.485064,-0.5985308,-0.332363,0.15706599,-6.65953
2025-03-14,0.68299544,0.69948286,0.9061339,1.327352,0.48700732,0.6183345,0.683848,1.2050258,1.4164417,1.9007317
2025-03-17,1.2174604,0.34614334,0.07823464,-0.121326104,1.4618238,2.965171,0.8656403,0.2820543,-0.13830419,0.48504043
2025-03-18,-1.5656881,-0.44671392,-0.3721928,-0.9265218,-1.4855374,0.3689882,-0.17805132,-0.5461025,-0.6005629,-0.915993
2025-03-19,1.4125988,0.69088113,0.5801744,0.5020341,0.9250671,-3.3433414,0.53458554,0.44660884,0.16283552,-0.4186637
2025-03-20,-2.3630686,-0.36742383,-0.32879463,-0.2905727,0.064499386,-0.35674345,-0.30685166,-0.17770277,-0.10752576,0.17046665
2025-03-21,0.17169993,-0.23725305,0.93186885,0.52003264,-0.18154144,0.5536807,-0.47970623,-0.39331374,-0.69390047,-0.29774398
2025-03-24,1.2492589,0.60750586,0.5151506,0.1232219,0.86009824,-0.14167438,1.6486923,0.7802597,0.67301786,0.81149167
2025-03-25,0.40952027,0.05295914,0.63644636,0.16052464,-0.33159602,-0.103373274,-0.4346776,-0.07008709,-0.43703234,1.0251998
2025-03-26,0.14288089,0.73059756,-0.58065945,-0.93891615,-2.1252725,-1.7065386,0.09589262,-0.552791,-0.8902829,-0.6942278
2025-03-27,-1.0742307,-0.3070912,0.47184128,-0.06084111,-0.7336988,0.36309308,-1.013293,-0.19934887,-0.91771543,-0.21824747
2025-03-28,-0.5751421,-0.4056355,-1.4505185,-1.9350891,-1.7061838,-1.9203867,-1.1874769,-1.5385638,-0.81759363,-1.2088524
2025-03-31,1.2545012,0.71826625,0.9527878,-0.67037225,-0.38665286,-0.049266167,0.82777494,0.15687852,-0.06972269,-0.274889
2025-04-01,0.46523333,0.11034575,0.18500987,0.908208,0.7482248,-1.5053723,-0.48915285,-0.24459095,0.066218406,-0.063065715
2025-04-02,-0.07574406,0.05157088,0.105522394,-0.1552389,1.3369383,-0.20740984,0.012582707,0.19480433,0.49694487,0.27483815
2025-04-03,-1.70913,-3.4231868,-5.0761046,-1.5449406,-3.0320563,0.91440535,-3.82929,-4.3662286,-3.6215353,-2.2103498
2025-04-04,-4.4038167,-2.2445943,-2.8230135,-2.1354263,-2.9665449,-5.1510854,-3.480366,-3.8637497,-2.620168,-2.2483387
2025-04-07,-0.47793028,-0.06524397,-1.1487421,-0.37901548,-0.37178838,-0.5576322,0.6057729,0.5505594,1.519661,-0.9842671
2025-04-08,-1.1355338,-0.77041894,-1.5816915,-0.46524268,-0.7578586,-2.572403,-1.7064587,-1.2406111,-0.96354926,-0.10628718
2025-04-09,2.7612383,2.6791413,3.973301,3.2136304,3.445628,5.018985,4.076752,3.5588858,3.8074088,1.8619345
2025-04-10,-1.1955725,-0.8019267,-1.235467,-0.9161902,-1.3770798,-2.40895,-2.2481277,-1.794855,-2.1900992,-1.1881232
2025-04-11,0.95901036,0.35374779,0.9658129,0.46986496,-0.25634387,-0.1803426,-1.4195591,0.7553051,1.0008186,0.12175068
2025-04-14,0.5733777,0.06321499,0.5600957,-0.12084465,0.43907577,0.7522716,0.559815,-0.059570473,-0.112555064,-0.14879444
2025-04-15,0.30286235,-0.09960702,-0.060130645,-0.3122058,-0.22283621,-0.78564286,0.022162898,-0.19187933,0.12707877,-0.08927821
2025-04-16,-0.52193266,-0.9211858,-1.2539406,-1.6909457,-1.1531833,-1.1227765,-1.0589919,-0.7214607,-1.6982372,-0.6497225
2025-04-17,0.00837769,0.03258758,0.4329684,-0.5515467,-0.35695451,-0.5715178,0.4108385,0.14595124,-0.24251844,0.42526406
2025-04-21,-0.6920894,-1.0503027,-0.57626295,-1.3168204,-1.8545846,-0.20720667,-0.77297956,-0.22621717,-0.58481324,-0.6909889
2025-04-22,0.9294309,0.4511414,1.0215821,0.740312,1.1211511,1.1351379,0.22465892,0.4820414,0.5252382,0.56221247
2025-04-23,1.0602546,0.47569242,0.7288374,0.8694382,1.1787182,2.0118878,1.3020816,0.359181,1.2324533,0.18785624
2025-04-24,-4.096151,0.5346289,0.5322333,1.5620091,1.7242583,1.6218305,2.3775258,1.6446583,1.5258373,0.9641633
2025-04-25,0.79318523,0.36031628,0.10907292,0.48232993,0.24938214,-2.762071,0.1440483,0.26771602,0.25598913,0.74117315
2025-04-28,1.0169201,0.13992183,0.12221043,-0.22812104,0.48140287,0.91350013,-0.14604549,-0.35805386,-0.279517,0.07540933
2025-04-29,0.8195672,0.422335,0.12597546,0.2613824,0.15344487,-0.35729617,-0.44728246,-0.2853556,-0.39067206,0.23371953
2025-04-30,0.6458151,0.3489134,0.22381079,0.038900852,-0.050467785,-0.5364825,0.13354202,0.36005008,0.21673045,0.4401909
2025-05-01,-0.56926316,0.31890732,0.10551619,3.503805,1.2491032,-0.24995048,-0.4548205,-3.4995983,-0.49540097,-0.07450072
2025-05-02,1.53302,0.9705923,-1.1803102,1.1192296,1.4712563,1.2662498,1.5724429,1.2874355,1.4641062,0.68236417
2025-05-05,0.86190575,0.027402507,-0.9198632,-0.0147491675,-0.41847348,-0.6914055,-0.5287767,-0.18463959,-0.19635692,-0.015886517
2025-05-06,-0.057855986,-0.03275128,-0.06580246,-0.3971221,-0.42950252,-0.60722536,-0.31008962,0.036109176,-0.4124305,0.14112389
2025-05-07,0.9746719,0.28443524,-0.3493909,-0.11043379,0.39715168,0.6851592,0.8304531,1.0578725,0.5647788,0.16949399
2025-05-08,0.14281273,0.13292412,0.180643,0.4271279,0.19861722,1.2530328,0.16300233,0.12032561,-0.035440907,-0.13807112
2025-05-09,-0.85125977,0.08109742,0.16881885,-0.061129186,-0.01837078,0.7961732,1.6235538,-0.069707945,-0.18218297,-0.11159288
2025-05-12,1.1546012,1.4920211,2.6851282,1.1958207,1.9619108,1.4538445,3.5659525,1.8966526,2.9217017,1.3974911
2025-05-13,1.2702053,0.1234313,0.47259635,-0.16101436,1.5257193,0.7505314,0.18578489,-0.31294942,1.1180577,0.13855301
2025-05-14,-0.17451556,-0.3715254,-0.20434414,0.34652948,0.1928274,-2.3629613,-0.25438973,0.36718366,0.17624548,0.20914374
2025-05-15,2.244115,2.4613976,-0.2734775,-0.016999658,-1.1330802,0.010156062,0.08343145,-0.19258827,0.05723274,0.56005377
2025-05-16,0.03228075,-0.45672378,-0.097945325,0.0017808476,0.30894735,0.1885682,0.12292334,-0.12411318,-2.2778158,1.311899
2025-05-19,0.42546114,0.27437449,-0.66619015,0.44331646,-0.2848649,-0.6877915,-0.079266675,0.24266611,0.005019494,0.3550796
2025-05-20,-0.34234476,-0.35508984,-0.533215,-0.23475836,0.18560296,-0.29520863,0.050651465,-0.058834624,-0.13821127,-0.34866968
2025-05-21,-1.5067941,-0.13061479,-1.2617195,-0.8424387,-0.93572235,-1.2674397,-0.8204733,-0.80468285,-0.93912536,-0.40556392
2025-05-22,-0.6310045,0.14887193,-0.117581226,0.14441356,0.0015976779,-0.30443227,-1.2055953,-1.1632174,-0.37879658,-0.0020448088
2025-05-23,0.052505393,-0.14690717,-1.1515005,-0.7037113,-0.4016108,-1.0633986,-0.96665835,-0.6641905,-0.820198,-0.73624367
2025-05-27,1.1294696,0.50044984,0.94132787,1.1484948,1.6045817,1.0032947,1.6055753,0.83962524,0.968756,0.5463362
2025-05-28,-0.7485444,-0.26908618,0.014724137,-0.5486722,0.5150788,-0.42129293,0.17808188,-0.3935597,-0.1448374,-0.120484695
2025-05-29,-0.38779926,-0.18440644,-0.16727589,0.025302859,-0.29394874,-0.30541155,0.16329107,0.12146616,-0.61263335,0.09417569
2025-05-30,0.08618084,0.02748502,0.16958569,0.07037827,0.6851052,-1.5387281,-0.5407442,-1.0065393,-0.7641954,0.15428717
2025-06-02,1.2043332,0.6337792,0.16851673,0.06097346,0.25591347,0.3813309,0.28422627,0.32594055,0.045065362,-1.2842829
2025-06-03,0.32216647,0.41185075,0.3588212,-0.015146159,0.67775613,1.1700697,0.87893367,0.57925546,1.0303228,0.9535369
2025-06-04,0.09099536,0.057786617,-0.16654883,-0.031114059,-0.31791243,-0.13956806,0.5962491,-0.061479267,-0.03888202,0.1269035
2025-06-05,0.3446051,0.21134515,-0.6179287,0.33122513,0.85333943,-0.6574742,-0.095359735,-0.26686192,0.47769105,0.11319138
2025-06-06,0.51727253,1.1730417,0.7759947,0.18922716,0.8320756,0.11286378,0.436404,0.3893964,0.54818463,0.1625455
2025-06-09,0.8041057,-0.08936147,-0.6880405,0.14614838,0.8887045,0.9611295,1.5955824,1.6247754,0.6597943,-0.09593333
2025-06-10,1.0381471,-0.57639766,0.24352495,-0.38742104,0.07964637,3.7466185,0.6984988,0.9050127,0.87197137,-0.048570905
2025-06-11,1.2867776,-0.7565953,-1.0746428,0.05975885,-0.34446672,-3.383246,-0.65844965,0.0051433556,-0.32044107,-0.38830146
2025-06-12,-0.08513994,0.8319792,0.020530192,0.6334757,6.8565626,0.14071149,-0.041226555,-0.29186574,0.4320316,0.066348165
2025-06-13,-0.90692043,-0.8431979,-0.8317027,-0.6649203,4.037243,-1.6555581,-1.1911371,-1.1587377,-1.1308166,-2.7470353
2025-06-16,1.2001303,1.2735175,0.435152,0.36197326,-1.101071,1.3819227,1.0179709,0.5152179,1.2899431,1.2141993
2025-06-17,0.33739072,-0.11889938,-0.85134673,-0.3081345,-0.79532635,0.06562571,-0.41177666,-0.7437049,-0.6559795,-2.4592757
2025-06-18,0.07266554,0.45815492,0.13993692,0.09906903,0.6531254,1.4639616,0.1321915,-0.32131034,-0.36211997,-0.60948235
2025-06-20,-0.5225621,0.41986743,1.0504347,-0.51408994,-1.519519,-0.98313034,-0.06497879,-0.76082057,-0.83186656,-0.17995667
2025-06-23,2.0765862,0.92068636,0.025169587,0.9029822,0.46144924,0.1688153,0.7494402,0.44324762,0.4917178,0.36537308
2025-06-24,1.0743456,0.43458083,-0.37549937,0.34714165,2.0103467,3.0636914,0.99787176,0.61167747,1.8433753,0.24345991
2025-06-25,-0.5984818,0.25278053,0.27500036,0.111035585,-1.0594769,-0.78384304,-0.13593593,-0.032085754,0.56095374,0.5738257
2025-06-26,0.21566874,0.59639776,-0.20050451,0.46615574,0.47717527,0.59371334,0.1712511,0.521783,0.014081276,-0.32475102
2025-06-27,-0.48061112,-0.19478711,-0.04649383,-0.33503056,-0.6533252,0.35851097,0.13952202,0.005223169,-0.15643081,0.08012568
2025-06-30,1.1560462,0.56050205,0.9930837,0.026933014,1.897213,-0.6593612,0.08021225,0.10192915,-0.117741585,0.09605275
2025-07-01,-0.78102064,-0.17464922,0.59805965,-0.7930019,0.059509516,0.9266697,0.6023966,-0.051782355,0.06857956,0.5852788
2025-07-02,-0.78461087,-0.3441355,1.0720518,-0.26477936,2.4665158,-2.1827173,1.0948099,0.67962027,1.289045,-1.6162463
2025-07-03,1.016619,0.9554954,0.20178244,0.77857494,1.6239853,1.3222187,0.057070322,-0.115812935,0.13917805,0.077229515
2025-07-07,0.13501903,-0.29133576,-0.9351765,-0.28256425,-1.1111572,-1.1400588,-0.6114237,-1.1796069,-0.14480683,-0.3080005
2025-07-08,-0.43961978,-0.22001052,-0.04685788,-0.28158534,0.47174814,3.3867288,0.66804844,0.27279255,0.81274986,0.60902417
2025-07-09,-0.031191291,0.5907241,0.1986509,0.67311037,0.28134423,-0.4051676,-0.08910549,-0.110237665,-0.0019278383,-1.1938993
2025-07-10,-0.6102315,-0.37791386,0.23243238,-0.4105785,-0.0955549,0.74651057,0.69886863,-0.15272857,0.46466106,-0.2916123
2025-07-11,-0.8688521,-0.6054082,-0.38127726,0.062171225,-1.0316645,-0.9117806,0.3105261,-0.51745975,-0.1073291,-1.0687954
2025-07-14,0.077024125,-0.06693657,-0.70227915,-0.1925783,-0.31310064,-0.3518996,-0.29956543,-0.93846226,-0.26031834,0.4431207
2025-07-15,-0.23116313,-0.45005742,0.061269186,0.17730217,1.2192446,-0.86270314,-0.40162596,-0.08727556,0.367802,-0.36993772
2025-07-16,-0.1646034,0.17617609,0.205285,-0.16947958,1.2926666,-0.5323615,-0.40575787,-0.15575407,-1.0153016,-0.31879994
2025-07-17,0.030187096,0.70594996,-0.0850845,0.54964113,1.442334,0.17638023,-0.05044139,-0.50338084,-0.5659458,0.5422079
2025-07-18,0.91459787,-0.15016621,0.22715381,-0.3375432,-0.68576056,0.576381,-0.03317246,0.5158734,-0.5320048,-0.104605764
2025-07-21,-0.24729659,0.25070304,0.25922245,-0.14706701,-0.40930796,0.27847606,-0.48355743,1.0407134,0.37811634,0.20608278
2025-07-22,-0.6169754,-0.09887165,0.40503615,-0.7036162,-1.1521568,-0.09849581,0.036816645,-0.35319683,-1.2698439,0.603913
2025-07-23,0.028189557,0.3707802,-0.11459805,-0.076964274,0.7582212,0.45660523,-6.662317,0.41697088,-0.11496778,-0.073017366
2025-07-24,-5.187457,-0.20493431,-0.14827242,0.42923203,0.16903569,-1.8208377,-0.17893755,-0.37164614,0.15494642,-0.11597146
2025-07-25,-0.17788035,0.334464,-0.030526757,0.17574096,0.45629045,-4.4194694,-0.2168127,-0.2076942,-0.6212324,-0.1393141
2025-07-28,0.89824677,-0.5392486,-0.017607551,-0.28774938,0.5108443,-0.10399729,1.0274954,0.61430675,0.914367,-0.1780598
2025-07-29,-0.17590852,0.06643185,-0.73676705,-0.14379396,0.4507585,-0.71490526,0.49161404,0.18012708,-0.49186248,0.1267268
2025-07-30,-0.53121287,0.30070058,-0.65125275,-0.08568556,0.11193981,-0.25438985,-0.51277465,-0.8785225,0.12675469,-0.9364173
2025-07-31,-1.8588644,-0.12697856,-0.4616398,2.1862955,0.66236305,-1.4583385,-1.9135883,-3.4719186,-2.1647596,-0.89097136
2025-08-01,-0.80486405,-0.6480143,-1.363883,-1.1541454,-1.7582966,-1.1514541,-0.08851114,0.323907,-0.10172914,-1.260758
2025-08-04,0.5034265,0.99876094,0.20533168,1.1013505,1.4710552,0.39103514,0.41462943,-0.29283857,0.5350656,-1.1743859
2025-08-05,-0.34590194,-0.6297321,-0.12555277,-0.96790123,0.5225421,1.4513259,0.58799386,-0.32604617,-0.88273436,-0.043319657
2025-08-06,0.39017403,1.1558918,1.4765487,-0.41804615,0.0936615,0.41525078,0.07762699,-0.33558285,-0.30065954,0.8363133
2025-08-07,-0.55363613,0.47764874,0.8413131,-0.5406765,-1.1846933,-1.3087604,-0.034800697,-0.07220365,0.96112734,-0.94780827
2025-08-08,-1.5901222,1.2048209,1.1320609,-0.0020243695,0.07025319,0.33394414,0.24422295,0.35321465,0.26378378,0.305265
2025-08-11,-1.5725024,-0.65707564,-0.2410498,-0.14870958,0.38792917,1.3430053,-0.78495836,0.021844137,-0.18065687,-0.9523125
2025-08-12,-0.43116945,0.49654698,0.39889878,0.6571577,0.17487048,2.2692606,2.0580223,1.5197775,0.76595074,0.59230334
2025-08-13,1.4339703,-0.6032843,0.5952937,-1.0491909,-1.7303951,0.7511347,0.032813787,0.6850182,0.24016075,1.574217
2025-08-14,-0.8135942,-0.69118506,-0.11438813,0.069634445,0.10984664,2.959728,0.054630097,0.30873463,-0.4536026,-0.3416707
2025-08-15,0.7118274,-2.1154835,-0.28680554,-0.38745862,0.58241206,1.2167438,0.15460826,-0.1597176,-6.086951,0.7559996
2025-08-18,-0.09090359,0.54436105,-0.10419311,-0.4476617,0.10147401,-1.5547587,-0.08692418,0.18067262,0.33131847,0.2565305
2025-08-19,0.47885257,-0.095751844,-0.07497935,-0.9209813,-2.6263685,2.7890358,0.31192744,-0.79934657,-0.3973371,0.43004596
2025-08-20,0.3279534,0.2759511,-0.7832253,-0.574649,0.052328877,-3.078197,0.9973525,-0.31219542,-0.38864303,-0.96068394
2025-08-21,-0.8572291,-0.02783196,-0.26014215,-0.20796384,-0.39017686,-0.10900209,-0.051552866,-0.456121,-0.24807245,-0.028724305
2025-08-22,0.7227094,0.24358003,0.55327123,0.1973979,0.58500546,2.277637,1.1022292,0.9690804,0.5622592,1.0349835
2025-08-25,-0.7239201,-0.091329485,-0.16958019,-0.47048208,-0.21057057,-0.47982746,-0.05823373,-0.52951515,-0.20824932,0.108166404
2025-08-26,0.8774846,0.92389333,0.45165962,-0.395453,-0.26325312,-0.41427648,-0.037598055,0.6584975,0.5349341,-1.0434915
2025-08-27,0.5783621,0.06874487,0.18284856,0.38601297,0.27084243,0.8260925,-0.14403854,0.0658429,-0.113892265,0.14752829
2025-08-28,0.23238374,0.70768553,0.3914665,0.18605608,0.8252876,0.1020324,-0.33203664,0.18099889,0.12501805,-0.3242106
2025-08-29,-0.5938693,-0.20162475,-0.1419069,-0.47552848,-2.8881786,-1.1087312,-0.3958558,-0.11301399,-1.1997035,0.31386736
2025-09-02,-0.5404134,-0.84475577,-0.5103719,-0.30972946,-0.19147487,-0.28290442,-0.61311513,-0.6156486,-0.8746439,-1.413698
2025-09-03,0.673828,-0.052880816,1.2458391,-0.10558473,-0.3856766,-0.39297467,-0.9018563,-0.4881631,-0.4097943,0.32853532
2025-09-04,0.7665608,0.24598438,0.13700646,0.14988884,-0.1176412,0.9857161,-1.827694,0.7549555,0.39433625,-0.5493911
2025-09-05,0.32778504,-0.6963129,-0.026873752,-1.526958,1.7838627,-0.22889237,0.10489978,-0.057412844,0.98928005,0.54705614
2025-09-08,1.8515527,0.021616606,-0.21876766,0.21615018,0.9567837,-0.042584747,-0.489581,0.011288813,-0.24472249,1.125713
2025-09-09,0.7300516,0.34588733,-0.46822906,-0.10565818,0.50339043,-0.09650683,-0.21296963,-0.49880025,0.25686535,-0.5903582
2025-09-10,-0.5701746,0.5674845,-1.0953575,0.084867686,13.14142,0.5247628,-0.26839274,-0.016094739,-0.10353094,-0.512973
2025-09-11,0.03859125,-0.27617687,0.7041703,-0.06720885,-3.0379927,-0.3344187,0.043001525,0.595787,1.5343813,0.023078952
2025-09-12,-0.9117874,-0.7945448,0.8744918,0.8699628,-2.4697976,-1.0213925,-0.46682528,-0.00886984,-0.6447092,-0.17565247
2025-09-15,0.7216169,0.38385266,0.54046035,0.4695741,1.5232233,1.2108579,-1.1213974,-0.2575465,0.6518557,-0.31235552
2025-09-16,0.33135968,-0.029551255,0.27756715,-0.8486822,0.66868573,0.8535785,-0.18289681,0.68088967,0.52158755,0.6822055
2025-09-17,0.40725964,0.60820085,0.13528794,-0.031919234,-0.8484013,-0.7290043,0.6393956,0.19954816,0.9711552,1.1275893
2025-09-18,1.4851142,0.7083801,-0.28966737,-0.31698868,-0.77001977,9.137173,0.2860872,0.64917713,2.4489508,0.6242762
2025-09-19,0.3492681,-0.2934553,1.6161592,0.91913974,1.8283854,-1.5127325,-0.5957113,-0.42453027,-0.014546623,-0.21352468
2025-09-22,1.2038707,-0.28306076,2.0252807,-0.51817024,2.7410467,-1.2564521,0.021921756,0.6377493,2.0261948,-0.24734092
2025-09-23,0.18870561,-0.10648853,-0.22409001,-0.6864909,-1.9379663,0.7941153,0.52207613,-0.13813168,-0.0174607,-0.30683443
2025-09-24,-1.1416758,-0.1165084,-0.38182482,-0.03305062,-0.79080147,2.6028545,0.52411354,0.90181595,0.025504865,-1.0734248
2025-09-25,3.3429663,0.4267574,0.87381303,-0.50480455,-2.8347833,3.9936423,-0.6459303,-1.0568563,-0.46141115,0.08743888
2025-09-26,0.673383,-0.41623795,-0.33819264,0.36001644,-1.3186578,1.9334388,0.5781195,-0.21632998,0.77692264,0.74014467
2025-09-29,-1.0398064,0.3945263,-0.26136303,0.21128693,-0.13931456,-1.3797622,-0.36484405,-1.1000439,0.11705671,-0.1414768
2025-09-30,0.54413456,0.51704305,0.0028349294,0.23033406,-0.26923192,-1.2185924,0.07991706,0.17967486,-0.12635976,-0.85185635
2025-10-01,0.9283994,0.24887265,0.07471708,0.054998916,1.0854924,2.7323487,-0.7734403,-0.057043698,2.2263916,-1.1322076
2025-10-02,0.019378955,-0.24508879,0.17202657,-0.5133939,-0.06881646,1.4363197,0.3844767,0.45575437,0.8930165,0.8864547
2025-10-03,0.3266222,0.047781724,0.0833149,0.040208172,-0.40737054,-0.5265554,-0.47024086,-0.010231443,-1.0998361,-0.6016913
2025-10-06,0.20706007,0.683562,-0.15662013,1.0193535,0.75105876,-0.2917318,0.30006725,-0.22299497,1.0098896,0.38313493
2025-10-07,0.91155446,0.0856315,-0.0340651,-0.57137233,-1.0644835,0.59674156,-1.0798197,-0.8186091,-2.1772606,-0.253345
2025-10-08,-0.97172284,0.89131975,0.15426478,-0.036572836,0.5964427,0.2534628,0.9891388,0.4641097,0.9586978,0.021658828
2025-10-09,-0.29047808,-0.20265701,-0.4605908,-0.37840736,1.2325044,0.37202743,-0.6366781,-0.60475785,0.40076396,-0.19350503
2025-10-10,-2.3866372,-1.3123696,-1.3097894,-1.3558537,-0.61903477,-1.6461564,-1.791195,-3.270871,-1.9534637,-1.3006693
2025-10-14,-0.26641247,0.7894853,0.0027350204,-0.16338518,-1.202267,-1.7114059,-0.2883219,-0.091788255,-0.2929276,-0.44104928
2025-10-15,0.92638975,0.5501995,0.18499851,-0.124429435,0.5411037,1.5568715,0.25248453,0.19095872,1.3970966,-0.65532196
2025-10-16,-1.0118335,-0.21426043,-0.24555719,-0.26912212,1.0746043,-0.32416615,0.01608944,0.15516101,-0.053982534,-0.19584209
2025-10-17,0.96390504,0.5864416,0.60564256,0.06563799,-2.5418212,0.14684965,0.18459441,-0.18728356,-0.45013797,0.3727683
2025-10-20,0.4366959,0.3318825,1.2021638,0.1825374,-1.884578,1.0559269,0.57976955,0.6695653,0.39741302,1.0839977
2025-10-21,-0.34546146,0.06812479,0.06049897,-0.025514685,-0.29894853,0.00542365,0.20540291,0.2599799,-0.36127415,1.3109087
2025-10-22,1.1939214,-0.003254701,-0.48335248,0.17119746,-0.41393268,-1.3283002,-2.3992996,0.015735544,-1.0095451,-0.4504885
2025-10-23,-0.57670635,-0.22387043,0.17002675,-0.13342392,1.1739414,1.3841416,0.3358924,0.09737503,1.3031789,-0.024924252
2025-10-24,4.990975,0.2876434,0.5942314,0.19508964,0.5437541,0.09744198,-0.86385417,-0.3687934,-0.036690086,-0.09939265
2025-10-27,1.2030435,0.56075495,1.1285107,0.7267537,-0.35093564,1.4600376,0.03573082,4.432502,0.36892512,0.5066177
2025-10-28,-0.08742047,0.9102851,-0.023124881,1.0079606,-0.120697714,2.3455,-0.73789614,-1.6198188,-0.747873,0.24019904
2025-10-29,-0.90284723,-0.872194,0.07688938,-0.20450477,-1.0130677,-0.2772393,-1.9375474,-0.64954865,1.34911,-2.8479662
2025-10-30,0.40956768,1.1298153,0.27111402,-1.875642,-3.4320257,-1.4317943,0.03234637,-0.43082047,-0.6449424,0.15670672
2025-10-31,-0.5580958,0.16599707,-0.24509425,-1.0146787,1.0043043,-0.23235922,0.62117386,0.7835241,0.008434575,0.11250597
2025-11-03,-0.5680607,0.9083459,-0.30460545,-0.22770657,-0.88189423,-0.5996704,-0.03974124,-0.13726984,0.7009718,-0.39473537
2025-11-04,-0.835073,-1.2795807,0.0929816,-0.41169468,-1.6506151,-2.6736493,-0.5777271,-1.9201047,-1.3131301,-0.30457166
2025-11-05,1.2307073,-0.103732616,-0.0061619454,-0.89513737,0.33485466,1.4466692,1.0506902,1.5235782,1.6618174,-0.00873157
2025-11-06,1.0902203,-0.61120695,-0.0494491,-1.1490195,-1.0924551,-1.209627,-0.5617114,-1.5066139,-1.2227415,-1.0562904
2025-11-07,-1.2438861,0.053635746,-0.1436034,-0.15304936,-0.8048607,0.9183054,-0.24115174,-0.6190916,-0.64112926,-0.086211614
2025-11-10,0.8889781,0.6740072,0.111935094,0.85202986,0.23858976,0.31077573,-0.027625876,0.07084628,0.73173136,0.21403643
2025-11-12,0.22375119,1.4025192,-0.1885921,0.12992783,-1.6512572,-0.014997441,0.7991701,0.5179316,0.25227115,0.44649768
2025-11-13,-1.8131022,1.7496992,-0.064315036,-0.7722415,-1.542699,-1.9123482,-0.20223472,-0.4635718,-1.1372081,-0.39812723
2025-11-14,0.10721282,0.34645665,-0.06820977,0.5089699,0.8253225,-0.4114651,-0.6550214,-0.17150365,0.33810347,-0.310582
2025-11-17,-1.7926098,-0.09058698,-0.5107804,-0.4025319,-0.5895657,-0.95003414,-1.1456422,-1.773529,0.36228043,-0.8131597
2025-11-18,-1.583432,-0.20389785,-0.017677827,-1.6054763,0.08798946,-0.4783756,0.57945806,-0.5071001,-0.6876081,-0.11239717
2025-11-19,-0.32884437,0.638716,0.13541843,-0.8865928,0.9570738,0.91118646,-0.099851735,0.1741232,1.6081674,-0.896024
2025-11-20,0.38339168,-1.6798408,-0.2500917,-0.9828639,-2.8541129,-1.7754055,-1.0181947,-1.6958673,-2.4788067,-0.80534834
2025-11-21,1.4983524,0.42744255,0.53963923,-0.84086084,-2.477896,1.0232866,1.5583426,0.8447648,0.5633613,1.557905
2025-11-24,1.3694369,0.11686021,0.42805287,0.08590712,0.2797968,1.4489458,0.43421543,0.33959144,1.0578346,-0.7552714
2025-11-25,0.06187101,0.08297275,0.10991529,0.21496497,-0.7360342,0.015177317,0.095771715,-0.54008293,1.8025322,0.080625795
2025-11-26,-0.28596318,-0.11198372,0.04405812,0.8170376,1.6052321,1.0629562,0.85549676,0.3618189,1.0692662,-0.30569634
2025-11-28,1.1506468,0.5746751,0.20091574,0.6214031,-0.7052981,4.2430043,0.73535126,0.6691098,0.27597448,0.3333712
2025-12-01,-0.6232004,-0.51363957,0.64960116,-0.7398157,-0.25087613,-0.61959845,-0.06672523,-0.10680503,0.302163,0.34254467
2025-12-02,-0.83354026,0.525244,0.29894382,0.23260844,0.00078640186,3.356325,1.6678594,0.550954,1.4671979,-0.038227547
2025-12-03,0.15522386,0.5472894,-0.21653442,-1.4881914,1.3248862,0.24221186,1.6461484,0.9364516,0.3857717,0.49113378
2025-12-04,1.128071,0.04085279,-0.50517565,0.22782941,1.3407078,-3.295277,-0.6206996,-0.052138835,0.032126106,0.23019512
2025-12-05,-0.01917132,0.16001119,-0.31715724,0.13505977,0.6363048,0.9089188,0.53459674,0.018142655,-0.29528537,2.2484546
2025-12-08,0.25947875,0.5682365,-0.1928694,0.77676976,0.58492,-1.2163455,-0.42366937,0.028163165,-0.062285442,-0.9443681
2025-12-09,0.265188,0.41662166,-0.14113113,-0.020444153,0.17077912,0.17614894,-0.37759882,0.0733103,-0.23510289,0.638497
2025-12-10,0.43486178,0.4575273,0.1677642,-1.6470344,0.25393337,0.25446847,0.46119285,1.3475584,1.0532366,-0.18209556
2025-12-11,-0.41031516,-0.5359349,-0.14472397,0.43702397,-5.104918,-1.3805169,-0.038229037,-0.3138662,-0.81029904,0.89408827
2025-12-12,-0.32528,-0.8235995,0.010379122,-0.6970472,-2.0057905,-1.8650248,-0.5628994,-0.78640026,-1.6801598,0.70903754
2025-12-15,-0.14101611,0.29299366,-0.428301,-0.53971165,-1.1517291,-0.34856486,-0.36477003,0.1290192,0.21548632,-0.6700765
2025-12-16,-1.1530818,-0.36823428,0.036700625,0.05044181,0.7984058,-0.24396323,-0.12939389,-0.8032037,-0.43736506,-0.4323998
2025-12-17,-0.0062764045,-0.8273444,-0.30721155,-0.1443755,-2.2084744,-1.3478762,-0.6973784,-0.8881859,-1.5809162,0.7382348
2025-12-18,-0.6177503,0.5840063,0.022917677,0.7340655,0.32156488,0.22803625,0.35334897,0.33301407,0.6947638,0.10121294
2025-12-19,0.095740266,0.8956541,0.15155476,0.08878331,2.7043114,0.5786917,-0.012881675,0.15920164,0.35386935,-0.026009874
2025-12-22,0.37739027,-0.1479837,-0.41343054,-0.24724042,1.4087999,-0.55110335,0.5694463,-0.34231138,0.30804628,0.17466855
2025-12-23,0.18633968,-0.016969368,0.1305361,0.08659352,-0.68047243,-0.050511975,-0.43690163,0.033423044,0.09483158,-0.6512309
2025-12-24,0.13675357,0.034929313,0.13169116,0.002577102,0.41680777,-0.23699556,-0.023260865,-0.083855115,-0.0037060059,0.03317245
2025-12-26,0.093348704,0.116356686,-0.062594645,-0.1632763,0.075473,0.015877038,-0.095005296,-0.08181405,0.07994021,0.06806707
2025-12-29,0.10323995,-0.17343019,0.024632586,-0.18611623,-0.57208216,0.49668813,-0.30042025,-0.3942389,0.080198295,-0.110852554
2025-12-30,-0.79352826,-0.19785048,-0.17100702,-0.09435566,0.40528822,0.7008699,-0.10755413,-0.039897148,-0.5561993,-0.107895605
2025-12-31,-1.2620878,-0.21526368,-0.28895158,-0.61640215,-0.6084934,-0.58161587,-0.55775243,-0.7313159,-0.56015635,-0.3457499
2026-01-02,-1.032005,-0.3543276,-0.22105564,-1.4658958,0.18937051,3.1313405,1.0406529,0.3856047,1.7725699,-2.2246063
2026-01-05,0.7955373,-0.27041206,-0.7754664,-0.15867038,-0.81821114,-0.06654632,-0.13154162,0.7220288,2.201725,-0.2572943
2026-01-06,1.6769398,-0.20428091,-1.0140302,0.55201364,0.28836045,0.7734707,3.781024,1.3578821,1.5734997,0.576469
2026-01-07,-1.2428991,-0.30099812,-0.45702672,0.455296,-0.24917918,2.892265,-1.5936395,-0.62800705,-0.6137619,0.25231466
2026-01-08,1.316474,-0.4567352,-0.30840734,-0.7822577,-0.80599797,-1.6809143,0.6175618,0.30655992,-1.5659916,0.096439674
2026-01-09,0.33943513,-0.01861199,0.013292028,-0.0030198724,2.344965,4.7895894,0.4125571,-1.0679071,2.6473587,-0.6938729
2026-01-12,1.7336382,0.12832485,0.10943183,-0.4138868,1.5644971,-1.7289565,-0.34990102,-2.1520793,0.7362933,-0.8995861
2026-01-13,-1.9057596,1.0291469,0.10002073,-0.9561537,-0.60847425,3.3827994,-0.17341071,-1.1018336,-0.4045725,-2.5142124
2026-01-14,1.3026338,-0.7187628,-0.2861824,-1.6044902,-2.3188455,1.4413035,1.1970284,-0.27783227,-0.4927927,-0.85891175
2026-01-15,-2.4304204,0.65347797,-0.43308043,-0.5183119,-1.073777,-0.49554694,-1.1352626,-0.895248,2.2019734,-0.08406779
2026-01-16,1.6979942,-0.004920417,-0.5947333,0.26163647,0.3050043,-1.4272412,0.5617062,-0.6151268,0.91881216,-1.2071704
2026-01-20,-3.1330562,-1.1931324,-1.8822085,-0.8261298,-2.9634757,1.5292608,-0.52066666,-1.5567554,-1.1955744,-0.8920928
2026-01-21,1.3423959,0.24731517,0.115924604,-1.410119,-1.5099834,4.595811,1.0236185,0.5285773,0.7599001,0.5452454
2026-01-22,-0.6343525,0.42355427,0.06478557,0.714939,0.9868233,0.02455982,0.08640093,0.27891943,-0.84331286,0.7598244
2026-01-23,-0.48754767,0.1820075,-0.046809427,1.4767009,-0.2614754,-7.1703916,-0.3570872,-0.5428928,0.32019484,0.13973768
2026-01-26,0.8138051,1.4691117,0.8032908,0.36892682,1.1921879,-2.4175403,0.65221965,-0.42865512,-0.42853963,0.48243245
2026-01-27,-0.5308003,0.9334312,0.3276134,0.942611,-1.6582683,1.247894,-0.02209304,-0.4274715,1.3586973,-0.9901794
2026-01-28,0.03449339,0.1905743,-0.20762278,-0.008160818,-0.52344847,4.114551,3.7098014,-0.17227264,0.36436984,0.26567593
2026-01-29,2.8345487,-0.240746,0.21457393,-5.067289,-0.87048733,-0.10982079,0.4391514,-0.18596731,0.39002118,-1.056038
2026-01-30,-0.52795666,-0.03408071,0.1909953,-0.57645184,-1.3073483,-2.1998017,-0.4629201,-0.27129048,-2.4165099,0.21706994
2026-02-02,1.7998974,1.6655555,2.027473,-1.1470917,-1.537703,2.4467812,2.0612373,0.20078413,0.683013,-0.009288741
2026-02-03,-4.466087,1.6781653,-0.17745553,-1.9097751,-1.8450968,0.38821352,0.0057407757,-1.6059296,-1.3304135,-3.6433117
2026-02-04,-1.1643262,-1.197867,1.2598593,0.27569532,-2.7398293,-0.7200286,-0.5228767,0.39863205,-2.9075127,1.2577657
2026-02-05,0.21924283,0.81166595,-0.17523827,-3.176764,-3.764083,-0.43828872,0.18795738,-3.8006494,0.791486,-1.7603028
2026-02-06,2.041658,1.5446298,0.3508592,0.95777863,2.2807376,2.2729325,-0.5755926,0.23226294,2.3461196,-0.19335331
2026-02-09,-0.5516783,1.1930202,-0.66188663,1.6474262,4.5880957,-0.3917303,-0.60615695,0.39909008,0.9259853,-0.27124423
2026-02-10,-0.62830645,-0.25491658,-0.23630972,-0.19687927,1.0380346,-3.1908271,0.42053014,0.26249984,-0.2736962,-0.40202773
2026-02-11,-4.4069877,-0.42033255,0.2776766,-1.4427152,-0.9049917,1.1499099,1.1579745,0.19627434,1.2474735,-1.3395934
2026-02-12,-3.2643945,-6.7484493,-2.7001398,-0.5211257,-0.23880495,-1.9426798,-0.7863131,-0.8673787,-1.5030289,0.9048121
2026-02-13,0.74218094,1.2815853,-1.2429527,-0.22568715,1.1493301,0.26733595,0.62118,0.58766717,3.1062028,0.2267017
2026-02-17,-1.0075314,0.035277195,1.552802,-0.80274576,-1.9755961,-0.6865642,-0.13656352,0.48967227,0.39767247,-0.62249106
2026-02-18,0.65155524,0.9187031,0.031004425,0.255598,0.70280963,-0.8318679,-0.53661925,0.09102174,1.0629911,0.44455993
2026-02-19,-1.1351863,0.2984949,-0.82168317,-0.19186074,0.10680917,-1.0198517,-1.188837,-0.6663276,0.024446158,-0.74350846
2026-02-20,0.26578245,0.48567507,0.7238472,-0.34845263,-3.023549,-0.66470003,0.33730644,0.39081106,0.5284322,-0.14226496
2026-02-23,-9.343959,-0.9590239,0.24315582,-2.1058955,-2.4776785,-0.6214598,-0.009629004,-0.81818855,-0.28865877,-2.2324054
2026-02-24,1.75438,0.2969104,1.0819513,0.5398371,1.6728255,2.6458416,-1.447705,1.2115314,0.39223185,1.4927423
2026-02-25,2.3431962,0.68048793,0.3321027,1.5852569,0.58979106,0.7477825,0.08249172,0.21324942,1.7286221,0.44188085
2026-02-26,1.2426224,-0.6185108,-0.2976378,0.01605553,0.7887379,-1.533965,-0.31686035,-0.15857941,-2.1310222,0.1879075
2026-02-27,-0.469112,0.91873497,-1.7403731,-1.4806774,-1.6960752,0.103413925,-0.15439454,-1.0417697,-0.46257934,0.5567438
2026-03-02,-0.20411868,0.009269359,0.0363824,0.7214664,1.3544474,-0.18909417,-0.55879444,-0.48062634,-0.09984308,-0.29895708
2026-03-03,1.6905718,-0.2854556,-0.2755132,0.6497615,-0.108168975,-2.858462,-1.7247229,-0.956964,-2.464985,1.8238803
2026-03-04,1.4025611,1.3643137,-0.35986716,0.016277272,1.1858423,2.633352,-0.097842805,0.35625774,0.62729806,0.33149397
2026-03-05,1.8506861,-0.55940545,-0.5663525,0.63426644,0.8266468,0.30726537,-1.1054606,-0.599718,-1.3356111,1.4461988
2026-03-06,0.5937665,-0.80036074,-0.6809117,-0.38461342,-0.6621728,-2.5553374,-1.1539879,-0.50978476,-2.4046166,0.19923761
2026-03-09,-0.98343253,-1.1292568,0.27587736,-0.09547347,-0.46760803,1.8782002,0.60015213,0.63871944,1.2917768,-0.20963795
2026-03-10,-0.4794885,0.65896136,-0.0015776631,-0.4856828,-0.6492874,0.97856784,0.21119827,-0.8453955,0.54352707,-0.9711003
2026-03-11,-0.34192136,0.31008634,-0.12125813,-0.2983234,4.694805,1.1022314,0.2659343,-0.43989974,0.4835621,-0.28119
2026-03-12,-0.29692683,-0.20331882,-1.1329546,-0.58346194,-1.3377129,-2.7218184,-2.1264937,-1.090403,-1.5590901,-0.6466941
2026-03-13,-0.2729092,0.31463927,-1.1847951,-0.82928586,-1.1910973,0.37833107,0.1315427,-0.49172336,0.32204497,-2.6155167
2026-03-16,0.57444054,0.2935133,0.3439584,0.3244566,0.14686842,-0.0946568,0.6980899,-0.20354494,0.34876364,0.25209033
2026-03-17,1.5405408,0.22497714,0.12672104,-0.2162325,-0.45733628,-1.6602507,0.04429024,0.66046494,0.5234444,0.25257942
2026-03-18,-0.9387954,-0.8465683,-0.9487499,-1.025393,-0.6012753,0.8083157,-0.8605336,-0.43689176,-0.3725017,-1.148435
2026-03-19,-0.26224524,0.5206864,-0.3289333,-0.48629805,0.7037569,0.9600454,-0.6105175,0.19580407,0.6556182,-0.06305646
2026-03-20,-1.7699991,-0.41099766,-0.3291048,-0.9630189,-1.7508997,-2.1790416,-0.28243905,-0.51322937,-0.10282046,0.21642043
2026-03-23,1.3818752,0.60922766,0.5071635,-0.015982464,1.2473853,0.04356323,0.29717046,-0.5715578,0.34454063,-0.13495156
2026-03-24,-2.2118185,1.4005362,-0.08682553,-1.7490697,-2.6369677,-0.034132008,1.4794861,0.030929342,1.1750687,-1.6588057
2026-03-25,0.25469214,0.64889157,0.07882566,-0.42708537,-0.43982798,3.0266306,0.49263933,0.50536853,-0.54938596,-0.3383528
2026-03-26,0.115754105,0.25624546,-0.055494446,-0.99093324,-1.2575346,-3.3272233,-0.86732554,-0.016905665,-3.464175,0.66828334
2026-03-27,-1.4187971,-1.308131,-0.9531994,-1.5166634,-1.1891965,-1.0603123,-0.7741215,-1.2769796,-0.23113285,-1.0325102
2026-03-30,0.2720886,-1.7573594,-0.57290506,0.16276914,-0.37662545,-2.107094,-0.99507874,-0.09208028,-1.6152507,0.9723633
2026-03-31,1.5531696,0.42990774,1.4213712,1.6702672,3.1518302,3.2561667,1.9483614,0.50816673,2.1128852,0.34041187
2026-04-01,0.24631931,0.28138748,0.29880545,-0.2953608,-0.72413504,4.270198,0.5053635,-0.57767254,1.3336656,-0.37954795
2026-04-02,1.41047,1.0963548,-0.018143209,0.50412023,0.40385112,2.3771052,-0.39144677,-0.24351624,-0.7135926,0.27974242
2026-04-06,-0.35127652,0.89984906,0.4496546,-0.24783736,-0.35549015,0.26004282,1.0494754,-0.46007383,0.34174472,0.17662343
2026-04-07,-0.4269507,0.17961654,-1.1978098,-0.25311723,-0.9062507,1.7418301,0.04778438,-0.6788483,0.08975933,-0.7528589
2026-04-08,-0.8994021,1.908165,0.96423393,0.13668309,0.12127994,4.790228,2.0976133,1.1553314,3.048585,-0.19493903
2026-04-09,-1.2389647,-0.27456987,0.27317494,-0.3381777,-1.825746,2.0671062,1.2633832,-0.012542182,1.1623839,-1.7854836
2026-04-10,-1.7823533,-0.5498626,-0.06037087,-0.4967635,0.065539375,0.46112746,-0.09401104,0.012545394,0.08649701,-0.92803633
2026-04-13,2.0016065,0.11598075,-0.3122256,1.9539198,5.9996233,2.0827494,0.39072716,0.9513584,-0.47511664,2.8211477
2026-04-14,0.7168698,0.20746577,-0.14842539,1.1919812,2.445233,-1.1546019,0.44150272,0.42157596,-0.095834255,-0.9030722
2026-04-15,1.2172648,-0.107675835,1.3873401,2.413971,1.8266219,0.72472644,-0.55753475,-0.026647596,-0.22432062,1.6092986
2026-04-16,1.6350492,1.2465872,-0.61931247,1.098567,2.2112627,2.2975903,1.3245947,0.36252165,-0.5280241,0.59755987
2026-04-17,0.6572447,1.0503782,1.2798091,0.20439468,-0.9261793,-0.050527878,1.3257304,0.45599675,0.64240307,-0.6907679
2026-04-20,0.011908822,0.70878154,0.3181773,-0.6272465,0.48571005,-1.556458,0.57201004,0.25410253,-0.5342635,0.5934596
2026-04-21,0.49854717,1.0832074,-1.2149943,0.6787648,0.8686706,0.32863733,-0.14078225,-0.7081593,0.18600392,-0.28570002
2026-04-22,-0.97310233,0.09018509,1.2995636,1.0454303,1.6549501,-0.75851345,0.57916677,0.06859736,0.847546,1.5159081
2026-04-23,-5.634959,-0.64989734,-0.0075195935,-2.521077,-3.0964189,1.0483341,8.237533,-0.7602071,-0.042944092,-3.0824075
2026-04-24,0.28659967,0.28837755,-0.5203164,1.1045572,-0.91798216,10.65215,-0.9103792,4.337886,1.2365699,1.2162801
2026-04-27,-1.1015334,-0.39938575,-0.7195418,-0.122347936,-0.11187367,1.3782344,-1.3553631,0.30955073,-1.3065101,-1.164759
2026-04-28,1.4628721,-0.81260103,0.5283572,0.4635779,-2.1752393,-0.34500718,-0.8436306,-0.16015303,-2.5860453,0.72173995
2026-04-29,-1.7422757,1.7624686,-0.1942156,-0.84782207,-0.73091054,5.777473,0.73835903,1.5735497,0.07296889,0.04263654
2026-04-30,1.2358288,1.2302182,0.12750423,-2.5929031,-0.864082,-0.22545326,2.0778923,6.079883,1.1264392,0.46073568
2026-05-01,0.4010486,0.25217232,1.6155105,0.8204441,3.4214416,2.6249356,-0.044607304,-0.695387,-0.64962083,0.88982147
2026-05-04,-0.7582537,0.49579546,-0.69533855,-0.2770063,2.5394602,-2.0783103,-0.059648346,-2.179351,0.15739398,0.58480895
2026-05-05,-0.10047961,1.0460515,1.3120224,-0.49831295,1.4979988,6.1092763,0.23387295,4.2772746,1.889627,0.28985745
2026-05-06,-0.94267195,-1.5332675,0.53467864,0.21709123,2.436492,2.1812043,1.3985349,1.2455556,1.6666896,-1.0650147
2026-05-07,1.6082746,0.30978346,-0.061292153,0.80083925,0.115770094,-1.4419211,-0.7022493,2.0859613,-1.8182198,1.0775899
2026-05-08,0.040757075,2.25164,1.0052532,-0.90947235,0.29532933,5.7190886,0.3556298,3.2902045,2.2510855,-0.6264044
2026-05-11,-1.7879119,1.1047144,-0.11508873,-0.4862378,-0.5374897,1.5834368,1.5019426,3.39238,0.6656814,-1.2415042
2026-05-12,-1.264799,0.327044,0.31480294,-0.84803444,-1.8616631,-3.4756737,-0.44759005,-5.271343,-1.2514178,-1.0004194
2026-05-13,-1.3846831,1.4331509,0.6425458,-0.5370071,0.8108012,-0.20652767,1.7587702,0.4799933,0.4292948,-0.9789217
2026-05-14,1.1778206,6.803133,-0.18623328,0.46359769,1.5845236,-1.9448771,0.24871375,-2.7423701,0.28613397,0.16026235
2026-05-15,0.31554025,1.281829,0.27869177,1.6466469,-0.7476175,-3.3265152,-0.89755815,0.20822248,-0.45802718,2.049597
2026-05-18,1.1005343,0.35209647,-0.50820524,0.069242924,-1.8402119,-0.36043218,-0.3802033,0.36243454,-2.318454,1.5386397
2026-05-19,-0.095150225,-1.6504298,0.11095143,-1.0541633,-1.5660843,1.1449857,0.24413925,-1.793566,-0.74789715,-0.16150878
2026-05-20,0.8464066,-0.46165863,0.4954073,0.3636201,1.9456038,3.5750575,0.37679878,1.3721398,1.8855633,-0.34193602
2026-05-21,7.7014155,1.6714906,0.41824397,-0.29205078,0.3948782,-0.2319588,-1.0284089,2.1585689,0.012619052,-1.6722987
2026-05-22,0.22701469,0.9162469,0.60903955,-0.21010156,0.5347077,0.45771396,1.541158,4.640932,0.35994738,0.092153676
2026-05-26,-0.80737,-0.8185241,-0.13355787,-0.49690014,0.22435433,1.3551632,2.2170923,1.7920716,1.9925301,-0.80116326
2026-05-27,1.1805769,0.5847411,0.37825513,-0.6131811,-0.54570055,-0.7061051,-1.0942293,-2.8503652,-0.6820858,-0.43933108
2026-05-28,2.2315826,-0.36302325,0.17541793,1.7563732,2.782018,-0.33649036,-0.23844714,1.6529921,0.03869356,0.5523579
2026-05-29,7.86627,0.7763485,-0.12839152,2.9484155,5.0334663,-2.5515065,-1.5657167,1.2477196,-0.05210593,3.1228802
2026-06-01,4.7972035,0.39300537,-1.0125947,1.1511765,4.338963,-2.1578786,-1.8890095,-4.058649,0.6271425,2.42036
2026-06-02,1.8448613,2.9359825,1.4199208,-2.7143645,-0.78853905,-0.7272803,2.3576367,2.0272894,2.6963983,-2.134515
2026-06-03,-5.060048,-0.6225672,-0.9252957,-2.1177807,-3.2969558,2.147506,0.039193142,1.4905194,0.80352557,-1.1479264
2026-06-04,-0.84891963,1.5792512,0.07413732,-0.06644195,1.3927953,-0.5024997,-0.5482247,-1.2132761,-0.010203129,0.3871936
2026-06-05,-3.8156364,-3.5319777,-0.72453505,-1.7677325,-5.3316975,-6.1467876,-3.3459785,-4.9610453,-4.309944,-1.3104872
2026-06-08,-0.91258526,1.0994544,-1.0447073,-0.8565996,-0.46690267,5.2125945,0.9222805,0.26718,3.3337364,-1.2083274
2026-06-09,-0.76247525,-1.5985838,-1.9838367,-1.3684947,-1.512247,-1.1452094,-0.41206962,-2.542773,0.50029427,-1.3812941
2026-06-10,-1.2051159,-0.63256097,0.12266406,-1.0396215,-1.148586,-0.45859978,-1.1295385,-3.1320662,-0.2682362,-0.8831732
2026-06-11,0.64778656,1.4241558,0.6475878,-1.2368017,-4.819284,4.4751453,2.4957752,2.417444,4.2958617,-3.1477406
2026-06-12,-0.6102388,-0.2927018,-0.88208425,-0.09783096,-0.010866608,3.1582944,0.61464995,1.6850013,0.9922725,-3.386518
2026-06-15,-0.8409916,-0.34764254,0.8828858,1.1851407,2.1921594,1.1805897,1.7936664,1.7100554,1.2239174,0.48060498
2026-06-16,0.4731668,-0.19057815,0.25461558,-0.9305961,-0.98213947,-3.623031,-1.04783,-1.3512549,-1.2406621,0.16620684
2026-06-17,-1.8540108,-0.7315254,-0.3524296,-1.9103047,-1.0006541,1.2425088,-0.48108366,-0.25297144,1.3790511,-2.0946996
2026-06-18,-3.0555027,0.8049736,0.20495231,-0.04893304,0.115356185,3.78672,2.4438381,2.0404897,1.3174407,-0.2588857
2026-06-22,0.75483894,0.7694464,-0.10409297,-1.829998,-2.1460733,2.0020046,1.1246895,-0.83616096,1.2945565,-0.090816446
2026-06-23,2.6496053,-0.08791968,-0.2944255,0.68485045,-2.1262329,-2.2821274,-3.0345442,-2.7762203,-2.9709835,0.41756997
2026-06-24,-0.44629872,-0.4062385,-0.13397825,-1.0712091,-1.691777,-0.17943387,-0.15865332,-1.1099367,0.09699435,-0.18829073
2026-06-25,-1.0279114,-0.21174133,-1.998546,-1.6470137,-1.2094982,0.31406456,0.9426311,1.1304348,4.03047,-0.61117107
2026-06-26,2.9291358,-1.8328013,0.9288891,2.581189,-1.0383519,-1.3419849,-3.3227584,-2.9094663,-2.3202257,1.8030294
2026-06-29,1.1877424,1.2983665,-0.23048265,-0.60303265,-0.22639674,0.89883584,-0.01658125,-0.17883117,3.1879575,0.57695395
2026-06-30,0.41456392,-0.027830724,0.66766614,0.29079527,-0.27958336,1.5066117,1.0506738,-0.5346576,0.86387396,-0.20410122
2026-07-01,0.6184319,-0.067211844,0.3963694,0.74884725,-0.7895753,-2.238045,0.023305105,-0.3832437,-2.2083027,0.59390724
2026-07-02,0.37653857,-0.8644247,1.0709349,0.37283427,-0.46445718,-1.2690983,-0.40869302,-0.7269988,-1.6074448,0.8533535
2026-07-06,1.2398777,0.3878428,0.30467054,-0.3302196,0.6056842,0.36391294,0.79727405,1.18752,-0.39835,-0.2076794
2026-07-07,0.78235453,-0.4444296,-0.14071532,0.08676187,-0.45364386,-2.4454126,-0.7888584,-0.4613758,-1.4437082,0.3149803
2026-07-08,-0.6369625,0.54350454,0.24024904,-0.54256415,-0.2823775,-0.043579545,0.705212,0.4292906,0.6574458,-0.11094663
2026-07-09,-1.2990776,1.5489695,0.2779903,0.015965145,0.90439546,0.73125774,0.79856324,0.72341555,0.96681315,0.23917
2026-07-10,-1.496514,0.9951468,-0.09478017,-0.016517293,-0.8164237,-0.8809753,0.29908442,-0.40191615,0.68596107,0.11708074
2026-07-13,0.46745893,-0.63594717,0.1930603,0.5770345,-2.457585,-2.2944307,-1.493268,-0.98605907,-1.5970968,1.0652915
