,vix,credit_spread
1990-01-03,0.053639727294484185,-0.039999999999999813
1990-01-04,0.05507941101211555,-0.010000000000000009
1990-01-05,0.04526580024241422,0.029999999999999805
1990-01-08,0.007431295035976504,-0.029999999999999805
1990-01-09,0.09144379005769654,-0.020000000000000018
1990-01-10,0.010752791776261983,0.010000000000000009
1990-01-11,-0.1126159269019178,-0.030000000000000027
1990-01-12,0.20614198491274083,-0.050000000000000044
1990-01-17,-0.0008274721200325352,0.010000000000000009
1990-01-18,0.007422714492767213,-0.08000000000000007
1990-01-19,-0.07860577834900706,0.040000000000000036
1990-01-22,0.17114825619582952,0.0
1990-01-23,-0.07705093281671394,0.020000000000000018
1990-01-24,0.026742763127097113,-0.08999999999999986
1990-01-25,0.009408144659392992,-0.040000000000000036
1990-01-26,0.025044653240430037,-0.010000000000000009
1990-01-29,0.0060698213670757895,0.020000000000000018
1990-01-30,0.03017550612576736,0.020000000000000018
1990-01-31,-0.07188039154022796,0.06999999999999984
1990-02-01,-0.0195108717537118,0.0
1990-02-02,-0.022363200717347098,-0.08999999999999986
1990-02-05,0.009005382184799071,0.0
1990-02-06,0.0060938640743226635,-0.030000000000000027
1990-02-07,-0.016333560343007036,0.06000000000000005
1990-02-08,-0.021640461641978526,0.029999999999999805
1990-02-09,-0.0033712632014082367,0.15000000000000013
1990-02-12,0.02871010588243106,-0.09000000000000008
1990-02-13,-0.025759629558681052,0.040000000000000036
1990-02-14,-0.07469089260158901,0.010000000000000009
1990-02-15,-0.11218648072822646,-0.06000000000000005
1990-02-16,0.05286486450645267,-0.020000000000000018
1990-02-21,0.0475770033186822,0.06000000000000005
1990-02-22,-0.05816845272608795,0.07999999999999985
1990-02-23,0.049761509559064,0.020000000000000018
1990-02-26,-0.005502659387308206,0.08000000000000007
1990-02-27,-0.037626059991635596,0.020000000000000018
1990-02-28,-0.03133649422508045,-0.10000000000000009
1990-03-01,-0.004101167744214873,-0.06999999999999984
1990-03-02,-0.02590339094884797,0.04999999999999982
1990-03-05,0.0318219149406449,-0.030000000000000027
1990-03-06,-0.0695442198720082,0.020000000000000018
1990-03-07,-0.07317260588965935,-0.039999999999999813
1990-03-08,0.03295869895275105,0.04999999999999982
1990-03-09,0.02797385204240621,-0.06999999999999984
1990-03-12,-0.011394723239495086,0.020000000000000018
1990-03-13,0.04767439732014367,-0.1100000000000001
1990-03-14,-0.06882322181311995,0.08000000000000007
1990-03-15,-0.04368869500233119,-0.010000000000000009
1990-03-16,-0.06535402280490565,0.030000000000000027
1990-03-19,0.03731984189474069,0.010000000000000009
1990-03-20,0.041237435823281654,0.010000000000000009
1990-03-21,0.05312791683897444,-0.010000000000000009
1990-03-22,0.12340567325735963,0.029999999999999805
1990-03-23,-0.10565372779890936,0.010000000000000009
1990-03-26,-0.0434525285670313,0.020000000000000018
1990-03-27,0.06997928290045996,-0.020000000000000018
1990-03-28,-0.060832877674383834,0.040000000000000036
1990-03-29,-0.06855940810781913,-0.07999999999999985
1990-03-30,0.06653409095981777,-0.030000000000000027
1990-04-02,0.1463730647532855,0.010000000000000009
1990-04-03,-0.11101961945230565,0.0
1990-04-04,0.07491139547874814,0.06999999999999984
1990-04-05,-0.03793239223766065,-0.020000000000000018
1990-04-06,0.02560065341115081,0.0
1990-04-09,0.024513256478330803,-0.039999999999999813
1990-04-10,-0.02773535362728996,-0.020000000000000018
1990-04-11,-0.2015932047526663,-0.030000000000000027
1990-04-12,0.11042381761437303,-0.020000000000000018
1990-04-17,-0.017992218882128874,-0.040000000000000036
1990-04-18,0.10648843672485908,-0.020000000000000018
1990-04-19,-0.00930651520914072,0.0
1990-04-20,0.038004136723041704,-0.030000000000000027
1990-04-23,0.034958287033275415,0.020000000000000018
1990-04-24,-0.10738611252020025,-0.020000000000000018
1990-04-25,-0.03947881097378758,-0.010000000000000009
1990-04-26,-0.02967865602007791,0.010000000000000009
1990-04-27,0.09148694339195407,0.030000000000000027
1990-04-30,-0.12820215595955586,0.050000000000000044
1990-05-01,-0.057459809303214815,-0.030000000000000027
1990-05-02,0.0471610571026404,0.0
1990-05-03,-0.08138073148280212,0.040000000000000036
1990-05-04,-0.030210333925660304,0.15999999999999992
1990-05-07,0.021186020003395978,-0.020000000000000018
1990-05-08,0.04649426201972773,0.020000000000000018
1990-05-09,0.008079763858411582,-0.05999999999999983
1990-05-10,-0.0026860075240922043,0.06999999999999984
1990-05-11,0.06356305897710657,0.09000000000000008
1990-05-14,0.01652102657995691,-0.010000000000000009
1990-05-15,-0.03280637377094697,-0.040000000000000036
1990-05-16,-0.09577206172472685,-0.030000000000000027
1990-05-17,-0.02515855963615543,-0.040000000000000036
1990-05-18,-0.004061508339179731,-0.029999999999999805
1990-05-21,-0.028303776162851957,0.019999999999999796
1990-05-22,0.06483751949530792,0.06000000000000005
1990-05-23,-0.037697210595753816,0.030000000000000027
1990-05-24,0.029818723023673943,-0.040000000000000036
1990-05-25,-0.021702736445494253,-0.06999999999999984
1990-05-30,-0.07242733393558609,0.020000000000000018
1990-05-31,-0.004021838227819874,0.030000000000000027
1990-06-01,-0.016251083125514487,0.08000000000000007
1990-06-04,0.07331354148873048,-0.020000000000000018
1990-06-05,0.03105174533069288,-0.030000000000000027
1990-06-06,-0.08523981252256574,0.020000000000000018
1990-06-07,-0.03148948225654591,-0.010000000000000009
1990-06-08,0.04063240308921978,0.0
1990-06-11,-0.07314580282517413,-0.010000000000000009
1990-06-12,0.015786605930641073,-0.030000000000000027
1990-06-13,0.045917424474748,0.050000000000000044
1990-06-14,0.0011500863832374364,0.030000000000000027
1990-06-15,-0.09015109699429713,-0.06000000000000005
1990-06-18,0.10781034256855637,-0.030000000000000027
1990-06-19,-0.15086228488767217,0.010000000000000009
1990-06-20,0.002622952323470873,0.010000000000000009
1990-06-21,-0.036683005929810886,0.010000000000000009
1990-06-22,0.27400196854770087,0.0
1990-06-25,-0.12647253978489825,-0.050000000000000044
1990-06-26,-0.04618511944957904,0.020000000000000018
1990-06-27,-0.01796270037417269,0.030000000000000027
1990-06-28,0.011187189390564622,0.040000000000000036
1990-06-29,-0.04293588770514489,0.020000000000000018
1990-07-02,0.04786808019446376,-0.010000000000000009
1990-07-03,-0.0092679069307815,0.020000000000000018
1990-07-06,-0.04992123837536955,-0.06000000000000005
1990-07-09,0.015119731636697331,-0.030000000000000027
1990-07-10,0.015485717439380764,0.0
1990-07-11,-0.014285957247476944,0.0
1990-07-12,0.022526145132932385,0.050000000000000044
1990-07-13,0.0017569550639664477,0.030000000000000027
1990-07-16,-0.020095238856423947,-0.010000000000000009
1990-07-17,-0.005387621532378706,-0.010000000000000009
1990-07-18,0.1261512853269,-0.020000000000000018
1990-07-19,-0.018153194707542397,-0.030000000000000027
1990-07-20,-0.17181658292466917,0.030000000000000027
1990-07-23,0.4154386655824198,0.010000000000000009
1990-07-24,-0.08317966105927654,-0.040000000000000036
1990-07-25,-0.07626371663178233,0.040000000000000036
1990-07-26,0.003461066495791254,-0.030000000000000027
1990-07-27,0.0415719600175235,0.06000000000000005
1990-07-30,0.0018921481520379757,0.040000000000000036
1990-07-31,-0.0023657451298695342,-0.020000000000000018
1990-08-01,0.02479659211805174,0.050000000000000044
1990-08-02,-0.0575390451487503,-0.08000000000000007
1990-08-03,0.3412854718213483,0.020000000000000018
1990-08-06,0.22272592758711252,-0.1499999999999999
1990-08-07,-0.09211284615673065,-0.06000000000000005
1990-08-08,-0.14710179037576188,0.050000000000000044
1990-08-09,-0.14762795947767016,0.07999999999999985
1990-08-10,0.05426141488191627,-0.020000000000000018
1990-08-13,-0.00038842494176449804,-0.039999999999999813
1990-08-14,-0.06252035698133396,0.04999999999999982
1990-08-15,-0.036643392138981046,0.030000000000000027
1990-08-16,0.1528628496428297,-0.07000000000000006
1990-08-17,0.013531016464020773,-0.019999999999999796
1990-08-20,-0.03964216046770641,0.05999999999999983
1990-08-21,0.0882074364315768,0.010000000000000009
1990-08-22,0.055523090499217886,-0.050000000000000044
1990-08-23,0.1771253192029847,-0.09999999999999987
1990-08-24,-0.07219042602445036,0.06000000000000005
1990-08-27,-0.13551221721066486,0.08999999999999986
1990-08-28,-0.017362138256988402,-0.06999999999999984
1990-08-29,-0.06161240346818264,0.10999999999999988
1990-08-30,0.08771115643554372,0.0
1990-08-31,0.000334504100794053,-0.030000000000000027
1990-09-05,-0.03649286173655808,0.010000000000000009
1990-09-06,0.05690514817265191,0.010000000000000009
1990-09-07,-0.04956887072754901,0.020000000000000018
1990-09-10,0.021009899723637204,-0.06000000000000005
1990-09-11,-0.033267100982938835,0.13000000000000012
1990-09-12,-0.009203604789432607,-0.010000000000000009
1990-09-13,0.042129816046895474,-0.030000000000000027
1990-09-14,0.041081081308960155,-0.020000000000000018
1990-09-17,-0.03360822044621248,0.020000000000000018
1990-09-18,-0.02501415328073131,0.010000000000000009
1990-09-19,-0.03316000467905278,0.030000000000000027
1990-09-20,0.0275928365077025,-0.050000000000000044
1990-09-21,0.047027404495908254,-0.030000000000000027
1990-09-24,0.017162137402385813,-0.010000000000000009
1990-09-25,-0.05896941520188248,0.06000000000000005
1990-09-26,-0.02175524397041606,0.020000000000000018
1990-09-27,0.016883974769257293,0.08000000000000007
1990-09-28,0.015230477862253622,0.08999999999999986
1990-10-01,-0.036736683083217425,0.020000000000000018
1990-10-02,-0.028191241699053293,0.0
1990-10-03,0.022472855852058604,-0.020000000000000018
1990-10-04,-0.014077113890836657,0.030000000000000027
1990-10-05,0.012283391436809676,0.030000000000000027
1990-10-10,0.015509196166981098,0.010000000000000009
1990-10-11,0.08567458562407415,0.009999999999999787
1990-10-12,-0.061912973456919485,0.09000000000000008
1990-10-15,-0.009436999887413311,0.030000000000000027
1990-10-16,-0.006023159753003604,0.020000000000000018
1990-10-17,-0.0025469609438628638,0.029999999999999805
1990-10-18,-0.05807766087257216,0.020000000000000018
1990-10-19,-0.06058239297835488,0.050000000000000266
1990-10-22,-0.021404771494162755,0.0
1990-10-23,0.010941028178208523,-0.020000000000000018
1990-10-24,0.0254266159926666,0.009999999999999787
1990-10-25,0.026519348928223163,0.020000000000000018
1990-10-26,0.05721580429593143,-0.020000000000000018
1990-10-29,0.025366587282365405,-0.06999999999999984
1990-10-30,-0.03287437511863578,0.06000000000000005
1990-10-31,-0.01585237952032248,0.029999999999999805
1990-11-01,0.006966357580916682,0.03000000000000025
1990-11-02,-0.00729930248161148,0.0
1990-11-05,-0.006012042156628095,0.10999999999999988
1990-11-06,-0.02510308208107892,-0.020000000000000018
1990-11-07,0.058703080756536075,-0.10000000000000009
1990-11-08,-0.002594876577659111,0.020000000000000018
1990-11-09,-0.1328356758923026,0.07000000000000028
1990-11-14,-0.07123297017341335,0.020000000000000018
1990-11-15,-0.014078543135031207,-0.040000000000000036
1990-11-16,-0.05603834495583726,-0.029999999999999805
1990-11-19,-0.018444599505460513,-0.04999999999999982
1990-11-20,-0.041916467541303515,0.04999999999999982
1990-11-21,0.0485768156638402,0.010000000000000231
1990-11-26,0.08143500628997913,0.029999999999999805
1990-11-27,0.004384049108534072,-0.020000000000000018
1990-11-28,0.004364913084701438,-0.009999999999999787
1990-11-29,0.040543210018867626,0.009999999999999787
1990-11-30,-0.0760079195911505,0.040000000000000036
1990-12-03,0.005849285518694458,-0.020000000000000018
1990-12-04,-0.011732986583525395,0.029999999999999805
1990-12-05,-0.05074395537186094,0.03000000000000025
1990-12-06,0.07717326524558343,-0.020000000000000018
1990-12-07,-0.0013271402080627936,0.10999999999999988
1990-12-10,0.042891564629313095,-0.020000000000000018
1990-12-11,0.007183635371425634,0.040000000000000036
1990-12-12,-0.10981486600720691,0.03000000000000025
1990-12-13,0.07989810496921423,-0.07000000000000028
1990-12-14,0.034118447891692494,-0.009999999999999787
1990-12-17,0.04107353520828738,0.04999999999999982
1990-12-18,-0.0725923282563481,-0.020000000000000018
1990-12-19,-0.0012989826463907228,0.010000000000000231
1990-12-20,0.00216403460344905,0.0
1990-12-21,-0.020529220643487722,-0.020000000000000018
1990-12-24,0.05870179414851728,-0.10000000000000009
1990-12-27,0.02572095251706319,0.009999999999999787
1990-12-28,0.009627029827163902,-0.020000000000000018
1990-12-31,0.05173231975829484,0.03000000000000025
1991-01-03,0.04803856699011977,0.010000000000000231
1991-01-04,-0.02685212131270598,-0.050000000000000266
1991-01-07,0.06272094537462491,-0.040000000000000036
1991-01-08,0.04821429314862247,0.0
1991-01-09,0.09177289981877124,-0.04999999999999982
1991-01-10,-0.06098129202229785,0.08000000000000007
1991-01-11,0.040656005641129145,-0.08000000000000007
1991-01-14,0.10382700822649626,0.0
1991-01-15,-0.0011055833077500132,0.040000000000000036
1991-01-16,-0.0854036596015324,0.029999999999999805
1991-01-17,-0.19018370796690354,0.040000000000000036
1991-01-18,-0.0780107722389527,0.0
1991-01-23,-0.040152874388230675,0.03000000000000025
1991-01-24,-0.04532627071576689,0.0
1991-01-25,-0.029296369488430507,-0.010000000000000231
1991-01-28,0.03757348056442389,-0.029999999999999805
1991-01-29,0.005192569001627234,-0.050000000000000266
1991-01-30,-0.08087026911322859,-0.020000000000000018
1991-01-31,-0.021760555890514066,0.0
1991-02-01,0.006197874428966799,0.03000000000000025
1991-02-04,0.03823309487888338,-0.020000000000000018
1991-02-05,-0.018467745545839964,-0.010000000000000231
1991-02-06,0.0552927416569986,0.040000000000000036
1991-02-07,0.03976323317201347,-0.06000000000000005
1991-02-08,-0.00936575598764211,0.010000000000000231
1991-02-11,-0.035702529414064266,-0.04999999999999982
1991-02-12,-0.013387080782459204,-0.020000000000000018
1991-02-13,-0.06495789627477278,-0.020000000000000018
1991-02-14,0.02928882006803768,0.0
1991-02-15,-0.09312448823267916,0.029999999999999805
1991-02-20,0.11509124399067217,-0.020000000000000018
1991-02-21,-0.06880036017631763,-0.050000000000000266
1991-02-22,0.011007529185827813,-0.009999999999999787
1991-02-25,0.08439014350975516,-0.020000000000000018
1991-02-26,-0.11483463057208576,-0.020000000000000018
1991-02-27,0.042273345119223205,0.0
1991-02-28,-0.0014120971986368858,-0.010000000000000231
1991-03-05,-0.019850567083815385,-0.029999999999999805
1991-03-06,0.004878058453432921,-0.030000000000000027
1991-03-07,0.0240396191861465,0.0
1991-03-08,-0.01146691972284719,-0.020000000000000018
1991-03-11,0.003358122608895009,0.010000000000000009
1991-03-12,-0.10387162885720436,-0.010000000000000009
1991-03-13,-0.156722173152942,0.039999999999999813
1991-03-14,-0.0741557812996203,-0.009999999999999787
1991-03-15,-0.0026809667532581294,-0.020000000000000018
1991-03-18,0.0580156153161373,-0.010000000000000009
1991-03-19,0.020063368921332536,-0.040000000000000036
1991-03-20,-0.004354594750514806,0.0
1991-03-21,0.04985835013534112,0.010000000000000009
1991-03-22,-0.022189816002201823,0.050000000000000044
1991-03-25,0.016240958482429235,-0.030000000000000027
1991-03-26,-0.027216678421014606,0.0
1991-03-27,0.014607685190149766,0.0
1991-03-28,0.019743387344739016,0.0
1991-04-02,-0.0011487652038737473,0.020000000000000018
1991-04-03,0.011996716287631326,-0.030000000000000027
1991-04-04,0.022460236679750167,0.010000000000000009
1991-04-05,-0.021325162778085716,0.020000000000000018
1991-04-08,-0.012557242629681387,-0.020000000000000018
1991-04-09,0.1446695914514411,-0.040000000000000036
1991-04-10,-0.019574025197014677,-0.04999999999999982
1991-04-11,-0.13490805479897716,0.039999999999999813
1991-04-12,0.06783210525098937,0.09000000000000008
1991-04-15,-0.11170398958000138,-0.010000000000000009
1991-04-16,-0.042085418567026966,-0.010000000000000009
1991-04-17,-0.022372297754532866,-0.010000000000000009
1991-04-18,0.04980543953468963,-0.050000000000000044
1991-04-19,-0.036322089197402985,-0.04999999999999982
1991-04-22,0.06780168611679871,-0.030000000000000027
1991-04-23,0.014201422106167705,0.020000000000000018
1991-04-24,-0.01778351548867274,-0.020000000000000018
1991-04-25,0.025392565955393298,-0.010000000000000009
1991-04-26,0.00697271854663839,0.020000000000000018
1991-04-29,0.05628947823132835,-0.040000000000000036
1991-04-30,-0.0016433857437299082,0.030000000000000027
1991-05-01,-0.02610534247962537,-0.030000000000000027
1991-05-02,-0.014168556658314735,0.0
1991-05-03,-0.0161108202726985,-0.010000000000000009
1991-05-06,0.03868514231123754,-0.020000000000000018
1991-05-07,-0.026004857135328407,0.0
1991-05-08,0.01816167967430271,0.010000000000000009
1991-05-09,-0.03491055517637465,0.020000000000000018
1991-05-10,0.02132031203465301,-0.040000000000000036
1991-05-13,0.006818208231776701,0.050000000000000044
1991-05-14,0.019069562720350763,-0.020000000000000018
1991-05-15,0.0208913590313764,0.0
1991-05-16,-0.06403085169199407,0.010000000000000009
1991-05-17,-0.03542282984248413,0.030000000000000027
1991-05-20,0.027269028115551652,-0.030000000000000027
1991-05-21,-0.06212428375919332,0.030000000000000027
1991-05-22,0.005584873343528418,-0.020000000000000018
1991-05-23,-0.0030988559040663333,-0.020000000000000018
1991-05-24,-0.056173030281812864,0.010000000000000009
1991-05-29,0.01457105285825655,-0.040000000000000036
1991-05-30,0.007518832414027177,0.010000000000000009
1991-05-31,-0.005633817718256218,-0.030000000000000027
1991-06-03,0.05733277263591985,-0.040000000000000036
1991-06-04,-0.0423792229688611,0.010000000000000009
1991-06-05,0.014123661241137064,-0.020000000000000018
1991-06-06,0.03180586131489127,-0.020000000000000018
1991-06-07,0.00294898473815719,0.010000000000000009
1991-06-10,0.028448943262763926,0.0
1991-06-11,-0.008623221011676119,-0.010000000000000009
1991-06-12,0.02283204204264555,-0.030000000000000027
1991-06-13,-0.042069009493094,0.0
1991-06-14,-0.061286995345712025,0.020000000000000018
1991-06-17,-0.03049791641292776,-0.010000000000000009
1991-06-18,0.04046063891660179,-0.020000000000000018
1991-06-19,0.07746575563903102,0.0
1991-06-20,-0.04036816020975831,0.010000000000000009
1991-06-21,-0.014432000339038797,-0.010000000000000009
1991-06-24,0.10184130809396752,-0.010000000000000009
1991-06-25,-0.02380405780035577,-0.010000000000000009
1991-06-26,0.007256520817826129,-0.019999999999999796
1991-06-27,-0.006136699872137719,0.0
1991-06-28,0.08985195726003825,0.039999999999999813
1991-07-01,-0.04766547717392999,0.0
1991-07-02,-0.055707812847666016,-0.039999999999999813
1991-07-03,0.09927282297432916,0.019999999999999796
1991-07-08,0.10049857933714401,0.039999999999999813
1991-07-09,-0.02646846151800153,-0.009999999999999787
1991-07-10,-0.02927038230011325,0.029999999999999805
1991-07-11,-0.09849398165341672,-0.010000000000000009
1991-07-12,0.05045913403658231,0.0
1991-07-15,-0.028280232317015486,0.020000000000000018
1991-07-16,-0.016444941055248297,0.0
1991-07-17,0.0017137964777349524,-0.039999999999999813
1991-07-18,-0.10523368453329818,0.0
1991-07-19,-0.017269377049746293,0.0
1991-07-22,0.0864735980038267,-0.010000000000000009
1991-07-23,-0.019116472221878844,-0.040000000000000036
1991-07-24,-0.010306244605149395,0.020000000000000018
1991-07-25,-0.04168566211274216,0.010000000000000009
1991-07-26,-0.01859623964550261,0.010000000000000009
1991-07-29,0.014139053024174952,0.010000000000000009
1991-07-30,-0.012845391782954518,-0.010000000000000009
1991-07-31,-0.018923892617491056,-0.010000000000000009
1991-08-01,0.018923892617491056,0.010000000000000009
1991-08-02,-0.013667638728664055,0.05999999999999983
1991-08-05,0.04234115455992615,0.010000000000000009
1991-08-06,-0.024158835476735696,0.020000000000000018
1991-08-07,0.001286173810744362,0.030000000000000027
1991-08-08,0.026634421587882873,-0.030000000000000027
1991-08-09,-0.03372893699437407,0.020000000000000018
1991-08-12,-0.012373977487443621,0.020000000000000018
1991-08-13,-0.035348795381771936,0.010000000000000009
1991-08-14,0.02414604230521844,0.010000000000000009
1991-08-15,0.006605043827923929,0.0
1991-08-16,0.05257621040094218,-0.010000000000000009
1991-08-19,0.28031584527158415,0.040000000000000036
1991-08-20,-0.11648609507489649,0.030000000000000027
1991-08-21,-0.1884911327937715,-0.010000000000000009
1991-08-22,-0.0682157818768454,-0.010000000000000009
1991-08-23,-0.012413952523263383,-0.010000000000000009
1991-08-26,0.027380218268276302,-0.030000000000000027
1991-08-27,0.04295341487956872,-0.010000000000000009
1991-08-28,-0.009749833489683724,0.010000000000000009
1991-08-29,-0.032528589801651187,0.040000000000000036
1991-08-30,-0.02459140313732222,-0.050000000000000044
1991-09-04,0.03615208511763779,0.030000000000000027
1991-09-05,0.007538452632008585,-0.010000000000000009
1991-09-06,-0.032289274134181145,0.010000000000000009
1991-09-09,0.056263025032179836,0.020000000000000018
1991-09-10,0.02726177174569555,0.010000000000000009
1991-09-11,-0.01437282895775871,0.020000000000000018
1991-09-12,-0.1025187271264687,0.0
1991-09-13,0.09805443399778335,0.010000000000000009
1991-09-16,-0.0033613477027047978,0.020000000000000018
1991-09-17,-0.0078873648331661,0.009999999999999787
1991-09-18,-0.006810469002526798,0.0
1991-09-19,0.0,0.020000000000000018
1991-09-20,-0.027715399846546696,0.040000000000000036
1991-09-23,-0.04184710993550045,-0.020000000000000018
1991-09-24,-0.020975475986555026,-0.010000000000000009
1991-09-25,-0.02269958751610668,-0.010000000000000009
1991-09-26,-0.021270540889055667,0.010000000000000009
1991-09-27,0.060662942599716274,0.050000000000000044
1991-09-30,-0.028608916309632804,-0.020000000000000018
1991-10-01,-0.06786687204358222,0.030000000000000027
1991-10-02,0.0653400229416734,-0.010000000000000009
1991-10-03,0.07492087017978877,0.0
1991-10-04,-0.0863713769677843,0.04999999999999982
1991-10-07,0.1728935889523071,-0.019999999999999796
1991-10-08,-0.04232563608412221,-0.030000000000000027
1991-10-09,0.04017046283613901,0.0
1991-10-10,-0.04073210283966944,-0.06000000000000005
1991-10-11,-0.011299555253933224,0.040000000000000036
1991-10-16,-0.08824518343855825,0.020000000000000018
1991-10-17,0.09439148428725241,-0.010000000000000009
1991-10-18,-0.027960814997643357,0.0
1991-10-21,0.048580102200379116,0.0
1991-10-22,-0.006624534915624647,-0.030000000000000027
1991-10-23,-0.01767799770340739,0.020000000000000018
1991-10-24,-0.04015595970812491,0.010000000000000009
1991-10-25,0.008288220860102502,-0.030000000000000027
1991-10-28,-0.019231361927887658,0.020000000000000018
1991-10-29,0.00645163528148851,0.040000000000000036
1991-10-30,-0.005804595465967122,0.039999999999999813
1991-10-31,0.001292825002304987,-0.009999999999999787
1991-11-01,0.007722046093910251,-0.010000000000000231
1991-11-04,0.04695698308777141,-0.009999999999999787
1991-11-05,0.007919627138063046,-0.020000000000000018
1991-11-06,-0.0006069802917769707,0.020000000000000018
1991-11-07,-0.0308285819626275,0.06000000000000005
1991-11-08,-0.034398295851851834,-0.020000000000000018
1991-11-13,-0.0064308903302903175,0.0
1991-11-14,0.0007165890668519026,0.020000000000000018
1991-11-15,0.41686124283903414,0.03000000000000025
1991-11-18,-0.14724977414725648,-0.010000000000000231
1991-11-19,0.10678182459440988,0.010000000000000231
1991-11-20,0.0029455102297566427,-0.03000000000000025
1991-11-21,-0.06532314259798877,0.010000000000000231
1991-11-22,0.10378942342578501,-0.050000000000000266
1991-11-25,0.033398280401848,0.010000000000000231
1991-11-26,-0.10171752437932513,0.020000000000000018
1991-11-27,0.0020181641562371233,-0.010000000000000231
1991-12-02,-0.003956483895074303,0.040000000000000036
1991-12-03,-0.024073379181520416,0.020000000000000018
1991-12-04,-0.00815498912930579,0.06999999999999984
1991-12-05,0.032723785710109254,-0.04999999999999982
1991-12-06,-0.05864540296152665,-0.08000000000000007
1991-12-09,0.03610500464211608,0.040000000000000036
1991-12-10,0.007570058860545181,-0.010000000000000231
1991-12-11,0.033616610798985036,0.010000000000000231
1991-12-12,-0.07519303764472518,0.0
1991-12-13,-0.06495789627477233,-0.03000000000000025
1991-12-16,-0.014648149237334707,0.020000000000000018
1991-12-17,0.0279816801067998,0.020000000000000018
1991-12-18,-0.018942070529074595,-0.020000000000000018
1991-12-19,0.01007283278829485,0.040000000000000036
1991-12-20,-0.017411279494747856,0.08000000000000007
1991-12-23,-0.060730859754102084,0.06000000000000005
1991-12-24,-0.05825686725727408,-0.010000000000000231
1991-12-27,0.01669916775763225,0.06999999999999984
1991-12-30,0.11594128405551674,0.010000000000000231
1991-12-31,0.09102110003064423,0.040000000000000036
1992-01-03,-0.010610179112015672,-0.07000000000000028
1992-01-06,0.011137744410456119,0.010000000000000231
1992-01-07,0.014140062773812634,0.040000000000000036
1992-01-08,-0.026879088551242436,-0.03000000000000025
1992-01-09,0.012739025777429802,-0.05999999999999961
1992-01-10,-0.027267126340339676,-0.03000000000000025
1992-01-13,-0.024137211298671524,-0.04999999999999982
1992-01-14,-0.05712575278009435,-0.0900000000000003
1992-01-15,0.022093921958421525,0.010000000000000231
1992-01-16,0.014273722212453599,-0.03000000000000025
1992-01-17,-0.07777770104268455,0.010000000000000231
1992-01-22,-0.06751914927570901,-0.040000000000000036
1992-01-23,-0.01746506302215156,-0.050000000000000266
1992-01-24,-0.013455860515391826,-0.039999999999999813
1992-01-27,0.026133362029170826,-0.020000000000000018
1992-01-28,0.05825758956890237,0.05999999999999983
1992-01-29,-0.002833665823571696,-0.05999999999999983
1992-01-30,-0.007405331477523092,-0.030000000000000027
1992-01-31,-0.0051590828100271935,-0.020000000000000018
1992-02-03,0.04495138786226649,-0.020000000000000018
1992-02-04,-0.01327453120869615,0.010000000000000009
1992-02-05,0.01437282895775871,0.06000000000000005
1992-02-06,0.03080492159356174,0.010000000000000009
1992-02-07,-0.015013686839967733,0.0
1992-02-10,0.0026976007726480233,0.020000000000000018
1992-02-11,-0.047444087778270916,-0.020000000000000018
1992-02-12,-0.018820059326769556,-0.08000000000000007
1992-02-13,0.0045950683954223415,-0.04999999999999982
1992-02-14,-0.024363153973839147,0.030000000000000027
1992-02-19,-0.059938797771995844,0.030000000000000027
1992-02-20,-0.025975486403261083,0.0
1992-02-21,0.008931288901321555,-0.030000000000000027
1992-02-24,0.015294415778151826,-0.010000000000000009
1992-02-25,-0.0466034149927661,0.0
1992-02-26,0.017581538049800116,0.06999999999999984
1992-02-27,-0.00784317746102614,-0.04999999999999982
1992-02-28,0.010244138998563912,0.04999999999999982
1992-03-02,0.011919092237210549,-0.06999999999999984
1992-03-03,0.022262196487470742,-0.050000000000000044
1992-03-04,0.03585021186534609,-0.010000000000000009
1992-03-05,0.031905896690520574,-0.06000000000000005
1992-03-06,0.06700569713598226,0.010000000000000009
1992-03-09,-0.0035505997230234065,0.040000000000000036
1992-03-10,-0.05214945882341082,-0.030000000000000027
1992-03-11,0.05772332681377801,-0.020000000000000018
1992-03-12,-0.003543410439985184,-0.050000000000000044
1992-03-13,-0.07200377467390995,-0.04999999999999982
1992-03-16,0.005976654574126883,0.039999999999999813
1992-03-17,-0.09482275798525697,0.040000000000000036
1992-03-18,-0.005973733415705507,0.0
1992-03-19,-0.01023796958091161,0.020000000000000018
1992-03-20,0.01799688645196973,-0.040000000000000036
1992-03-23,-0.005365139546069209,0.010000000000000009
1992-03-24,-0.024812165462771762,0.030000000000000027
1992-03-25,-0.007997581846416857,0.0
1992-03-26,0.006157654924409783,-0.010000000000000009
1992-03-27,-0.01671348097374059,-0.030000000000000027
1992-03-30,-0.003125979413292068,0.010000000000000009
1992-03-31,0.01306394940342459,0.020000000000000018
1992-04-01,0.01837161285097988,0.050000000000000044
1992-04-02,0.03458901758220723,-0.010000000000000009
1992-04-03,-0.020130934406977552,0.030000000000000027
1992-04-06,0.0,0.020000000000000018
1992-04-07,0.11778303565638382,-0.010000000000000009
1992-04-08,0.06881564507975257,-0.010000000000000009
1992-04-09,-0.11896239087206384,0.06000000000000005
1992-04-10,-0.059891240722257155,-0.030000000000000027
1992-04-13,0.008274278885469943,0.020000000000000018
1992-04-14,-0.061286995345712025,-0.010000000000000009
1992-04-15,-0.05333740838275025,-0.030000000000000027
1992-04-16,-0.02000066670666989,-0.050000000000000044
1992-04-21,0.036972787910976024,0.030000000000000027
1992-04-22,-0.03509131981127034,0.0
1992-04-23,-0.008178718128741824,0.0
1992-04-24,-0.007609421625391022,0.020000000000000018
1992-04-27,0.04845668430397776,-0.050000000000000044
1992-04-28,-0.01527680183797564,0.030000000000000027
1992-04-29,-0.018018505502678472,-0.020000000000000018
1992-04-30,-0.02668519207025799,-0.020000000000000018
1992-05-01,0.06723128646460808,0.010000000000000009
1992-05-04,0.018491430552873833,0.0
1992-05-05,-0.015485717439380764,0.020000000000000018
1992-05-06,0.00896331068182743,0.08000000000000007
1992-05-07,-0.016192257824978906,-0.030000000000000027
1992-05-08,-0.05531077260938311,0.030000000000000027
1992-05-11,-0.031151123625721144,0.0
1992-05-12,0.03306622156182071,0.030000000000000027
1992-05-13,-0.03174869831458027,0.010000000000000009
1992-05-14,0.01955733782109581,0.0
1992-05-15,-0.044217034560836144,0.020000000000000018
1992-05-18,-0.013587165546308455,0.0
1992-05-19,-0.07452898047485501,0.050000000000000044
1992-05-20,0.003677826874588508,-0.030000000000000027
1992-05-21,0.021787354184907404,-0.1100000000000001
1992-05-22,-0.013743435126393866,0.010000000000000009
1992-05-27,-0.06435980609822511,0.020000000000000018
1992-05-28,-0.015850475936826314,0.06000000000000005
1992-05-29,0.006514681021193791,0.030000000000000027
1992-06-01,0.040302379024022006,-0.06000000000000005
1992-06-02,0.009655247421334057,0.030000000000000027
1992-06-03,-0.01521467800148324,0.020000000000000018
1992-06-04,-0.04927808806298595,-0.010000000000000009
1992-06-05,0.06996848132043221,0.020000000000000018
1992-06-08,0.03619698114460501,0.0
1992-06-09,0.0500746456192398,-0.010000000000000009
1992-06-10,0.039894827200380956,-0.010000000000000009
1992-06-11,-0.020055366813348297,-0.020000000000000018
1992-06-12,-0.08584012277725828,0.030000000000000027
1992-06-15,-0.012790480664369053,0.010000000000000009
1992-06-16,0.030689533261213153,0.010000000000000009
1992-06-17,0.1721960025304905,0.0
1992-06-18,0.006615239118719529,0.030000000000000027
1992-06-19,-0.10964317744982743,-0.010000000000000009
1992-06-22,0.021232220105774413,0.0
1992-06-23,-0.1367951591565051,-0.010000000000000009
1992-06-24,-0.008987271000236774,0.030000000000000027
1992-06-25,0.0,0.040000000000000036
1992-06-26,0.018576385572935727,-0.010000000000000009
1992-06-29,-0.10483047362065667,0.029999999999999805
1992-06-30,0.010542266312024484,-0.019999999999999796
1992-07-01,-0.0007493443587804904,0.039999999999999813
1992-07-02,0.03968191459118042,0.09000000000000008
1992-07-07,0.06256111342085724,0.020000000000000018
1992-07-08,-0.019133236732325365,-0.040000000000000036
1992-07-09,-0.06175210844630463,0.0
1992-07-10,-0.06362569588021172,-0.030000000000000027
1992-07-13,0.022375527514836513,-0.030000000000000027
1992-07-14,-0.03708167490453196,0.010000000000000009
1992-07-15,-0.07536231977243135,0.030000000000000027
1992-07-16,-0.02017010694913246,0.020000000000000018
1992-07-17,0.026539555234612155,-0.010000000000000009
1992-07-20,0.004750602758598177,-0.010000000000000009
1992-07-21,-0.004750602758598177,0.0
1992-07-22,0.07416465988934551,0.030000000000000027
1992-07-23,-0.01784433965616028,0.07000000000000006
1992-07-24,0.0029962569232342418,0.0
1992-07-27,0.038875449022794495,0.009999999999999787
1992-07-28,-0.06310070636794363,0.0
1992-07-29,0.029447201326301187,0.020000000000000018
1992-07-30,0.004454350349380132,-0.06999999999999984
1992-07-31,-0.02474816968919402,-0.050000000000000044
1992-08-03,0.04889862992147709,0.010000000000000009
1992-08-04,-0.018242023546116926,0.040000000000000036
1992-08-05,0.01751869620897395,0.009999999999999787
1992-08-06,0.029235593762237055,0.020000000000000018
1992-08-07,-0.020590006769383162,0.020000000000000018
1992-08-10,0.04007566156371878,0.040000000000000036
1992-08-11,0.03919420588366096,0.0
1992-08-12,-0.014014243374811386,0.020000000000000018
1992-08-13,0.030445766534163976,-0.029999999999999805
1992-08-14,-0.04534109948060472,-0.03000000000000025
1992-08-17,-0.0034164706958974556,-0.009999999999999787
1992-08-18,-0.05414327557308418,0.06999999999999984
1992-08-19,0.03618699201610642,0.010000000000000231
1992-08-20,0.009018444751940358,0.0
1992-08-21,0.03594825868779994,-0.03000000000000025
1992-08-24,0.07567712204417365,-0.10000000000000009
1992-08-25,-0.03584162327800433,-0.019999999999999796
1992-08-26,-0.07440349498501098,0.019999999999999796
1992-08-27,-0.05967679528388459,0.020000000000000018
1992-08-28,-0.038810841086179604,0.03000000000000025
1992-08-31,0.03293710907408531,0.0
1992-09-01,-0.013343415173684203,0.04999999999999982
1992-09-02,-0.05129329438755059,0.010000000000000231
1992-09-03,0.011714308106892446,-0.03000000000000025
1992-09-04,0.007733990599736451,0.07000000000000028
1992-09-09,-0.02147435352246907,-0.029999999999999805
1992-09-10,-0.033488669754043965,0.009999999999999787
1992-09-11,-0.035450738662510695,-0.06000000000000005
1992-09-14,0.04162359776959157,0.040000000000000036
1992-09-15,0.04732388824690448,-0.040000000000000036
1992-09-16,0.07693386759228904,0.0
1992-09-17,-0.028248519732370525,0.020000000000000018
1992-09-18,-0.04064730677415662,0.010000000000000231
1992-09-21,-0.0213321807463549,0.009999999999999787
1992-09-22,0.03146984903081007,-0.009999999999999787
1992-09-23,-0.0036088094019914863,-0.020000000000000018
1992-09-24,-0.028604810581663198,0.04999999999999982
1992-09-25,0.09639184567506565,0.040000000000000036
1992-09-28,0.026010135837612136,0.009999999999999787
1992-09-29,-0.014589118176144389,0.0
1992-09-30,-0.04718824152009882,0.010000000000000231
1992-10-01,0.13291845972148408,0.10000000000000009
1992-10-02,0.08685808504482129,-0.010000000000000231
1992-10-05,0.11759564691789848,0.020000000000000018
1992-10-06,-0.0030030052597695978,-0.020000000000000018
1992-10-07,0.05224522211293259,-0.10000000000000009
1992-10-08,-0.08744395907882563,0.040000000000000036
1992-10-09,0.06288216571430993,-0.04999999999999982
1992-10-14,0.028636317980451853,-0.020000000000000018
1992-10-15,-0.07377394292305883,-0.010000000000000231
1992-10-16,-0.005861681496331705,-0.040000000000000036
1992-10-19,0.017482962780347666,-0.04999999999999982
1992-10-20,-0.02574747263024113,-0.08999999999999986
1992-10-21,-0.014930107130574743,0.020000000000000018
1992-10-22,-0.048068403041022556,0.04999999999999982
1992-10-23,0.038394808862644236,-0.10000000000000009
1992-10-26,-0.008541845712962903,0.050000000000000266
1992-10-27,-0.004914014802428923,0.020000000000000018
1992-10-28,-0.018018505502678472,0.029999999999999805
1992-10-29,-0.030556164645878514,0.03000000000000025
1992-10-30,0.043017385083690574,-0.03000000000000025
1992-11-02,0.03169064709403724,-0.04999999999999982
1992-11-03,0.03882840696481171,0.0
1992-11-04,-0.06250174315312007,-0.03000000000000025
1992-11-05,-0.056869396496896485,0.040000000000000036
1992-11-06,-0.045900973891712216,-0.04999999999999982
1992-11-09,-0.03181457808402488,-0.040000000000000036
1992-11-10,0.009790287989172697,0.04999999999999982
1992-11-13,0.016563525671674295,-0.040000000000000036
1992-11-16,0.016966813527005353,-0.08000000000000007
1992-11-17,0.010043606355757184,0.0
1992-11-18,-0.031125652027868878,0.06999999999999984
1992-11-19,-0.01523575177742087,-0.009999999999999787
1992-11-20,-0.0471515911042224,-0.050000000000000266
1992-11-23,-0.01994894377899259,-0.009999999999999787
1992-11-24,-0.05680729024083542,0.029999999999999805
1992-11-25,-0.012718772407774637,0.0
1992-11-30,0.033610041252119416,0.0
1992-12-01,-0.016273121598842533,-0.010000000000000009
1992-12-02,-0.018928009885518904,0.010000000000000009
1992-12-03,-0.043113631053464996,0.009999999999999787
1992-12-04,-0.018456899777316682,0.020000000000000018
1992-12-07,0.0159600195787295,0.020000000000000018
1992-12-08,-0.022756987122616312,0.040000000000000036
1992-12-09,0.06995858860691051,-0.029999999999999805
1992-12-10,0.013423020332140378,-0.020000000000000018
1992-12-11,-0.03268525312719328,-0.03000000000000025
1992-12-14,0.025601398238788597,-0.009999999999999787
1992-12-15,-0.01994481749951449,0.0
1992-12-16,0.013605652055778794,0.040000000000000036
1992-12-17,-0.03560246564094216,-0.010000000000000231
1992-12-18,-0.04034160470900616,0.020000000000000018
1992-12-21,-0.0008580009106364805,0.010000000000000231
1992-12-22,0.008547060578458332,0.040000000000000036
1992-12-23,-0.020637017856376616,-0.03000000000000025
1992-12-24,0.005199318471793557,-0.020000000000000018
1992-12-29,0.00571196983449429,0.009999999999999787
1992-12-30,0.02491089037948857,0.010000000000000231
1992-12-31,-0.0023837913552759993,0.0
1993-01-05,-0.0007487832622414814,0.010000000000000231
1993-01-06,0.0014970062675931928,-0.010000000000000231
1993-01-07,0.09619372218687872,-0.06999999999999984
1993-01-08,-0.06671480056016676,0.020000000000000018
1993-01-11,-0.06837059393109035,0.009999999999999787
1993-01-12,-0.006240269860084524,0.010000000000000231
1993-01-13,-0.028573372444055778,-0.020000000000000018
1993-01-14,-0.035235107465910076,0.020000000000000018
1993-01-15,-0.03565742783383774,0.0
1993-01-20,0.0074349784875180625,0.009999999999999787
1993-01-21,-0.0385953943025803,-0.009999999999999787
1993-01-22,-0.033931049765682175,0.020000000000000018
1993-01-25,0.007054702979889971,0.020000000000000018
1993-01-26,0.0061323013020637696,0.0
1993-01-27,0.047749906091643535,0.009999999999999787
1993-01-28,0.00249480378878264,0.010000000000000231
1993-01-29,0.031073636624658008,0.009999999999999787
1993-02-01,-0.007272759329080003,0.020000000000000018
1993-02-02,-0.006509380185516722,-0.06000000000000005
1993-02-03,-0.010668956349567882,-0.020000000000000018
1993-02-04,0.013928942936775268,0.040000000000000036
1993-02-05,0.04844138778968299,0.050000000000000266
1993-02-08,0.024503523055913856,-0.020000000000000018
1993-02-09,0.019476271060620665,-0.040000000000000036
1993-02-10,-0.0037160949490147033,0.040000000000000036
1993-02-11,-0.05667672880885011,0.009999999999999787
1993-02-12,-0.024732014469845964,-0.040000000000000036
1993-02-17,0.008844024796453187,0.029999999999999805
1993-02-18,-0.021615590475940305,0.020000000000000018
1993-02-19,-0.0353208724142573,0.010000000000000231
1993-02-22,-0.021535152551297898,0.009999999999999787
1993-02-23,0.02286582473700305,0.08000000000000007
1993-02-24,-0.02150620522096336,-0.06000000000000005
1993-02-25,-0.06744128079553269,0.0
1993-02-26,-0.04458390660802625,0.010000000000000231
1993-03-01,0.032887866844835134,0.029999999999999805
1993-03-02,-0.08514146860452021,-0.020000000000000018
1993-03-03,0.04997136417721881,0.020000000000000018
1993-03-04,0.023335646780298536,0.010000000000000231
1993-03-05,0.04652001563489261,-0.040000000000000036
1993-03-08,0.14148969795737054,0.009999999999999787
1993-03-09,-0.13511799498467747,-0.020000000000000018
1993-03-10,-0.018519047767237673,-0.06999999999999984
1993-03-11,0.024850409050798383,0.040000000000000036
1993-03-12,0.09365127557650688,-0.07000000000000028
1993-03-15,-0.06054480380146643,-0.029999999999999805
1993-03-16,-0.015726819865093944,0.08999999999999986
1993-03-17,0.001377410686095093,-0.020000000000000018
1993-03-18,-0.025088423879602306,0.040000000000000036
1993-03-19,-0.06864007557572505,0.010000000000000231
1993-03-22,0.03198487601577993,-0.03000000000000025
1993-03-23,-0.04798521736222083,0.040000000000000036
1993-03-24,-0.04556954946938996,-0.009999999999999787
1993-03-25,-0.02936589480436469,0.0
1993-03-26,0.010704095615944542,-0.040000000000000036
1993-03-29,0.03381964823978656,0.009999999999999787
1993-03-30,-0.03218298666331876,0.03000000000000025
1993-03-31,0.024233819208896,0.0
1993-04-01,0.0383608678724463,0.0
1993-04-02,0.10766201264610542,-0.03000000000000025
1993-04-05,-0.02655641736143277,0.020000000000000018
1993-04-06,0.008462673918733898,0.020000000000000018
1993-04-07,-0.04304825356851394,-0.020000000000000018
1993-04-08,-0.061220473787770846,0.040000000000000036
1993-04-13,-0.019467394306114105,-0.040000000000000036
1993-04-14,0.005115100666770456,0.0
1993-04-15,-0.0704516609506114,0.009999999999999787
1993-04-16,0.029665096641700917,-0.009999999999999787
1993-04-19,0.06597681313746895,0.009999999999999787
1993-04-20,-0.010000083334583465,0.010000000000000231
1993-04-21,0.014137449600545082,0.009999999999999787
1993-04-22,0.0459943914440788,0.010000000000000231
1993-04-23,0.05223921909942009,-0.010000000000000231
1993-04-26,0.13231433494492073,-0.020000000000000018
1993-04-27,-0.0905347152617062,-0.029999999999999805
1993-04-28,-0.059907004275771225,0.009999999999999787
1993-04-29,-0.0246926125903717,0.010000000000000231
1993-04-30,-0.030137094420238597,-0.040000000000000036
1993-05-03,0.03791923486229365,0.08000000000000007
1993-05-04,-0.060721525736274096,0.0
1993-05-05,0.01957648162509784,-0.020000000000000018
1993-05-06,0.06564856716709011,0.040000000000000036
1993-05-07,-0.016012541899126376,0.0
1993-05-10,0.053136329773325386,0.020000000000000018
1993-05-11,-0.027338237451481007,0.0
1993-05-12,0.015607897665991022,-0.03000000000000025
1993-05-13,0.08479653666007714,0.010000000000000231
1993-05-14,-0.025387298273050085,-0.020000000000000018
1993-05-17,-0.018233324202840073,-0.020000000000000018
1993-05-18,0.004237294475514908,-0.03000000000000025
1993-05-19,0.007022500769824802,0.020000000000000018
1993-05-20,-0.021932255136111856,0.010000000000000231
1993-05-21,0.037210330090432286,-0.03000000000000025
1993-05-24,-0.028663269511973954,-0.009999999999999787
1993-05-25,-0.004264398786457679,-0.010000000000000231
1993-05-26,-0.08623467792145734,-0.009999999999999787
1993-05-27,0.016936509530898203,0.0
1993-05-28,0.027852760215167027,-0.020000000000000018
1993-06-02,-0.013996545251697246,0.0
1993-06-03,0.004441161999968024,0.020000000000000018
1993-06-04,-0.05152654867465589,-0.050000000000000266
1993-06-07,0.08992315231682468,-0.009999999999999787
1993-06-08,0.04652001563489261,0.009999999999999787
1993-06-09,-0.05436878942696399,0.0
1993-06-10,-0.047680464927206234,-0.009999999999999787
1993-06-11,-0.04612654720565734,0.040000000000000036
1993-06-14,-0.03035376802511003,0.0
1993-06-15,-0.027962348136830073,0.0
1993-06-16,-0.010058760417846369,0.0
1993-06-17,-0.017850027699230164,0.029999999999999805
1993-06-18,0.04854509616183389,-0.04999999999999982
1993-06-21,0.0008166599065559943,0.029999999999999805
1993-06-22,-0.050219756979026364,0.010000000000000231
1993-06-23,0.03292825986896508,-0.010000000000000231
1993-06-24,0.017291497110061282,0.020000000000000018
1993-06-25,-0.08515780834030684,0.010000000000000231
1993-06-28,-0.012522524998890727,0.020000000000000018
1993-06-29,0.016071774510031833,0.0
1993-06-30,-0.0026607554500261976,0.0
1993-07-01,0.021959600022247283,0.0
1993-07-02,-0.015762147693876294,0.029999999999999805
1993-07-07,-0.06094010055803789,0.0
1993-07-08,-0.06407885668452229,0.0
1993-07-09,-0.1251631429540061,0.0
1993-07-12,0.00461894585629441,0.0
1993-07-13,0.015546723738300017,-0.029999999999999805
1993-07-14,-0.022019238243917272,0.029999999999999805
1993-07-15,-0.01683856436282971,-0.009999999999999787
1993-07-16,0.033398280401848,0.0
1993-07-19,0.044610429766724025,0.009999999999999787
1993-07-20,-0.03643228332283144,-0.029999999999999805
1993-07-21,0.07997309160611987,-0.03000000000000025
1993-07-22,-0.02366974408590483,-0.04999999999999982
1993-07-23,-0.032162702708940394,-0.010000000000000231
1993-07-26,0.0,0.010000000000000231
1993-07-27,0.0017652255245694803,0.0
1993-07-28,0.002642009462838324,0.0
1993-07-29,-0.010610179112015228,0.040000000000000036
1993-07-30,0.04178153401495477,-0.050000000000000266
1993-08-02,-0.02241473152410478,-0.020000000000000018
1993-08-03,0.0017421607193850441,-0.029999999999999805
1993-08-04,0.018966085748961525,-0.040000000000000036
1993-08-05,0.026960352376961705,-0.030000000000000027
1993-08-06,0.0246317871896653,0.0
1993-08-09,0.0048543784647980814,-0.010000000000000009
1993-08-10,-0.006477755444688871,-0.020000000000000018
1993-08-11,-0.019688905086921782,0.040000000000000036
1993-08-12,0.02535923214700997,-0.050000000000000044
1993-08-13,-0.015466323763269951,0.010000000000000009
1993-08-16,-0.014876307401288091,0.0
1993-08-17,-0.03559697874023193,-0.020000000000000018
1993-08-18,-0.006058002083915159,-0.039999999999999813
1993-08-19,0.009503311262827996,0.010000000000000009
1993-08-20,-0.0008602151068077823,0.020000000000000018
1993-08-23,0.04460141836279208,0.019999999999999796
1993-08-24,-0.02922963831493819,0.030000000000000027
1993-08-25,0.025105921131076236,-0.010000000000000009
1993-08-26,0.0033003330286569543,0.040000000000000036
1993-08-27,-0.019127402264143445,-0.030000000000000027
1993-08-30,-0.014376568967258585,0.020000000000000018
1993-08-31,0.009326053181189842,-0.030000000000000027
1993-09-01,-0.03172147668971981,-0.020000000000000018
1993-09-02,0.033407817730156,0.030000000000000027
1993-09-03,-0.061678251668411566,0.030000000000000027
1993-09-08,0.026015239141235824,-0.030000000000000027
1993-09-09,-0.044005556175814586,0.0
1993-09-10,-0.07964815252933732,0.020000000000000018
1993-09-13,0.03856303473431044,0.019999999999999796
1993-09-14,0.07826988208575258,-0.06999999999999984
1993-09-15,-0.03481976515922769,-0.020000000000000018
1993-09-16,0.05066317464395409,0.08000000000000007
1993-09-17,0.0022429915945814116,0.0
1993-09-20,0.08651336901120965,0.009999999999999787
1993-09-21,0.1696849727894425,-0.029999999999999805
1993-09-22,-0.229667677391153,0.010000000000000009
1993-09-23,-0.02877365600408055,0.010000000000000009
1993-09-24,-0.06893940841655466,0.0
1993-09-27,0.001602564445541077,0.029999999999999805
1993-09-28,-0.024312380644305964,0.010000000000000231
1993-09-29,0.0354589928692195,-0.03000000000000025
1993-09-30,0.028104894320108542,-0.009999999999999787
1993-10-01,-0.09354115269221275,0.020000000000000018
1993-10-04,0.08270513335093321,0.009999999999999787
1993-10-05,0.009295186987123838,-0.020000000000000018
1993-10-06,-0.022613049319272882,0.010000000000000231
1993-10-07,0.03563506404738481,0.020000000000000018
1993-10-08,-0.08742657317578972,-0.010000000000000231
1993-10-13,-0.08664517051833087,0.020000000000000018
1993-10-14,-0.03396215589981422,-0.010000000000000231
1993-10-15,-0.011888571665252812,-0.019999999999999796
1993-10-18,0.041447373906797313,-0.030000000000000027
1993-10-19,0.02441272066988498,0.0
1993-10-20,-0.025295722934763454,-0.010000000000000009
1993-10-21,-0.010657294473988,-0.020000000000000018
1993-10-22,0.0246926125903717,-0.020000000000000018
1993-10-25,0.030032287098875177,-0.010000000000000009
1993-10-26,0.0,0.030000000000000027
1993-10-27,0.015100958101596618,0.020000000000000018
1993-10-28,-0.010883322157393405,0.030000000000000027
1993-10-29,-0.0359936026479053,-0.020000000000000018
1993-11-01,0.027540466936847086,-0.08000000000000007
1993-11-02,-0.003401363823490211,0.0
1993-11-03,0.12175017035776614,0.020000000000000018
1993-11-04,0.10173403842865314,0.07000000000000006
1993-11-05,0.019562175245167346,-0.040000000000000036
1993-11-08,-0.04508960486317726,0.030000000000000027
1993-11-09,-0.02619618823598202,0.010000000000000009
1993-11-10,-0.015907783034638356,-0.030000000000000027
1993-11-15,0.08136908254000152,-0.010000000000000009
1993-11-16,0.043970559554029176,0.050000000000000044
1993-11-17,0.029989209561259056,-0.020000000000000018
1993-11-18,-0.06090565038283069,-0.010000000000000009
1993-11-19,0.025607868301806835,-0.07000000000000006
1993-11-22,0.05627090546130287,-0.030000000000000027
1993-11-23,-0.10815967773744095,0.010000000000000009
1993-11-24,-0.05472927951663786,0.0
1993-11-29,0.025099919324532483,-0.040000000000000036
1993-11-30,-0.025826399559898405,0.020000000000000018
1993-12-01,0.005074313171469225,-0.020000000000000018
1993-12-02,-0.02340999370455954,-0.010000000000000009
1993-12-03,-0.06261587024581106,0.010000000000000009
1993-12-06,0.011751016535519021,0.010000000000000009
1993-12-07,-0.03406269904529946,0.0
1993-12-08,0.004020914142791376,0.0
1993-12-09,-0.0024106078366874506,0.020000000000000018
1993-12-10,0.013583908434812386,-0.030000000000000027
1993-12-13,-0.13762137787604756,0.0
1993-12-14,0.013568729206069108,0.0
1993-12-15,-0.009025332022042587,0.010000000000000009
1993-12-16,-0.01185604403031304,0.0
1993-12-17,0.016378892084039975,0.020000000000000018
1993-12-20,-0.03023592674546638,-0.020000000000000018
1993-12-21,-0.06435249193044923,-0.010000000000000009
1993-12-22,-0.07946417135424655,0.050000000000000044
1993-12-23,0.018095224977954683,-0.010000000000000009
1993-12-28,0.012295236857037484,0.020000000000000018
1993-12-29,0.06313733627040241,-0.020000000000000018
1993-12-30,0.021750266400176965,-0.010000000000000009
1993-12-31,0.08685545588539245,0.010000000000000009
1994-01-03,0.07514884167980984,-0.040000000000000036
1994-01-04,-0.053934639234947124,-0.010000000000000009
1994-01-05,-0.08495258637337377,-0.010000000000000009
1994-01-06,0.029718531057849606,0.010000000000000009
1994-01-07,-0.027892046531815318,0.040000000000000036
1994-01-10,-0.020277192439150937,0.010000000000000009
1994-01-11,0.049942289080851854,0.0
1994-01-12,0.03138880185013937,0.010000000000000009
1994-01-13,0.03624501249495893,-0.050000000000000044
1994-01-14,-0.08011169460054068,-0.010000000000000009
1994-01-19,0.011115975939907763,-0.010000000000000009
1994-01-20,-0.05236798551731603,0.020000000000000018
1994-01-21,-0.006292155590889248,-0.010000000000000009
1994-01-24,0.044961296750043456,-0.010000000000000009
1994-01-25,-0.01914766941413415,-0.010000000000000009
1994-01-26,-0.01862581561707577,0.010000000000000009
1994-01-27,-0.08108771784551916,-0.010000000000000009
1994-01-28,-0.03557687456710745,-0.019999999999999796
1994-01-31,0.06711317168537434,-0.010000000000000009
1994-02-01,0.001879699801577317,-0.010000000000000009
1994-02-02,-0.0037629395295426527,-0.010000000000000009
1994-02-03,0.01310880194778008,-0.010000000000000009
1994-02-04,0.34967374847974897,-0.08000000000000007
1994-02-07,-0.08838340571919412,0.0
1994-02-08,-0.021724243191582282,-0.010000000000000009
1994-02-09,-0.0267078189149359,0.08000000000000007
1994-02-10,0.06829087075612161,0.010000000000000009
1994-02-11,0.015331310746788951,0.0
1994-02-14,-0.012526259819180652,-0.010000000000000009
1994-02-15,-0.06360524995457251,0.030000000000000027
1994-02-16,-0.020355018642160605,-0.010000000000000009
1994-02-17,0.04904400349050553,-0.040000000000000036
1994-02-18,0.06390380197947998,-0.010000000000000009
1994-02-23,0.028437935320533736,-0.030000000000000027
1994-02-24,0.1374775860863111,-0.030000000000000027
1994-02-25,-0.07545841125159347,0.0
1994-02-28,0.004718579701994408,0.030000000000000027
1994-03-01,0.06256111342085724,-0.050000000000000044
1994-03-02,0.01566938985789923,-0.010000000000000009
1994-03-03,0.01726306742378103,0.0
1994-03-04,-0.022250608934820004,-0.010000000000000009
1994-03-07,-0.11513030725363116,0.0
1994-03-08,0.12940296654034977,-0.030000000000000027
1994-03-09,-0.11893897151506883,0.010000000000000009
1994-03-10,0.1384636918116411,-0.010000000000000009
1994-03-11,-0.10704034135100837,0.010000000000000009
1994-03-14,0.11065916315313995,-0.030000000000000027
1994-03-15,-0.11673000810514811,-0.010000000000000009
1994-03-16,-0.018436848623959,0.020000000000000018
1994-03-17,-0.12852278897945268,-0.010000000000000009
1994-03-18,0.0429513871955991,-0.020000000000000018
1994-03-21,0.07378617005923127,0.010000000000000009
1994-03-22,-0.06854467546839293,0.0
1994-03-23,-0.0840962195067192,0.0
1994-03-24,0.08707907033878426,-0.039999999999999813
1994-03-25,0.01771264020071195,-0.010000000000000009
1994-03-28,0.08615756221555504,0.0
1994-03-29,0.10139292362009433,-0.020000000000000018
1994-03-30,0.11986966516184516,-0.030000000000000027
1994-03-31,0.09535908075545807,0.050000000000000044
1994-04-05,-0.27505441558397914,0.06000000000000005
1994-04-06,-0.04224790492951369,0.020000000000000018
1994-04-07,-0.02328393895404446,0.029999999999999805
1994-04-08,-0.003539826705123872,-0.039999999999999813
1994-04-11,-0.018491430552873833,0.0
1994-04-12,-0.011504819600921312,0.0
1994-04-13,0.035889019120945775,-0.010000000000000009
1994-04-14,-0.04506620191428157,-0.020000000000000018
1994-04-15,-0.01798498089281786,0.010000000000000009
1994-04-18,0.07473355866145592,-0.06000000000000005
1994-04-19,-0.016984302854540445,0.0
1994-04-20,0.004714210262726226,0.020000000000000018
1994-04-21,-0.13042879485667136,0.020000000000000018
1994-04-22,0.0006695681535724418,-0.020000000000000018
1994-04-25,-0.046583764718521437,0.0
1994-04-26,-0.03278982282299081,-0.020000000000000018
1994-04-29,-0.052345754155533,-0.020000000000000018
1994-05-02,0.024391453124159135,-0.020000000000000018
1994-05-03,-0.021490798443521975,-0.020000000000000018
1994-05-04,0.034167024520575406,0.0
1994-05-05,0.01871805082676392,0.0
1994-05-06,0.035091319811269894,-0.07999999999999985
1994-05-09,0.06916969051313959,-0.06000000000000005
1994-05-10,-0.06190173648526809,0.050000000000000044
1994-05-11,0.0234233220175617,0.05999999999999983
1994-05-12,-0.005804595465967122,-0.030000000000000027
1994-05-13,-0.06135257105390268,0.030000000000000027
1994-05-16,0.008901120049517264,0.020000000000000018
1994-05-17,-0.04104924142499433,0.010000000000000009
1994-05-18,-0.11503468515210313,0.020000000000000018
1994-05-19,-0.017685348401540235,0.040000000000000036
1994-05-20,0.03662829841449833,0.020000000000000018
1994-05-23,0.0532850546289132,-0.06000000000000005
1994-05-24,-0.05798725765034929,-0.020000000000000018
1994-05-25,-0.02384850704669539,0.030000000000000027
1994-05-26,0.005615738785635926,0.050000000000000044
1994-05-27,-0.0008003201707693641,-0.010000000000000009
1994-06-01,-0.024078833224777885,0.020000000000000018
1994-06-02,0.0007858546573391578,0.010000000000000009
1994-06-03,-0.04334546907613479,-0.020000000000000018
1994-06-06,0.06663844764357352,0.030000000000000027
1994-06-07,0.0015337426319486092,-0.010000000000000009
1994-06-08,0.020478531343540496,0.020000000000000018
1994-06-09,-0.008292546578009041,-0.030000000000000027
1994-06-10,-0.040159836807937666,0.0
1994-06-13,-0.06259662008909261,0.030000000000000027
1994-06-14,-0.027212563524884548,0.0
1994-06-15,-0.0069204428445739374,-0.040000000000000036
1994-06-16,-0.026386755173194665,0.040000000000000036
1994-06-17,0.09271404010181161,0.020000000000000018
1994-06-20,0.1257841571378644,0.0
1994-06-21,0.05165139645046413,-0.030000000000000027
1994-06-22,-0.047362612178246444,0.0
1994-06-23,0.007107350458651851,0.020000000000000018
1994-06-24,0.16901337559145935,-0.020000000000000018
1994-06-27,-0.0738319704959598,0.0
1994-06-28,-0.03206031863890191,-0.020000000000000018
1994-06-29,-0.04209718666489071,0.010000000000000009
1994-06-30,0.03743206657473408,-0.020000000000000018
1994-07-01,-0.041601634811458954,-0.010000000000000009
1994-07-06,-0.014855100990924353,0.010000000000000009
1994-07-07,-0.04807613343577488,-0.010000000000000009
1994-07-08,-0.05501937559119918,-0.020000000000000018
1994-07-11,0.04208816091895029,-0.020000000000000018
1994-07-12,-0.03158543871980113,0.010000000000000009
1994-07-13,-0.07594663045153283,0.0
1994-07-14,-0.06486063420204102,0.010000000000000009
1994-07-15,-0.03141619623337899,0.0
1994-07-18,0.014084739881738972,0.010000000000000009
1994-07-19,0.01819019406005795,0.030000000000000027
1994-07-20,0.004282661792000653,-0.030000000000000027
1994-07-21,-0.004282661792000653,-0.020000000000000018
1994-07-22,-0.037608279917159315,-0.010000000000000009
1994-07-25,0.021164811192043054,0.0
1994-07-26,0.017301469635752742,0.0
1994-07-27,0.022892055187478277,-0.020000000000000018
1994-07-28,0.008347293876763029,-0.010000000000000009
1994-07-29,-0.07775936469913391,0.030000000000000027
1994-08-01,0.003587447793655496,0.010000000000000009
1994-08-02,0.008912714970575664,-0.010000000000000009
1994-08-03,0.007073415875726852,0.020000000000000018
1994-08-04,0.07057751835433912,-0.020000000000000018
1994-08-05,0.013050756195490898,-0.020000000000000018
1994-08-08,0.0056565807392741085,-0.020000000000000018
1994-08-09,0.010420935988258773,0.010000000000000009
1994-08-10,-0.051545151837565584,0.030000000000000027
1994-08-11,0.018303339588749967,0.0
1994-08-12,-0.08963792159368333,0.020000000000000018
1994-08-15,0.08385038993676375,-0.030000000000000027
1994-08-16,-0.05715841383994835,0.020000000000000018
1994-08-17,0.013083483620862424,0.010000000000000009
1994-08-18,0.044903774029486865,-0.040000000000000036
1994-08-19,0.06106314351810482,0.040000000000000036
1994-08-22,-0.016503321514477864,0.0
1994-08-23,-0.07142961652289914,0.010000000000000009
1994-08-24,-0.015437699384583059,0.010000000000000009
1994-08-25,0.038156387901476574,-0.010000000000000009
1994-08-26,0.014044014386118686,0.010000000000000009
1994-08-29,-0.03082293151522819,0.010000000000000009
1994-08-30,-0.05120424322760009,0.010000000000000009
1994-08-31,0.06381475081952992,0.0
1994-09-01,-0.009232126000302543,0.0
1994-09-02,-0.03955803816912962,0.010000000000000009
1994-09-07,0.010212854725293763,0.0
1994-09-08,0.0042247633603085255,-0.010000000000000009
1994-09-09,0.10096638994636375,-0.010000000000000009
1994-09-12,0.06563357683297255,-0.030000000000000027
1994-09-13,-0.017279047608352194,0.030000000000000027
1994-09-14,-0.050643732818755005,-0.020000000000000018
1994-09-15,-0.0969922659873097,0.040000000000000036
1994-09-16,0.07458885699107265,-0.040000000000000036
1994-09-19,0.02010895292271364,0.0
1994-09-20,0.10114029071015596,-0.010000000000000009
1994-09-21,0.002764341774149859,-0.020000000000000018
1994-09-22,-0.0422895995663386,-0.020000000000000018
1994-09-23,0.04504632081593929,0.010000000000000009
1994-09-26,0.0020625651863483974,0.0
1994-09-27,-0.02997784607210363,0.010000000000000009
1994-09-28,-0.06430264426420518,0.020000000000000018
1994-09-29,0.05291462083663934,0.010000000000000009
1994-09-30,0.021947783642567664,-0.020000000000000018
1994-10-03,0.07810158768519182,0.0
1994-10-04,0.07604909214206668,-0.030000000000000027
1994-10-05,-0.04543445632245957,0.0
1994-10-06,0.01990115431729489,-0.010000000000000009
1994-10-07,-0.08477473995791707,0.050000000000000044
1994-10-12,0.06845151957038631,-0.010000000000000009
1994-10-13,0.026523146055316804,-0.010000000000000009
1994-10-14,-0.11209454783917039,0.030000000000000027
1994-10-17,0.1026541540600836,0.020000000000000018
1994-10-18,-0.01158445663763219,-0.030000000000000027
1994-10-19,0.03634316526557013,0.0
1994-10-20,0.05528399904559844,-0.030000000000000027
1994-10-21,-0.005015684496167516,-0.010000000000000009
1994-10-24,0.06449923689643944,0.0
1994-10-25,-0.05076618710901748,0.0
1994-10-26,-0.02702017978285509,0.0
1994-10-27,-0.001912655986332723,-0.020000000000000018
1994-10-28,-0.07347001359938954,-0.020000000000000018
1994-10-31,0.0,0.0
1994-11-01,0.019048194970694432,0.0
1994-11-02,0.03313755819987563,-0.039999999999999813
1994-11-03,0.015524244503492213,0.039999999999999813
1994-11-04,0.07241021782847312,-0.04999999999999982
1994-11-07,0.036346321981938434,0.020000000000000018
1994-11-08,-0.06357947244029694,-0.010000000000000009
1994-11-09,0.007334996211565414,0.019999999999999796
1994-11-10,-0.025911381784501142,0.010000000000000009
1994-11-15,-0.0011997601919038203,-0.04999999999999982
1994-11-16,-0.0683071179884509,0.010000000000000009
1994-11-17,0.02224432359944961,0.020000000000000018
1994-11-18,0.00564087989008577,-0.020000000000000018
1994-11-21,0.008092169897336188,-0.010000000000000009
1994-11-22,0.06655137309842951,-0.020000000000000018
1994-11-23,0.06566173000943953,0.040000000000000036
1994-11-28,-0.035603410278119085,-0.04999999999999982
1994-11-29,-0.04124295853404902,-0.020000000000000018
1994-11-30,-0.01246122043781206,-0.010000000000000009
1994-12-01,0.04535090844289025,0.010000000000000009
1994-12-02,-0.00842363585067174,0.020000000000000018
1994-12-05,-0.027566829832654793,0.0
1994-12-06,-0.0031104224143923,0.020000000000000018
1994-12-07,0.014228510998369526,-0.030000000000000027
1994-12-08,0.10873320013646515,0.0
1994-12-09,-0.12358495827249127,-0.030000000000000027
1994-12-12,-0.03682955927909237,0.0
1994-12-13,-0.06548765620170549,-0.010000000000000009
1994-12-14,-0.10551399582081666,-0.010000000000000009
1994-12-15,-0.01235536952871863,0.040000000000000036
1994-12-16,-0.0062354060172840065,-0.030000000000000027
1994-12-19,0.01782302118967216,-0.010000000000000009
1994-12-20,-0.0030769255044793553,0.0
1994-12-21,-0.07434505133928004,0.0
1994-12-22,0.030243416568668913,0.0
1994-12-23,-0.04951506452738075,-0.040000000000000036
1994-12-28,0.059503080799202746,0.010000000000000009
1994-12-29,0.0038956029008301307,0.020000000000000018
1994-12-30,0.026095110782851982,0.020000000000000018
1995-01-04,-0.05184746453196265,-0.010000000000000009
1995-01-05,-0.0022197567383130945,-0.010000000000000009
1995-01-06,-0.027789997129678667,-0.050000000000000044
1995-01-09,0.015117445875912239,0.030000000000000027
1995-01-10,-0.06268976851866492,0.010000000000000009
1995-01-11,-0.029998195885394985,0.050000000000000044
1995-01-12,0.0544570088409877,0.010000000000000009
1995-01-13,-0.14484107030925664,0.030000000000000027
1995-01-18,-0.018836173343694362,-0.020000000000000018
1995-01-19,0.024755852363994357,0.0
1995-01-20,0.02415777621697801,-0.010000000000000009
1995-01-23,0.05133444580419377,0.020000000000000018
1995-01-24,-0.0687695076262953,-0.030000000000000027
1995-01-25,-0.041031396677862375,0.020000000000000018
1995-01-26,-0.018494582636164214,-0.010000000000000009
1995-01-27,0.0,0.0
1995-01-30,0.08597380185763592,0.0
1995-01-31,-0.024774181985579347,0.020000000000000018
1995-02-01,-0.019418085857101808,-0.050000000000000044
1995-02-02,-0.05250549737793042,0.010000000000000009
1995-02-03,-0.013568729206069108,0.030000000000000027
1995-02-06,0.02162246401316592,0.0
1995-02-07,-0.004466287013441317,0.0
1995-02-08,0.02213459114675498,0.010000000000000009
1995-02-09,0.018221762302709,-0.030000000000000027
1995-02-10,-0.03055672046066027,0.020000000000000018
1995-02-13,0.0114589178040716,0.0
1995-02-14,0.001751313932734977,0.040000000000000036
1995-02-15,0.007843177461025697,0.010000000000000009
1995-02-16,0.007782140442055052,0.04999999999999982
1995-02-17,0.00857638189982568,-0.020000000000000018
1995-02-22,-0.05632888247757295,0.050000000000000044
1995-02-23,-0.021296279552962982,0.010000000000000009
1995-02-24,-0.028196501894627968,0.020000000000000018
1995-02-27,0.14328532846731967,0.030000000000000027
1995-02-28,-0.06267508388865162,0.010000000000000009
1995-03-01,-0.008547060578458332,-0.040000000000000036
1995-03-02,0.03126574909535185,-0.020000000000000018
1995-03-03,-0.04858219910681294,-0.010000000000000009
1995-03-06,0.060984176999187234,0.0
1995-03-07,0.15567551737565877,0.0
1995-03-08,-0.0357948020773553,-0.020000000000000018
1995-03-09,-0.026589454189239525,0.040000000000000036
1995-03-10,-0.0761829008520496,-0.010000000000000009
1995-03-13,-0.018753097469892843,0.020000000000000018
1995-03-14,-0.004123717183861952,0.010000000000000009
1995-03-15,0.0261026239026374,0.030000000000000027
1995-03-16,-0.03857679812781312,0.0
1995-03-17,-0.01263174690590052,-0.010000000000000009
1995-03-20,-0.039763233172013024,0.010000000000000009
1995-03-21,0.01661603598136141,-0.010000000000000009
1995-03-22,-0.021034956119397208,0.010000000000000009
1995-03-23,0.012324099645149023,-0.020000000000000018
1995-03-24,-0.021220955482885717,0.040000000000000036
1995-03-27,0.05561815566646189,-0.010000000000000009
1995-03-28,-0.0431846029503804,-0.050000000000000044
1995-03-29,0.09907424943890453,-0.010000000000000009
1995-03-30,0.008754532634247525,0.0
1995-03-31,0.05773053400078432,0.010000000000000009
1995-04-03,0.009676294330532187,0.010000000000000009
1995-04-04,-0.0674068283313165,-0.010000000000000009
1995-04-05,0.026584833811061692,0.010000000000000009
1995-04-06,-0.011641575015485905,0.020000000000000018
1995-04-07,0.0031176954325857764,0.0
1995-04-10,-0.004680195750477623,0.0
1995-04-11,-0.004702203021436091,0.020000000000000018
1995-04-12,-0.05572697268864024,0.010000000000000009
1995-04-13,-0.047628048989254435,0.0
1995-04-18,0.04983237374787608,0.020000000000000018
1995-04-19,0.009980888997679571,-0.040000000000000036
1995-04-20,-0.07864312731911305,0.010000000000000009
1995-04-21,-0.02003405903311606,0.030000000000000027
1995-04-24,0.0050462680676242044,-0.030000000000000027
1995-04-25,0.040284937579312174,0.0
1995-04-26,-0.010530676497519487,0.0
1995-04-27,-0.028915686609171765,-0.020000000000000018
1995-04-28,-0.015202995519656426,-0.020000000000000018
1995-05-01,0.03265254504118431,-0.030000000000000027
1995-05-02,-0.021649471696853606,0.010000000000000009
1995-05-03,-0.016122538450521695,0.030000000000000027
1995-05-04,0.0781326132347342,0.010000000000000009
1995-05-05,-0.04697219741967196,0.050000000000000044
1995-05-08,0.013179762444409882,-0.010000000000000009
1995-05-09,0.04245731786098572,0.040000000000000036
1995-05-10,0.025553074424617517,-0.030000000000000027
1995-05-11,-0.007674634753108478,0.0
1995-05-12,-0.09192608182008444,0.0
1995-05-15,0.0445986378005907,0.0
1995-05-16,-0.014646315517239383,-0.020000000000000018
1995-05-17,0.013029500290334006,0.010000000000000009
1995-05-18,0.0604342362851602,-0.020000000000000018
1995-05-19,-0.02467357240606205,-0.010000000000000009
1995-05-22,-0.09234813850856183,-0.010000000000000009
1995-05-23,-0.011192540432278353,0.030000000000000027
1995-05-24,-0.025428814256258647,0.030000000000000027
1995-05-25,0.03233134381902891,0.020000000000000018
1995-05-26,0.047847985208637756,0.019999999999999796
1995-05-31,0.02601644566927641,0.010000000000000009
1995-06-01,-0.05108852321861557,0.050000000000000044
1995-06-02,0.06115442315333075,0.0
1995-06-05,0.03556939477190424,0.020000000000000018
1995-06-06,-0.03402974858631147,-0.010000000000000009
1995-06-07,-0.01238405919972152,-0.07000000000000006
1995-06-08,0.0038865186892809156,0.0
1995-06-09,-0.01013653903445233,-0.029999999999999805
1995-06-12,-0.06893689454943486,0.039999999999999813
1995-06-13,-0.05346100520563857,0.14000000000000012
1995-06-14,0.0,-0.020000000000000018
1995-06-15,-0.005328609411218377,0.0
1995-06-16,-0.04368301417668041,-0.020000000000000018
1995-06-19,0.04190048251039702,0.010000000000000009
1995-06-20,-0.004470280130903781,-0.020000000000000018
1995-06-21,0.014235115821871869,0.020000000000000018
1995-06-22,0.0105449131766151,-0.010000000000000009
1995-06-23,-0.028370697129215472,0.020000000000000018
1995-06-26,0.059354242649182876,-0.020000000000000018
1995-06-27,0.04717465493277739,-0.020000000000000018
1995-06-28,-0.05227237200444623,0.020000000000000018
1995-06-29,-0.012859157048290104,-0.050000000000000044
1995-06-30,-0.01828522865347537,0.030000000000000027
1995-07-03,0.016558112507400136,0.0
1995-07-06,-0.04912079733495034,0.06000000000000005
1995-07-07,0.021469266004440435,-0.020000000000000018
1995-07-10,0.03506202222099475,0.0
1995-07-11,0.004909993497555831,-0.010000000000000009
1995-07-12,0.004886003205625933,0.0
1995-07-13,0.020105220843690486,-0.010000000000000009
1995-07-14,-0.038965968533383855,-0.010000000000000009
1995-07-17,0.01479073800139652,-0.010000000000000009
1995-07-18,0.033684018501014545,0.010000000000000009
1995-07-19,0.06192272121058462,-0.020000000000000018
1995-07-20,-0.054067221270275745,0.010000000000000009
1995-07-21,-0.03260726254499202,-0.020000000000000018
1995-07-24,0.014446479173396476,0.040000000000000036
1995-07-25,0.01737800446665494,-0.040000000000000036
1995-07-26,0.03160185902991319,-0.030000000000000027
1995-07-27,0.0,0.010000000000000009
1995-07-28,0.0,-0.010000000000000009
1995-07-31,0.02324814114530316,0.010000000000000009
1995-08-01,0.005175612292585008,0.010000000000000009
1995-08-02,0.007347571630394789,-0.010000000000000009
1995-08-03,0.00874641144286814,-0.040000000000000036
1995-08-04,-0.042244147051278436,0.020000000000000018
1995-08-07,-0.008361888327128142,0.0
1995-08-08,-0.0030581063588206447,0.0
1995-08-09,-0.024022852243850146,0.040000000000000036
1995-08-10,0.019418085857101808,-0.010000000000000009
1995-08-11,-0.007722046093910251,-0.020000000000000018
1995-08-14,0.026015239141235824,0.0
1995-08-15,-0.06958648743487617,-0.010000000000000009
1995-08-16,0.008064559836730378,-0.010000000000000009
1995-08-17,-0.02603889995475761,-0.010000000000000009
1995-08-18,-0.008278192969371378,0.0
1995-08-21,0.10934260155694808,-0.010000000000000009
1995-08-22,-0.06304931758610355,-0.010000000000000009
1995-08-23,0.044244701797757635,0.0
1995-08-24,-0.01761822668243518,0.030000000000000027
1995-08-25,-0.04828797189650169,0.06000000000000005
1995-08-28,0.012092045765028647,-0.020000000000000018
1995-08-29,0.013529852232248007,-0.010000000000000009
1995-08-30,-0.050253685186941954,0.010000000000000009
1995-08-31,-0.04331887471884244,0.0
1995-09-01,-0.02016727710617472,0.030000000000000027
1995-09-06,0.0,0.020000000000000018
1995-09-07,0.017021687569430455,-0.030000000000000027
1995-09-08,-0.059991910627975376,0.0
1995-09-11,0.030880265780626637,-0.020000000000000018
1995-09-12,-0.0043535114471979774,0.040000000000000036
1995-09-13,-0.009644967359181855,-0.020000000000000018
1995-09-14,-0.02227263560912318,0.050000000000000044
1995-09-15,0.04233436382656075,-0.020000000000000018
1995-09-18,0.06356654633239245,-0.010000000000000009
1995-09-19,0.026390975855806076,0.0
1995-09-20,-0.02558093125906158,0.010000000000000009
1995-09-21,0.012072581234269464,-0.020000000000000018
1995-09-22,-0.003205130948948476,-0.030000000000000027
1995-09-25,0.05920732106423321,-0.030000000000000027
1995-09-26,-0.024503523055913856,0.0
1995-09-27,0.0,-0.010000000000000009
1995-09-28,-0.03470379800831935,-0.010000000000000009
1995-09-29,0.022223136784710107,0.040000000000000036
1995-10-02,0.0907328581233573,-0.010000000000000009
1995-10-03,0.03866914115915421,0.010000000000000009
1995-10-04,0.024524389863084473,-0.010000000000000009
1995-10-05,0.05753220369964396,0.030000000000000027
1995-10-06,-0.11857750618359297,-0.010000000000000009
1995-10-11,-0.027083578224423643,0.010000000000000009
1995-10-12,-0.022909714223283473,-0.010000000000000009
1995-10-13,-0.04085125524797162,0.0
1995-10-16,0.06718680358577434,0.020000000000000018
1995-10-17,-0.04119256020726292,0.010000000000000009
1995-10-18,0.0014245016653853249,-0.010000000000000009
1995-10-19,-0.03623584845404482,-0.010000000000000009
1995-10-20,-0.006664223109128287,-0.020000000000000018
1995-10-23,0.05140472948600738,0.0
1995-10-24,-0.022841821069241597,0.010000000000000009
1995-10-25,0.04517352369924321,-0.020000000000000018
1995-10-26,0.07317092673709436,0.010000000000000009
1995-10-27,-0.06355546803765222,0.010000000000000009
1995-10-30,-0.02561580004588304,0.010000000000000009
1995-10-31,-0.030618269309483193,-0.010000000000000009
1995-11-01,-0.030839448383079837,0.030000000000000027
1995-11-02,-0.01654173056436381,0.010000000000000009
1995-11-03,-0.07311703622115795,-0.010000000000000009
1995-11-06,0.038404719635952045,0.0
1995-11-07,0.024041483624685167,0.010000000000000009
1995-11-08,-0.07063625723068157,0.010000000000000009
1995-11-09,0.02437163682128629,-0.010000000000000009
1995-11-10,0.04011548496904549,0.0
1995-11-13,0.0175778312639725,-0.030000000000000027
1995-11-14,0.013544225107757324,0.010000000000000009
1995-11-15,-0.03266526655453594,0.010000000000000009
1995-11-16,-0.029782765543390433,0.010000000000000009
1995-11-17,-0.006384698464669825,0.010000000000000009
1995-11-20,-0.009654137733089652,0.010000000000000009
1995-11-21,-0.05227237200444623,0.040000000000000036
1995-11-22,0.005944815809320492,-0.010000000000000009
1995-11-27,0.04609869690104329,-0.010000000000000009
1995-11-28,-0.07169736431703466,0.010000000000000009
1995-11-29,0.006890638806124727,0.020000000000000018
1995-11-30,-0.006026707866860548,0.010000000000000009
1995-12-01,-0.041433868493310655,0.020000000000000018
1995-12-04,-0.04134718491384026,0.0
1995-12-05,0.08880776127401147,-0.010000000000000009
1995-12-06,0.08629581345283599,-0.010000000000000009
1995-12-07,0.0031446566794715025,-0.020000000000000018
1995-12-08,-0.13600136132158092,-0.030000000000000027
1995-12-11,-0.0054102927282473345,-0.010000000000000009
1995-12-12,-0.039654803740332145,0.020000000000000018
1995-12-13,-0.025727955522520052,0.0
1995-12-14,0.06628650988920892,-0.010000000000000009
1995-12-15,0.03287723923110608,0.010000000000000009
1995-12-18,0.24047500766584973,-0.030000000000000027
1995-12-19,-0.1004090677203302,-0.020000000000000018
1995-12-20,-0.07574597415796047,0.050000000000000044
1995-12-21,-0.1246714605709136,0.0
1995-12-22,0.06645173156549422,0.010000000000000009
1995-12-27,0.041761500826638986,0.0
1995-12-28,0.02228734430343282,0.0
1995-12-29,0.02180142868121626,0.020000000000000018
1996-01-03,-0.007410490890484844,0.010000000000000009
1996-01-04,0.13001281298281686,0.0
1996-01-05,-0.014620143454962431,0.020000000000000018
1996-01-08,-0.035222824354941284,0.0
1996-01-09,0.1485778084955931,-0.050000000000000044
1996-01-10,0.07532822855895116,0.010000000000000009
1996-01-11,-0.11011434464436709,0.010000000000000009
1996-01-12,-0.03181457808402488,0.010000000000000009
1996-01-17,0.011291580804070556,0.010000000000000009
1996-01-18,-0.048158784584109604,0.010000000000000009
1996-01-19,-0.06699612866600413,-0.020000000000000018
1996-01-22,0.04916504702293212,0.0
1996-01-23,0.016357242024771512,-0.020000000000000018
1996-01-24,-0.07820074730747484,0.010000000000000009
1996-01-25,0.031399753867979996,-0.040000000000000036
1996-01-26,-0.07541663928475417,0.030000000000000027
1996-01-29,0.015709293705179928,-0.020000000000000018
1996-01-30,0.018692133012152556,0.010000000000000009
1996-01-31,0.008817692402644184,0.010000000000000009
1996-02-01,0.009531446265552468,0.010000000000000009
1996-02-02,0.04482976295333474,0.010000000000000009
1996-02-05,0.017235346089717662,-0.020000000000000018
1996-02-06,0.08061403831811242,-0.010000000000000009
1996-02-07,-0.03345259666997169,0.020000000000000018
1996-02-08,-0.015714609098470333,0.020000000000000018
1996-02-09,0.051905058265780735,-0.010000000000000009
1996-02-12,0.004092775153752726,-0.010000000000000009
1996-02-13,0.01687518951888567,0.010000000000000009
1996-02-14,0.042587503365013823,0.0
1996-02-15,0.03405120906743209,0.010000000000000009
1996-02-16,-0.04826333458661303,0.020000000000000018
1996-02-21,-0.14930134576582077,0.030000000000000027
1996-02-22,0.006200502125147445,0.050000000000000044
1996-02-23,0.014996872751515511,0.010000000000000009
1996-02-26,0.10278616290486786,-0.030000000000000027
1996-02-27,0.015147214779912765,0.0
1996-02-28,0.005397314451719204,-0.040000000000000036
1996-02-29,0.018957913744614086,0.010000000000000009
1996-03-01,-0.018957913744614086,0.040000000000000036
1996-03-04,-0.0029949108938525093,0.040000000000000036
1996-03-05,-0.034791424772285584,-0.010000000000000009
1996-03-06,0.0281708769666964,-0.020000000000000018
1996-03-07,-0.004236012385606003,0.0
1996-03-08,0.2273795636998157,-0.1200000000000001
1996-03-11,-0.06486063420204102,0.020000000000000018
1996-03-12,-0.01610842833162618,0.010000000000000009
1996-03-13,-0.05159661297089668,-0.010000000000000009
1996-03-14,-0.06848082862171534,-0.010000000000000009
1996-03-15,-0.023305506549498922,-0.020000000000000018
1996-03-18,0.045502679592572814,0.020000000000000018
1996-03-19,0.058345205312461346,-0.010000000000000009
1996-03-20,0.01675262091861862,0.050000000000000044
1996-03-21,-0.05056021853776471,0.020000000000000018
1996-03-22,-0.03967177315190762,-0.010000000000000009
1996-03-25,0.045292923422337594,-0.010000000000000009
1996-03-26,-0.0022446698538236554,0.020000000000000018
1996-03-27,0.005043440222588291,0.0
1996-03-28,0.014979475652519447,-0.020000000000000018
1996-03-29,0.038881787544207125,0.020000000000000018
1996-04-01,-0.05330244787064542,0.010000000000000009
1996-04-02,-0.084475235635328,0.020000000000000018
1996-04-03,-0.007321570229007257,0.0
1996-04-04,-0.009227995352028007,-0.040000000000000036
1996-04-09,-0.07773056791515698,-0.010000000000000009
1996-04-10,0.15481031045803606,0.0
1996-04-11,-0.028594875277054843,-0.040000000000000036
1996-04-12,-0.12275721847802457,0.040000000000000036
1996-04-15,-0.032157111634531166,0.020000000000000018
1996-04-16,-0.022837530991333566,-0.040000000000000036
1996-04-17,0.03699705959496802,-0.010000000000000009
1996-04-18,-0.03943163170434971,-0.030000000000000027
1996-04-19,-0.08187253435061237,0.010000000000000009
1996-04-22,0.017049593326111,0.0
1996-04-23,-0.024351318432127567,-0.010000000000000009
1996-04-24,-0.006684516868723289,-0.029999999999999805
1996-04-25,-0.012825015475916857,0.010000000000000009
1996-04-26,0.0020359694850986543,0.009999999999999787
1996-04-29,0.046365920557925655,-0.019999999999999796
1996-04-30,0.024297870549166323,0.0
1996-05-01,0.01504730585650016,0.0
1996-05-02,0.14728209209950016,-0.030000000000000027
1996-05-03,-0.10882755242621167,0.0
1996-05-06,0.013087634755367894,0.020000000000000018
1996-05-07,-0.0029594576202005562,-0.020000000000000018
1996-05-08,-0.06679358114014855,0.020000000000000018
1996-05-09,0.07388162026611234,-0.050000000000000044
1996-05-10,-0.08471320115650016,0.020000000000000018
1996-05-13,-0.029251354313114764,0.0
1996-05-14,-0.017299167262812443,0.010000000000000009
1996-05-15,0.04526847011827195,0.0
1996-05-16,0.0076677691978446205,-0.010000000000000009
1996-05-17,-0.03761792446726542,0.0
1996-05-20,0.043330412232656546,0.0
1996-05-21,0.01257878220686015,-0.010000000000000009
1996-05-22,-0.03174869831458027,-0.010000000000000009
1996-05-23,0.042317649663814905,0.0
1996-05-24,-0.03974032864951438,0.010000000000000009
1996-05-29,0.013501819433871187,-0.040000000000000036
1996-05-30,-0.06816023197173537,-0.010000000000000009
1996-05-31,0.003116238109207803,-0.010000000000000009
1996-06-03,0.0479897728242884,0.0
1996-06-04,-0.04116804094336368,0.010000000000000009
1996-06-05,-0.008690309191977441,0.020000000000000018
1996-06-06,0.04867140637581224,-0.020000000000000018
1996-06-07,-0.04493773682376334,-0.010000000000000009
1996-06-10,0.04136842904864313,-0.020000000000000018
1996-06-11,-0.005977304108459869,0.0
1996-06-12,0.019002947125615677,0.020000000000000018
1996-06-13,0.007034026657379844,0.020000000000000018
1996-06-14,0.08506243854384898,-0.010000000000000009
1996-06-17,-0.06539725884598901,0.010000000000000009
1996-06-18,-0.0005729017630198285,0.0
1996-06-19,0.005144338295600903,-0.020000000000000018
1996-06-20,-0.03303690769790224,0.0
1996-06-21,-0.07143713921321382,0.020000000000000018
1996-06-24,0.00693790231677438,-0.020000000000000018
1996-06-25,-0.030634175974626032,0.010000000000000009
1996-06-26,-0.013046499467999073,-0.020000000000000018
1996-06-27,-0.07072967573511901,0.040000000000000036
1996-06-28,-0.03660257897754704,0.0
1996-07-01,0.007283353391108083,-0.010000000000000009
1996-07-02,0.029319225586438957,-0.040000000000000036
1996-07-03,0.0014084509370579923,0.030000000000000027
1996-07-08,0.02030214301999056,0.010000000000000009
1996-07-09,-0.0583054495955051,0.020000000000000018
1996-07-10,0.001290322759670115,0.030000000000000027
1996-07-11,0.1382751201131227,-0.010000000000000009
1996-07-12,-0.04126660017407069,0.010000000000000009
1996-07-15,0.16272370665706148,0.0
1996-07-16,-0.0004973887195305338,0.010000000000000009
1996-07-17,-0.04476841152288369,0.010000000000000009
1996-07-18,-0.06947611592510494,0.030000000000000027
1996-07-19,-0.03808360196175986,-0.030000000000000027
1996-07-22,0.16763329116647174,-0.010000000000000009
1996-07-23,0.054350839728003475,0.0
1996-07-24,-0.005117480347155645,0.0
1996-07-25,-0.10050086694804072,-0.010000000000000009
1996-07-26,-0.10541782060612448,0.0
1996-07-29,0.1408825301784069,-0.020000000000000018
1996-07-30,0.02166505220399939,0.020000000000000018
1996-07-31,-0.05352615427298346,0.010000000000000009
1996-08-01,-0.03663413317978037,0.040000000000000036
1996-08-02,-0.14733317588853456,0.030000000000000027
1996-08-05,0.06977494154266006,-0.020000000000000018
1996-08-06,-0.02508151308716,-0.010000000000000009
1996-08-07,-0.04160986141151213,0.0
1996-08-08,-0.01239173229516366,0.010000000000000009
1996-08-09,-0.01697620146342116,-0.010000000000000009
1996-08-12,-0.012763415129040112,0.020000000000000018
1996-08-13,0.05254491925609228,-0.040000000000000036
1996-08-14,-0.027805313080336624,0.040000000000000036
1996-08-15,-0.03182954886238676,-0.030000000000000027
1996-08-16,-0.04295341487956872,0.020000000000000018
1996-08-19,0.030587490950833907,-0.010000000000000009
1996-08-20,-0.036003888756002134,0.010000000000000009
1996-08-21,-0.014359221077889117,0.020000000000000018
1996-08-22,-0.057401515822426585,0.0
1996-08-23,0.03370702752975818,-0.030000000000000027
1996-08-26,0.08123544297351648,-0.020000000000000018
1996-08-27,-0.01771118779284997,0.010000000000000009
1996-08-28,-0.0006620324637691688,0.0
1996-08-29,0.07155030486638791,-0.030000000000000027
1996-08-30,0.047556357720503595,-0.020000000000000018
1996-09-04,0.009162015046296546,0.020000000000000018
1996-09-05,0.09560276282684432,-0.020000000000000018
1996-09-06,-0.18183410857567495,0.0
1996-09-09,-0.04423913233401322,0.030000000000000027
1996-09-10,-0.006746422398854701,0.0
1996-09-11,-0.011761200257130788,0.0
1996-09-12,-0.005619746291694483,0.010000000000000009
1996-09-13,-0.049416534374690624,0.020000000000000018
1996-09-16,0.01501823852283879,0.0
1996-09-17,0.019891576614187834,-0.030000000000000027
1996-09-18,0.007594973217444512,0.0
1996-09-19,0.010661750414759918,-0.020000000000000018
1996-09-20,-0.02399104963529952,0.0
1996-09-23,0.05046227826276173,0.020000000000000018
1996-09-24,-0.0006077180375427815,0.040000000000000036
1996-09-25,-0.014080428524114286,0.010000000000000009
1996-09-26,-0.006804851498383613,-0.020000000000000018
1996-09-27,-0.0006209251984659048,-0.010000000000000009
1996-09-30,0.05144856183604185,-0.030000000000000027
1996-10-01,0.005882369903066564,0.020000000000000018
1996-10-02,-0.015962502690465286,0.010000000000000009
1996-10-03,-0.000596125203943032,0.0
1996-10-04,-0.12496439506504808,0.020000000000000018
1996-10-07,0.020729595514578758,-0.010000000000000009
1996-10-08,0.030631264157954252,0.0
1996-10-09,0.032209920561689476,0.030000000000000027
1996-10-10,0.010510143115372905,-0.020000000000000018
1996-10-11,-0.07600209148126069,0.0
1996-10-16,-0.014635959637429696,0.0
1996-10-17,-0.012254264923466707,0.010000000000000009
1996-10-18,-0.021647286752214612,-0.040000000000000036
1996-10-21,0.05796857775831876,0.0
1996-10-22,0.025943394492024208,-0.020000000000000018
1996-10-23,0.0030441423812281876,0.020000000000000018
1996-10-24,0.026396253608327758,0.010000000000000009
1996-10-25,0.023406568875490308,-0.010000000000000009
1996-10-28,0.058956167133119575,-0.010000000000000009
1996-10-29,-0.003276900802314575,0.040000000000000036
1996-10-30,0.010881500187533977,-0.020000000000000018
1996-10-31,-0.02022479431821589,0.010000000000000009
1996-11-01,-0.012222374374694311,0.020000000000000018
1996-11-04,0.008349617113849739,0.0
1996-11-05,-0.02185573125517193,0.030000000000000027
1996-11-06,-0.03928870413317087,-0.030000000000000027
1996-11-07,0.014043530977313257,-0.010000000000000009
1996-11-08,-0.08674729480571974,-0.020000000000000018
1996-11-13,-0.031076881023608394,0.010000000000000009
1996-11-14,-0.07674615489070691,0.010000000000000009
1996-11-15,0.04050287181486745,-0.010000000000000009
1996-11-18,0.05157180713130893,0.010000000000000009
1996-11-19,0.007248796155683301,0.0
1996-11-20,0.04556450645499854,0.0
1996-11-21,-0.010722272387121645,-0.020000000000000018
1996-11-22,-0.05540680619933225,0.06000000000000005
1996-11-25,0.06424524757408046,0.0
1996-11-26,0.06449923689643944,0.019999999999999796
1996-11-27,-0.0005894488823776634,-0.010000000000000009
1996-12-02,0.04506037444740807,0.0
1996-12-03,0.040978145183654835,0.020000000000000018
1996-12-04,-0.040978145183654835,-0.010000000000000009
1996-12-05,0.011644157069949035,-0.030000000000000027
1996-12-06,0.036800689470243064,-0.009999999999999787
1996-12-09,-0.05853461823580908,0.0
1996-12-10,0.007297253823943528,-0.010000000000000009
1996-12-11,0.0959201218787391,-0.050000000000000044
1996-12-12,0.03837999086470356,0.0
1996-12-13,0.030816112001872398,0.020000000000000018
1996-12-16,0.04178881007598667,0.0
1996-12-17,-0.057078166678648845,0.0
1996-12-18,-0.06720617502484227,-0.020000000000000018
1996-12-19,-0.03404361226476116,0.030000000000000027
1996-12-20,0.004253063295602377,-0.020000000000000018
1996-12-23,0.033901551675680874,0.010000000000000009
1996-12-24,-0.042961032769004426,-0.030000000000000027
1996-12-27,0.0286339817188086,0.0
1996-12-30,0.019669371182858608,-0.020000000000000018
1996-12-31,0.06977848456170221,-0.010000000000000009
1997-01-03,-0.0999091969899304,0.010000000000000009
1997-01-06,0.03895930941371928,0.0
1997-01-07,-0.02752467339008957,0.020000000000000018
1997-01-08,0.04496842494347364,-0.020000000000000018
1997-01-09,0.03256666902127758,0.010000000000000009
1997-01-10,-0.06316850515217265,-0.020000000000000018
1997-01-13,0.010641093568357185,-0.040000000000000036
1997-01-14,-0.02915061943045183,0.030000000000000027
1997-01-15,0.0067235836430072915,0.0
1997-01-16,0.01076657413897264,0.010000000000000009
1997-01-17,-0.051266455594757954,0.0
1997-01-22,-0.04126660017407069,-0.040000000000000036
1997-01-23,0.07765429708364913,-0.030000000000000027
1997-01-24,0.0455104990090911,0.020000000000000018
1997-01-27,0.04204214998292821,-0.020000000000000018
1997-01-28,0.028363759598213356,0.020000000000000018
1997-01-29,-0.024897551621727132,0.0
1997-01-30,-0.03829183179554585,0.0
1997-02-04,-0.007690373713015841,0.0
1997-02-05,0.08055724331648095,0.0
1997-02-06,-0.043675063502661704,0.0
1997-02-07,-0.06453852113757108,0.030000000000000027
1997-02-10,0.08855339734144518,0.0
1997-02-11,-0.03348417197931797,-0.06000000000000005
1997-02-12,-0.024842849213334794,0.050000000000000044
1997-02-13,-0.012916738613700574,0.010000000000000009
1997-02-14,-0.0026034901453964032,-0.010000000000000009
1997-02-19,0.045157759158425126,0.010000000000000009
1997-02-20,0.0380817076992237,-0.040000000000000036
1997-02-21,-0.040997161659347636,0.040000000000000036
1997-02-24,-0.035160839085516926,-0.010000000000000009
1997-02-25,0.007031671363680658,0.0
1997-02-26,0.0373324295809736,-0.040000000000000036
1997-02-27,0.016260520871780315,0.0
1997-02-28,0.0009483168088593175,-0.010000000000000009
1997-03-03,-0.010002464913546394,0.020000000000000018
1997-03-04,-0.013009096979660573,-0.010000000000000009
1997-03-05,-0.056359965069344486,-0.010000000000000009
1997-03-06,0.04954728665183783,0.020000000000000018
1997-03-07,-0.058307971386935,0.020000000000000018
1997-03-10,-0.016701849617931863,0.0
1997-03-11,0.013072081567353067,0.010000000000000009
1997-03-12,0.018528579474461626,-0.020000000000000018
1997-03-13,0.00913711940621953,-0.020000000000000018
1997-03-14,0.0010101010959848722,-0.020000000000000018
1997-03-17,0.055951785657687214,0.0
1997-03-18,0.014688726545655229,0.0
1997-03-19,0.022326508779261456,0.030000000000000027
1997-03-20,-0.024209748507226347,-0.020000000000000018
1997-03-21,-0.07483324053480267,0.0
1997-03-24,0.018616889882755228,-0.010000000000000009
1997-03-25,-0.040697376163810084,-0.010000000000000009
1997-03-26,-0.05003704712399504,-0.040000000000000036
1997-03-27,0.11243152689837821,-0.010000000000000009
1997-04-01,-0.060511710395324325,0.010000000000000009
1997-04-02,0.021832855830213216,0.020000000000000018
1997-04-03,-0.00517770043517185,0.020000000000000018
1997-04-04,-0.09705781267951918,0.010000000000000009
1997-04-07,-0.03816043301528227,0.010000000000000009
1997-04-08,-0.0037889084569582288,-0.030000000000000027
1997-04-09,0.006486509229606252,0.0
1997-04-10,0.023956429142283575,0.0
1997-04-11,0.03869453581938398,-0.020000000000000018
1997-04-14,-0.0344950545820657,0.0
1997-04-15,-0.044999557709155535,0.030000000000000027
1997-04-16,-0.033996029449855136,-0.010000000000000009
1997-04-17,0.05888908970735285,0.010000000000000009
1997-04-18,0.0021356121304214604,0.030000000000000027
1997-04-21,0.0695260626486105,0.0
1997-04-22,-0.029280234080083734,-0.010000000000000009
1997-04-23,0.048009219186360585,-0.020000000000000018
1997-04-24,0.016945455101573526,-0.020000000000000018
1997-04-25,0.015245650219406048,0.020000000000000018
1997-04-28,0.008943340381320386,0.010000000000000009
1997-04-29,-0.07439638516314773,0.030000000000000027
1997-04-30,0.012540921823330109,0.010000000000000009
1997-05-01,-0.009516725970064144,0.020000000000000018
1997-05-02,-0.12643891026596465,0.010000000000000009
1997-05-05,0.13943909335393956,-0.020000000000000018
1997-05-06,0.03514270859311042,-0.020000000000000018
1997-05-07,0.02322929762879644,-0.030000000000000027
1997-05-08,-0.0037558729598052842,0.0
1997-05-09,-0.055610169129240994,0.040000000000000036
1997-05-12,0.006937589767987529,0.010000000000000009
1997-05-13,0.027278846852994754,-0.030000000000000027
1997-05-14,0.013365354085140169,0.010000000000000009
1997-05-15,-0.057576876414578315,-0.010000000000000009
1997-05-16,0.08008134232496023,-0.010000000000000009
1997-05-19,-0.004181190760401243,0.0
1997-05-20,-0.10909186327068454,0.010000000000000009
1997-05-21,0.0010378828124202322,0.010000000000000009
1997-05-22,-0.026808438583981964,0.0
1997-05-23,-0.03745349563438749,0.020000000000000018
1997-05-28,-0.004140792666031512,-0.020000000000000018
1997-05-29,-0.013577232065155265,0.020000000000000018
1997-05-30,0.008898252902364234,0.010000000000000009
1997-06-02,0.08296463822520206,-0.010000000000000009
1997-06-03,-0.04112179964916862,0.010000000000000009
1997-06-04,0.004487666469388252,0.0
1997-06-05,0.012852376617291661,0.010000000000000009
1997-06-06,-0.07229610392438968,0.030000000000000027
1997-06-09,0.02708498899992673,0.0
1997-06-10,-0.02181904739463958,0.0
1997-06-11,-0.010029115469199379,-0.010000000000000009
1997-06-12,-0.01820178730861377,-0.010000000000000009
1997-06-13,0.04023835584086877,0.010000000000000009
1997-06-16,0.025616154756250342,0.010000000000000009
1997-06-17,0.020030714783595194,-0.010000000000000009
1997-06-18,0.013786530522690299,0.0
1997-06-19,-0.017263067423780587,0.0
1997-06-20,0.004962789342128904,-0.020000000000000018
1997-06-23,0.047846767873048535,0.020000000000000018
1997-06-24,-0.021465169478826596,-0.030000000000000027
1997-06-25,0.03598873233223587,0.0
1997-06-26,0.014774045271307656,-0.010000000000000009
1997-06-27,-0.027882847219087736,0.010000000000000009
1997-06-30,0.014503178190434785,-0.010000000000000009
1997-07-01,-0.024924873652848678,0.010000000000000009
1997-07-02,-0.06390380197948042,0.010000000000000009
1997-07-03,-0.1002972137012792,0.030000000000000027
1997-07-08,-0.019530839874082773,-0.010000000000000009
1997-07-09,0.083807957272092,-0.010000000000000009
1997-07-10,-0.023810648693718406,0.0
1997-07-11,-0.044132353930396384,0.010000000000000009
1997-07-14,0.02691673887630852,-0.020000000000000018
1997-07-15,-0.030069657935924088,0.0
1997-07-16,0.018770102681990863,0.010000000000000009
1997-07-17,0.05916512265198115,0.010000000000000009
1997-07-18,0.08131521055867097,-0.020000000000000018
1997-07-21,0.05373644749289497,0.0
1997-07-22,-0.07689298730552219,0.020000000000000018
1997-07-23,-0.021825802531076466,-0.020000000000000018
1997-07-24,-0.01609121326253815,-0.010000000000000009
1997-07-25,-0.006701796266018523,0.0
1997-07-28,0.047829087689881256,-0.010000000000000009
1997-07-29,0.008207980417829663,0.020000000000000018
1997-07-30,-0.029027608200219657,0.010000000000000009
1997-07-31,0.004198746546349774,0.010000000000000009
1997-08-01,0.03701587775711346,-0.050000000000000044
1997-08-04,-0.015826692550693355,0.010000000000000009
1997-08-05,-0.06108051423372185,0.0
1997-08-06,-0.02900178686078414,0.0
1997-08-07,-0.01406351657005267,0.0
1997-08-08,0.1275703121277716,0.010000000000000009
1997-08-11,0.01370793076535115,-0.010000000000000009
1997-08-12,0.04213865040500231,-0.020000000000000018
1997-08-13,0.03190658058736018,0.040000000000000036
1997-08-14,-0.059223686781721074,0.06000000000000005
1997-08-15,0.056364791634591516,0.0
1997-08-18,-0.003277348283766024,0.04999999999999982
1997-08-19,-0.07363461430213292,-0.009999999999999787
1997-08-20,-0.07091925884429884,-0.030000000000000027
1997-08-21,0.12214629661996756,-0.040000000000000036
1997-08-22,0.03747607585369117,-0.050000000000000044
1997-08-25,-0.02620952646773267,0.020000000000000018
1997-08-26,0.025805241036715554,-0.07000000000000006
1997-08-27,-0.019188178017420565,-0.010000000000000009
1997-08-28,0.010252294024116981,0.040000000000000036
1997-08-29,0.010148250276374338,-0.040000000000000036
1997-09-03,0.01697696392712933,-0.010000000000000009
1997-09-04,0.012744099202575132,0.0
1997-09-05,-0.03873013307207085,-0.010000000000000009
1997-09-08,0.003695343971124476,0.030000000000000027
1997-09-09,-0.02112317096143812,-0.010000000000000009
1997-09-10,0.030911177327600736,-0.010000000000000009
1997-09-11,0.053340709988079826,0.010000000000000009
1997-09-12,-0.03205903950617417,0.020000000000000018
1997-09-15,0.022393393020756047,0.010000000000000009
1997-09-16,-0.07962192079587815,0.07000000000000006
1997-09-17,0.01378755912450691,-0.020000000000000018
1997-09-18,-0.026062845536713564,-0.010000000000000009
1997-09-19,-0.03202350663750586,0.020000000000000018
1997-09-22,-0.02945326691349548,0.010000000000000009
1997-09-23,-0.0036297680505783525,-0.020000000000000018
1997-09-24,0.028675799976666028,0.010000000000000009
1997-09-25,0.0140353181163837,-0.030000000000000027
1997-09-26,-0.030962225603966775,0.030000000000000027
1997-09-29,-0.0013486178712938113,-0.010000000000000009
1997-09-30,0.030130768489299076,0.0
1997-10-01,-0.026090358952294057,0.010000000000000009
1997-10-02,-0.002242656243833796,0.020000000000000018
1997-10-03,-0.03332880954103379,0.0
1997-10-06,0.0032444987905519973,0.030000000000000027
1997-10-07,-0.06302801668107127,-0.010000000000000009
1997-10-08,0.02338148405029772,-0.040000000000000036
1997-10-09,0.07152537055642005,-0.010000000000000009
1997-10-10,-0.12188151709731043,-0.030000000000000027
1997-10-15,0.002997005240269246,-0.010000000000000009
1997-10-16,0.02365807727826441,0.010000000000000009
1997-10-17,0.05496409380794054,-0.08000000000000007
1997-10-20,-0.045751907447500795,0.050000000000000044
1997-10-21,-0.059147672502694704,-0.07000000000000006
1997-10-22,0.016755913728438987,0.020000000000000018
1997-10-23,0.14635168015806377,-0.020000000000000018
1997-10-24,0.007798999669194728,0.030000000000000027
1997-10-27,0.29499236086590575,0.13000000000000012
1997-10-28,0.0032082157770951802,-0.050000000000000044
1997-10-29,0.07792150223125294,0.030000000000000027
1997-10-30,0.12385509829399055,0.020000000000000018
1997-10-31,-0.0849193260174057,-0.010000000000000009
1997-11-03,-0.089371734473358,-0.040000000000000036
1997-11-04,0.0046634625166617205,-0.050000000000000044
1997-11-05,-0.0018627760741902755,0.040000000000000036
1997-11-06,0.012046477723905102,0.010000000000000009
1997-11-07,0.10759933400666899,0.0
1997-11-10,0.009876623495912007,-0.010000000000000009
1997-11-13,-0.0322262043777477,-0.010000000000000009
1997-11-14,-0.08483035104326975,0.010000000000000009
1997-11-17,-0.063786179935164,0.0
1997-11-18,-0.0009504198402736641,-0.020000000000000018
1997-11-19,-0.052712267122614787,0.0
1997-11-20,-0.09124228716201843,0.0
1997-11-21,-0.02482988409073572,0.010000000000000009
1997-11-24,0.1117192428995053,-0.010000000000000009
1997-11-25,-0.028938189492354383,-0.010000000000000009
1997-12-01,-0.053156225488951936,-0.030000000000000027
1997-12-02,-0.013547720273069608,0.0
1997-12-03,-0.07021843010505924,0.030000000000000027
1997-12-04,-0.0033500868852822663,0.0
1997-12-05,-0.05120499026810599,-0.040000000000000036
1997-12-08,0.024854124340702555,-0.010000000000000009
1997-12-09,0.006011181690280587,0.030000000000000027
1997-12-10,0.04968669628050337,0.020000000000000018
1997-12-11,0.11819028469479553,0.010000000000000009
1997-12-12,0.010441138958846796,0.030000000000000027
1997-12-15,-0.0198957548415839,-0.020000000000000018
1997-12-16,-0.04712914034155036,-0.010000000000000009
1997-12-17,0.008390590797180408,-0.010000000000000009
1997-12-18,0.032140285136161406,0.010000000000000009
1997-12-19,0.07063428445026032,0.010000000000000009
1997-12-22,-0.021476405623256145,-0.010000000000000009
1997-12-23,0.04451265463966081,0.0
1997-12-24,0.013637330922582791,-0.030000000000000027
1997-12-29,-0.08853441714727728,0.010000000000000009
1997-12-30,-0.0942655595033921,0.0
1997-12-31,-0.015292713819963222,0.010000000000000009
1998-01-05,0.03935208467212492,0.06000000000000005
1998-01-06,0.051990916345794336,0.029999999999999805
1998-01-07,-0.023261447017288273,-0.009999999999999787
1998-01-08,0.03680916729035788,0.019999999999999796
1998-01-09,0.09806755053271354,0.07000000000000006
1998-01-12,-0.023630089084412553,0.0
1998-01-13,-0.10726573176163656,0.0
1998-01-14,-0.058070278666574104,-0.030000000000000027
1998-01-15,-0.012712035588362092,-0.020000000000000018
1998-01-16,-0.0798650404437895,0.010000000000000009
1998-01-21,0.03984229999565425,0.020000000000000018
1998-01-22,0.027578898260641527,0.010000000000000009
1998-01-23,0.006884708777497028,-0.040000000000000036
1998-01-26,0.027491686964001172,0.020000000000000018
1998-01-27,-0.07356256717701637,-0.029999999999999805
1998-01-28,-0.009474467443919998,0.029999999999999805
1998-01-29,-0.01876055937685761,0.020000000000000018
1998-01-30,-0.0083488425578091,0.010000000000000009
1998-02-02,-0.005136597798695686,0.0
1998-02-03,-0.03283664039831713,0.010000000000000009
1998-02-04,-0.0058224327514331264,-0.010000000000000009
1998-02-05,0.035376537963144106,0.0
1998-02-06,-0.03732490682109857,0.0
1998-02-09,0.04946324446546768,0.010000000000000009
1998-02-10,-0.042176352858264377,-0.020000000000000018
1998-02-11,-0.013645435896914027,0.050000000000000044
1998-02-12,-0.03241370776005459,0.010000000000000009
1998-02-13,0.005559781822202847,-0.010000000000000009
1998-02-18,-0.054441943578667384,-0.030000000000000027
1998-02-19,0.011128086509407442,-0.010000000000000009
1998-02-20,-0.04527522206198764,-0.010000000000000009
1998-02-23,-0.0005264543422458523,-0.020000000000000018
1998-02-24,0.018779894651596685,-0.04999999999999982
1998-02-25,-0.038456147626869885,0.029999999999999805
1998-02-26,0.0005369127645757921,-0.010000000000000009
1998-02-27,-0.004303395560052881,0.040000000000000036
1998-03-02,0.03391952096616446,-0.020000000000000018
1998-03-03,-0.007847280656389177,-0.010000000000000009
1998-03-04,0.027966607739144944,0.0
1998-03-05,0.06667489935554416,0.010000000000000009
1998-03-06,-0.0894031504331001,-0.010000000000000009
1998-03-09,0.05538626515484557,0.020000000000000018
1998-03-10,-0.04034838779030547,-0.010000000000000009
1998-03-11,-0.028185581875930232,0.040000000000000036
1998-03-12,-0.034467601484917676,0.0
1998-03-13,0.024893060257497712,0.0
1998-03-16,-0.010747013700592056,0.010000000000000009
1998-03-17,0.008071068833791717,0.010000000000000009
1998-03-18,-0.0200277330164238,-0.020000000000000018
1998-03-19,-0.029405724838750036,0.020000000000000018
1998-03-20,0.0510398839034476,-0.010000000000000009
1998-03-23,0.06674315175293577,0.0
1998-03-24,0.026180798863881805,-0.010000000000000009
1998-03-25,0.09437893652734086,-0.020000000000000018
1998-03-26,0.011907527684666519,-0.030000000000000027
1998-03-27,0.028523973566635608,0.020000000000000018
1998-03-30,0.04945948787326593,-0.020000000000000018
1998-03-31,-0.01800375961125189,0.030000000000000027
1998-04-01,-0.03572558957417993,0.030000000000000027
1998-04-02,-0.06132019957529122,0.010000000000000009
1998-04-03,-0.007305968570550547,0.030000000000000027
1998-04-06,0.029354105792313234,-0.010000000000000009
1998-04-07,0.05160477235300265,0.0
1998-04-08,-0.020927520105955555,0.010000000000000009
1998-04-09,-0.07434039516464619,-0.030000000000000027
1998-04-14,-0.05228770955685347,0.010000000000000009
1998-04-15,-0.033885594950320286,0.010000000000000009
1998-04-16,0.05449543825688208,-0.010000000000000009
1998-04-17,-0.060737955527668586,0.0
1998-04-20,-0.017983473711324027,-0.020000000000000018
1998-04-21,-0.023822466510258877,-0.010000000000000009
1998-04-22,-0.023889319043811863,0.020000000000000018
1998-04-23,0.05795827676324228,-0.010000000000000009
1998-04-24,0.0643868106009835,0.0
1998-04-27,0.171874212752118,-0.030000000000000027
1998-04-28,-0.07643990443324533,-0.010000000000000009
1998-04-29,-0.0592292366963556,0.0
1998-04-30,-0.07282561784577535,0.020000000000000018
1998-05-01,-0.09088185014811234,0.0
1998-05-04,0.049430132685132744,0.0
1998-05-05,0.05458511449227155,0.0
1998-05-06,0.06013110605504046,0.0
1998-05-07,0.02598673733849477,0.010000000000000009
1998-05-08,-0.12847487693122206,-0.040000000000000036
1998-05-11,0.023066856463524577,-0.009999999999999787
1998-05-12,-0.003330957160239123,0.019999999999999796
1998-05-13,-0.026075837632647314,0.050000000000000044
1998-05-14,-0.03992546240918404,-0.010000000000000009
1998-05-15,0.03992546240918404,-0.050000000000000044
1998-05-18,0.059357559503279145,0.0
1998-05-19,-0.06180674025241917,0.010000000000000009
1998-05-20,-0.024827491720483152,0.0
1998-05-21,-0.02597548640326064,-0.010000000000000009
1998-05-22,-0.020329081638425617,-0.009999999999999787
1998-05-27,0.023288110211266755,0.020000000000000018
1998-05-28,-0.08544312767853057,-0.020000000000000018
1998-05-29,0.027581396496262567,0.0
1998-06-01,0.06842986124406059,0.010000000000000009
1998-06-02,-0.0370330071833882,-0.010000000000000009
1998-06-03,0.03790866398189774,-0.009999999999999787
1998-06-04,-0.0740069841543769,-0.010000000000000009
1998-06-05,-0.07027280699127081,-0.010000000000000009
1998-06-08,0.03964840421133742,0.0
1998-06-09,-0.002919710103334694,-0.010000000000000009
1998-06-10,0.0457222493380951,0.020000000000000018
1998-06-11,0.09285244730737574,0.029999999999999805
1998-06-12,-0.034091758929003735,0.010000000000000009
1998-06-15,0.1299032208692621,0.010000000000000009
1998-06-16,-0.04494252571736146,-0.030000000000000027
1998-06-17,-0.08014351920646101,-0.019999999999999796
1998-06-18,-0.021639175103481456,0.010000000000000009
1998-06-19,-0.021661496781179235,0.029999999999999805
1998-06-22,0.0009119927672691652,-0.010000000000000009
1998-06-23,-0.08411510288096347,0.030000000000000027
1998-06-24,-0.0074645780790461025,0.010000000000000009
1998-06-25,0.011423019665473877,0.0
1998-06-26,-0.04494571170411721,-0.010000000000000009
1998-06-29,0.010788699559553638,-0.010000000000000009
1998-06-30,0.007128339756643953,0.010000000000000009
1998-07-01,-0.0907543632684642,0.0
1998-07-02,-0.018503471564559337,0.0
1998-07-07,-0.0005369127645757921,-0.010000000000000009
1998-07-08,-0.043914849806257816,0.010000000000000009
1998-07-09,0.018899951130483927,0.0
1998-07-10,-0.013303965626362935,0.0
1998-07-13,0.018795467620038142,0.010000000000000009
1998-07-14,-0.021030105421454337,0.0
1998-07-15,0.0005591277752596824,0.0
1998-07-16,-0.05279481827449306,-0.010000000000000009
1998-07-17,-0.04458569771963505,0.0
1998-07-20,0.06615458982589617,0.020000000000000018
1998-07-21,0.14770384371263434,-0.010000000000000009
1998-07-22,0.010885807645250711,0.0
1998-07-23,0.12432328133699366,0.0
1998-07-24,0.0,0.010000000000000009
1998-07-27,0.005201572196073201,0.0
1998-07-28,0.08769567947802104,-0.030000000000000027
1998-07-29,-0.018385809674269726,0.040000000000000036
1998-07-30,-0.08983909044723903,0.0
1998-07-31,0.09024239757107644,0.0
1998-08-03,0.04648335807151671,-0.010000000000000009
1998-08-04,0.17859380647808765,0.020000000000000018
1998-08-05,-0.040406219193883874,0.0
1998-08-06,-0.056192620582589115,0.0
1998-08-07,-0.04274464541201528,0.010000000000000009
1998-08-10,0.06206043471130673,-0.010000000000000009
1998-08-11,0.10428167304679281,0.020000000000000018
1998-08-12,-0.111262504188133,0.010000000000000009
1998-08-13,0.04687021700425742,-0.020000000000000018
1998-08-14,0.13778370236305282,0.010000000000000009
1998-08-17,-0.07495955098742701,0.0
1998-08-18,-0.11496215931474207,-0.010000000000000009
1998-08-19,0.010159484826113285,0.010000000000000009
1998-08-20,0.044648751668881825,0.0
1998-08-21,0.09954363033626157,0.06000000000000005
1998-08-24,-0.04127472221228601,0.020000000000000018
1998-08-25,-0.04732896808564124,0.07999999999999985
1998-08-26,0.026355844705362674,0.010000000000000009
1998-08-27,0.2134629336034859,0.1399999999999999
1998-08-28,0.026873018251096337,0.020000000000000018
1998-08-31,0.11170398958000138,-0.009999999999999787
1998-09-01,-0.19376894263430566,0.029999999999999805
1998-09-02,0.007646132281355911,-0.04999999999999982
1998-09-03,0.11959495860182434,0.040000000000000036
1998-09-04,0.0443782991372248,-0.010000000000000231
1998-09-09,0.04539201100326906,0.040000000000000036
1998-09-10,0.13274313447647268,0.1200000000000001
1998-09-11,-0.034823242319500736,-0.020000000000000018
1998-09-14,-0.12578824302848535,0.010000000000000231
1998-09-15,-0.05297312925741693,-0.020000000000000018
1998-09-16,-0.01765076160730672,0.020000000000000018
1998-09-17,0.08759087886604844,0.04999999999999982
1998-09-18,-0.015412583543271463,0.08000000000000007
1998-09-21,-0.0012951692006066828,0.009999999999999787
1998-09-22,-0.05213946823121862,-0.029999999999999805
1998-09-23,-0.12027795313160983,0.029999999999999805
1998-09-24,0.06526969817270523,0.040000000000000036
1998-09-25,-0.0031787340737809977,0.06000000000000005
1998-09-28,0.009219310473880693,0.010000000000000231
1998-09-29,0.03411183450686339,0.009999999999999787
1998-09-30,0.12661311510465545,0.06999999999999984
1998-10-01,0.059949251953930194,0.050000000000000266
1998-10-02,-0.07174010336523429,-0.020000000000000018
1998-10-05,0.05621076126908031,0.08999999999999986
1998-10-06,-0.038333463801373924,-0.029999999999999805
1998-10-07,0.054552540377108105,-0.040000000000000036
1998-10-08,0.04998239186204634,0.029999999999999805
1998-10-09,-0.08055296755266905,-0.08999999999999986
1998-10-14,-0.032077507187362464,0.06999999999999984
1998-10-15,-0.1557776014516863,0.03000000000000025
1998-10-16,0.04343405701739478,0.08999999999999986
1998-10-19,-0.04975271802823844,-0.029999999999999805
1998-10-20,-0.0006038647526498409,-0.040000000000000036
1998-10-21,0.0030156838295005706,-0.03000000000000025
1998-10-22,-0.05191156183168566,0.020000000000000018
1998-10-23,0.02319853250690107,-0.04999999999999982
1998-10-26,0.0034029421856183184,-0.07000000000000028
1998-10-27,0.017450312699027304,0.040000000000000036
1998-10-28,-0.016215744640986074,0.050000000000000266
1998-10-29,-0.09438525296175593,0.029999999999999805
1998-10-30,-0.05040163137706877,-0.040000000000000036
1998-11-02,-0.028568205700318927,-0.040000000000000036
1998-11-03,0.018175709370217064,-0.009999999999999787
1998-11-04,-0.01414861258601574,0.0
1998-11-05,-0.050966443592027844,0.009999999999999787
1998-11-06,-0.011990087559385909,-0.06999999999999984
1998-11-09,0.08892264921497794,-0.08000000000000007
1998-11-10,0.0028439407721290166,0.08000000000000007
1998-11-13,-0.008574911056572265,-0.040000000000000036
1998-11-16,-0.004488182918152006,0.0
1998-11-17,-0.03342439551727816,-0.029999999999999805
1998-11-18,-0.029777072930267767,0.009999999999999787
1998-11-19,-0.061961674506460174,-0.040000000000000036
1998-11-20,-0.12649736596714245,0.0
1998-11-23,-0.028437935320533736,0.0
1998-11-24,0.06385147198653307,-0.020000000000000018
1998-11-25,-0.04975712637209284,0.0
1998-11-30,0.16335606202853414,0.010000000000000231
1998-12-01,-0.040805975168878295,0.05999999999999961
1998-12-02,0.01825447514234657,0.06000000000000005
1998-12-03,0.12096754333154713,0.03000000000000025
1998-12-04,-0.12569754820854273,0.0
1998-12-07,-0.01633177108637085,-0.07000000000000028
1998-12-08,0.02694299268003464,0.06000000000000005
1998-12-09,0.003122563036793924,0.010000000000000231
1998-12-10,0.04384159306037727,0.029999999999999805
1998-12-11,0.03337922207383448,-0.029999999999999805
1998-12-14,0.12178336101661191,0.009999999999999787
1998-12-15,-0.0622628201650226,-0.009999999999999787
1998-12-16,0.018188443475727123,0.020000000000000018
1998-12-17,-0.06908824128340907,0.0
1998-12-18,-0.11030037113371183,0.029999999999999805
1998-12-21,-0.04827112956212787,-0.06000000000000005
1998-12-22,-0.046320458650733976,-0.020000000000000018
1998-12-23,-0.11970542660350603,-0.06000000000000005
1998-12-24,0.06094473822513402,-0.009999999999999787
1998-12-29,-0.0578094392278925,0.040000000000000036
1998-12-30,0.05097764493618895,0.040000000000000036
1998-12-31,0.04523384182414869,-0.029999999999999805
1999-01-05,-0.06757458628302793,0.0
1999-01-06,-0.04687050340061649,-0.020000000000000018
1999-01-07,0.043184240778705085,-0.020000000000000018
1999-01-08,-0.0457582447738778,-0.06000000000000005
1999-01-11,0.08951397026602326,-0.029999999999999805
1999-01-12,0.09866098321043948,0.04999999999999982
1999-01-13,0.06908776615394263,0.020000000000000018
1999-01-14,0.09104397463781,0.050000000000000266
1999-01-15,-0.12036368224987504,0.009999999999999787
1999-01-20,-0.022130917055770638,-0.03000000000000025
1999-01-21,0.07799650589341445,0.040000000000000036
1999-01-22,0.03276895710432237,0.020000000000000018
1999-01-25,-0.02600019637002715,-0.009999999999999787
1999-01-26,-0.06297640533036208,-0.010000000000000231
1999-01-27,0.016961057886851982,0.010000000000000231
1999-01-28,-0.056031252091565786,-0.020000000000000018
1999-01-29,-0.06845939588080796,-0.010000000000000231
1999-02-01,0.05268280476120202,-0.020000000000000018
1999-02-02,0.01755373749100686,0.0
1999-02-03,-0.009992945397518493,-0.03999999999999959
1999-02-04,0.05580248142881272,-0.010000000000000231
1999-02-05,0.006424366981594876,-0.029999999999999805
1999-02-08,0.020020688730896463,0.0
1999-02-09,0.035376072448579876,0.0
1999-02-10,-0.029447201326301187,0.009999999999999787
1999-02-11,-0.1048133200217376,-0.020000000000000018
1999-02-12,0.08189253583072276,-0.1299999999999999
1999-02-17,0.03317053693848582,0.03000000000000025
1999-02-18,-0.006546668226314445,-0.020000000000000018
1999-02-19,-0.038498478132884095,-0.010000000000000231
1999-02-22,-0.12450351982508412,0.0
1999-02-23,0.023683307086040717,-0.029999999999999805
1999-02-24,0.026817249511176477,-0.020000000000000018
1999-02-25,0.028977036476862228,-0.04999999999999982
1999-02-26,-0.004652003379693959,0.0
1999-03-01,0.01742266292843686,-0.03000000000000025
1999-03-02,0.029521157501793294,0.020000000000000018
1999-03-03,-0.0061792163659579735,0.010000000000000231
1999-03-04,-0.08513485176267244,-0.010000000000000231
1999-03-05,-0.10215771775330262,0.010000000000000231
1999-03-08,0.018922818842145084,0.029999999999999805
1999-03-09,0.019371065755999783,0.04999999999999982
1999-03-10,-0.009235158991665937,-0.009999999999999787
1999-03-11,-0.017087478409984147,0.0
1999-03-12,0.01910238942816278,0.020000000000000018
1999-03-15,0.015974780607734385,-0.010000000000000231
1999-03-16,-0.003572141127264228,0.020000000000000018
1999-03-17,0.01656189275734743,0.0
1999-03-18,-0.057963909666154834,0.020000000000000018
1999-03-19,0.007843177461025697,-0.029999999999999805
1999-03-22,0.027576767770234323,-0.010000000000000231
1999-03-23,0.08691137198929644,0.010000000000000231
1999-03-24,-0.024875981069843345,0.0
1999-03-25,-0.0892010589922223,-0.010000000000000231
1999-03-26,-0.01199104712842436,0.010000000000000231
1999-03-29,-0.021018007834876506,-0.040000000000000036
1999-03-30,-0.03501546396767852,0.029999999999999805
1999-03-31,0.023049509226066522,-0.009999999999999787
1999-04-01,-0.05296913326516206,0.009999999999999787
1999-04-06,0.020518114984540592,0.020000000000000018
1999-04-07,0.0070391843672537036,-0.009999999999999787
1999-04-08,-0.00969170581638501,0.040000000000000036
1999-04-09,-0.03697445523345566,-0.020000000000000018
1999-04-12,0.007322687183340726,-0.010000000000000231
1999-04-13,0.03583007543465522,-0.029999999999999805
1999-04-14,0.0927873023874386,0.0
1999-04-15,-0.041340038331608486,-0.040000000000000036
1999-04-16,-0.0012544429828169612,0.0
1999-04-19,0.10024284015671414,0.020000000000000018
1999-04-20,-0.054445794055414165,0.0
1999-04-21,-0.07079305199109953,0.0
1999-04-22,-0.030047982359691083,-0.020000000000000018
1999-04-23,0.006170138570155803,-0.010000000000000231
1999-04-26,0.03327159348114073,0.010000000000000231
1999-04-27,-0.007251044779244875,-0.010000000000000231
1999-04-28,0.04355797433913011,-0.029999999999999805
1999-04-29,0.026689817168765728,0.010000000000000231
1999-04-30,0.00039896270228023667,-0.020000000000000018
1999-05-03,-0.03738753207162038,-0.020000000000000018
1999-05-04,0.05908891637000657,0.009999999999999787
1999-05-05,-0.016926206104069585,0.0
1999-05-06,0.08555471249316549,-0.040000000000000036
1999-05-07,-0.07882867328865917,0.0
1999-05-10,0.048489683397940464,-0.040000000000000036
1999-05-11,-0.038289516498377196,-0.009999999999999787
1999-05-12,0.019710783063932702,0.06999999999999984
1999-05-13,-0.043408574493756014,0.010000000000000231
1999-05-14,0.07096268605632661,-0.08000000000000007
1999-05-17,0.015515641880169628,-0.03000000000000025
1999-05-18,-0.0007334067068747174,0.020000000000000018
1999-05-19,-0.08334971050366669,0.03000000000000025
1999-05-20,-0.02503158550569351,0.06999999999999984
1999-05-21,-0.002455997959870171,0.020000000000000018
1999-05-24,0.1239570156819898,0.040000000000000036
1999-05-25,0.04530144713724038,0.0
1999-05-26,-0.047113370082680905,-0.029999999999999805
1999-05-27,0.019752841906758523,-0.050000000000000266
1999-05-28,-0.10212567122587712,-0.009999999999999787
1999-06-02,-0.015521795631650459,-0.020000000000000018
1999-06-03,-0.0003816065682640257,0.020000000000000018
1999-06-04,-0.11174215824734679,0.0
1999-06-07,0.01482763874293136,0.009999999999999787
1999-06-08,0.0100419253892019,0.0
1999-06-09,-0.005008357714372469,-0.029999999999999805
1999-06-10,0.057716138338510525,-0.010000000000000231
1999-06-11,0.022648371429516256,-0.020000000000000018
1999-06-14,0.02327905159544219,0.010000000000000231
1999-06-15,-0.02289302572691554,0.009999999999999787
1999-06-16,-0.14556803571302446,0.020000000000000018
1999-06-17,-0.02029381933981389,0.040000000000000036
1999-06-18,-0.009153381986487297,-0.020000000000000018
1999-06-21,0.0027548226788445263,-0.009999999999999787
1999-06-22,-0.00505631966712361,0.0
1999-06-23,-0.017666661248770144,-0.020000000000000018
1999-06-24,0.0784539155432693,0.0
1999-06-25,-0.05802609285317084,0.029999999999999805
1999-06-28,0.03920303765770372,0.0
1999-06-29,-0.005316804726804847,-0.009999999999999787
1999-06-30,-0.06516066042795776,0.06000000000000005
1999-07-01,-0.06868810183964902,-0.050000000000000266
1999-07-02,-0.053728697231836264,0.010000000000000231
1999-07-07,-0.01850101455908426,-0.040000000000000036
1999-07-08,-0.005420067469339429,0.029999999999999805
1999-07-09,-0.1195137815452112,0.0
1999-07-12,0.09399325716047047,0.010000000000000231
1999-07-13,0.011088823301348416,0.020000000000000018
1999-07-14,-0.012103022171243705,-0.010000000000000231
1999-07-15,-0.05367268836393224,0.020000000000000018
1999-07-16,-0.06983446137633953,0.020000000000000018
1999-07-19,0.09049744818797079,0.020000000000000018
1999-07-20,0.13333472934420065,0.0
1999-07-21,-0.015260411753975855,0.050000000000000266
1999-07-22,0.07147503224010521,-0.06000000000000005
1999-07-23,0.01164559203963389,0.0
1999-07-26,0.06876414321514002,-0.020000000000000018
1999-07-27,-0.07263095791511365,0.009999999999999787
1999-07-28,-0.01649342944210419,0.010000000000000231
1999-07-29,0.07053799372779679,0.020000000000000018
1999-07-30,0.004882027597308269,-0.010000000000000231
1999-08-02,0.03783051150637862,0.0
1999-08-03,0.026225953525750967,0.0
1999-08-04,0.04211540969657612,-0.029999999999999805
1999-08-05,-0.014335845589500185,0.029999999999999805
1999-08-06,-0.015295952016870729,0.0
1999-08-09,0.039076110448958534,-0.04999999999999982
1999-08-10,0.028160834335727802,-0.010000000000000231
1999-08-11,-0.11379276485575307,0.08000000000000007
1999-08-12,-0.014280290272904228,0.010000000000000231
1999-08-13,-0.11504009699924156,0.03999999999999959
1999-08-16,0.033498063741220996,-0.04999999999999982
1999-08-17,-0.06260425663739433,0.03000000000000025
1999-08-18,0.0725245450233869,0.0
1999-08-19,0.04571985165617409,-0.010000000000000231
1999-08-20,-0.060855275721274804,0.0
1999-08-23,-0.01758287055786667,-0.020000000000000018
1999-08-24,-0.006674107087693226,0.040000000000000036
1999-08-25,-0.06644509940815269,0.020000000000000018
1999-08-26,0.011856909123749926,0.0
1999-08-27,0.028812401985260916,-0.029999999999999805
1999-08-30,0.1206800415705942,-0.010000000000000231
1999-08-31,-0.007334996211565414,0.0
1999-09-01,-0.06418411905106813,0.0
1999-09-02,0.06745076140058526,0.010000000000000231
1999-09-03,-0.156327255302247,0.03999999999999959
1999-09-08,0.016081599218341847,0.010000000000000231
1999-09-09,-0.034596659879879255,-0.010000000000000231
1999-09-10,-0.04352374323302266,0.010000000000000231
1999-09-13,0.038294973150223566,0.0
1999-09-14,0.03772414740762686,-0.020000000000000018
1999-09-15,0.032694821906839255,0.0
1999-09-16,0.027707052442427216,0.009999999999999787
1999-09-17,-0.08037279514971418,0.020000000000000018
1999-09-20,0.030849689176722705,0.0
1999-09-21,0.06524052186840112,-0.009999999999999787
1999-09-22,-0.01809648125225971,0.009999999999999787
1999-09-23,0.10002674510170007,0.050000000000000266
1999-09-24,-0.00179759171180649,0.08000000000000007
1999-09-27,-0.05131223360214188,-0.03000000000000025
1999-09-28,-0.012962438455571323,-0.029999999999999805
1999-09-29,0.016365731587279164,-0.040000000000000036
1999-09-30,-0.04162450595190581,-0.010000000000000231
1999-10-01,-0.019070899796606255,-0.040000000000000036
1999-10-04,-0.019032767276439877,0.020000000000000018
1999-10-05,0.01340121578807274,-0.009999999999999787
1999-10-06,-0.11667433222174273,-0.029999999999999805
1999-10-07,0.06663288128386835,0.0
1999-10-08,-0.14046193285841646,0.019999999999999574
1999-10-13,0.12804350704807987,0.010000000000000231
1999-10-14,0.003460876363486687,-0.010000000000000231
1999-10-15,0.09861999904398333,0.03000000000000025
1999-10-18,-0.01967046211733825,0.0
1999-10-19,-0.05956098051778813,-0.06000000000000005
1999-10-20,-0.10552786567076788,-0.009999999999999787
1999-10-21,0.005008357714372469,0.029999999999999805
1999-10-22,-0.1043433626735566,-0.020000000000000018
1999-10-25,0.0867032580532836,0.0
1999-10-26,0.027582191484339713,-0.009999999999999787
1999-10-27,-0.0024762703532634767,0.019999999999999574
1999-10-28,-0.12576938728903375,0.0
1999-10-29,0.039509043004626765,0.020000000000000018
1999-11-01,-0.004967271446207899,-0.009999999999999787
1999-11-02,0.04470760009572183,-0.010000000000000231
1999-11-03,0.002594035177046816,0.010000000000000231
1999-11-04,-0.0069324367756449234,0.009999999999999787
1999-11-05,-0.06002697435630511,-0.009999999999999787
1999-11-08,0.009648593115831883,-0.020000000000000018
1999-11-09,0.03724908979868058,-0.08999999999999986
1999-11-10,-0.01957357863995801,-0.03000000000000025
1999-11-15,0.04912003387389108,-0.040000000000000036
1999-11-16,-0.09254356187470147,-0.04999999999999982
1999-11-17,0.011033933005152985,0.0
1999-11-18,-0.058956167133119575,0.0
1999-11-19,-0.033447934067539986,-0.020000000000000018
1999-11-22,0.04452001496822566,0.009999999999999787
1999-11-23,0.0497906645030155,0.010000000000000231
1999-11-24,-0.035873938902885705,-0.020000000000000018
1999-11-29,0.0540436510959732,-0.019999999999999796
1999-11-30,0.025551128238606946,0.0
1999-12-01,-0.0840831172105414,-0.020000000000000018
1999-12-02,-0.02090985272964918,-0.020000000000000018
1999-12-03,-0.1193920464620839,0.010000000000000009
1999-12-06,0.06317890162153139,0.0
1999-12-07,0.02447926408477974,0.010000000000000009
1999-12-08,0.007557900879742618,-0.020000000000000018
1999-12-09,-0.0028275230902181647,0.0
1999-12-10,0.013592897360456213,0.0
1999-12-13,0.011111225425070703,0.0
1999-12-14,0.05986601977517836,-0.010000000000000009
1999-12-15,-0.045694354026661,-0.010000000000000009
1999-12-16,-0.005462007206876951,0.0
1999-12-17,-0.025891413932741525,0.0
1999-12-20,0.10779315158800218,-0.020000000000000018
1999-12-21,-0.048243635662775564,0.010000000000000009
1999-12-22,-0.010201907067743043,-0.030000000000000027
1999-12-23,-0.06017888969405627,-0.010000000000000009
1999-12-28,-0.004344055484655218,-0.010000000000000009
1999-12-29,0.005210606665396966,-0.010000000000000009
1999-12-30,0.06982982444999175,0.0
1999-12-31,-0.004858309151076767,-0.1100000000000001
2000-01-03,-0.017605367715351594,-0.040000000000000036
2000-01-04,0.10944139685455712,0.030000000000000027
2000-01-05,-0.022464441495483545,-0.050000000000000044
2000-01-06,-0.026085100015388107,0.0
2000-01-07,-0.1694241312279181,0.030000000000000027
2000-01-10,-0.0004605111755342506,0.0
2000-01-11,0.03574232532017385,-0.010000000000000009
2000-01-12,0.014998075577435266,-0.010000000000000009
2000-01-13,-0.05074040089760912,0.07000000000000006
2000-01-14,-0.09918686917117991,-0.020000000000000018
2000-01-19,0.010180559932117639,-0.020000000000000018
2000-01-20,0.001380262468958282,-0.040000000000000036
2000-01-21,-0.04369969434787002,-0.030000000000000027
2000-01-24,0.14505218860815772,0.040000000000000036
2000-01-25,-0.044602848501244186,-0.040000000000000036
2000-01-26,0.000434310538857563,-0.039999999999999813
2000-01-27,0.021903387999536506,-0.040000000000000036
2000-01-28,0.10476560636394527,0.050000000000000044
2000-01-31,-0.04659288599854827,0.07999999999999985
2000-02-01,-0.062003327305239164,-0.030000000000000027
2000-02-02,-0.014172451088111604,-0.029999999999999805
2000-02-03,-0.04920114826580635,0.019999999999999796
2000-02-04,-0.02158522381012773,-0.039999999999999813
2000-02-07,0.05641017152935035,0.05999999999999983
2000-02-08,-0.06996494788716712,-0.06999999999999984
2000-02-09,0.07478001518976818,0.10999999999999988
2000-02-10,0.007396161625468078,0.020000000000000018
2000-02-11,0.056869396496896485,0.010000000000000009
2000-02-14,-0.0016393446294333813,0.010000000000000009
2000-02-15,-0.06175323220658635,0.030000000000000027
2000-02-16,0.025415970705439328,0.020000000000000018
2000-02-17,-0.014567524107693242,-0.040000000000000036
2000-02-18,0.11523819957719716,0.07000000000000006
2000-02-23,-0.07923741200599332,-0.039999999999999813
2000-02-24,0.020303162715407108,0.09999999999999987
2000-02-25,0.03308087046425223,0.050000000000000044
2000-02-28,-0.02085079548019042,0.019999999999999796
2000-02-29,-0.05454005048642063,-0.09999999999999987
2000-03-01,-0.07690969457248542,0.050000000000000044
2000-03-02,-0.02716794727245153,-0.010000000000000009
2000-03-03,-0.09194452992536428,-0.020000000000000018
2000-03-06,0.11262195835315181,-0.020000000000000018
2000-03-07,0.12283485319441478,0.040000000000000036
2000-03-08,-0.02036222440087787,0.030000000000000027
2000-03-09,-0.06998292602081779,0.06999999999999984
2000-03-10,-0.04465644153259829,0.040000000000000036
2000-03-13,0.07306492096647599,0.08000000000000007
2000-03-14,0.0660417670646547,-0.020000000000000018
2000-03-15,-0.08861409076381399,0.020000000000000018
2000-03-16,-0.07286915575303343,-0.009999999999999787
2000-03-17,0.0742111376140171,0.0
2000-03-20,0.026032795949327614,-0.020000000000000018
2000-03-21,-0.05644131090495197,0.040000000000000036
2000-03-22,-0.009724549891994894,0.020000000000000018
2000-03-23,0.03520363519298009,0.0
2000-03-24,0.046091107200266546,-0.07000000000000028
2000-03-27,0.051014405222732595,-0.020000000000000018
2000-03-28,0.013363227812166922,0.050000000000000266
2000-03-29,-0.031048245585955758,0.040000000000000036
2000-03-30,0.055289448494756144,0.09999999999999964
2000-03-31,-0.05487459679828577,0.0
2000-04-03,-0.0033236424447022905,0.0
2000-04-04,0.12096841332381736,0.08000000000000007
2000-04-05,0.04646973279390165,0.07000000000000028
2000-04-06,-0.04536414948615208,-0.06000000000000005
2000-04-07,-0.10720383415211554,0.009999999999999787
2000-04-10,0.0635386364255699,0.040000000000000036
2000-04-11,0.04734167245585441,0.010000000000000231
2000-04-12,0.06155241578328319,-0.010000000000000231
2000-04-13,0.014388737452099676,0.010000000000000231
2000-04-14,0.13025221246147733,0.07999999999999963
2000-04-17,-0.145676682787109,-0.029999999999999805
2000-04-18,-0.10286889961077383,-0.06999999999999984
2000-04-19,0.03387602812382218,-0.010000000000000231
2000-04-20,-0.044266731577614404,-0.009999999999999787
2000-04-25,-0.08101748537957576,-0.06000000000000005
2000-04-26,0.06629509947862644,0.010000000000000231
2000-04-27,-0.02934747863201803,-0.03000000000000025
2000-04-28,0.0003817522474305335,0.0
2000-05-01,-0.012288941134351195,-0.040000000000000036
2000-05-02,0.09643361764190495,0.020000000000000018
2000-05-03,0.10420195004295252,0.020000000000000018
2000-05-04,-0.02756584798360695,0.040000000000000036
2000-05-05,-0.1112638701794344,-0.020000000000000018
2000-05-08,0.024045658789551894,-0.009999999999999787
2000-05-09,0.025557141043975662,0.009999999999999787
2000-05-10,0.03197551323997505,0.050000000000000266
2000-05-11,-0.07325849658941497,0.08000000000000007
2000-05-12,-0.06357836743922762,0.029999999999999805
2000-05-15,-0.04675768211681097,0.0
2000-05-16,-0.021138998523183794,-0.010000000000000231
2000-05-17,-0.014900937960013128,0.020000000000000018
2000-05-18,-0.0008343763521194703,-0.009999999999999787
2000-05-19,0.05993696522467262,0.029999999999999805
2000-05-22,0.021773799549560824,0.020000000000000018
2000-05-23,-0.005012541823544492,-0.020000000000000018
2000-05-24,-0.0617849390999714,-0.029999999999999805
2000-05-25,0.010634047039922656,-0.020000000000000018
2000-05-26,-0.004485226683308863,0.009999999999999787
2000-05-31,0.0012693041687255047,0.029999999999999805
2000-06-01,-0.056089466651043196,-0.010000000000000231
2000-06-02,-0.04015137864623464,-0.009999999999999787
2000-06-05,0.0556830864768032,-0.06000000000000005
2000-06-06,0.014860413325190613,-0.04999999999999982
2000-06-07,-0.025039744417167498,-0.03000000000000025
2000-06-08,0.012817855050157867,-0.009999999999999787
2000-06-09,-0.028057952795157437,-0.010000000000000231
2000-06-12,0.008097210232619556,0.010000000000000231
2000-06-13,-0.029554321964842423,0.009999999999999787
2000-06-14,-0.00880654590760388,-0.009999999999999787
2000-06-15,-0.037955220000435386,0.009999999999999787
2000-06-16,-0.008742163495865984,0.010000000000000231
2000-06-19,0.006321440938797718,0.009999999999999787
2000-06-20,0.012045435931277826,-0.020000000000000018
2000-06-21,-0.01301536811207038,-0.009999999999999787
2000-06-22,0.06526605845594835,0.020000000000000018
2000-06-23,0.015336340282738448,-0.03000000000000025
2000-06-26,0.004911820547208734,0.07000000000000028
2000-06-27,-0.029380644393219857,-0.03000000000000025
2000-06-28,-0.07178181595732003,0.020000000000000018
2000-06-29,-0.029509518093780773,0.0
2000-06-30,-0.00815498912930579,0.0
2000-07-03,0.014732295917067706,0.010000000000000231
2000-07-06,-0.01045140154770774,-0.020000000000000018
2000-07-07,-0.08570980190024446,-0.009999999999999787
2000-07-10,0.056146224098108544,-0.03000000000000025
2000-07-11,-0.010880423855694321,-0.009999999999999787
2000-07-12,-0.003986054106833947,-0.040000000000000036
2000-07-13,0.0,0.009999999999999787
2000-07-14,-0.03609032089335473,-0.05999999999999961
2000-07-17,0.006706241280083347,-0.020000000000000018
2000-07-18,0.015306421282675231,0.0
2000-07-19,-0.005076153031860375,0.020000000000000018
2000-07-20,-0.03680125055733807,0.04999999999999982
2000-07-21,0.0,-0.020000000000000018
2000-07-24,0.05044816439851996,-0.010000000000000231
2000-07-25,-0.026966782901891584,0.0
2000-07-26,0.014337163146407317,0.010000000000000231
2000-07-27,-0.0035650661644961446,-0.029999999999999805
2000-07-28,0.06134465064869454,0.009999999999999787
2000-07-31,-0.00481001408378523,0.020000000000000018
2000-08-01,-0.009203261859137335,0.0
2000-08-02,-0.027128667388252925,0.029999999999999805
2000-08-03,-0.0005001250416820646,0.010000000000000231
2000-08-04,-0.07099587666338758,0.020000000000000018
2000-08-07,0.02178040945913695,-0.040000000000000036
2000-08-08,-0.012691867882684171,0.020000000000000018
2000-08-09,0.020543256029918133,0.1299999999999999
2000-08-10,0.0005212405643164608,0.03000000000000025
2000-08-11,-0.03391952096616446,-0.020000000000000018
2000-08-14,-0.03678701930807593,0.0
2000-08-15,0.005577259298106263,-0.020000000000000018
2000-08-16,0.002222223136717272,-0.010000000000000231
2000-08-17,-0.030424881952802352,0.040000000000000036
2000-08-18,-0.02490716649786373,0.0
2000-08-21,0.01744230266334279,0.010000000000000231
2000-08-22,0.006892617753096797,0.03999999999999959
2000-08-23,-0.0051650043087194675,0.020000000000000018
2000-08-24,-0.019756598436076356,-0.03999999999999959
2000-08-25,-0.030386609568236356,0.009999999999999787
2000-08-28,0.0006047777626121409,-0.009999999999999787
2000-08-29,0.020940041224163597,0.0
2000-08-30,0.04627777735198535,0.0
2000-08-31,-0.04924249935751357,0.019999999999999574
2000-09-01,0.0401566901189625,0.03000000000000025
2000-09-06,0.04778057296807958,0.010000000000000231
2000-09-07,-0.06816863900674264,-0.03000000000000025
2000-09-08,-0.05069723378847257,0.010000000000000231
2000-09-11,-0.003255564459766269,0.0
2000-09-12,0.010273137118412823,0.040000000000000036
2000-09-13,-0.014630442487368445,0.020000000000000018
2000-09-14,-0.003280484079161816,0.0
2000-09-15,0.014138354051210555,0.020000000000000018
2000-09-18,0.08930356433451525,0.009999999999999787
2000-09-19,-0.03569114693791153,-0.040000000000000036
2000-09-20,0.019762487610066604,-0.020000000000000018
2000-09-21,0.012465880700759602,0.0
2000-09-22,0.027372187875918108,0.0
2000-09-25,0.0317938998002103,-0.020000000000000018
2000-09-26,0.021714874952189156,-0.009999999999999787
2000-09-27,-0.009644162005512769,0.020000000000000018
2000-09-28,-0.10705399616415967,-0.040000000000000036
2000-09-29,0.05495888428075757,0.040000000000000036
2000-10-02,0.03158157205029921,0.040000000000000036
2000-10-03,0.02878564582643417,-0.040000000000000036
2000-10-04,-0.014289249813356442,-0.03000000000000025
2000-10-05,-0.023961682013634356,0.010000000000000231
2000-10-06,0.07685536640285884,0.009999999999999787
2000-10-11,0.06652267368915687,0.06999999999999984
2000-10-12,0.13827173895685618,0.03000000000000025
2000-10-13,-0.10023872600547357,0.0
2000-10-16,-0.029787089166587233,-0.010000000000000231
2000-10-17,0.03844515190970155,0.010000000000000231
2000-10-18,0.031119908713804545,0.040000000000000036
2000-10-19,-0.13512438380169245,-0.020000000000000018
2000-10-20,-0.034465199177217354,-0.010000000000000231
2000-10-23,0.018394142155974347,0.03000000000000025
2000-10-24,-0.01674533716579063,-0.020000000000000018
2000-10-25,0.09313618442055605,-0.010000000000000231
2000-10-26,0.0713166235164513,-0.04999999999999982
2000-10-27,-0.07809375788929485,-0.020000000000000018
2000-10-30,-0.03890342310974937,-0.020000000000000018
2000-10-31,-0.07459150193044417,0.0
2000-11-01,0.027135874992481046,0.009999999999999787
2000-11-02,-0.014938037108866098,-0.029999999999999805
2000-11-03,-0.010506505556538759,-0.020000000000000018
2000-11-06,0.035280687542118105,-0.020000000000000018
2000-11-07,0.015780218206078445,0.0
2000-11-08,0.029664029913401446,-0.020000000000000018
2000-11-09,0.058283614114460924,0.020000000000000018
2000-11-10,0.0477391919234571,0.0
2000-11-13,0.018406492916728467,0.020000000000000018
2000-11-14,-0.08058770589426922,0.0
2000-11-15,-0.024925761736935836,0.0
2000-11-16,-0.04297536298005822,0.020000000000000018
2000-11-17,-0.009627029827163902,0.040000000000000036
2000-11-20,0.10039050724580223,0.029999999999999805
2000-11-21,-0.029974491982546425,0.03000000000000025
2000-11-22,0.04013054590792153,-0.03000000000000025
2000-11-27,0.035144368802025205,0.020000000000000018
2000-11-28,0.026023092075961873,-0.04999999999999982
2000-11-29,-0.005441696722314759,0.029999999999999805
2000-11-30,0.07563982326658003,0.010000000000000231
2000-12-01,-0.07600365808958598,0.020000000000000018
2000-12-04,0.010857869972049183,0.0
2000-12-05,-0.10584059247933686,0.029999999999999805
2000-12-06,0.003196167323341381,0.040000000000000036
2000-12-07,0.01071226272279091,-0.009999999999999787
2000-12-08,-0.12287688708015754,0.020000000000000018
2000-12-11,0.04791857473914263,-0.03000000000000025
2000-12-12,0.05663840531900055,0.010000000000000231
2000-12-13,-0.051547176672162465,0.020000000000000018
2000-12-14,0.05074299488374878,0.029999999999999805
2000-12-15,0.06576966160538289,0.0
2000-12-18,0.04240266550534466,0.040000000000000036
2000-12-19,-0.01931898975503632,0.0
2000-12-20,0.15546429166000664,0.06000000000000005
2000-12-21,-0.06777837838847711,0.020000000000000018
2000-12-22,-0.07379680111086229,0.009999999999999787
2000-12-27,-0.020749821304955063,-0.03000000000000025
2000-12-28,-0.057409291914521265,-0.029999999999999805
2000-12-29,0.010483061183151676,0.04999999999999982
2001-01-03,-0.11995277697326401,-0.16000000000000014
2001-01-04,0.01381392136398496,0.08000000000000007
2001-01-05,0.06112614274363981,0.08000000000000007
2001-01-08,0.03999849544028189,-0.050000000000000266
2001-01-09,-0.06400247180819818,-0.020000000000000018
2001-01-10,-0.043445416010551074,-0.08999999999999986
2001-01-11,-0.03841506762355751,0.020000000000000018
2001-01-12,-0.048867716614311885,-0.050000000000000266
2001-01-17,-0.013941671743190387,-0.009999999999999787
2001-01-18,-0.06461874898469988,0.0
2001-01-19,-0.005578216567056149,-0.020000000000000018
2001-01-22,0.0004302000496552161,0.009999999999999787
2001-01-23,-0.07500167163230032,-0.040000000000000036
2001-01-24,0.02110170041318682,-0.06000000000000005
2001-01-25,0.02731309252073011,0.020000000000000018
2001-01-26,-0.0030966625055377506,0.020000000000000018
2001-01-29,0.0017706954604341796,0.0
2001-01-30,-0.0017706954604341796,0.0
2001-01-31,-0.024670459534910538,-0.029999999999999805
2001-02-01,-0.016483889721689238,0.009999999999999787
2001-02-02,0.013299897948335637,0.0
2001-02-05,0.010874597423322196,-0.040000000000000036
2001-02-06,-0.00950878796902721,-0.009999999999999787
2001-02-07,-0.014204133427207388,0.18999999999999995
2001-02-08,-0.009738078345715273,0.009999999999999787
2001-02-09,0.026214423611699456,0.010000000000000231
2001-02-12,-0.005005698734437125,0.029999999999999805
2001-02-13,-0.025411392748758477,0.0
2001-02-14,0.006994665962527069,-0.04999999999999982
2001-02-15,-0.05984077482967498,0.0
2001-02-16,0.08734021619022547,0.040000000000000036
2001-02-21,0.04203632375265709,0.009999999999999787
2001-02-22,0.03847360815028278,0.020000000000000018
2001-02-23,0.016676317535126994,0.020000000000000018
2001-02-26,-0.06765497336112647,0.03000000000000025
2001-02-27,0.04083772384994999,-0.03000000000000025
2001-02-28,0.06785972688978292,0.020000000000000018
2001-03-01,-0.009569451016151032,0.0
2001-03-02,-0.023420274208098224,-0.009999999999999787
2001-03-05,-0.011365841877317262,-0.040000000000000036
2001-03-06,-0.04641466930874838,0.020000000000000018
2001-03-07,-0.07081542190446166,0.0
2001-03-08,0.007023371155096214,0.020000000000000018
2001-03-09,0.05330855345450747,-0.050000000000000266
2001-03-12,0.16843426430558273,0.040000000000000036
2001-03-13,-0.09580502517524758,-0.009999999999999787
2001-03-14,0.07210960651457654,0.1299999999999999
2001-03-15,-0.03610500464211652,0.04999999999999982
2001-03-16,0.04618573517047331,0.0
2001-03-19,-0.004355845385993984,-0.009999999999999787
2001-03-20,0.038859021465663446,0.040000000000000036
2001-03-21,0.030849958005164435,0.0
2001-03-22,0.02810127785753691,0.009999999999999787
2001-03-23,-0.07556129042832183,-0.029999999999999805
2001-03-26,-0.04741180419931057,0.009999999999999787
2001-03-27,-0.07135693878183202,-0.06999999999999984
2001-03-28,0.05538992132695819,0.04999999999999982
2001-03-29,0.020433611377908445,-0.009999999999999787
2001-03-30,-0.018336441787185187,0.020000000000000018
2001-04-02,0.08593421419024327,-0.040000000000000036
2001-04-03,0.10657733350946152,0.029999999999999805
2001-04-04,-0.01889865811927427,0.010000000000000231
2001-04-05,-0.12922185268139286,-0.010000000000000231
2001-04-06,0.05680579471134717,0.03000000000000025
2001-04-09,0.006918266587322641,-0.020000000000000018
2001-04-10,-0.08056514642947654,-0.04999999999999982
2001-04-11,-0.033854701198969384,-0.03000000000000025
2001-04-12,-0.0857982882534758,-0.040000000000000036
2001-04-17,-0.027726073296784115,0.03000000000000025
2001-04-18,-0.05952702057449333,0.020000000000000018
2001-04-19,0.0012424934296735302,-0.040000000000000036
2001-04-20,0.04926308921962752,-0.040000000000000036
2001-04-23,0.1039410690036,0.029999999999999805
2001-04-24,0.011650617219975068,-0.04999999999999982
2001-04-25,-0.0390101351157921,0.0
2001-04-26,-0.0539861215581352,-0.020000000000000018
2001-04-27,-0.07767007518405178,-0.07000000000000028
2001-04-30,0.05900701405212505,-0.029999999999999805
2001-05-01,-0.051541197541321804,0.020000000000000018
2001-05-02,0.0012389016657934349,-0.04999999999999982
2001-05-03,0.06200746268260726,0.0
2001-05-04,-0.07530221604080811,0.029999999999999805
2001-05-07,0.03896330461233166,0.020000000000000018
2001-05-08,-0.017038951779170475,0.009999999999999787
2001-05-09,-0.003689284774795798,0.0
2001-05-10,-0.014478019180653057,-0.019999999999999574
2001-05-11,-0.019352728515815265,-0.07000000000000028
2001-05-14,0.030127801683773825,0.010000000000000231
2001-05-15,-0.022932003438590254,0.009999999999999787
2001-05-16,-0.07986698854254248,-0.029999999999999805
2001-05-17,-0.019373299644081854,-0.050000000000000266
2001-05-18,-0.011241336175524808,0.010000000000000231
2001-05-21,-0.022387217417477068,-0.010000000000000231
2001-05-22,0.028023681376945664,0.020000000000000018
2001-05-23,0.03362048173426091,0.06000000000000005
2001-05-24,-0.07083851774402872,-0.040000000000000036
2001-05-25,0.001457372130669654,0.0
2001-05-30,0.027618681977639614,-0.010000000000000231
2001-05-31,-0.005286355923148189,0.020000000000000018
2001-06-01,-0.04748800880826609,-0.020000000000000018
2001-06-04,-0.009774338929816828,0.020000000000000018
2001-06-05,-0.08794726849453482,0.010000000000000231
2001-06-06,0.04053594748399947,0.029999999999999805
2001-06-07,-0.03594995218539587,-0.009999999999999787
2001-06-08,0.012629619755484267,-0.03000000000000025
2001-06-11,0.038409448114871125,0.010000000000000231
2001-06-12,0.0,0.020000000000000018
2001-06-13,0.035590945102702776,-0.010000000000000231
2001-06-14,0.0749733984301506,0.0
2001-06-15,-0.013499007507880023,0.040000000000000036
2001-06-18,0.015659302147988274,0.020000000000000018
2001-06-19,-0.03647954480323046,0.0
2001-06-20,-0.02860580975085414,0.010000000000000231
2001-06-21,-0.11353137742758035,0.0
2001-06-22,0.03249016742445443,0.009999999999999787
2001-06-25,0.03195159980660245,0.0
2001-06-26,0.025317807984289953,-0.029999999999999805
2001-06-27,-0.015209418663528762,-0.040000000000000036
2001-06-28,-0.04255961441879608,-0.020000000000000018
2001-06-29,-0.04864025036958619,-0.010000000000000231
2001-07-02,-0.015864954647977214,0.020000000000000018
2001-07-03,0.008492620045653876,0.0
2001-07-06,0.07385906113812446,0.020000000000000018
2001-07-09,0.038544785060522724,0.0
2001-07-10,0.03367910700787524,0.020000000000000018
2001-07-11,0.03216527819979653,0.03000000000000025
2001-07-12,-0.08334539280113606,0.0
2001-07-13,-0.04395803698993417,-0.03000000000000025
2001-07-16,0.0804065160233125,0.03000000000000025
2001-07-17,-0.01318121017552576,-0.010000000000000231
2001-07-18,0.042854425741686075,0.04999999999999982
2001-07-19,-0.04728705711292358,0.0
2001-07-20,-0.007580861277586504,-0.009999999999999787
2001-07-23,0.06078259554046728,0.0
2001-07-24,0.061268648491490385,-0.029999999999999805
2001-07-25,-0.050376207325066424,0.0
2001-07-26,-0.042124926300671106,0.019999999999999574
2001-07-27,-0.04488645068895858,0.010000000000000231
2001-07-30,0.030881845433434307,-0.010000000000000231
2001-07-31,-0.04830548658068823,0.020000000000000018
2001-08-01,-0.05027137162409767,-0.020000000000000018
2001-08-02,-0.02312526176012142,-0.019999999999999574
2001-08-03,-0.01000508596096239,-0.020000000000000018
2001-08-06,0.09581281866889091,0.029999999999999805
2001-08-07,-0.041031396677862375,-0.009999999999999787
2001-08-08,0.060484622656201026,0.13999999999999968
2001-08-09,-0.025869379978417317,-0.040000000000000036
2001-08-10,-0.05675281659244913,0.03000000000000025
2001-08-13,-0.006346128205724,0.020000000000000018
2001-08-14,0.002933987434787344,0.0
2001-08-15,0.020778713269235194,-0.03000000000000025
2001-08-16,0.029684158287700324,0.03000000000000025
2001-08-17,0.10145317046890634,0.08000000000000007
2001-08-20,-0.04153883416245918,-0.040000000000000036
2001-08-21,0.06475712426446645,0.04999999999999982
2001-08-22,-0.08373805164466042,-0.040000000000000036
2001-08-23,-0.009402352678390624,-0.020000000000000018
2001-08-24,-0.12031660681147649,-0.009999999999999787
2001-08-27,0.04222131942233576,0.0
2001-08-28,0.06769501277135159,0.040000000000000036
2001-08-29,0.045755260474277915,0.020000000000000018
2001-08-30,0.09834508349947857,0.0
2001-08-31,-0.01947210341282002,-0.07000000000000028
2001-09-05,0.019157674032933336,0.020000000000000018
2001-09-06,0.08228803207464708,0.040000000000000036
2001-09-07,0.07990826473763812,0.050000000000000266
2001-09-10,0.027058789176525266,0.0
2001-09-18,-0.07171619871025126,0.029999999999999805
2001-09-19,0.04255961441879608,0.040000000000000036
2001-09-20,0.07548065596569398,0.0
2001-09-21,-0.02500130220541763,0.009999999999999787
2001-09-24,-0.12227623734817072,-0.04999999999999982
2001-09-25,-0.05275829168469226,0.0
2001-09-26,-0.015478007040617303,-0.020000000000000018
2001-09-27,-0.03638865235356237,0.010000000000000231
2001-09-28,-0.06281451788947079,-0.050000000000000266
2001-10-01,0.012140226926203646,0.020000000000000018
2001-10-02,-0.035909370023263776,-0.020000000000000018
2001-10-03,0.005118373298244272,0.010000000000000231
2001-10-04,0.019902726143875338,-0.050000000000000266
2001-10-05,0.04345849088381293,0.020000000000000018
2001-10-10,-0.09732196378504332,-0.020000000000000018
2001-10-11,-0.0031695747612792147,-0.040000000000000036
2001-10-12,0.11304519841637362,0.03000000000000025
2001-10-15,0.0011334656923343012,0.009999999999999787
2001-10-16,-0.07130163975231607,-0.009999999999999787
2001-10-17,0.06476659731600343,-0.020000000000000018
2001-10-18,-0.003712698824163141,0.0
2001-10-19,-0.024327872249264804,-0.020000000000000018
2001-10-22,-0.05607255318877291,-0.010000000000000231
2001-10-23,-0.007782140442055052,0.0
2001-10-24,-0.033362903669121646,0.0
2001-10-25,-0.04933958809612049,0.020000000000000018
2001-10-26,-0.03594028836552976,0.010000000000000231
2001-10-29,0.10732902023049862,0.009999999999999787
2001-10-30,0.055928552659224806,0.03000000000000025
2001-10-31,0.0029841860403272413,0.029999999999999805
2001-11-01,-0.037958101762598506,-0.009999999999999787
2001-11-02,-0.050788445383675995,0.0
2001-11-05,-0.006861650839364852,-0.03000000000000025
2001-11-06,-0.05735129647146575,0.020000000000000018
2001-11-07,0.01139318382944321,-0.009999999999999787
2001-11-08,-0.01766279684303873,-0.07000000000000028
2001-11-09,-0.04210397127062038,-0.009999999999999787
2001-11-14,0.0033943083692231646,-0.050000000000000266
2001-11-15,-0.03837769509889899,-0.08999999999999986
2001-11-16,-0.0193567173391318,-0.03000000000000025
2001-11-19,-0.024632781911175794,0.010000000000000231
2001-11-20,-0.013997758400041693,0.0
2001-11-21,0.002897952762951128,-0.07000000000000028
2001-11-26,0.022960192281500813,-0.010000000000000231
2001-11-27,0.008788506033079457,0.04999999999999982
2001-11-28,0.07618913835754615,0.0
2001-11-29,-0.02819294008929063,0.06000000000000005
2001-11-30,-0.05468518641905229,0.03000000000000025
2001-12-03,0.0778461824671246,0.040000000000000036
2001-12-04,-0.06782940422365336,0.009999999999999787
2001-12-05,-0.04501821714688381,-0.08000000000000007
2001-12-06,0.02953349678357764,-0.040000000000000036
2001-12-07,-0.009322101406492589,-0.06999999999999984
2001-12-10,0.08679849779776694,0.040000000000000036
2001-12-11,-0.012568900735113964,0.009999999999999787
2001-12-12,-0.017142137918161104,0.03000000000000025
2001-12-13,0.04096673675870521,-0.06000000000000005
2001-12-14,-0.0506637824415721,-0.06999999999999984
2001-12-17,-0.015136308616542138,0.06000000000000005
2001-12-18,-0.040804819619654875,-0.03000000000000025
2001-12-19,-0.03095952517473366,0.0
2001-12-20,0.04714386480437671,-0.020000000000000018
2001-12-21,-0.05069311431551826,-0.04999999999999982
2001-12-27,-0.03190790287106138,0.06000000000000005
2001-12-28,-0.008839322498910285,-0.009999999999999787
2001-12-31,0.1062946586496234,-0.020000000000000018
2002-01-03,-0.06222211024386004,0.0
2002-01-04,-0.042600363384796225,-0.040000000000000036
2002-01-07,0.07032857235827317,0.020000000000000018
2002-01-08,-0.005026284285231775,0.0
2002-01-09,0.013648983501106215,-0.020000000000000018
2002-01-10,0.010339494223940093,0.040000000000000036
2002-01-11,0.010676257991341753,0.040000000000000036
2002-01-14,0.04244898883098447,0.020000000000000018
2002-01-15,-0.03803397062186775,-0.020000000000000018
2002-01-16,0.032505570404931294,0.010000000000000231
2002-01-17,-0.05252848628003903,-0.050000000000000266
2002-01-18,0.012061794659240288,0.040000000000000036
2002-01-23,-0.07609737354364077,0.020000000000000018
2002-01-24,-0.033933072061493874,-0.020000000000000018
2002-01-25,-0.006641390635377498,-0.040000000000000036
2002-01-28,0.006168465585182581,-0.03000000000000025
2002-01-29,0.14136486908650703,0.06000000000000005
2002-01-30,-0.04751787325885326,0.050000000000000266
2002-01-31,-0.09621498177906229,-0.040000000000000036
2002-02-01,0.0014214643473775546,0.009999999999999787
2002-02-04,0.16344179897725253,0.07000000000000028
2002-02-05,0.023053485181218303,0.04999999999999982
2002-02-06,0.02483635615210522,0.029999999999999805
2002-02-07,-0.038285925979143265,0.040000000000000036
2002-02-08,-0.0765310260789751,-0.020000000000000018
2002-02-11,-0.065743029585704,-0.009999999999999787
2002-02-12,-0.0073733052937523524,-0.029999999999999805
2002-02-13,-0.036264863966251504,-0.06000000000000005
2002-02-14,0.043178927001645384,0.020000000000000018
2002-02-15,0.027187900255582154,0.029999999999999805
2002-02-20,-0.07521062966978898,0.019999999999999574
2002-02-21,0.04908432507756899,-0.03999999999999959
2002-02-22,-0.04029692231076476,0.009999999999999787
2002-02-25,-0.04564550748996021,0.0
2002-02-26,-0.007352974305258719,-0.020000000000000018
2002-02-27,-0.008802465917026492,0.040000000000000036
2002-02-28,0.004642533872297072,-0.020000000000000018
2002-03-01,-0.07849997364339822,-0.009999999999999787
2002-03-04,0.026694615261044774,-0.03000000000000025
2002-03-05,-0.009804000096620857,-0.040000000000000036
2002-03-06,-0.017893121514049426,0.010000000000000231
2002-03-07,0.005002511682971722,-0.08000000000000007
2002-03-08,-0.03918079379038897,-0.040000000000000036
2002-03-11,0.02915061943045183,-0.010000000000000231
2002-03-12,-0.012680869900277614,0.0
2002-03-13,-0.006658155198590254,0.040000000000000036
2002-03-14,-0.013450797724122943,-0.029999999999999805
2002-03-15,-0.041473248206575164,0.020000000000000018
2002-03-18,0.027310934394070507,-0.010000000000000231
2002-03-19,-0.041526592048084066,0.03000000000000025
2002-03-20,0.016384855901558915,-0.020000000000000018
2002-03-21,-0.016935668363846634,-0.03000000000000025
2002-03-22,-0.02115891854429952,0.0
2002-03-25,0.03917742404697799,-0.03999999999999959
2002-03-26,-0.01912104144677862,0.019999999999999574
2002-03-27,-0.02400338518697609,0.050000000000000266
2002-03-28,-0.017094433359300165,0.0
2002-04-02,0.022698256086717272,0.03000000000000025
2002-04-03,0.052857831864444815,0.020000000000000018
2002-04-04,-0.021011278212593076,0.009999999999999787
2002-04-05,-0.03341354274240471,0.010000000000000231
2002-04-08,0.024781856756093568,0.0
2002-04-09,-0.0071648208241468225,0.0
2002-04-10,-0.0680028268540771,-0.010000000000000231
2002-04-11,0.10974889351771067,-0.009999999999999787
2002-04-12,-0.04431742318456289,0.029999999999999805
2002-04-15,0.020388066038663055,-0.020000000000000018
2002-04-16,-0.09022725700651968,-0.029999999999999805
2002-04-17,0.01751549978640954,-0.020000000000000018
2002-04-18,0.045607055235906024,0.029999999999999805
2002-04-19,-0.05268576707026229,-0.020000000000000018
2002-04-22,0.07726457733514991,-0.029999999999999805
2002-04-23,0.025469541540457108,0.009999999999999787
2002-04-24,0.02387445916503861,0.03000000000000025
2002-04-25,0.008629008480125488,0.020000000000000018
2002-04-26,0.0552472809123441,0.0
2002-04-29,0.08274906927127956,-0.010000000000000231
2002-04-30,-0.0931918429443952,0.020000000000000018
2002-05-01,-0.08821537107358557,0.020000000000000018
2002-05-02,0.0004983802744571442,-0.020000000000000018
2002-05-03,0.005961269516499446,0.050000000000000266
2002-05-06,0.11099099430511217,-0.03000000000000025
2002-05-07,-0.027866971782774197,0.0
2002-05-08,-0.07326687026072021,0.0
2002-05-09,0.05579516145443231,0.03000000000000025
2002-05-10,0.03866754177203946,0.040000000000000036
2002-05-13,-0.0784078704215534,-0.03000000000000025
2002-05-14,-0.0684069979154911,-0.009999999999999787
2002-05-15,-0.008303109456182511,0.020000000000000018
2002-05-16,-0.03661857793532963,0.04999999999999982
2002-05-17,-0.04420609250449559,-0.020000000000000018
2002-05-20,0.08342680565777716,0.020000000000000018
2002-05-21,0.04123770851501751,-0.009999999999999787
2002-05-22,-0.023720516650213685,0.029999999999999805
2002-05-23,-0.07144004841179274,-0.009999999999999787
2002-05-24,0.03609333337502507,-0.010000000000000231
2002-05-29,0.003931208994070623,0.020000000000000018
2002-05-30,0.010731810316003898,0.029999999999999805
2002-05-31,-0.031044621681960205,-0.020000000000000018
2002-06-03,0.1567213753303589,0.020000000000000018
2002-06-04,0.022006812786951713,0.009999999999999787
2002-06-05,-0.055067675047839604,-0.019999999999999574
2002-06-06,0.06630608677673555,0.0
2002-06-07,-0.02727251051463586,-0.03000000000000025
2002-06-10,0.008892711577546564,-0.009999999999999787
2002-06-11,0.03031164179135626,0.0
2002-06-12,-0.0123458358222992,0.04999999999999982
2002-06-13,0.03539112494018326,0.0
2002-06-14,0.03688138679712427,0.020000000000000018
2002-06-17,-0.052185753170570504,-0.04999999999999982
2002-06-18,-0.016366977464205235,0.04999999999999982
2002-06-19,0.07239741049558557,0.040000000000000036
2002-06-20,0.05305689565744931,-0.010000000000000231
2002-06-21,-0.009139160668480084,0.0
2002-06-24,-0.009223455906058664,-0.020000000000000018
2002-06-25,0.03137798468660913,0.0
2002-06-26,0.02061928720273576,0.0900000000000003
2002-06-27,-0.07790448392716476,0.020000000000000018
2002-06-28,-0.034439464717299195,-0.010000000000000231
2002-07-01,0.06515348948608324,0.010000000000000231
2002-07-02,0.06601290400694193,0.040000000000000036
2002-07-03,0.015759147655775685,-0.010000000000000231
2002-07-08,0.04119079408187609,0.040000000000000036
2002-07-09,0.06741049925214337,0.0
2002-07-10,0.12079342744487764,0.020000000000000018
2002-07-11,-0.007358384931186901,0.0
2002-07-12,-0.027251274608790066,0.03000000000000025
2002-07-15,0.06151711245990121,0.019999999999999574
2002-07-16,0.04520859112326514,-0.019999999999999574
2002-07-17,-0.03329017535452383,0.029999999999999805
2002-07-18,-0.009352484211220702,0.029999999999999805
2002-07-19,0.0832790979902227,-0.04999999999999982
2002-07-22,0.0925197132739135,0.04999999999999982
2002-07-23,0.07031354983919025,0.03000000000000025
2002-07-24,-0.11950981508559355,0.020000000000000018
2002-07-25,-0.014912446194730311,0.0
2002-07-26,-0.10064652163492216,-0.010000000000000231
2002-07-29,-0.12523824199089617,-0.08999999999999986
2002-07-30,0.01865666761750795,-0.040000000000000036
2002-07-31,0.0034401910394588064,0.040000000000000036
2002-08-01,0.14289268377314412,0.020000000000000018
2002-08-02,0.11105469250378786,0.06999999999999984
2002-08-05,0.08781834927357668,0.020000000000000018
2002-08-06,-0.07005504015455033,-0.06000000000000005
2002-08-07,-0.08176915549036456,0.050000000000000266
2002-08-08,-0.06397064729355018,-0.020000000000000018
2002-08-09,-0.02791138486205691,0.029999999999999805
2002-08-12,0.04753589037104211,-0.029999999999999805
2002-08-13,-0.03376195510952984,0.06000000000000005
2002-08-14,-0.10158330444227515,-0.020000000000000018
2002-08-15,-0.0949085299449095,-0.020000000000000018
2002-08-16,-0.021292013148944022,-0.03000000000000025
2002-08-19,-0.006966242034418535,0.0
2002-08-20,0.033680159350099714,0.040000000000000036
2002-08-21,-0.04705122414672047,-0.040000000000000036
2002-08-22,-0.017149402072954345,-0.040000000000000036
2002-08-23,0.05503403682600716,-0.009999999999999787
2002-08-26,0.019254099277395742,0.020000000000000018
2002-08-27,0.007333366197796121,-0.010000000000000231
2002-08-28,0.10130047480499949,0.020000000000000018
2002-08-29,0.010449415874341117,0.03000000000000025
2002-08-30,-0.031068703077076876,-0.010000000000000231
2002-09-04,-0.06538952111384111,0.009999999999999787
2002-09-05,0.03722579233990286,0.07000000000000028
2002-09-06,-0.0673215977161834,-0.050000000000000266
2002-09-09,0.0032976122215568893,-0.009999999999999787
2002-09-10,-0.038310290950684944,0.020000000000000018
2002-09-11,-0.007726465680634842,-0.010000000000000231
2002-09-12,0.07443623115301756,0.03000000000000025
2002-09-13,-0.045834536343799304,-0.010000000000000231
2002-09-16,0.025359683154413837,0.03000000000000025
2002-09-17,0.03398320321417758,0.03999999999999959
2002-09-18,-0.012975158863133274,0.0
2002-09-19,0.08012471185579573,0.040000000000000036
2002-09-20,-0.04195014191440505,0.040000000000000036
2002-09-23,0.01779858833725756,0.040000000000000036
2002-09-24,0.020948396963810456,0.020000000000000018
2002-09-25,-0.08199838645399016,0.020000000000000018
2002-09-26,-0.07594361086281376,-0.029999999999999805
2002-09-27,0.06625309088486153,0.06999999999999984
2002-09-30,0.07099249384643347,0.04999999999999982
2002-10-01,-0.15121554417149552,-0.019999999999999574
2002-10-02,0.07642900783349571,-0.010000000000000231
2002-10-03,0.01294865677609236,0.029999999999999805
2002-10-04,0.05602611336140306,0.020000000000000018
2002-10-07,0.07750527926311968,0.08000000000000007
2002-10-08,-0.038733027213354365,0.03000000000000025
2002-10-09,0.026700323346690702,0.009999999999999787
2002-10-10,-0.11508669778078184,0.0
2002-10-11,-0.05052268942455029,-0.020000000000000018
2002-10-16,0.05657035148839418,0.029999999999999805
2002-10-17,-0.054221554166638875,-0.040000000000000036
2002-10-18,-0.01685682381133402,0.029999999999999805
2002-10-21,-0.012605208918982314,-0.05999999999999961
2002-10-22,0.029168734590657053,0.009999999999999787
2002-10-23,-0.026454210227368602,0.020000000000000018
2002-10-24,0.024692612590371255,0.040000000000000036
2002-10-25,-0.12604510685065895,0.009999999999999787
2002-10-28,0.035045341742800495,0.03000000000000025
2002-10-29,0.03789528265891473,0.040000000000000036
2002-10-30,-0.03275883476888364,-0.020000000000000018
2002-10-31,-0.002886004889134597,-0.010000000000000231
2002-11-01,-0.06090565038283069,-0.06000000000000005
2002-11-04,0.05057631386894812,-0.03999999999999959
2002-11-05,0.013215341403017167,0.0
2002-11-06,-0.016139795152593894,0.0
2002-11-07,0.02220525668508211,0.009999999999999787
2002-11-08,-0.06610988026157161,-0.06999999999999984
2002-11-13,0.02135312447056892,-0.010000000000000231
2002-11-14,-0.08584804507620669,-0.08999999999999986
2002-11-15,-0.07306212928342504,-0.040000000000000036
2002-11-18,0.0371981756247588,-0.020000000000000018
2002-11-19,-0.009079415921917633,-0.020000000000000018
2002-11-20,-0.07931331303871891,-0.020000000000000018
2002-11-21,-0.06148893677720446,-0.020000000000000018
2002-11-22,-0.027679007793976584,-0.029999999999999805
2002-11-25,0.038539599090186005,-0.010000000000000231
2002-11-26,0.07597577387967647,0.03000000000000025
2002-11-27,0.04811149543459603,-0.06000000000000005
2002-12-02,-0.001455604332700755,-0.009999999999999787
2002-12-03,0.03119091350260028,-0.020000000000000018
2002-12-04,0.020612083448138474,0.029999999999999805
2002-12-05,0.03999177446426616,0.0
2002-12-06,-0.04137585773020458,0.040000000000000036
2002-12-09,0.06371581438610763,0.0
2002-12-10,-0.06787959555788703,-0.020000000000000018
2002-12-11,-0.03538939721424228,0.0
2002-12-12,-0.0170758009183567,0.020000000000000018
2002-12-13,0.032092171750287335,0.0
2002-12-16,-0.07132754239464623,-0.04999999999999982
2002-12-17,0.015879350674674608,0.0
2002-12-18,0.05934407056291313,0.029999999999999805
2002-12-19,0.0656646100851046,0.040000000000000036
2002-12-20,-0.12313496827671111,-0.020000000000000018
2002-12-23,-0.0192786163548182,0.020000000000000018
2002-12-24,0.011007892516927242,0.0
2002-12-27,0.07663622079951926,0.040000000000000036
2002-12-30,0.0023660649875454354,-0.010000000000000231
2002-12-31,-0.03434403471134795,0.0
2003-01-03,-0.028362196679399876,0.020000000000000018
2003-01-06,0.009276130236901992,-0.010000000000000231
2003-01-07,0.008793022281411655,0.010000000000000231
2003-01-08,0.015791879697891975,-0.040000000000000036
2003-01-09,-0.051437613869900645,-0.06000000000000005
2003-01-10,0.0028824397144742164,0.020000000000000018
2003-01-13,0.02356874637269568,-0.020000000000000018
2003-01-14,-0.013341616937573963,0.020000000000000018
2003-01-15,0.037544345620632136,-0.020000000000000018
2003-01-16,-0.01979478726419215,0.0
2003-01-17,0.027215247011646237,0.0
2003-01-22,0.05018720990411829,0.020000000000000018
2003-01-23,-0.05236427897879681,0.0
2003-01-24,0.13502863661466735,0.0
2003-01-27,0.09614650521247503,-0.06000000000000005
2003-01-28,-0.08290545425496765,-0.040000000000000036
2003-01-29,-0.021206681733360266,-0.04999999999999982
2003-01-30,0.0019175461292717522,0.009999999999999787
2003-01-31,-0.00480077734335671,-0.029999999999999805
2003-02-03,-0.004823936030852849,-0.020000000000000018
2003-02-04,0.05457610123647605,-0.020000000000000018
2003-02-05,0.008510689667908355,-0.010000000000000231
2003-02-06,0.009338823708855859,0.010000000000000231
2003-02-07,0.019596826657470867,-0.010000000000000231
2003-02-10,-0.0005882353110790994,0.0
2003-02-11,-0.009162174333898765,0.020000000000000018
2003-02-12,0.019115418095474457,0.03000000000000025
2003-02-13,-0.018521770111284308,0.009999999999999787
2003-02-14,-0.03257224016544846,-0.009999999999999787
2003-02-19,0.006408224428768428,0.0
2003-02-20,-0.0048023143357665,0.020000000000000018
2003-02-21,-0.029639036525697104,-0.020000000000000018
2003-02-24,0.055614522928957744,0.009999999999999787
2003-02-25,-0.007532992307545339,0.010000000000000231
2003-02-26,0.006281427688603625,0.0
2003-02-27,-0.04514933604008009,0.020000000000000018
2003-02-28,-0.029922445161312705,0.009999999999999787
2003-03-03,0.026641602323405955,0.020000000000000018
2003-03-04,0.04498027738512178,0.020000000000000018
2003-03-05,-0.04662474412637474,0.0
2003-03-06,0.03206752503496002,-0.009999999999999787
2003-03-07,-0.009287496703139997,0.019999999999999574
2003-03-10,0.06929312670614163,0.03000000000000025
2003-03-11,0.008965989531426022,-0.010000000000000231
2003-03-12,-0.002979739987795327,-0.020000000000000018
2003-03-13,-0.053636265370283986,-0.04999999999999982
2003-03-14,-0.02486580139021255,0.010000000000000231
2003-03-17,0.02455089034997826,-0.050000000000000266
2003-03-18,-0.04246376142982111,-0.06000000000000005
2003-03-19,0.03582761762601239,-0.06999999999999984
2003-03-20,-0.03549904854140706,0.009999999999999787
2003-03-21,-0.05990625309820663,-0.05999999999999961
2003-03-24,0.05826232703342349,0.03999999999999959
2003-03-25,-0.05547583968534253,0.010000000000000231
2003-03-26,-0.018252524977961482,-0.03000000000000025
2003-03-27,-0.009610324899788303,-0.009999999999999787
2003-03-28,-0.007539077173166042,0.009999999999999787
2003-03-31,0.04921907260405778,0.03000000000000025
2003-04-01,-0.02747521113257445,-0.020000000000000018
2003-04-02,-0.012061160755065803,-0.040000000000000036
2003-04-03,0.006757984105044024,0.029999999999999805
2003-04-04,0.03209204595743831,-0.019999999999999574
2003-04-07,-0.023620410399003422,-0.040000000000000036
2003-04-08,-0.04750803390149949,0.020000000000000018
2003-04-09,-0.0007374631602665715,0.0
2003-04-10,-0.0573103120250571,-0.010000000000000231
2003-04-11,-0.046371217182122226,-0.029999999999999805
2003-04-14,-0.04305785280057517,-0.010000000000000231
2003-04-15,-0.036984854872961215,0.0
2003-04-16,-0.0017746233583686433,-0.020000000000000018
2003-04-17,-0.04635086813787259,-0.040000000000000036
2003-04-22,-0.05863343924985687,-0.009999999999999787
2003-04-23,0.004819286435949088,-0.040000000000000036
2003-04-24,-0.0228553590670173,0.009999999999999787
2003-04-25,0.0228553590670173,0.020000000000000018
2003-04-28,0.0019212301778939178,-0.029999999999999805
2003-04-29,-0.0038461585874784987,-0.020000000000000018
2003-04-30,0.02144471027890349,-0.010000000000000231
2003-05-01,0.017757475950124668,0.010000000000000231
2003-05-02,-0.04548391744355573,-0.040000000000000036
2003-05-05,0.02394750454480521,-0.020000000000000018
2003-05-06,-0.015740844920693053,0.03000000000000025
2003-05-07,0.009569451016150587,0.03999999999999959
2003-05-08,0.011363758650314804,-0.10999999999999988
2003-05-09,-0.07577530372270358,0.14000000000000012
2003-05-12,-0.0086713116660877,0.020000000000000018
2003-05-13,0.019782537091158403,0.0
2003-05-14,0.004510155477885913,0.0
2003-05-15,-0.03874082831643033,0.0
2003-05-16,-0.04464078062262056,0.009999999999999787
2003-05-19,0.10856190746934935,0.020000000000000018
2003-05-20,0.03732490682109857,0.0
2003-05-21,-0.00376471032879655,0.0
2003-05-22,-0.06980144238202524,-0.009999999999999787
2003-05-23,-0.031324769137012876,-0.040000000000000036
2003-05-28,0.0019990011654180684,0.0
2003-05-29,0.019773259151803835,0.040000000000000036
2003-05-30,-0.04812958944542256,-0.020000000000000018
2003-06-02,0.06847912886070251,0.0
2003-06-03,-0.0004797313596442976,0.029999999999999805
2003-06-04,-0.010612738296352564,-0.009999999999999787
2003-06-05,0.010132776684066869,0.0
2003-06-06,0.019962640097545226,-0.040000000000000036
2003-06-09,0.0414806011207185,0.040000000000000036
2003-06-10,-0.0706065558777822,0.020000000000000018
2003-06-11,-0.021053409197832273,-0.020000000000000018
2003-06-12,0.00984744540622362,0.009999999999999787
2003-06-13,0.012174486869739098,0.0
2003-06-16,-0.02152725009916745,-0.009999999999999787
2003-06-17,-0.010440064996683152,-0.020000000000000018
2003-06-18,-0.012572456275920185,-0.020000000000000018
2003-06-19,0.0020222453807678953,0.040000000000000036
2003-06-20,-0.03390155167568132,-0.010000000000000231
2003-06-23,0.0725393443810951,0.020000000000000018
2003-06-24,0.008226516270803952,-0.009999999999999787
2003-06-25,0.002887393728835619,-0.020000000000000018
2003-06-26,-0.07016057433626077,-0.050000000000000266
2003-06-27,-0.012448293526567955,0.0
2003-06-30,0.018614808442232178,0.010000000000000231
2003-07-01,-0.003078504227087553,0.0
2003-07-02,-0.022344395449800825,-0.06000000000000005
2003-07-03,0.01874078794650247,-0.029999999999999805
2003-07-08,-0.029339484319400366,-0.020000000000000018
2003-07-09,-0.028640332993157713,0.0
2003-07-10,0.013641344798377197,0.029999999999999805
2003-07-11,-0.038241515808460136,0.020000000000000018
2003-07-14,0.05887143774530079,-0.009999999999999787
2003-07-15,-0.0020439455250742533,-0.06000000000000005
2003-07-16,0.010684405888346848,-0.040000000000000036
2003-07-17,0.023012521272603337,-0.010000000000000231
2003-07-18,-0.05646045534014332,0.0
2003-07-21,0.03445956794238425,-0.040000000000000036
2003-07-22,-0.031324769137012876,-0.009999999999999787
2003-07-23,-0.02803674780010823,0.029999999999999805
2003-07-24,-0.0021482285382892208,-0.040000000000000036
2003-07-25,-0.04677606479773111,0.020000000000000018
2003-07-28,0.03378886927091962,0.010000000000000231
2003-07-29,0.016743572361287207,-0.03000000000000025
2003-07-30,0.009594956340388539,0.0
2003-07-31,0.03338859962544927,0.03000000000000025
2003-08-01,0.06264473315723817,-0.010000000000000231
2003-08-04,0.024751382535438182,0.050000000000000266
2003-08-05,0.06418584964740548,0.0
2003-08-06,-0.05343054372593414,0.020000000000000018
2003-08-07,-0.05940443631307968,0.0
2003-08-08,-0.03362926686408807,0.04999999999999982
2003-08-11,0.008134259390681464,-0.08000000000000007
2003-08-12,-0.09612063471648069,0.020000000000000018
2003-08-13,0.04522699396776764,-0.06999999999999984
2003-08-14,-0.016112056387269202,0.029999999999999805
2003-08-15,-0.010887423821233089,-0.040000000000000036
2003-08-18,-0.00493828164058252,0.050000000000000266
2003-08-19,-0.01775851330097966,0.009999999999999787
2003-08-20,-0.002242153405689784,-0.04999999999999982
2003-08-21,0.0011217051091998442,-0.050000000000000266
2003-08-22,0.039026661901580884,-0.019999999999999574
2003-08-25,0.05148195583514337,0.009999999999999787
2003-08-26,-0.002050231369118194,-0.009999999999999787
2003-08-27,-0.018643730067307906,-0.020000000000000018
2003-08-28,-0.034568717238623314,0.020000000000000018
2003-08-29,0.008084118399958928,-0.03000000000000025
2003-09-03,0.02184174191504873,0.009999999999999787
2003-09-04,-0.038274658746294765,0.06000000000000005
2003-09-05,-0.029286257877918498,0.06000000000000005
2003-09-08,0.004940992758742713,-0.040000000000000036
2003-09-09,0.0318000387271975,0.04999999999999982
2003-09-10,0.05971923470162199,0.020000000000000018
2003-09-11,-0.03872108786184869,-0.06999999999999984
2003-09-12,-0.030057627933096853,0.08000000000000007
2003-09-15,0.03161485638170314,-0.010000000000000231
2003-09-16,-0.06703125196717385,0.020000000000000018
2003-09-17,0.006633523495633842,-0.009999999999999787
2003-09-18,-0.03247765851185358,-0.020000000000000018
2003-09-19,-0.001708915254968968,-0.020000000000000018
2003-09-22,0.11359335137123328,0.0
2003-09-23,-0.009202518931162196,-0.020000000000000018
2003-09-24,0.08606931380172878,0.0
2003-09-25,0.04784721266156211,0.020000000000000018
2003-09-26,-0.0013486178712938113,0.029999999999999805
2003-09-29,-0.025513912427837404,0.010000000000000231
2003-09-30,0.04731677830468284,0.009999999999999787
2003-10-01,-0.07539536603685315,-0.009999999999999787
2003-10-02,-0.012897241108825064,-0.020000000000000018
2003-10-03,-0.06453852113757153,-0.020000000000000018
2003-10-06,0.0005126890653190941,-0.010000000000000231
2003-10-07,-0.005138757454101306,-0.019999999999999574
2003-10-08,-0.011920327725626567,0.019999999999999574
2003-10-09,-0.018947935298058383,-0.009999999999999787
2003-10-10,-0.019855763670697524,-0.020000000000000018
2003-10-15,0.01825492791868033,-0.040000000000000036
2003-10-16,-0.028671688776936044,-0.040000000000000036
2003-10-17,0.02470680111327539,-0.020000000000000018
2003-10-20,-0.03347109910686408,-0.020000000000000018
2003-10-21,-0.029177419578097386,0.03000000000000025
2003-10-22,0.06548218450853316,0.040000000000000036
2003-10-23,0.0005657708778921133,-0.020000000000000018
2003-10-24,0.0016953945852451469,0.009999999999999787
2003-10-27,0.019016232984147674,-0.029999999999999805
2003-10-28,-0.07057703023408823,0.020000000000000018
2003-10-29,-0.023459722495625,-0.020000000000000018
2003-10-30,-0.006105025066803105,-0.03000000000000025
2003-10-31,-0.014184634991956546,0.0
2003-11-03,0.027566829832654793,-0.040000000000000036
2003-11-04,0.0,0.040000000000000036
2003-11-05,0.018557850750637428,-0.009999999999999787
2003-11-06,-0.007142887512380458,-0.010000000000000231
2003-11-07,0.011286131083715123,-0.020000000000000018
2003-11-10,0.03994742436298937,0.010000000000000231
2003-11-13,-0.016857714081526698,0.020000000000000018
2003-11-14,0.028137145034359712,0.020000000000000018
2003-11-17,0.09348389149524738,0.020000000000000018
2003-11-18,0.027050177533026076,-0.010000000000000231
2003-11-19,-0.01635488841627808,-0.009999999999999787
2003-11-20,0.03553142837848533,0.029999999999999805
2003-11-21,-0.02600250503260737,-0.009999999999999787
2003-11-24,-0.08461937470094805,-0.010000000000000231
2003-11-25,-0.04275907587353123,0.0
2003-11-26,-0.029145961080802696,-0.029999999999999805
2003-12-01,0.027200226299156416,-0.03000000000000025
2003-12-02,-0.03026865460417083,0.0
2003-12-03,0.021885371973889622,-0.009999999999999787
2003-12-04,-0.020043185392119245,0.0
2003-12-05,0.04732838931478245,0.040000000000000036
2003-12-08,-0.03271180753195413,0.0
2003-12-09,0.06382030681423378,0.009999999999999787
2003-12-10,0.013521332761557758,0.010000000000000231
2003-12-11,-0.06591981417260406,0.0
2003-12-12,-0.019312609896733335,-0.010000000000000231
2003-12-15,0.04876114543783894,0.0
2003-12-16,-0.07844792661788125,0.010000000000000231
2003-12-17,-0.022216083479354776,0.0
2003-12-18,0.036551012650347214,-0.03000000000000025
2003-12-19,0.01596105093133282,0.010000000000000231
2003-12-22,0.0311775851996261,0.009999999999999787
2003-12-23,-0.026923552652400762,-0.029999999999999805
2003-12-24,0.010256500167189042,0.029999999999999805
2003-12-29,-0.02084615152093683,0.0
2003-12-30,0.03394056008199797,0.0
2003-12-31,0.03501330147692183,0.009999999999999787
2004-01-05,-0.040890602801301856,-0.04999999999999982
2004-01-06,-0.04442577403177772,0.04999999999999982
2004-01-07,-0.0763634910735318,-0.020000000000000018
2004-01-08,0.007071710602139625,-0.040000000000000036
2004-01-09,0.07048652374373487,0.050000000000000266
2004-01-12,0.0041703962737265066,0.009999999999999787
2004-01-13,0.07002286008967573,0.03000000000000025
2004-01-14,-0.07419325636340224,-0.020000000000000018
2004-01-15,-0.07369473952082961,0.0
2004-01-16,-0.0366533176480357,-0.03000000000000025
2004-01-21,-0.05890027109972751,0.020000000000000018
2004-01-22,0.025474699441871973,0.0
2004-01-23,0.008798703125888263,-0.03000000000000025
2004-01-26,-0.019735244121732887,-0.020000000000000018
2004-01-27,0.053524480415704456,-0.020000000000000018
2004-01-28,0.08907222700585438,-0.029999999999999805
2004-01-29,0.021227212130573214,-0.040000000000000036
2004-01-30,-0.030206619964797454,0.0
2004-02-02,0.02845479469926593,-0.020000000000000018
2004-02-03,0.013352883448293884,0.010000000000000231
2004-02-04,0.030107357818940805,-0.020000000000000018
2004-02-05,-0.008993877376594295,-0.03000000000000025
2004-02-06,-0.1015407295549613,0.03000000000000025
2004-02-09,0.02408267051595736,0.0
2004-02-10,-0.027839719393669693,-0.010000000000000231
2004-02-11,-0.03511372551128078,0.040000000000000036
2004-02-12,-0.005211738181195802,-0.009999999999999787
2004-02-13,0.01748183077301002,0.020000000000000018
2004-02-18,0.012262173650101627,0.0
2004-02-19,0.013380256963235748,0.0
2004-02-20,0.015075662405447332,-0.009999999999999787
2004-02-23,0.01546582017558551,0.020000000000000018
2004-02-24,-0.024232313387767768,-0.010000000000000231
2004-02-25,-0.06294649767508709,0.020000000000000018
2004-02-26,-0.006720455401258096,-0.009999999999999787
2004-02-27,-0.01906116253233936,0.009999999999999787
2004-03-01,-0.007588860152821564,-0.009999999999999787
2004-03-02,0.028670905824933257,-0.010000000000000231
2004-03-03,-0.021082045672111693,-0.009999999999999787
2004-03-04,-0.010362787035546717,0.0
2004-03-05,0.005540180375615655,0.06999999999999984
2004-03-08,0.08660844130998013,0.04999999999999982
2004-03-09,0.05002586709494716,0.0
2004-03-10,0.11751526219113373,0.010000000000000231
2004-03-11,0.10176541614004542,0.009999999999999787
2004-03-12,-0.12178231384630145,-0.009999999999999787
2004-03-15,0.14379277178059002,0.0
2004-03-16,-0.038104441007551504,0.029999999999999805
2004-03-17,-0.11612511872509179,-0.009999999999999787
2004-03-18,0.022926768401946074,-0.010000000000000231
2004-03-19,0.03291167532938655,-0.020000000000000018
2004-03-22,0.11946424420333379,0.020000000000000018
2004-03-23,-0.04308358613631169,0.010000000000000231
2004-03-24,-0.04249651298321755,0.0
2004-03-25,-0.10250409096509117,0.009999999999999787
2004-03-26,-0.031243666017853666,-0.029999999999999805
2004-03-29,-0.04907872282097969,-0.03000000000000025
2004-03-30,-0.013423020332140378,0.0
2004-03-31,0.027863704486934537,0.010000000000000231
2004-04-01,-0.005390848634876377,-0.020000000000000018
2004-04-02,-0.06257848130928734,-0.10000000000000009
2004-04-05,-0.04378353668562829,-0.040000000000000036
2004-04-06,0.023110965880908108,0.03000000000000025
2004-04-07,0.028315920117287785,-0.010000000000000231
2004-04-08,0.03123301968993175,0.0
2004-04-13,0.1218469019169075,-0.020000000000000018
2004-04-14,-0.09983954124374206,-0.029999999999999805
2004-04-15,0.007653098577717454,0.009999999999999787
2004-04-16,-0.05216306328458575,0.020000000000000018
2004-04-19,0.03162318843051182,0.010000000000000231
2004-04-20,0.07794532862751957,-0.020000000000000018
2004-04-21,-0.06633978250721162,-0.010000000000000231
2004-04-22,-0.06556468849288333,0.010000000000000231
2004-04-23,-0.04193486541369218,-0.03000000000000025
2004-04-26,0.052826736194372614,-0.009999999999999787
2004-04-27,0.02010791609511564,0.020000000000000018
2004-04-28,0.0778454099755499,-0.020000000000000018
2004-04-29,0.018851272748543924,0.0
2004-04-30,0.034925124032260335,-0.010000000000000231
2004-05-03,-0.03372102996745596,0.0
2004-05-04,-0.004220687604230111,0.020000000000000018
2004-05-05,-0.048276700848124854,-0.020000000000000018
2004-05-06,0.07804080275457848,0.010000000000000231
2004-05-07,0.06141782103723381,-0.09000000000000008
2004-05-10,0.08659761241576591,0.010000000000000009
2004-05-11,-0.06261826181791097,0.010000000000000009
2004-05-12,-0.02342793067762372,0.010000000000000009
2004-05-13,0.038923832518320545,0.020000000000000018
2004-05-14,-0.020895482994162773,0.009999999999999787
2004-05-17,0.07758247667216933,0.050000000000000266
2004-05-18,-0.03207197766307823,-0.03000000000000025
2004-05-19,-0.02091032799900816,-0.020000000000000018
2004-05-20,-0.013830007667599897,0.020000000000000018
2004-05-21,-0.009687912154598077,-0.020000000000000018
2004-05-24,-0.022423690435003252,-0.009999999999999787
2004-05-25,-0.12472076294236745,0.0
2004-05-26,0.0006263702052584641,0.029999999999999805
2004-05-27,-0.0441671784885469,0.0
2004-05-28,0.014295240186826597,-0.020000000000000018
2004-06-02,-0.013588844061896754,0.010000000000000231
2004-06-03,0.057400230923776885,0.020000000000000018
2004-06-04,-0.014788793635536646,-0.020000000000000018
2004-06-07,-0.08646975318827232,-0.010000000000000231
2004-06-08,-0.02500130220541763,-0.009999999999999787
2004-06-09,0.02500130220541763,-0.010000000000000231
2004-06-10,-0.023004629329094417,0.0
2004-06-15,-0.06557618855453606,0.050000000000000266
2004-06-16,-0.017426714472176474,-0.020000000000000018
2004-06-17,0.024049255232669875,-0.010000000000000231
2004-06-18,-0.01061721984087205,0.0
2004-06-21,0.01785171374180461,0.020000000000000018
2004-06-22,-0.06427643228795121,0.0
2004-06-23,-0.02333085676269553,0.010000000000000231
2004-06-24,0.05767489147404303,0.0
2004-06-25,0.025334688327974142,0.009999999999999787
2004-06-28,0.05631686314173967,-0.029999999999999805
2004-06-29,-0.03805151516444605,0.020000000000000018
2004-06-30,-0.07584982941350082,0.029999999999999805
2004-07-01,0.05824259268075638,0.03000000000000025
2004-07-02,-0.00792606527242068,0.009999999999999787
2004-07-07,-0.02745025755436581,-0.010000000000000231
2004-07-08,0.02436859101695754,0.010000000000000231
2004-07-09,-0.026267926820609855,0.0
2004-07-12,-0.0533633428713971,0.009999999999999787
2004-07-13,-0.0339937558157124,-0.009999999999999787
2004-07-14,-0.049620384225421255,-0.020000000000000018
2004-07-15,0.06676170210814858,0.0
2004-07-16,-0.025474699441871973,0.029999999999999805
2004-07-19,0.056266958188966765,-0.009999999999999787
2004-07-20,-0.06819273965785166,-0.020000000000000018
2004-07-21,0.14676385139941006,0.0
2004-07-22,-0.04105053983035711,0.009999999999999787
2004-07-23,0.04652001563489261,0.0
2004-07-26,0.04734612059719856,-0.020000000000000018
2004-07-27,-0.04432039968066137,-0.020000000000000018
2004-07-28,-0.024466052154406448,0.010000000000000231
2004-07-29,-0.029534034746403925,-0.010000000000000231
2004-07-30,-0.02322685060981655,0.010000000000000231
2004-08-02,0.0032583932380592096,0.029999999999999805
2004-08-03,0.0420444090709573,0.010000000000000231
2004-08-04,0.011166369126123232,0.0
2004-08-05,0.1223650234983995,0.0
2004-08-06,0.054182130779163895,0.08000000000000007
2004-08-09,-0.023542808511729962,-0.03000000000000025
2004-08-10,-0.07814755736745305,-0.009999999999999787
2004-08-11,0.03210639048851238,-0.010000000000000231
2004-08-12,0.05604915138566291,0.020000000000000018
2004-08-13,-0.05938063697666607,0.010000000000000231
2004-08-16,-0.023067126844468433,0.0
2004-08-17,-0.03180377905377796,0.009999999999999787
2004-08-18,-0.0475277416187283,-0.009999999999999787
2004-08-19,0.04399624883725739,0.0
2004-08-20,-0.058268908123976004,-0.010000000000000231
2004-08-23,-0.007528266420791407,0.0
2004-08-24,-0.03524876293526713,-0.009999999999999787
2004-08-25,-0.023095714794649336,0.0
2004-08-26,-0.004683849312426158,0.009999999999999787
2004-08-27,-0.013504594163300965,-0.009999999999999787
2004-08-30,0.04843400998328384,0.009999999999999787
2004-08-31,-0.009762524655659188,0.0
2004-09-01,-0.02516689116432369,0.010000000000000231
2004-09-02,-0.04317217186520894,-0.03000000000000025
2004-09-03,-0.02625195097608657,-0.020000000000000018
2004-09-08,-0.0007109847437787309,0.020000000000000018
2004-09-09,-0.003562526033603408,0.0
2004-09-10,-0.018005527843718117,0.010000000000000231
2004-09-13,-0.04382431675000786,-0.010000000000000231
2004-09-14,0.029182766757059664,0.0
2004-09-15,0.07663322602091638,-0.009999999999999787
2004-09-16,-0.017223987633889326,0.020000000000000018
2004-09-17,-0.02533562678490675,-0.03000000000000025
2004-09-20,0.028111478671409618,0.010000000000000231
2004-09-21,-0.05483751864313513,0.0
2004-09-22,0.07609303261854627,-0.010000000000000231
2004-09-23,0.004062294008878808,0.0
2004-09-24,-0.03576722385863107,-0.009999999999999787
2004-09-27,0.023530497410194418,0.009999999999999787
2004-09-28,-0.055550308644965796,0.010000000000000231
2004-09-29,-0.04586602714243293,-0.020000000000000018
2004-09-30,0.009792921953243994,-0.010000000000000231
2004-10-01,-0.045235768883042926,-0.020000000000000018
2004-10-04,0.050469425689152025,0.010000000000000231
2004-10-05,0.03947881097378758,0.0
2004-10-06,-0.04922036421908693,-0.010000000000000231
2004-10-07,0.08788950537824114,0.0
2004-10-08,0.03722934176835624,0.010000000000000231
2004-10-13,0.024287376940298255,0.010000000000000231
2004-10-14,0.06344356391399364,0.009999999999999787
2004-10-15,-0.08839561352748326,-0.009999999999999787
2004-10-18,-0.022185783908347467,0.009999999999999787
2004-10-19,0.0281519931869183,-0.029999999999999805
2004-10-20,-0.018679662551555953,0.029999999999999805
2004-10-21,-0.021096393143335224,-0.009999999999999787
2004-10-22,0.049641311633001006,0.0
2004-10-25,0.08165236596877445,0.009999999999999787
2004-10-26,-0.011525756951410226,-0.020000000000000018
2004-10-27,-0.04173760575467789,-0.029999999999999805
2004-10-28,-0.021215839150272586,0.020000000000000018
2004-10-29,0.05560497338015846,-0.010000000000000231
2004-11-01,0.0,0.0
2004-11-02,-0.0055470096006007275,0.0
2004-11-03,-0.1418655130326809,-0.009999999999999787
2004-11-04,-0.004998225328794348,-0.03000000000000025
2004-11-05,-0.009349223079346825,-0.029999999999999805
2004-11-08,-0.0028943580263645075,0.009999999999999787
2004-11-09,-0.01386377549978457,0.0
2004-11-10,-0.03972047063432216,0.010000000000000231
2004-11-15,0.0037439205094651484,-0.010000000000000231
2004-11-16,-0.012786936165848584,-0.009999999999999787
2004-11-17,0.0,0.009999999999999787
2004-11-18,-0.017564407258289894,0.0
2004-11-19,0.03927997416843976,-0.019999999999999796
2004-11-22,-0.0400506871160311,-0.030000000000000027
2004-11-23,-0.0234020039953049,0.0
2004-11-24,0.003938563578928189,-0.010000000000000009
2004-11-29,0.039100419636957096,-0.030000000000000027
2004-11-30,-0.004521484718845947,0.020000000000000018
2004-12-01,-0.020603552180509688,0.0
2004-12-02,0.0007707129475913455,-0.010000000000000009
2004-12-03,-0.0015420203518150544,0.020000000000000018
2004-12-06,0.01759127580509423,0.0
2004-12-07,0.03574468400663511,0.0
2004-12-08,-0.03574468400663511,-0.020000000000000018
2004-12-09,-0.023783246053015628,0.0
2004-12-10,-0.009360442759563714,0.010000000000000009
2004-12-13,-0.017391742711869274,-0.010000000000000009
2004-12-14,0.015037877364540542,0.0
2004-12-15,-0.030305349495328926,-0.030000000000000027
2004-12-16,-0.006498804351166232,0.010000000000000009
2004-12-17,-0.026425980345300193,0.0
2004-12-20,-0.010092600387224149,-0.020000000000000018
2004-12-21,-0.023953241022492744,0.010000000000000009
2004-12-22,-0.008695706967554173,0.0
2004-12-23,-0.019400961249896653,0.0
2004-12-28,-0.011599135843352038,0.0
2004-12-29,-0.03217889836423504,-0.010000000000000009
2004-12-30,0.07778940961628722,0.0
2004-12-31,0.05649471168510134,-0.029999999999999805
2005-01-03,0.05774347800474233,0.0
2005-01-04,-0.007127613924232001,-0.010000000000000009
2005-01-05,0.007837589104924714,-0.020000000000000018
2005-01-06,-0.03686720378003905,0.010000000000000009
2005-01-07,-0.006649451910885507,-0.010000000000000009
2005-01-10,-0.01946169209280013,-0.010000000000000009
2005-01-11,-0.003028011397641084,-0.010000000000000009
2005-01-12,-0.048941805689170614,0.0
2005-01-13,0.022048137221762687,-0.010000000000000009
2005-01-14,-0.032452392739195535,-0.010000000000000009
2005-01-19,0.055374769382416034,-0.010000000000000009
2005-01-20,0.04813961660230559,0.040000000000000036
2005-01-21,0.03760641794341124,-0.010000000000000009
2005-01-24,0.01999377184299833,-0.020000000000000018
2005-01-25,-0.04110644908055727,0.010000000000000009
2005-01-26,-0.0450985512875155,-0.020000000000000018
2005-01-27,-0.014992784586141283,-0.010000000000000009
2005-01-28,0.0,0.0
2005-01-31,-0.03223609901633839,0.0
2005-02-01,-0.06360292150593638,-0.010000000000000009
2005-02-02,-0.031239349064241306,-0.010000000000000009
2005-02-03,0.011087533626933155,-0.030000000000000027
2005-02-04,-0.050445477465210775,-0.010000000000000009
2005-02-07,0.04534342558131543,-0.040000000000000036
2005-02-08,-0.011144564553065006,-0.020000000000000018
2005-02-09,0.03390155167568132,0.010000000000000009
2005-02-10,-0.04169042705420889,0.030000000000000027
2005-02-11,-0.006974744927072063,-0.020000000000000018
2005-02-14,0.007843177461025697,-0.020000000000000018
2005-02-15,-0.021940327216060318,0.010000000000000009
2005-02-16,-0.01519921973339633,-0.019999999999999796
2005-02-17,0.05860881295389708,0.019999999999999796
2005-02-18,-0.05142745354523237,-0.019999999999999796
2005-02-23,-0.05877131741541364,0.0
2005-02-24,-0.0684741544354659,-0.019999999999999796
2005-02-25,-0.006938449344920716,0.0
2005-02-28,0.05007410064600437,-0.030000000000000027
2005-03-01,-0.0033167526259938462,-0.010000000000000009
2005-03-02,0.03749420442758078,0.020000000000000018
2005-03-03,0.03382154847551044,-0.010000000000000009
2005-03-04,-0.07965608481931019,-0.020000000000000018
2005-03-07,0.026447822543609334,-0.020000000000000018
2005-03-08,0.011354542102925969,-0.010000000000000009
2005-03-09,0.023905520853554574,-0.010000000000000009
2005-03-10,-0.016673669327059493,-0.020000000000000018
2005-03-11,0.02451684678808519,-0.030000000000000027
2005-03-14,-0.03255547528452052,0.020000000000000018
2005-03-15,0.05953206298272251,0.010000000000000009
2005-03-16,0.025526911595890933,0.020000000000000018
2005-03-17,-0.01493679749451049,0.040000000000000036
2005-03-18,-0.011350859668689317,0.020000000000000018
2005-03-21,0.03514380360691005,0.010000000000000009
2005-03-22,0.04735461482537051,-0.040000000000000036
2005-03-23,-0.014825545106226024,0.010000000000000009
2005-03-24,-0.046587754838983475,0.010000000000000009
2005-03-29,0.05241993222001051,0.020000000000000018
2005-03-30,-0.06045210391727496,0.010000000000000009
2005-03-31,0.02747822919112819,0.029999999999999805
2005-04-01,0.004980444304144793,0.010000000000000009
2005-04-04,0.00141843995413371,0.0
2005-04-05,-0.03094885367031841,0.010000000000000009
2005-04-06,-0.03951315357063079,0.010000000000000009
2005-04-07,-0.06438644144752059,-0.020000000000000018
2005-04-08,0.023247539936814388,-0.010000000000000009
2005-04-11,-0.05204426442576393,0.030000000000000027
2005-04-12,-0.058435866969008377,-0.010000000000000009
2005-04-13,0.1637129066887253,0.030000000000000027
2005-04-14,0.08769984517517138,0.06000000000000005
2005-04-15,0.19960649929924168,0.030000000000000027
2005-04-18,-0.06883182792431963,-0.030000000000000027
2005-04-19,-0.1016101764107824,0.010000000000000009
2005-04-20,0.12311638163174621,0.020000000000000018
2005-04-21,-0.1605739441666465,-0.050000000000000044
2005-04-22,0.06514555406606704,0.010000000000000009
2005-04-25,-0.05067750975586538,-0.030000000000000027
2005-04-26,0.019641674455014524,-0.010000000000000009
2005-04-27,-0.002686368304583464,0.020000000000000018
2005-04-28,0.1255981921016458,0.030000000000000027
2005-04-29,-0.09643774290411722,0.010000000000000009
2005-05-02,-0.012487838918205263,0.010000000000000009
2005-05-03,-0.039802893169195386,0.0
2005-05-04,-0.0479302449488439,0.06000000000000005
2005-05-05,0.009342504172316524,0.010000000000000009
2005-05-06,0.004994658974090793,-0.020000000000000018
2005-05-09,-0.021583571667174617,-0.040000000000000036
2005-05-10,0.08099330466406673,0.040000000000000036
2005-05-11,-0.03133771421820608,-0.010000000000000009
2005-05-12,0.10936632252004141,0.020000000000000018
2005-05-13,0.012330612457478463,0.04999999999999982
2005-05-16,-0.04000533461369926,0.010000000000000009
2005-05-17,-0.0734213947151483,0.020000000000000018
2005-05-18,-0.06669137449867213,0.010000000000000009
2005-05-19,-0.02300658059619831,-0.010000000000000009
2005-05-20,-0.01360565205577835,-0.020000000000000018
2005-05-23,-0.014565224910918051,0.0
2005-05-24,-0.020281506419250306,0.020000000000000018
2005-05-25,-0.008706030454001645,0.0
2005-05-26,-0.027398974188114433,0.0
2005-05-27,-0.007380107297622729,0.0
2005-06-01,-0.07254642069560902,0.010000000000000009
2005-06-02,-0.042981822573685324,-0.020000000000000018
2005-06-03,0.025845540330697858,-0.04999999999999982
2005-06-06,0.010642752932438881,-0.020000000000000018
2005-06-07,0.008917772922054645,0.0
2005-06-08,0.024712297823494822,0.0
2005-06-09,-0.05005080095787706,0.010000000000000009
2005-06-10,-0.009983443984182827,0.010000000000000009
2005-06-13,-0.0262615685107761,0.0
2005-06-14,0.011945534537569635,0.030000000000000027
2005-06-15,-0.028389003262685897,0.0
2005-06-16,-0.027423213380465494,-0.010000000000000009
2005-06-17,0.029166892985292403,-0.010000000000000009
2005-06-20,-0.0008714597501411347,0.0
2005-06-21,-0.03459324982214129,0.0
2005-06-22,-0.00271125335537592,0.039999999999999813
2005-06-23,0.09325129499219686,-0.010000000000000009
2005-06-24,0.004113539325791837,0.010000000000000009
2005-06-27,0.027532103390201623,0.0
2005-06-28,-0.07804789352710317,-0.019999999999999796
2005-06-29,0.016274449127336332,0.0
2005-06-30,0.022680518608489297,0.0
2005-07-01,-0.05462108448022507,-0.040000000000000036
2005-07-06,0.04927928132273873,0.010000000000000009
2005-07-07,0.01777106541466633,-0.010000000000000009
2005-07-08,-0.08693859413723759,-0.010000000000000009
2005-07-11,-0.01495848393033583,-0.020000000000000018
2005-07-12,-0.02969178980740317,-0.010000000000000009
2005-07-13,-0.010096460251009631,-0.010000000000000009
2005-07-14,-0.002771364360383277,-0.010000000000000009
2005-07-15,-0.045419348519569525,-0.010000000000000009
2005-07-18,0.04171220803675002,0.030000000000000027
2005-07-19,-0.030162512757477167,-0.020000000000000018
2005-07-20,-0.021277398447284934,-0.010000000000000009
2005-07-21,0.06983969432360393,-0.010000000000000009
2005-07-22,-0.041886066977575354,-0.010000000000000009
2005-07-25,0.05366690100872473,-0.030000000000000027
2005-07-26,-0.009959339902758657,0.0
2005-07-27,-0.059033531584193,-0.010000000000000009
2005-07-28,0.015325970478226925,-0.030000000000000027
2005-07-29,0.0951373338960213,-0.010000000000000009
2005-08-01,0.043135651301083655,0.0
2005-08-02,-0.027697951916500596,0.010000000000000009
2005-08-03,0.006785437400127492,0.020000000000000018
2005-08-04,0.0566886876816568,-0.010000000000000009
2005-08-05,-0.0032000027306708922,-0.020000000000000018
2005-08-08,0.05684675559295238,0.0
2005-08-09,-0.0632776459232427,-0.010000000000000009
2005-08-10,-0.0016142053545409318,0.020000000000000018
2005-08-11,0.003225809248882605,0.030000000000000027
2005-08-12,0.025438573638684403,0.0
2005-08-15,-0.038404719635952045,0.0
2005-08-16,0.09782814010675267,0.0
2005-08-17,-0.016406035387109608,0.0
2005-08-18,0.00898209631582736,0.020000000000000018
2005-08-19,0.0,-0.010000000000000009
2005-08-22,0.0,0.0
2005-08-23,-0.0059790910560577615,0.0
2005-08-24,0.06036001321511142,0.0
2005-08-25,-0.03154383392270965,-0.020000000000000018
2005-08-26,-0.0007285974821402696,-0.010000000000000009
2005-08-29,-0.014684551682921487,-0.010000000000000009
2005-08-30,0.009569451016151032,-0.010000000000000009
2005-08-31,-0.08004270767353683,0.10000000000000009
2005-09-01,0.04272494466634136,0.040000000000000036
2005-09-02,0.03143971522300415,0.030000000000000027
2005-09-07,-0.03222282711181368,0.0
2005-09-08,0.03222282711181368,0.0
2005-09-09,-0.07631160009646276,-0.010000000000000009
2005-09-12,-0.027932412675593543,0.0
2005-09-13,0.06158351562934117,0.010000000000000009
2005-09-14,0.041112509217500204,0.0
2005-09-15,-0.033073880721064874,0.010000000000000009
2005-09-16,-0.10723042404293581,0.010000000000000009
2005-09-19,0.07880788553680196,0.0
2005-09-20,0.04036060308735889,-0.040000000000000036
2005-09-21,0.0870773030864993,0.030000000000000027
2005-09-22,-0.03392655761459329,0.0
2005-09-23,-0.028149443266488383,-0.010000000000000009
2005-09-26,0.006153865574377804,0.0
2005-09-27,-0.021706278581862914,0.010000000000000009
2005-09-28,-0.010240341554244026,-0.020000000000000018
2005-09-29,-0.03136565927821966,0.010000000000000009
2005-09-30,-0.026491615446976535,-0.020000000000000018
2005-10-03,0.04430585172210355,0.010000000000000009
2005-10-04,0.05769331623301799,-0.010000000000000009
2005-10-05,0.0973741640251764,0.0
2005-10-06,0.0277889789288297,0.010000000000000009
2005-10-07,-0.025043610011636908,0.0
2005-10-12,0.037052904253881636,0.030000000000000027
2005-10-13,0.01529549550228193,0.030000000000000027
2005-10-14,-0.10219478371748503,0.010000000000000009
2005-10-17,-0.013541168317173113,-0.030000000000000027
2005-10-18,0.04400710072883207,0.0
2005-10-19,-0.12712200743933888,0.020000000000000018
2005-10-20,0.1767505117444994,0.0
2005-10-21,0.0012406949482342,-0.010000000000000009
2005-10-24,-0.0901160053759269,0.0
2005-10-25,-0.014349409178998851,-0.040000000000000036
2005-10-26,0.004120884952502735,0.030000000000000027
2005-10-27,0.09350157910551893,0.0
2005-10-28,-0.11708103492555377,-0.010000000000000009
2005-10-31,0.07240225759778562,0.0
2005-11-01,-0.0311592990637366,0.010000000000000009
2005-11-02,-0.09679275976454749,0.0
2005-11-03,-0.03625774802262427,-0.020000000000000018
2005-11-04,0.012992158293652967,0.0
2005-11-07,-0.005329285548083984,0.0
2005-11-08,-0.0015278841780532737,0.010000000000000009
2005-11-09,-0.021639175103481012,-0.010000000000000009
2005-11-10,-0.07290677080808772,0.020000000000000018
2005-11-15,0.004096687417330269,0.0
2005-11-16,0.0024499808089841757,0.010000000000000009
2005-11-17,-0.08597380185763592,0.010000000000000009
2005-11-18,-0.011622839827992948,0.010000000000000009
2005-11-21,-0.02734901540410073,0.010000000000000009
2005-11-22,-0.020542272300314135,0.039999999999999813
2005-11-23,0.033398280401848,0.0
2005-11-28,0.08455738802806279,-0.020000000000000018
2005-11-29,0.004214081246830759,-0.010000000000000009
2005-11-30,0.014196480596349037,0.010000000000000009
2005-12-01,-0.07041534683349449,-0.019999999999999796
2005-12-02,-0.020674893730956434,0.0
2005-12-05,0.05220114737773063,-0.010000000000000009
2005-12-06,-0.0069204428445739374,0.019999999999999796
2005-12-07,0.05571060701400565,0.0
2005-12-08,0.0024600258408624676,0.0
2005-12-09,-0.04352151263863613,0.0
2005-12-12,-0.01899884434269783,-0.019999999999999796
2005-12-13,-0.031889327489740715,0.019999999999999796
2005-12-14,-0.058376924758642534,0.0
2005-12-15,0.02357487774971112,-0.009999999999999787
2005-12-16,-0.0046707231105584945,-0.020000000000000018
2005-12-19,0.06348459516613625,-0.010000000000000009
2005-12-20,-0.0168369063743512,0.0
2005-12-21,-0.034548890672716936,0.0
2005-12-22,-0.04929908180515863,-0.010000000000000009
2005-12-23,-0.001945525905491241,0.0
2005-12-28,-0.01919779727817339,-0.010000000000000009
2005-12-29,0.02264905178238852,0.0
2005-12-30,0.03885623939964011,0.0
2006-01-04,0.020436073263306653,0.0
2006-01-05,-0.005291017634415418,0.0
2006-01-06,-0.027792017329658414,0.0
2006-01-09,0.011748892489082952,0.0
2006-01-10,-0.024557850781664392,0.0
2006-01-11,0.007339482488045945,0.0
2006-01-12,0.023487981307213524,-0.010000000000000009
2006-01-13,0.002674990449303305,-0.010000000000000009
2006-01-18,0.028147553623527166,0.010000000000000009
2006-01-19,-0.02228734430343282,-0.010000000000000009
2006-01-20,0.1950394500812367,-0.020000000000000018
2006-01-23,-0.04423325497682562,0.010000000000000009
2006-01-24,-0.04552915538469415,-0.010000000000000009
2006-01-25,-0.033616610798985036,-0.010000000000000009
2006-01-26,-0.03559094510270233,0.0
2006-01-27,-0.036904556935450916,-0.020000000000000018
2006-01-30,0.034486176071168995,0.010000000000000009
2006-01-31,0.04420609250449559,-0.010000000000000009
2006-02-01,-0.04663033611600165,-0.020000000000000018
2006-02-02,0.06802152609731937,-0.020000000000000018
2006-02-03,-0.020619287202735315,-0.020000000000000018
2006-02-06,0.006153865574377804,-0.030000000000000027
2006-02-07,0.041312671664545775,0.020000000000000018
2006-02-08,-0.057548049535507406,0.040000000000000036
2006-02-09,0.022351604888398047,-0.020000000000000018
2006-02-10,-0.019238761907907964,-0.020000000000000018
2006-02-13,0.03661736323822318,0.010000000000000009
2006-02-14,-0.08599044785552223,-0.010000000000000009
2006-02-15,0.004886003205625933,-0.010000000000000009
2006-02-16,-0.06980554930494165,0.010000000000000009
2006-02-17,0.045133245200471794,-0.010000000000000009
2006-02-22,-0.04364628528201697,0.0
2006-02-23,-0.0008421053129223921,-0.010000000000000009
2006-02-24,-0.035151497334982906,-0.030000000000000027
2006-02-27,0.01127994606506677,0.010000000000000009
2006-02-28,0.06270336112558139,0.0
2006-03-01,-0.06702675739728825,0.010000000000000009
2006-03-02,0.015477523068913257,0.0
2006-03-03,0.020270964373619194,0.010000000000000009
2006-03-06,0.06317890162153139,0.0
2006-03-07,-0.006299233427986994,0.0
2006-03-08,-0.027223458610656337,0.010000000000000009
2006-03-09,0.028801990903705832,-0.010000000000000009
2006-03-10,-0.06769808142793954,0.0
2006-03-13,-0.0413495598186957,0.020000000000000018
2006-03-14,-0.057003218681725976,-0.010000000000000009
2006-03-15,0.05524265484669311,0.020000000000000018
2006-03-16,0.05402084875989166,0.020000000000000018
2006-03-17,0.01161838795386494,-0.020000000000000018
2006-03-20,-0.027605266091888847,0.0
2006-03-21,-0.014523963125514072,0.0
2006-03-22,-0.0359215143396967,-0.010000000000000009
2006-03-23,-0.0035746240029594922,0.010000000000000009
2006-03-24,0.0017889092427245679,0.0
2006-03-27,0.023842188962759803,0.0
2006-03-28,0.010416760858255714,-0.020000000000000018
2006-03-29,-0.055940015882339544,0.030000000000000027
2006-03-30,0.055076084943075365,-0.010000000000000009
2006-03-31,-0.015679763746494046,-0.010000000000000009
2006-04-03,0.015679763746494046,-0.010000000000000009
2006-04-04,-0.037873306706447174,0.010000000000000009
2006-04-05,-0.000898069211684227,0.010000000000000009
2006-04-06,0.028345564712795035,0.0
2006-04-07,0.06835220050781654,0.0
2006-04-10,-0.005725987014884915,0.0
2006-04-11,0.06433341396835646,0.010000000000000009
2006-04-12,-0.018634079544892934,0.0
2006-04-13,-0.03023301066019357,-0.020000000000000018
2006-04-18,-0.09849489587184479,0.0
2006-04-19,-0.0070422826254130655,0.0
2006-04-20,0.02787636952825512,0.0
2006-04-21,-0.004304784951631557,0.0
2006-04-24,0.013710583238507823,-0.030000000000000027
2006-04-25,0.0,0.010000000000000009
2006-04-26,0.0008507018803127764,-0.040000000000000036
2006-04-27,0.0067796869853786745,0.030000000000000027
2006-04-28,-0.021340972104199274,0.0
2006-05-01,0.07878087785311427,-0.040000000000000036
2006-05-02,-0.04485056616535177,-0.019999999999999796
2006-05-03,0.0,0.0
2006-05-04,-0.010901575469843383,-0.010000000000000009
2006-05-05,-0.020443642145814067,0.0
2006-05-08,0.03217889836423504,-0.010000000000000009
2006-05-09,-0.0008336807485775921,0.0
2006-05-10,-0.01766979081598219,-0.010000000000000009
2006-05-11,0.05852514591404567,0.030000000000000027
2006-05-12,0.127609167034465,0.019999999999999796
2006-05-15,-0.04467601732517368,0.010000000000000009
2006-05-16,-0.01634508900051923,0.020000000000000018
2006-05-17,0.19719171927340629,0.0
2006-05-18,0.04391683156417603,0.0
2006-05-19,0.01112098087226876,-0.010000000000000009
2006-05-22,0.03094802862082524,0.010000000000000009
2006-05-23,0.030018929989887866,-0.010000000000000009
2006-05-24,-0.05054416593461841,0.030000000000000027
2006-05-25,-0.11332868530700324,-0.010000000000000009
2006-05-26,-0.08338160893905089,0.0
2006-05-31,-0.1266648057911639,-0.010000000000000009
2006-06-01,-0.12419038023138418,0.0
2006-06-02,-0.013869847864150131,0.010000000000000009
2006-06-05,0.15075305489395285,0.0
2006-06-06,0.040605754925943316,-0.020000000000000018
2006-06-07,0.026182485945643652,0.020000000000000018
2006-06-08,0.03043111720253977,-0.010000000000000009
2006-06-09,-0.012613273885746068,0.0
2006-06-12,0.14559955883800813,-0.010000000000000009
2006-06-13,0.12748980104592977,0.020000000000000018
2006-06-14,-0.10391492329621865,0.0
2006-06-15,-0.29987162797636646,0.0
2006-06-16,0.08149303425118282,0.0
2006-06-19,0.03307028839767989,0.0
2006-06-20,-0.06607269420130502,0.0
2006-06-21,-0.07268022291867116,0.010000000000000009
2006-06-22,0.022930941063917132,0.010000000000000009
2006-06-23,0.000629524729634845,0.0
2006-06-26,-0.01713783613708486,0.0
2006-06-27,0.04872919041861312,0.010000000000000009
2006-06-28,-0.03790450656260225,-0.010000000000000009
2006-06-29,-0.1921224371307968,0.0
2006-06-30,0.003829954892298648,-0.020000000000000018
2006-07-03,-0.002296212260350039,0.010000000000000009
2006-07-06,-0.03597510245827795,-0.010000000000000009
2006-07-07,0.02317265163790161,0.0
2006-07-10,0.0035727083375736157,0.0
2006-07-11,-0.06482386854997957,0.010000000000000009
2006-07-12,0.09779774327612634,-0.010000000000000009
2006-07-13,0.20517774534515265,0.0
2006-07-14,0.014509183101146572,0.030000000000000027
2006-07-17,0.03216412447855488,-0.010000000000000009
2006-07-18,-0.04948783237601173,0.0
2006-07-19,-0.13176133825619019,0.010000000000000009
2006-07-20,0.04156769712234176,0.0
2006-07-21,0.07084187047289836,0.0
2006-07-24,-0.14975422813140993,0.0
2006-07-25,-0.008716112840364776,-0.010000000000000009
2006-07-26,-0.015609410927075906,0.0
2006-07-27,0.021651725383038833,-0.030000000000000027
2006-07-28,-0.04168693786459077,0.020000000000000018
2006-07-31,0.042356057996614904,0.010000000000000009
2006-08-01,0.006666691358189425,0.010000000000000009
2006-08-02,-0.04832515602341081,0.0
2006-08-03,0.008333381559144648,-0.010000000000000009
2006-08-04,-0.008333381559144648,0.010000000000000009
2006-08-07,0.060214331735596094,-0.020000000000000018
2006-08-08,0.0,0.030000000000000027
2006-08-09,-0.0019717390548397162,0.030000000000000027
2006-08-10,-0.04990921112161173,0.0
2006-08-11,-0.011126679464757316,-0.010000000000000009
2006-08-14,-0.002801122279711521,-0.030000000000000027
2006-08-15,-0.06071228344261437,0.010000000000000009
2006-08-16,-0.07824353232701986,0.010000000000000009
2006-08-17,-0.01379332213233564,0.0
2006-08-18,-0.050261834780888304,0.0
2006-08-21,0.048626511440157394,0.010000000000000009
2006-08-22,-0.002458010250268927,-0.010000000000000009
2006-08-23,0.017080529117810883,0.010000000000000009
2006-08-24,0.0,0.0
2006-08-25,-0.007284532414629119,0.020000000000000018
2006-08-28,-0.010616677914611294,-0.010000000000000009
2006-08-29,0.00817666043724552,0.010000000000000009
2006-08-30,-0.004897968975547062,0.0
2006-08-31,0.007337986452912837,-0.010000000000000009
2006-09-01,-0.028844191673876196,0.0
2006-09-06,0.08423635043180333,0.0
2006-09-07,0.01013766828445517,-0.010000000000000009
2006-09-08,-0.05326702918148696,0.0
2006-09-11,-0.013002095214663001,0.0
2006-09-12,-0.08596216904530474,-0.020000000000000018
2006-09-13,-0.06409119391025042,0.0
2006-09-14,0.03255896924084967,0.0
2006-09-15,0.01801850550267803,-0.010000000000000009
2006-09-18,0.0016992357529597157,-0.010000000000000009
2006-09-19,0.01683541446386272,0.010000000000000009
2006-09-20,-0.05050281522821232,0.0
2006-09-21,0.07279015953164514,0.020000000000000018
2006-09-22,0.02737691106551976,0.010000000000000009
2006-09-25,-0.03804586741508764,0.0
2006-09-26,-0.049904646360200644,-0.010000000000000009
2006-09-27,0.004327137863881614,0.0
2006-09-28,0.012017312004017455,0.020000000000000018
2006-09-29,0.021941808538436636,-0.010000000000000009
2006-10-02,0.04807442991485278,0.010000000000000009
2006-10-03,-0.026603745517975952,-0.010000000000000009
2006-10-04,-0.03153788351460074,0.020000000000000018
2006-10-05,0.010067199117723913,0.0
2006-10-06,-0.03568772944307197,-0.010000000000000009
2006-10-11,0.008643096156020214,0.010000000000000009
2006-10-12,-0.04668395006148973,-0.020000000000000018
2006-10-13,-0.03113804678860399,0.010000000000000009
2006-10-16,0.03113804678860399,-0.010000000000000009
2006-10-17,0.05610586130310846,0.0
2006-10-18,-0.033813364365777865,-0.010000000000000009
2006-10-19,-0.03957350906450818,0.0
2006-10-20,-0.025082596881241148,-0.010000000000000009
2006-10-23,0.041461488965281124,-0.030000000000000027
2006-10-24,-0.027449115838286797,-0.010000000000000009
2006-10-25,-0.011194146743152888,0.010000000000000009
2006-10-26,-0.00942514045958287,-0.010000000000000009
2006-10-27,0.022472855852058604,0.0
2006-10-30,0.03636764417087468,-0.010000000000000009
2006-10-31,-0.008968669982760247,0.0
2006-11-01,0.036271114415503014,0.0
2006-11-02,-0.00785001850592737,0.0
2006-11-03,-0.023030247274699267,-0.04999999999999982
2006-11-06,0.0,0.0
2006-11-07,-0.006292155590889248,0.010000000000000009
2006-11-08,-0.03113804678860399,-0.010000000000000009
2006-11-09,0.023898196160916818,0.030000000000000027
2006-11-10,-0.02018417146454521,-0.010000000000000009
2006-11-13,0.006466535235746029,-0.010000000000000009
2006-11-14,-0.03371105734231161,0.010000000000000009
2006-11-15,-0.01826095913460879,0.0
2006-11-16,-0.014655855878532797,-0.020000000000000018
2006-11-17,-0.010885807645251155,0.010000000000000009
2006-11-20,-0.007992050531338002,0.0
2006-11-21,-0.00704582683320254,0.0
2006-11-22,0.023953241022492744,0.0
2006-11-27,0.13655570573576492,0.010000000000000009
2006-11-28,-0.05687151095460674,0.010000000000000009
2006-11-29,-0.07040769041086614,0.0
2006-11-30,0.007359738832080076,0.019999999999999796
2006-12-01,0.06648438107736698,0.010000000000000009
2006-12-04,-0.03757541217199423,0.010000000000000009
2006-12-05,0.003555559301332778,-0.010000000000000009
2006-12-06,0.0053097469882303905,0.0
2006-12-07,0.11178291929313255,-0.010000000000000009
2006-12-08,-0.04851395922360746,-0.010000000000000009
2006-12-11,-0.11954515064978288,0.010000000000000009
2006-12-12,-0.005617992304223218,0.010000000000000009
2006-12-13,-0.04513488103305763,-0.010000000000000009
2006-12-14,-0.020844427148629663,0.020000000000000018
2006-12-15,0.007992050531338002,0.0
2006-12-18,0.05328136661293659,-0.010000000000000009
2006-12-19,-0.028710105882431503,0.020000000000000018
2006-12-20,-0.003891055492966533,0.0
2006-12-21,0.02597548640326064,0.010000000000000009
2006-12-22,0.07587008714712118,-0.010000000000000009
2006-12-27,-0.05663613879804563,0.0
2006-12-28,0.032365284502031244,-0.010000000000000009
2006-12-29,0.05056509482870153,-0.010000000000000009
2007-01-04,-0.045018217146883366,0.010000000000000009
2007-01-05,0.05328956289756093,-0.020000000000000018
2007-01-08,-0.011599135843352038,-0.010000000000000009
2007-01-09,-0.007528266420791407,0.0
2007-01-10,-0.037643452225929686,0.0
2007-01-11,-0.053728230008161404,0.0
2007-01-12,-0.06853299564532156,0.0
2007-01-17,-0.014064929467403342,-0.010000000000000009
2007-01-18,0.024254920373153244,0.0
2007-01-19,-0.0423592738391414,-0.010000000000000009
2007-01-22,0.034958685020970215,0.0
2007-01-23,-0.040744622088014104,0.0
2007-01-24,-0.04449572344566244,0.0
2007-01-25,0.12617375445992973,-0.010000000000000009
2007-01-26,-0.008053734807096813,0.0
2007-01-29,0.028345564712795035,-0.010000000000000009
2007-01-30,-0.04373744848037919,0.010000000000000009
2007-01-31,-0.050525245194648516,0.010000000000000009
2007-02-01,-0.01061273829635212,-0.010000000000000009
2007-02-02,-0.022561035385646466,0.0
2007-02-05,0.04557259727885299,0.0
2007-02-06,0.009434032233358813,-0.010000000000000009
2007-02-07,-0.031476132102017385,0.010000000000000009
2007-02-08,0.01156082240107592,-0.010000000000000009
2007-02-09,0.06130052586379575,-0.010000000000000009
2007-02-12,0.0449216873915117,0.0
2007-02-13,-0.11584692662951701,0.0
2007-02-14,-0.010695289116747997,0.010000000000000009
2007-02-15,-0.000977995187976699,0.010000000000000009
2007-02-16,-0.01976348911883985,-0.010000000000000009
2007-02-21,-0.003913899321136505,-0.010000000000000009
2007-02-22,-0.0019627091678486863,0.0
2007-02-23,0.038540415307776854,-0.010000000000000009
2007-02-26,0.052474071475974604,0.010000000000000009
2007-02-27,0.49600786078029113,0.050000000000000044
2007-02-28,-0.17178199055123589,0.010000000000000009
2007-03-01,0.025609594204324626,0.020000000000000018
2007-03-02,0.1624241083146516,0.019999999999999796
2007-03-05,0.05335993763421021,0.040000000000000036
2007-03-06,-0.20697341626670696,-0.020000000000000018
2007-03-07,-0.04616204176316252,0.0
2007-03-08,-0.06436355831672413,0.010000000000000009
2007-03-09,-0.014094666031187142,-0.020000000000000018
2007-03-12,-0.007122537233199111,0.0
2007-03-13,0.25922523608936965,0.050000000000000044
2007-03-14,-0.048597132608172444,0.020000000000000018
2007-03-15,-0.04986196010941013,-0.020000000000000018
2007-03-16,0.02167453904027239,0.0
2007-03-19,-0.14044710855475495,0.0
2007-03-20,-0.09483051419057809,0.010000000000000009
2007-03-21,-0.08488990485093595,0.020000000000000018
2007-03-22,0.05893424929058577,0.020000000000000018
2007-03-23,0.0015455953617804497,0.0
2007-03-26,0.01608613775162482,0.0
2007-03-27,0.024025179586989687,0.010000000000000009
2007-03-28,0.10550887260491226,0.020000000000000018
2007-03-29,0.01062426992022969,-0.040000000000000036
2007-03-30,-0.03358273947613721,0.010000000000000009
2007-04-02,-0.007542030950974166,-0.010000000000000009
2007-04-03,-0.07649315336560969,-0.010000000000000009
2007-04-04,-0.01647977370771958,0.010000000000000009
2007-04-05,-0.000755572381998082,0.0
2007-04-10,-0.03563506404738481,0.0
2007-04-11,0.06192272121058462,-0.010000000000000009
2007-04-12,-0.0595595850183015,0.0
2007-04-13,-0.040953133462152014,-0.010000000000000009
2007-04-16,-0.018197359051907558,-0.020000000000000018
2007-04-17,0.0132671929440491,0.0
2007-04-18,0.022802290873980446,-0.010000000000000009
2007-04-19,0.009615458699441692,0.0
2007-04-20,-0.03820050009533427,0.010000000000000009
2007-04-23,0.07729852138906645,0.0
2007-04-24,0.006116227017436415,0.0
2007-04-25,0.006836335018290729,0.0
2007-04-26,-0.0323105029434827,0.010000000000000009
2007-04-27,-0.02694299268003464,-0.010000000000000009
2007-04-30,0.13292880146437813,0.0
2007-05-01,-0.051219272402987404,-0.010000000000000009
2007-05-02,-0.032345805943054806,-0.010000000000000009
2007-05-03,0.0007642338927560388,-0.020000000000000018
2007-05-04,-0.013846375063257366,0.0
2007-05-07,0.018419553765222307,0.0
2007-05-08,0.004552359910460435,0.020000000000000018
2007-05-09,-0.025298397858026345,-0.010000000000000009
2007-05-10,0.05439407206579894,0.010000000000000009
2007-05-11,-0.04897400459645995,0.0
2007-05-14,0.07510030918867994,-0.010000000000000009
2007-05-15,0.003575263014689245,0.0
2007-05-16,-0.03708167490453196,-0.010000000000000009
2007-05-17,0.0007404665277235267,0.0
2007-05-18,-0.05711487405546345,-0.010000000000000009
2007-05-21,0.041448757311064455,0.0
2007-05-22,-0.018209911379423183,0.0
2007-05-23,0.013688426660577235,0.0
2007-05-24,0.06151280022103389,0.0
2007-05-25,-0.05398831024241835,-0.009999999999999787
2007-05-30,-0.053123263555151734,-0.010000000000000009
2007-05-31,0.01700195514115732,-0.010000000000000009
2007-06-01,-0.020906684819313792,0.0
2007-06-04,0.039130423775765255,-0.020000000000000018
2007-06-05,0.025261372983287345,-0.010000000000000009
2007-06-06,0.08707251476362243,0.030000000000000027
2007-06-07,0.13739078159146922,0.0
2007-06-08,-0.13941030432429846,0.020000000000000018
2007-06-11,-0.008798703125888263,-0.010000000000000009
2007-06-12,0.12508316214935666,-0.010000000000000009
2007-06-13,-0.1237244662881638,-0.020000000000000018
2007-06-14,-0.07687957805922307,-0.010000000000000009
2007-06-15,0.021755752917061777,0.030000000000000027
2007-06-18,-0.03801627378884209,0.0
2007-06-19,-0.04340232020230683,0.0
2007-06-20,0.13246078081366175,-0.030000000000000027
2007-06-21,-0.03185865004588129,0.030000000000000027
2007-06-22,0.10289442316263298,0.0
2007-06-25,0.05556985115481039,-0.010000000000000009
2007-06-26,0.12622246508696566,0.020000000000000018
2007-06-27,-0.19585904435282275,-0.020000000000000018
2007-06-28,0.0006437077789058776,0.010000000000000009
2007-06-29,0.04344403658699836,-0.010000000000000009
2007-07-02,-0.05249387210691614,0.010000000000000009
2007-07-03,-0.0316649146439687,0.0
2007-07-06,-0.050341754860850685,0.010000000000000009
2007-07-09,0.02945326691349548,-0.010000000000000009
2007-07-10,0.14753252198478028,0.020000000000000018
2007-07-11,-0.054383466805943304,-0.010000000000000009
2007-07-12,-0.06839209045356132,0.0
2007-07-13,-0.025416812984123016,0.0
2007-07-16,0.02862915111430686,-0.010000000000000009
2007-07-17,0.002562461363699864,0.010000000000000009
2007-07-18,0.023396577806396035,-0.010000000000000009
2007-07-19,-0.049321555332710876,0.010000000000000009
2007-07-20,0.10700066691938881,0.020000000000000018
2007-07-23,-0.00829388640593498,0.0
2007-07-24,0.09849584163292002,0.039999999999999813
2007-07-25,-0.024557850781663948,0.0
2007-07-26,0.13615226452960094,0.18000000000000016
2007-07-27,0.15304799191401042,0.040000000000000036
2007-07-30,-0.14679947362628232,0.009999999999999787
2007-07-31,0.11953840194131704,-0.029999999999999805
2007-08-01,0.006357300495466234,0.010000000000000009
2007-08-02,-0.10926429034005558,-0.030000000000000027
2007-08-03,0.17031129864640304,0.030000000000000027
2007-08-06,-0.09237332013101529,0.029999999999999805
2007-08-07,-0.06204236566042853,-0.05999999999999983
2007-08-08,-0.005115100666770012,0.040000000000000036
2007-08-09,0.21066508569478115,0.039999999999999813
2007-08-10,0.06647207358038454,-0.030000000000000027
2007-08-13,-0.06307904487746985,0.030000000000000027
2007-08-14,0.04092737097774668,0.040000000000000036
2007-08-15,0.10257484737669165,0.07999999999999985
2007-08-16,0.005203263771898836,0.03000000000000025
2007-08-17,-0.027624249137141454,0.009999999999999787
2007-08-20,-0.13015501925269968,0.010000000000000231
2007-08-21,-0.0418828177868491,0.009999999999999787
2007-08-22,-0.09812602175689333,-0.020000000000000018
2007-08-23,-0.01186566327650107,-0.029999999999999805
2007-08-24,-0.08773505329669229,-0.03000000000000025
2007-08-27,0.09214617646166845,-0.009999999999999787
2007-08-28,0.14632334533076818,0.06999999999999984
2007-08-29,-0.09946327868494764,-0.020000000000000018
2007-08-30,0.05116728896915079,0.020000000000000018
2007-08-31,-0.06939199342399949,-0.020000000000000018
2007-09-05,0.07605014611885297,0.020000000000000018
2007-09-06,-0.02429602728628577,0.0
2007-09-07,0.08926671702717925,0.040000000000000036
2007-09-10,0.042909025981520355,0.029999999999999805
2007-09-11,-0.08019489846020011,-0.020000000000000018
2007-09-12,-0.01234337789887574,0.020000000000000018
2007-09-13,-0.00804509568483125,-0.009999999999999787
2007-09-14,0.006441246102856901,0.0
2007-09-17,0.06071903714955473,-0.020000000000000018
2007-09-18,-0.2633088191802031,0.009999999999999787
2007-09-19,-0.015849762210877305,0.0
2007-09-20,0.020751732811084,-0.06999999999999984
2007-09-21,-0.0735439033223706,-0.010000000000000231
2007-09-24,0.019286498252464312,-0.009999999999999787
2007-09-25,-0.0405638966997488,0.0
2007-09-26,-0.053559584309376795,0.009999999999999787
2007-09-27,-0.03638865235356281,-0.020000000000000018
2007-09-28,0.05715841383994835,-0.009999999999999787
2007-10-01,-0.00892863074430128,-0.010000000000000009
2007-10-02,0.035786918247170174,0.010000000000000009
2007-10-03,0.016626824436870358,-0.010000000000000009
2007-10-04,-0.01933465170745574,-0.020000000000000018
2007-10-05,-0.08661705521795904,-0.030000000000000027
2007-10-10,0.033549959684220365,0.010000000000000009
2007-10-11,0.12449246395465163,-0.010000000000000009
2007-10-12,-0.06284504063123775,-0.029999999999999805
2007-10-15,0.08225294064767663,0.009999999999999787
2007-10-16,0.03922071315328113,0.040000000000000036
2007-10-17,-0.07680121374936544,-0.010000000000000009
2007-10-18,-0.0021598280534300685,0.030000000000000027
2007-10-19,0.21598283936708684,0.030000000000000027
2007-10-22,-0.0592101174730848,-0.010000000000000009
2007-10-23,-0.05851847715652747,0.020000000000000018
2007-10-24,0.018928009885518904,0.0
2007-10-25,0.01763209843950131,0.010000000000000009
2007-10-26,-0.07909842054010241,-0.010000000000000009
2007-10-29,0.015724391957053996,0.0
2007-10-30,0.05863917125237217,0.010000000000000009
2007-10-31,-0.12845918751882923,0.0
2007-11-01,0.22519217998907726,0.019999999999999796
2007-11-02,-0.00865431623907087,0.03000000000000025
2007-11-05,0.054958884280757125,-0.020000000000000018
2007-11-06,-0.12796426523371762,0.009999999999999787
2007-11-07,0.2138437801896642,0.07000000000000028
2007-11-08,-0.012535776694980516,0.06000000000000005
2007-11-09,0.08567256068560702,0.020000000000000018
2007-11-14,0.0735743383916887,-0.020000000000000018
2007-11-15,0.0785588957860166,0.06000000000000005
2007-11-16,-0.09605885628629052,0.03999999999999959
2007-11-19,0.020194861072535986,0.040000000000000036
2007-11-20,-0.04441681158958133,0.050000000000000266
2007-11-21,0.07582904423250225,0.06000000000000005
2007-11-26,0.12120465581682094,0.029999999999999805
2007-11-27,-0.09537936241184486,0.010000000000000231
2007-11-28,-0.08618150142333025,-0.010000000000000231
2007-11-29,-0.0058236437467868996,0.06000000000000005
2007-11-30,-0.046977040411603,0.010000000000000231
2007-12-03,0.03184434306273154,0.04999999999999982
2007-12-04,0.007594973217444956,0.009999999999999787
2007-12-05,-0.05441756987071322,0.050000000000000266
2007-12-06,-0.07223189499131166,0.009999999999999787
2007-12-07,-0.005261911208030767,0.020000000000000018
2007-12-10,-0.005289745443429528,-0.020000000000000018
2007-12-11,0.12875869061820255,0.040000000000000036
2007-12-12,-0.04864180722234579,0.0
2007-12-13,0.003997340432620344,-0.04999999999999982
2007-12-14,0.030986550684342085,-0.03000000000000025
2007-12-17,0.05232413375381029,0.0
2007-12-18,-0.0797708577330285,-0.029999999999999805
2007-12-19,-0.04332807676353667,0.020000000000000018
2007-12-20,-0.052070446165541906,-0.03000000000000025
2007-12-21,-0.10817193619475507,-0.009999999999999787
2007-12-24,0.007013786508007325,-0.009999999999999787
2007-12-27,0.08226630340133934,0.029999999999999805
2007-12-28,0.023415703980843805,-0.010000000000000231
2007-12-31,0.08145110640899311,0.010000000000000231
2008-01-03,-0.02978757247306074,0.029999999999999805
2008-01-04,0.06247993415860309,0.020000000000000018
2008-01-07,-0.006285375814961025,0.010000000000000231
2008-01-08,0.06666425511916207,0.029999999999999805
2008-01-09,-0.052888207575043644,0.040000000000000036
2008-01-10,-0.0281708769666964,0.06000000000000005
2008-01-11,0.009760315123516605,0.040000000000000036
2008-01-14,-0.033493899455610876,-0.010000000000000231
2008-01-15,0.019031716298215873,0.020000000000000018
2008-01-16,0.04359449719471531,-0.009999999999999787
2008-01-17,0.15473646860858103,0.040000000000000036
2008-01-18,-0.04601818393870882,0.06000000000000005
2008-01-23,-0.06632448565631588,-0.029999999999999805
2008-01-24,-0.043668910129844196,0.0
2008-01-25,0.04573431533912098,0.0
2008-01-28,-0.04573431533912098,0.020000000000000018
2008-01-29,-0.01669730262360858,-0.03000000000000025
2008-01-30,0.010921113278556938,0.0
2008-01-31,-0.05278073721409493,0.020000000000000018
2008-02-01,-0.08687259411521353,0.020000000000000018
2008-02-04,0.0788250320015611,0.0
2008-02-05,0.08302756397164268,0.029999999999999805
2008-02-06,0.02552139915621776,0.040000000000000036
2008-02-07,-0.04627348554464694,0.010000000000000231
2008-02-08,0.012574263035404876,0.029999999999999805
2008-02-11,-0.014745816548912494,0.0
2008-02-12,-0.047106799214886586,0.020000000000000018
2008-02-13,-0.05664470563723922,0.0
2008-02-14,0.026181582733414643,-0.009999999999999787
2008-02-15,-0.020570345565628312,0.040000000000000036
2008-02-20,-0.04761851787254123,-0.040000000000000036
2008-02-21,0.02908120930084168,0.07000000000000028
2008-02-22,-0.043113631053464996,0.020000000000000018
2008-02-25,-0.04375299671393895,-0.040000000000000036
2008-02-26,-0.05031107701013893,0.020000000000000018
2008-02-27,0.03543766196929532,0.009999999999999787
2008-02-28,0.036351903947520636,0.06000000000000005
2008-02-29,0.12037682616479062,0.050000000000000266
2008-03-03,-0.009844835287651676,0.0
2008-03-04,-0.02934573513982075,-0.03000000000000025
2008-03-05,-0.036716015538272195,0.06999999999999984
2008-03-06,0.11325609266060654,0.0900000000000003
2008-03-07,-0.0021802334217690955,0.040000000000000036
2008-03-10,0.0664918685685767,0.040000000000000036
2008-03-11,-0.10846646111142455,-0.040000000000000036
2008-03-12,0.0321042875890134,0.0
2008-03-13,0.0025683374969269757,0.0
2008-03-14,0.13261488628230067,0.029999999999999805
2008-03-17,0.03407269663587975,0.08000000000000007
2008-03-18,-0.22322109774517385,-0.10999999999999988
2008-03-19,0.14586295544230676,0.04999999999999982
2008-03-20,-0.11418696236859471,-0.020000000000000018
2008-03-25,-0.0003887269242341951,0.050000000000000266
2008-03-26,0.013899837689033578,0.020000000000000018
2008-03-27,-0.007698267425752192,0.0
2008-03-28,-0.006590448354901746,0.06000000000000005
2008-03-31,-0.0038971210663643063,-0.020000000000000018
2008-04-01,-0.12149942135188274,-0.020000000000000018
2008-04-02,0.0325337736601532,-0.03000000000000025
2008-04-03,-0.009434032233358813,-0.020000000000000018
2008-04-04,-0.03329260609808227,0.020000000000000018
2008-04-07,-0.0013371965442492417,-0.029999999999999805
2008-04-08,-0.002679769357115447,0.0
2008-04-09,0.019925388009398137,0.009999999999999787
2008-04-10,-0.037066087320821506,-0.029999999999999805
2008-04-11,0.06516389424985425,0.029999999999999805
2008-04-14,0.01522872070182446,0.010000000000000231
2008-04-15,-0.04464260590811797,0.0
2008-04-16,-0.10399572698819348,0.0
2008-04-17,-0.007824000792127972,-0.050000000000000266
2008-04-18,-0.01185199058701425,-0.08000000000000007
2008-04-21,0.018213646492662328,-0.03999999999999959
2008-04-22,0.01788783494474666,-0.010000000000000231
2008-04-23,-0.029664222268571905,-0.029999999999999805
2008-04-24,-0.009920716286747844,-0.050000000000000266
2008-04-25,-0.023708550577340226,0.010000000000000231
2008-04-28,0.0025490709698705594,-0.03000000000000025
2008-04-29,0.030092541492944935,0.0
2008-04-30,0.02681125745065671,-0.009999999999999787
2008-05-01,-0.096368941152567,-0.06000000000000005
2008-05-02,-0.03778107196802161,-0.06999999999999984
2008-05-05,0.03883983331626384,0.03999999999999959
2008-05-06,-0.03719102832608012,0.0
2008-05-07,0.08016942629500745,0.040000000000000036
2008-05-08,-0.01686725396524169,0.03000000000000025
2008-05-09,0.0005153311116363746,-0.010000000000000231
2008-05-12,-0.08715189550317515,-0.009999999999999787
2008-05-13,0.010623527365730911,-0.020000000000000018
2008-05-14,-0.0179578338676607,0.020000000000000018
2008-05-15,-0.08013708736309688,0.020000000000000018
2008-05-16,0.010375436376831804,-0.020000000000000018
2008-05-19,0.032260862218221664,0.009999999999999787
2008-05-20,0.03296048584926048,0.010000000000000231
2008-05-21,0.05586190947632197,0.0
2008-05-22,-0.029478116954462674,-0.020000000000000018
2008-05-23,0.07982960165248487,0.0
2008-05-28,-0.029451883313992067,-0.050000000000000266
2008-05-29,-0.04999697492533706,0.010000000000000231
2008-05-30,-0.0172370128119419,-0.040000000000000036
2008-06-02,0.10631351065665573,0.04999999999999982
2008-06-03,0.020464901887560227,-0.020000000000000018
2008-06-04,0.027292142288007692,0.010000000000000231
2008-06-05,-0.11017980209377543,-0.03000000000000025
2008-06-06,0.23477717416988897,0.03000000000000025
2008-06-09,-0.01885231497920925,-0.10000000000000009
2008-06-10,0.0025917941074289352,0.0
2008-06-11,0.03975153394737907,0.03000000000000025
2008-06-12,-0.033301285825646065,-0.07000000000000028
2008-06-13,-0.09479595284750175,0.0
2008-06-16,-0.012805486817690337,0.020000000000000018
2008-06-17,0.00855518525981891,0.020000000000000018
2008-06-18,0.05119863775441624,0.010000000000000231
2008-06-19,-0.030125509552393126,-0.03000000000000025
2008-06-20,0.0580590482047012,0.03000000000000025
2008-06-23,-0.010107754699707705,-0.020000000000000018
2008-06-24,-0.009764835690968088,0.04999999999999982
2008-06-25,-0.058786437201922226,-0.020000000000000018
2008-06-26,0.1239659214781903,0.040000000000000036
2008-06-27,-0.020688937211470027,0.040000000000000036
2008-06-30,0.021524359148112016,0.009999999999999787
2008-07-01,-0.012605208918982314,0.010000000000000231
2008-07-02,0.09165175654613211,-0.010000000000000231
2008-07-03,-0.04457452543697471,0.03000000000000025
2008-07-08,-0.1076042169787983,0.009999999999999787
2008-07-09,0.08603898212072325,0.03000000000000025
2008-07-10,0.014167887518730993,0.029999999999999805
2008-07-11,0.07162065200545698,-0.020000000000000018
2008-07-14,0.03537978436662037,0.010000000000000231
2008-07-15,0.0021045255049156886,0.06000000000000005
2008-07-16,-0.12843876591095205,0.020000000000000018
2008-07-17,-0.003592101248210522,-0.040000000000000036
2008-07-18,-0.039140748337757714,-0.03000000000000025
2008-07-21,-0.042469227109112495,0.010000000000000231
2008-07-22,-0.08460842926939716,-0.050000000000000266
2008-07-23,0.006119105937265168,0.010000000000000231
2008-07-24,0.0952675185982863,0.04999999999999982
2008-07-25,-0.02287046824340777,-0.020000000000000018
2008-07-28,0.05601803836302999,-0.009999999999999787
2008-07-29,-0.09518637401418228,-0.03000000000000025
2008-07-30,-0.03793239223766065,0.040000000000000036
2008-07-31,0.07840934312463332,0.050000000000000266
2008-08-01,-0.016260520871780315,-0.010000000000000231
2008-08-04,0.039953207841377125,0.010000000000000231
2008-08-05,-0.10540781822872969,-0.020000000000000018
2008-08-06,-0.0440003292624378,0.040000000000000036
2008-08-07,0.044473254312632715,0.009999999999999787
2008-08-08,-0.023440441800794076,-0.020000000000000018
2008-08-11,-0.026485118459953938,0.010000000000000231
2008-08-12,0.05087073991523505,0.019999999999999574
2008-08-13,0.017790731402983262,-0.009999999999999787
2008-08-14,-0.05778642592934302,0.009999999999999787
2008-08-15,-0.038080753518049626,0.010000000000000231
2008-08-18,0.0690609658657868,-0.010000000000000231
2008-08-19,0.014198061505292348,0.020000000000000018
2008-08-20,-0.041252851736923724,0.03000000000000025
2008-08-21,-0.029823283834677916,-0.03000000000000025
2008-08-22,-0.052302885588902726,-0.009999999999999787
2008-08-25,0.10870420160088923,0.029999999999999805
2008-08-26,-0.023155882663020044,0.010000000000000231
2008-08-27,-0.03627726993108649,-0.010000000000000231
2008-08-28,-0.016841428930373326,-0.009999999999999787
2008-08-29,0.06089705601769335,0.0
2008-09-03,-0.02579599508118413,-0.010000000000000231
2008-09-04,0.11451124026289161,0.050000000000000266
2008-09-05,-0.04120353490746442,0.0
2008-09-08,-0.01838126150593089,0.0
2008-09-09,0.11778303565638337,-0.020000000000000018
2008-09-10,-0.03801217792335487,0.020000000000000018
2008-09-11,-0.005315898840181799,0.040000000000000036
2008-09-12,0.05076014695966169,0.020000000000000018
2008-09-15,0.21138332169574436,0.22999999999999998
2008-09-16,-0.04516896836791151,0.020000000000000018
2008-09-17,0.1784637399399438,0.1599999999999997
2008-09-18,-0.09007817007224972,-0.04999999999999982
2008-09-19,-0.03161226867795408,-0.020000000000000018
2008-09-22,0.0540179856532208,0.009999999999999787
2008-09-23,0.05377175665001399,-0.009999999999999787
2008-09-24,-0.014948804674804528,0.009999999999999787
2008-09-25,-0.06972386567154887,0.08000000000000007
2008-09-26,0.05685367515101403,0.020000000000000018
2008-09-29,0.29628057770701277,0.1299999999999999
2008-09-30,-0.1706603615371569,-0.009999999999999787
2008-10-01,0.010606160029411171,0.09999999999999964
2008-10-02,0.12830550319316547,0.20999999999999996
2008-10-03,-0.002654868816001521,0.040000000000000036
2008-10-06,0.14243602367158825,0.08000000000000007
2008-10-07,0.03083569760244842,0.1200000000000001
2008-10-08,0.06926605821177567,-0.05999999999999961
2008-10-09,0.1053257505828169,-0.009999999999999787
2008-10-10,0.09014839965347132,0.3799999999999999
2008-10-15,0.22802911246585555,0.16000000000000014
2008-10-16,-0.023967243964861495,0.14999999999999947
2008-10-17,0.03944254921734025,0.3600000000000003
2008-10-20,-0.2834727347634911,0.0699999999999994
2008-10-21,0.0026395188778725043,0.08000000000000007
2008-10-22,0.27111746579150653,0.0
2008-10-23,-0.02692050527946499,-0.11999999999999922
2008-10-24,0.15452987467475232,0.05999999999999961
2008-10-27,0.011684283943325546,0.05999999999999961
2008-10-28,-0.1786809273832075,-0.009999999999999787
2008-10-29,0.0438282239691814,-0.009999999999999787
2008-10-30,-0.10637748644400613,-0.0600000000000005
2008-10-31,-0.04903661743002363,0.010000000000000675
2008-11-03,-0.10946905361294501,0.0
2008-11-04,-0.11748036164562148,0.02999999999999936
2008-11-05,0.1337408825174018,-0.02999999999999936
2008-11-06,0.15456952800092072,-0.03000000000000025
2008-11-07,-0.1267347290074765,-0.04999999999999982
2008-11-10,0.06687536079221168,-0.04999999999999982
2008-11-13,-0.10509305552450776,0.1299999999999999
2008-11-14,0.10283350797883628,0.019999999999999574
2008-11-17,0.041937342729990945,0.020000000000000462
2008-11-18,-0.022078534080387513,0.1299999999999999
2008-11-19,0.09337292471855463,0.020000000000000462
2008-11-20,0.0851468154636903,0.1899999999999995
2008-11-21,-0.1067906195840802,-0.040000000000000036
2008-11-24,-0.11616744312168947,-0.019999999999999574
2008-11-25,-0.060528026791003775,0.14999999999999947
2008-11-26,-0.10335559381608128,0.04999999999999982
2008-12-01,0.20448926156069103,0.020000000000000462
2008-12-02,-0.08416250434192918,-0.009999999999999787
2008-12-03,-0.0365440825855039,0.019999999999999574
2008-12-04,0.04696907038221099,0.03000000000000025
2008-12-05,-0.06006498899949175,-0.08999999999999986
2008-12-08,-0.02432141501515961,-0.05000000000000071
2008-12-09,0.007155056078661737,0.040000000000000036
2008-12-10,-0.05549225395215096,-0.04999999999999982
2008-12-11,0.0008967806178974413,0.0600000000000005
2008-12-12,-0.02725954723267421,0.009999999999999787
2008-12-15,0.044676017325173234,0.019999999999999574
2008-12-16,-0.08049794400044519,0.010000000000000675
2008-12-17,-0.04951603381219849,-0.09000000000000075
2008-12-18,-0.05146227039336004,0.010000000000000675
2008-12-19,-0.05224988100376926,-0.08999999999999986
2008-12-22,-0.008269127463039982,-0.010000000000000675
2008-12-23,0.010270239859557773,0.010000000000000675
2008-12-24,-0.018155827640434552,-0.040000000000000036
2008-12-29,0.011915814682397219,0.019999999999999574
2008-12-30,-0.053093258874241656,-0.05999999999999961
2008-12-31,-0.039941607092947695,-0.040000000000000036
2009-01-05,-0.0028107850369583076,0.10000000000000053
2009-01-06,-0.013395357432236743,-0.05000000000000071
2009-01-07,0.11801353006791437,-0.05999999999999961
2009-01-08,-0.019314154776870485,0.0
2009-01-09,0.0060904381281479125,0.009999999999999787
2009-01-12,0.06815178924494747,-0.009999999999999787
2009-01-13,-0.05769751816969082,0.009999999999999787
2009-01-14,0.12721381285623945,-0.040000000000000036
2009-01-15,0.03715226563129281,0.0
2009-01-16,-0.10079578650571142,-0.1299999999999999
2009-01-21,-0.19916158662772432,0.03000000000000025
2009-01-22,0.0185684558094934,0.040000000000000036
2009-01-23,-0.0004230118506391989,0.009999999999999787
2009-01-26,-0.03399638922996484,-0.03000000000000025
2009-01-27,-0.07827510177199759,-0.1299999999999999
2009-01-28,-0.06326123071153278,0.020000000000000462
2009-01-29,0.0722151076854689,-0.08000000000000007
2009-01-30,0.050542367426840595,-0.03000000000000025
2009-02-02,0.015051191614116277,-0.04999999999999982
2009-02-03,-0.05555729788185859,-0.009999999999999787
2009-02-04,0.01818022688197507,-0.03000000000000025
2009-02-05,-0.002740353393363204,-0.05999999999999961
2009-02-06,-0.008266407577554258,-0.10000000000000053
2009-02-09,0.006206203117595344,-0.040000000000000036
2009-02-10,0.06712739899685438,-0.009999999999999787
2009-02-11,-0.046938440628113476,0.019999999999999574
2009-02-12,-0.07651200655292101,0.0600000000000005
2009-02-13,0.03991976945577935,0.08000000000000007
2009-02-18,-0.004118621966996638,-0.07000000000000028
2009-02-19,-0.028890432996303783,0.05999999999999961
2009-02-20,0.04607579865656852,-0.019999999999999574
2009-02-23,0.0651721945635022,-0.009999999999999787
2009-02-24,-0.14560375403023373,-0.009999999999999787
2009-02-25,-0.01819038621788538,-0.05000000000000071
2009-02-26,-0.0002238889520156384,0.05000000000000071
2009-02-27,0.037143045599852265,-0.010000000000000675
2009-03-02,0.12744494656812044,0.07000000000000028
2009-03-03,-0.03321409768347117,0.04999999999999982
2009-03-04,-0.06846006907393232,-0.03000000000000025
2009-03-05,0.05342516667358055,0.03000000000000025
2009-03-06,-0.01688482325051499,0.009999999999999787
2009-03-09,0.007070022379576546,0.05000000000000071
2009-03-10,-0.11303887223440512,0.04999999999999982
2009-03-11,-0.01727708353614288,0.0
2009-03-12,-0.057333780255031996,0.0699999999999994
2009-03-13,0.02825181913356234,0.040000000000000036
2009-03-16,0.032058494515416314,0.010000000000000675
2009-03-17,-0.06958093383850583,0.02999999999999936
2009-03-18,-0.01830375117244376,0.28000000000000025
2009-03-19,0.08651200119897728,-0.040000000000000036
2009-03-20,0.04935689697009282,0.020000000000000462
2009-03-23,-0.05971252972720187,0.019999999999999574
2009-03-24,-0.006963816443071202,-0.08000000000000007
2009-03-25,-0.01596652843328661,-0.009999999999999787
2009-03-26,-0.04576515831777428,-0.03000000000000025
2009-03-27,0.016708005377105817,-0.040000000000000036
2009-03-30,0.10404385977307928,0.03000000000000025
2009-03-31,-0.031224659807003174,-0.009999999999999787
2009-04-01,-0.043052239826553595,-0.040000000000000036
2009-04-02,-0.005692614993286327,-0.009999999999999787
2009-04-03,-0.05727035831560556,-0.010000000000000675
2009-04-06,0.030512102811166564,0.0
2009-04-07,-0.013281060928989952,-0.009999999999999787
2009-04-08,-0.03887415276166495,-0.03000000000000025
2009-04-09,-0.06157423600646528,-0.02999999999999936
2009-04-14,-0.0037095961988917736,0.0
2009-04-15,-0.04063397573994321,-0.0699999999999994
2009-04-16,-0.01056152118607212,-0.010000000000000675
2009-04-17,-0.0530742649718543,-0.08999999999999986
2009-04-20,0.14357215271031443,-0.08000000000000007
2009-04-21,-0.05347185659183484,-0.04999999999999982
2009-04-22,0.025519726208095506,0.03000000000000025
2009-04-23,-0.025250510968886974,-0.03000000000000025
2009-04-24,-0.00892259535883655,-0.04999999999999982
2009-04-27,0.03993077729772798,0.04999999999999982
2009-04-28,-0.009702449261020707,-0.05999999999999961
2009-04-29,-0.05053080864721604,-0.07000000000000028
2009-04-30,0.011573565394022989,-0.08999999999999986
2009-05-01,-0.03342929664919492,-0.07000000000000028
2009-05-04,-0.022054452537350056,-0.02999999999999936
2009-05-05,-0.03447093391135514,-0.05000000000000071
2009-05-06,-0.02765713434044681,-0.019999999999999574
2009-05-07,0.030052345066401642,-0.009999999999999787
2009-05-08,-0.04245560484982169,-0.05000000000000071
2009-05-11,0.025263204309448728,0.03000000000000025
2009-05-12,-0.03309409788999673,-0.019999999999999574
2009-05-13,0.056546766304605534,0.0
2009-05-14,-0.07016103388814976,0.009999999999999787
2009-05-15,0.05428530731447223,-0.020000000000000462
2009-05-18,-0.09097177820572666,0.0
2009-05-19,-0.04879016416943216,-0.05999999999999961
2009-05-20,0.00795439089463823,-0.04999999999999982
2009-05-21,0.0768844890423912,-0.040000000000000036
2009-05-22,0.04001784352629967,-0.040000000000000036
2009-05-27,0.05526970196075309,-0.13999999999999968
2009-05-28,-0.02155323163974243,-0.10000000000000053
2009-05-29,-0.09083646325998451,-0.08999999999999986
2009-06-01,0.037996429605370086,-0.03000000000000025
2009-06-02,-0.013742465310460084,-0.1200000000000001
2009-06-03,0.04584479616291892,-0.040000000000000036
2009-06-04,-0.027452704408689854,-0.04999999999999982
2009-06-05,-0.018729644500050213,-0.09999999999999964
2009-06-08,0.005051366188032258,-0.14000000000000012
2009-06-09,-0.05170000332218594,0.040000000000000036
2009-06-10,0.006698420956207318,-0.08000000000000007
2009-06-11,-0.012374207743265586,0.020000000000000018
2009-06-12,0.0014219696672586046,0.0
2009-06-15,0.09029195802287715,-0.03000000000000025
2009-06-16,0.058923957383225645,-0.019999999999999574
2009-06-17,-0.03550668845690996,-0.07000000000000028
2009-06-18,-0.04905969953965306,-0.06000000000000005
2009-06-19,-0.07034957846787693,-0.06999999999999984
2009-06-22,0.10760879025188341,-0.03000000000000025
2009-06-23,-0.01910989327832935,0.020000000000000018
2009-06-24,-0.05132771720299578,-0.009999999999999787
2009-06-25,-0.09717077366361382,0.1200000000000001
2009-06-26,-0.016447110083733563,0.009999999999999787
2009-06-29,-0.022621869513380854,0.040000000000000036
2009-06-30,0.0386895449501794,-0.04999999999999982
2009-07-01,-0.004945796651818046,0.009999999999999787
2009-07-02,0.06389472126555473,-0.020000000000000018
2009-07-07,0.061840920364922614,0.0
2009-07-08,0.014481347194710725,0.0
2009-07-09,-0.04978107029024459,0.04999999999999982
2009-07-10,-0.025851779799821006,0.0
2009-07-13,-0.09803615240384067,-0.009999999999999787
2009-07-14,-0.05027359001343612,-0.020000000000000018
2009-07-15,0.03418128872468129,-0.050000000000000266
2009-07-16,-0.018320528002138126,-0.029999999999999805
2009-07-17,-0.043415178201926974,-0.040000000000000036
2009-07-20,0.00246204473977496,-0.010000000000000231
2009-07-21,-0.021960691948417654,0.0
2009-07-22,-0.01689943048780629,-0.020000000000000018
2009-07-23,-0.001705757343227976,-0.04999999999999982
2009-07-24,-0.014617629153300449,-0.06999999999999984
2009-07-27,0.050253342824893465,-0.010000000000000231
2009-07-28,0.0296227786982306,-0.08000000000000007
2009-07-29,0.023707155321905926,-0.08999999999999986
2009-07-30,-0.00823372618694318,-0.10000000000000009
2009-07-31,0.020265697459583176,-0.020000000000000018
2009-08-03,-0.013986241974739855,-0.06999999999999984
2009-08-04,-0.026562513129833487,-0.04999999999999982
2009-08-05,0.00040168709116139567,-0.040000000000000036
2009-08-06,0.030455191412387173,-0.050000000000000266
2009-08-07,-0.036093547066653464,-0.04999999999999982
2009-08-10,0.0092462970304652,0.0
2009-08-11,0.03923610380653786,0.029999999999999805
2009-08-12,-0.020996105656867048,0.0900000000000003
2009-08-13,-0.02950772299601301,0.020000000000000018
2009-08-14,-0.017967000262008703,0.029999999999999805
2009-08-17,0.1390271819008877,0.06000000000000005
2009-08-18,-0.06327244115764374,-0.010000000000000231
2009-08-19,0.003051108392896129,0.03000000000000025
2009-08-20,-0.04557750849631903,-0.010000000000000231
2009-08-21,-0.0031936154888030366,-0.029999999999999805
2009-08-24,0.005184458272573522,-0.010000000000000231
2009-08-25,-0.008789509242848936,-0.040000000000000036
2009-08-26,0.0012031282782749564,-0.029999999999999805
2009-08-27,-0.010880623160340441,-0.020000000000000018
2009-08-28,0.0032362487792085837,-0.009999999999999787
2009-08-31,0.04925163164416446,0.029999999999999805
2009-09-01,0.11397383333594124,0.029999999999999805
2009-09-02,-0.008613317678114907,-0.019999999999999574
2009-09-03,-0.0643078672327313,0.009999999999999787
2009-09-04,-0.07031161096330996,0.0
2009-09-09,-0.052074239370622166,0.029999999999999805
2009-09-10,-0.03217323663553939,-0.04999999999999982
2009-09-11,0.025158559636154987,0.010000000000000231
2009-09-14,-0.01208096342881193,-0.03000000000000025
2009-09-15,-0.018613058500198676,-0.009999999999999787
2009-09-16,0.011462660001122948,-0.020000000000000018
2009-09-17,-0.001689903232752421,-0.040000000000000036
2009-09-18,0.011351814144489492,-0.020000000000000018
2009-09-21,0.005835781464101686,0.009999999999999787
2009-09-22,-0.041584268906634136,-0.020000000000000018
2009-09-23,0.017608357030922672,0.0
2009-09-24,0.06029902352670602,0.020000000000000018
2009-09-25,0.026109078013906384,-0.029999999999999805
2009-09-28,-0.028918632340455108,-0.020000000000000018
2009-09-29,0.012382822493540058,0.0
2009-09-30,0.01653580984691505,0.04999999999999982
2009-10-01,0.09881827149406508,0.040000000000000036
2009-10-02,0.01439884402592062,0.03000000000000025
2009-10-05,-0.06630670362793856,0.020000000000000018
2009-10-06,-0.04340232020230683,-0.010000000000000231
2009-10-07,-0.040497792863987137,-0.020000000000000018
2009-10-08,-0.020467353850540437,0.040000000000000036
2009-10-09,-0.04482780138246989,0.0
2009-10-14,-0.005670680408425888,0.009999999999999787
2009-10-15,-0.05115516330092973,0.0
2009-10-16,-0.01344168558024883,-0.029999999999999805
2009-10-19,0.002795901168933135,-0.020000000000000018
2009-10-20,-0.0278385516836539,0.0
2009-10-21,0.06124362524071891,-0.020000000000000018
2009-10-22,-0.07134229245403212,-0.010000000000000231
2009-10-23,0.0735899895118246,-0.08000000000000007
2009-10-26,0.08764730705875534,0.03000000000000025
2009-10-27,0.021164811192043498,0.009999999999999787
2009-10-28,0.11693244802815572,0.010000000000000231
2009-10-29,-0.11975559973183536,0.009999999999999787
2009-10-30,0.21470742081524907,0.0
2009-11-02,-0.03009984137578181,-0.009999999999999787
2009-11-03,-0.0331144781594257,0.020000000000000018
2009-11-04,-0.03856837477473496,0.020000000000000018
2009-11-05,-0.08622459488767387,-0.03000000000000025
2009-11-06,-0.049990254812092516,0.0
2009-11-09,-0.043944544089692616,0.03000000000000025
2009-11-10,-0.013481395744433744,0.029999999999999805
2009-11-13,-0.036979003241087494,-0.009999999999999787
2009-11-16,-0.020325023995550584,-0.010000000000000231
2009-11-17,-0.021192846151639966,0.0
2009-11-18,-0.03542604784786807,0.020000000000000018
2009-11-19,0.04519521968047835,-0.020000000000000018
2009-11-20,-0.019634722700943463,0.010000000000000231
2009-11-23,-0.047529129954403615,-0.010000000000000231
2009-11-24,-0.03315220731690083,0.010000000000000231
2009-11-25,0.000488400498109165,0.020000000000000018
2009-11-30,-0.01377655500261632,0.0
2009-12-01,-0.11168173546020643,0.009999999999999787
2009-12-02,-0.03717900324175405,-0.04999999999999982
2009-12-03,0.061515490472236145,-0.020000000000000018
2009-12-04,-0.05537905393987108,-0.020000000000000018
2009-12-07,0.03922071315328113,0.020000000000000018
2009-12-08,0.06947540964698717,-0.010000000000000231
2009-12-09,-0.04445176257083405,-0.029999999999999805
2009-12-10,-0.015118118086749899,0.040000000000000036
2009-12-11,-0.03325289298639422,-0.07000000000000028
2009-12-14,-0.020590339034429306,-0.06999999999999984
2009-12-15,0.015947805162132234,0.009999999999999787
2009-12-16,-0.045213506154006655,-0.029999999999999805
2009-12-17,0.09158545041822874,-0.020000000000000018
2009-12-18,-0.037569478347195595,-0.020000000000000018
2009-12-21,-0.0564532143206371,-0.040000000000000036
2009-12-22,-0.04747331563617152,-0.040000000000000036
2009-12-23,0.008662474549991916,-0.020000000000000018
2009-12-24,-0.012251301780520585,0.020000000000000018
2009-12-29,0.004006014370938615,-0.050000000000000266
2009-12-30,-0.002501877712324241,-0.029999999999999805
2009-12-31,0.08265990568812764,-0.020000000000000018
2010-01-05,-0.0350378567408729,-0.010000000000000231
2010-01-06,-0.009867646933076735,-0.03999999999999959
2010-01-07,-0.005232874316658531,-0.010000000000000231
2010-01-08,-0.050023873459296375,0.010000000000000231
2010-01-11,-0.032514074854884445,-0.020000000000000018
2010-01-12,0.03911113011662559,0.009999999999999787
2010-01-13,-0.022161571802852276,0.020000000000000018
2010-01-14,-0.012401511815869348,-0.040000000000000036
2010-01-15,0.015757219662841493,0.020000000000000018
2010-01-20,0.060691540543665656,0.0
2010-01-21,0.17578704846857995,0.029999999999999805
2010-01-22,0.20401245421633707,0.020000000000000018
2010-01-25,-0.07211013815354095,0.03000000000000025
2010-01-26,-0.03443094309154304,0.029999999999999805
2010-01-27,-0.05914913247499909,-0.020000000000000018
2010-01-28,0.02517734868214161,0.0
2010-01-29,0.036819050308635415,0.0
2010-02-01,-0.08605179027639576,0.0
2010-02-02,-0.050385060839247764,-0.009999999999999787
2010-02-03,0.005571045049455492,0.020000000000000018
2010-02-04,0.1884754223683327,0.040000000000000036
2010-02-05,0.0011496456525854626,0.0
2010-02-08,0.015203637589896513,0.020000000000000018
2010-02-09,-0.019425482279451955,0.009999999999999787
2010-02-10,-0.023347363996991444,0.010000000000000231
2010-02-11,-0.058363400777242,0.040000000000000036
2010-02-12,-0.05270013538279672,0.020000000000000018
2010-02-17,-0.024108513546514665,0.0
2010-02-18,-0.051487167982574356,-0.009999999999999787
2010-02-19,-0.030014553196085814,-0.07000000000000028
2010-02-22,-0.0040040093533821874,0.0
2010-02-23,0.06926030479736411,0.0
2010-02-24,-0.05284610886714791,0.0
2010-02-25,-0.0084221453988782,-0.009999999999999787
2010-02-26,-0.03030534949532937,-0.020000000000000018
2010-03-01,-0.01238405919972152,0.029999999999999805
2010-03-02,-0.010438508143923553,-0.009999999999999787
2010-03-03,-0.01214055555699467,-0.010000000000000231
2010-03-04,-0.005858871619615069,-0.009999999999999787
2010-03-05,-0.07197349962508914,-0.010000000000000231
2010-03-08,0.021017530253386596,-0.020000000000000018
2010-03-09,0.0072809058690408435,0.020000000000000018
2010-03-10,0.03562996781783001,-0.020000000000000018
2010-03-11,-0.02784782737577496,-0.029999999999999805
2010-03-12,-0.02693765573180862,-0.010000000000000231
2010-03-15,0.023609865639133698,0.010000000000000231
2010-03-16,-0.01737224972447038,-0.010000000000000231
2010-03-17,-0.04509434526120515,-0.020000000000000018
2010-03-18,-0.017298373483186857,-0.009999999999999787
2010-03-19,0.02084028981883268,-0.029999999999999805
2010-03-22,-0.005910182688257937,0.009999999999999787
2010-03-23,-0.031308999214614275,0.009999999999999787
2010-03-24,0.07082605256861241,-0.029999999999999805
2010-03-25,0.04729671470306496,-0.009999999999999787
2010-03-26,-0.034839022448379886,0.020000000000000018
2010-03-29,-0.01018108341709345,0.0
2010-03-30,-0.026499246413437927,-0.010000000000000231
2010-03-31,0.026499246413437927,-0.009999999999999787
2010-04-01,-0.006845434603501399,-0.03000000000000025
2010-04-06,-0.0475277416187283,0.029999999999999805
2010-04-07,0.023745407900802373,-0.020000000000000018
2010-04-08,-0.008459264945976486,-0.009999999999999787
2010-04-09,-0.020846861639522984,0.0
2010-04-12,-0.03531262239920041,-0.03000000000000025
2010-04-13,0.03902320179573593,0.0
2010-04-14,-0.038381559168652934,0.0
2010-04-15,0.019060297478939336,0.020000000000000018
2010-04-16,0.1444844046437197,0.010000000000000231
2010-04-19,-0.05715841383994835,-0.010000000000000231
2010-04-20,-0.09744625428220965,-0.020000000000000018
2010-04-21,0.036821632465774634,-0.020000000000000018
2010-04-22,0.009149194653587767,0.0
2010-04-23,0.009066245237753456,-0.009999999999999787
2010-04-26,0.0498783347186631,0.009999999999999787
2010-04-27,0.26671391215033147,0.010000000000000231
2010-04-28,-0.07887431262313527,-0.010000000000000231
2010-04-29,-0.1338025055447134,-0.009999999999999787
2010-04-30,0.17879038376440715,0.009999999999999787
2010-05-03,-0.08812516956810912,-0.009999999999999787
2010-05-04,0.16617740987240293,0.009999999999999787
2010-05-05,0.04390448707694006,0.020000000000000018
2010-05-06,0.27515918611600876,0.010000000000000231
2010-05-07,0.22192329490898066,0.13999999999999968
2010-05-10,-0.35058849788233015,-0.020000000000000018
2010-05-11,-0.018195043591229254,0.050000000000000266
2010-05-12,-0.10410581034892985,0.029999999999999805
2010-05-13,0.04445176257083361,-0.009999999999999787
2010-05-14,0.1577851039240623,-0.010000000000000231
2010-05-17,-0.012886776276356482,0.0
2010-05-18,0.08422431472256209,0.020000000000000018
2010-05-19,0.051412512318068426,0.040000000000000036
2010-05-20,0.259616350933245,0.0900000000000003
2010-05-21,-0.1326893923564807,0.019999999999999574
2010-05-24,-0.045404381209863676,0.03000000000000025
2010-05-25,-0.10182929545540675,0.020000000000000018
2010-05-26,0.011776669210453061,0.06000000000000005
2010-05-27,-0.16544590855852626,0.020000000000000018
2010-05-28,0.07744759540588353,0.0
2010-06-02,-0.16381076955553509,-0.009999999999999787
2010-06-03,-0.023814642136485542,0.009999999999999787
2010-06-04,0.18593574640689425,0.03000000000000025
2010-06-07,0.030259074719911183,0.04999999999999982
2010-06-08,-0.08173039480297373,-0.009999999999999787
2010-06-09,0.0008898117152424945,0.009999999999999787
2010-06-10,-0.09836851317081541,0.009999999999999787
2010-06-11,-0.0599910312786589,0.03000000000000025
2010-06-14,-0.007320932122362844,0.020000000000000018
2010-06-15,-0.09962317630378381,-0.010000000000000231
2010-06-16,0.0019308752861362244,0.020000000000000018
2010-06-17,-0.03414104395320017,-0.029999999999999805
2010-06-18,-0.04490550367394963,0.0
2010-06-21,0.038095944014054695,-0.020000000000000018
2010-06-22,0.08362273742151194,0.020000000000000018
2010-06-23,-0.005189040553676083,0.009999999999999787
2010-06-24,0.09999497629319443,0.03000000000000025
2010-06-25,-0.041536775806600534,0.009999999999999787
2010-06-28,0.01633966476106563,0.010000000000000231
2010-06-29,0.16288093293214168,0.020000000000000018
2010-06-30,0.011941309799916588,-0.040000000000000036
2010-07-01,-0.049861960109410575,-0.06000000000000005
2010-07-02,-0.08706670967742891,0.020000000000000018
2010-07-07,-0.09956881334025347,0.03000000000000025
2010-07-08,-0.04301329082568284,-0.010000000000000231
2010-07-09,-0.028804516580366535,0.0
2010-07-12,-0.022263619427782544,-0.020000000000000018
2010-07-13,0.005307218009292569,-0.020000000000000018
2010-07-14,0.013347013100558858,-0.009999999999999787
2010-07-15,0.009994086782600942,0.0
2010-07-16,0.043205785875531255,0.020000000000000018
2010-07-19,-0.010723963362975653,0.0
2010-07-20,-0.08180912375437499,-0.04999999999999982
2010-07-21,0.06902073013218724,-0.010000000000000231
2010-07-22,-0.040188419920022866,-0.009999999999999787
2010-07-23,-0.048242202269514145,-0.020000000000000018
2010-07-26,-0.032037371998480335,-0.03000000000000025
2010-07-27,0.020035513402988592,-0.020000000000000018
2010-07-28,0.04469546611605146,0.020000000000000018
2010-07-29,-0.00496073774655148,0.0
2010-07-30,-0.026455458486827066,-0.009999999999999787
2010-08-02,-0.06550352561174311,-0.010000000000000231
2010-08-03,0.027779564107075494,0.020000000000000018
2010-08-04,-0.018733821739109757,-0.020000000000000018
2010-08-05,-0.004965029382629105,0.03000000000000025
2010-08-06,-0.016423726830643748,0.009999999999999787
2010-08-09,0.018232045587427415,0.010000000000000231
2010-08-10,0.01033484822154751,0.09999999999999964
2010-08-11,0.12663462021454874,-0.020000000000000018
2010-08-12,0.01330223057706581,0.010000000000000231
2010-08-13,0.019627337782235355,0.009999999999999787
2010-08-16,-0.0053496497472402815,-0.04999999999999982
2010-08-17,-0.07022515753321645,-0.009999999999999787
2010-08-18,0.010629699432669781,-0.050000000000000266
2010-08-19,0.07253815875538461,-0.009999999999999787
2010-08-20,-0.036591796595461634,-0.03000000000000025
2010-08-23,0.006647140799466378,0.040000000000000036
2010-08-24,0.06779704115233454,0.010000000000000231
2010-08-25,-0.028066834933621276,-0.010000000000000231
2010-08-26,0.02478395764638419,0.010000000000000231
2010-08-27,-0.1128173071317069,0.009999999999999787
2010-08-30,0.1069543368742738,0.03000000000000025
2010-08-31,-0.043566784595778785,0.019999999999999574
2010-09-01,-0.08655780686165793,0.0
2010-09-02,-0.029738810070277566,0.010000000000000231
2010-09-03,-0.08454470515691481,-0.04999999999999982
2010-09-08,-0.023380448644063634,-0.009999999999999787
2010-09-09,-0.019106095737068785,0.009999999999999787
2010-09-10,-0.03661123172962677,-0.020000000000000018
2010-09-13,-0.03611503599007859,0.03000000000000025
2010-09-14,0.01636697746420479,0.0
2010-09-15,0.024737862482910877,0.029999999999999805
2010-09-16,-0.017344113457972377,0.020000000000000018
2010-09-17,0.013263400472635745,0.009999999999999787
2010-09-20,-0.023443960404753383,-0.009999999999999787
2010-09-21,0.03877338592596091,0.029999999999999805
2010-09-22,0.007133333859063118,0.0
2010-09-23,0.058662785432097575,-0.009999999999999787
2010-09-24,-0.09484945646053822,0.009999999999999787
2010-09-27,0.0375185247214298,-0.009999999999999787
2010-09-28,0.002658397666610135,0.020000000000000018
2010-09-29,0.02835522575512517,0.0
2010-09-30,0.01916991610772012,-0.010000000000000231
2010-10-01,-0.051959738930711374,0.020000000000000018
2010-10-04,0.044760893528896784,0.03000000000000025
2010-10-05,-0.07820278075152887,0.009999999999999787
2010-10-06,-0.012485711333323213,0.020000000000000018
2010-10-07,0.0032520353863771945,0.050000000000000266
2010-10-08,-0.040223070633303326,0.029999999999999805
2010-10-13,0.007368454391096346,0.0
2010-10-14,0.04159778161610017,0.009999999999999787
2010-10-15,-0.04369751992036974,0.029999999999999805
2010-10-18,0.0031479564295979756,0.0
2010-10-19,0.07758168934550413,-0.009999999999999787
2010-10-20,-0.041569567468685786,-0.020000000000000018
2010-10-21,-0.02662727718819946,-0.029999999999999805
2010-10-22,-0.02575700864615804,-0.020000000000000018
2010-10-25,0.055411533353082465,-0.050000000000000266
2010-10-26,0.018468206459125724,0.0
2010-10-27,0.023944461815167628,-0.040000000000000036
2010-10-28,0.008175087606945297,0.07000000000000028
2010-10-29,0.015209418663528762,-0.010000000000000231
2010-11-01,0.029283988883885392,-0.020000000000000018
2010-11-02,-0.011981710160787085,-0.04999999999999982
2010-11-03,-0.09781679579439384,0.08000000000000007
2010-11-04,-0.05463543538863824,0.08000000000000007
2010-11-05,-0.014138354051210555,0.029999999999999805
2010-11-08,0.001641587235951647,-0.020000000000000018
2010-11-09,0.04228620361736635,0.0
2010-11-10,-0.032492871808992074,0.06000000000000005
2010-11-15,-0.02009379049520854,-0.040000000000000036
2010-11-16,0.1113819543143566,-0.050000000000000266
2010-11-17,-0.03699113673377363,-0.020000000000000018
2010-11-18,-0.14887966957132237,-0.009999999999999787
2010-11-19,-0.03860223778194216,-0.010000000000000231
2010-11-22,0.018127384592556695,0.03000000000000025
2010-11-23,0.11602742785612596,-0.010000000000000231
2010-11-24,-0.053259662476488945,-0.029999999999999805
2010-11-29,-0.03154547283521225,-0.029999999999999805
2010-11-30,0.0892537904558588,-0.010000000000000231
2010-12-01,-0.09718108774013645,-0.020000000000000018
2010-12-02,-0.0967625448374334,-0.019999999999999574
2010-12-03,-0.07383031006669594,0.029999999999999805
2010-12-06,0.0005550929923270331,0.0
2010-12-07,-0.0016662042177499892,-0.029999999999999805
2010-12-08,-0.013994071081008475,-0.0900000000000003
2010-12-09,-0.028009833404064377,-0.040000000000000036
2010-12-10,0.02065477903074564,-0.06999999999999984
2010-12-13,-0.0034129725962395163,0.009999999999999787
2010-12-14,0.0034129725962395163,-0.04999999999999982
2010-12-15,0.018565934122535488,-0.009999999999999787
2010-12-16,-0.031137528264458147,0.029999999999999805
2010-12-17,-0.07645513117730873,-0.040000000000000036
2010-12-20,0.018450707913116204,0.020000000000000018
2010-12-21,0.004863231469508289,-0.029999999999999805
2010-12-22,-0.06514513322775306,0.009999999999999787
2010-12-23,0.06393154084579411,-0.029999999999999805
2010-12-28,-0.008525200823359835,-0.020000000000000018
2010-12-29,-0.01379332213233564,0.020000000000000018
2010-12-30,0.01379332213233564,-0.010000000000000231
2010-12-31,0.013042430413179318,-0.009999999999999787
2011-01-03,-0.007918593413310138,0.0
2011-01-04,-0.013146802670868762,0.029999999999999805
2011-01-05,-0.0209309966920177,-0.040000000000000036
2011-01-06,0.022081083075255137,0.0
2011-01-07,-0.015055293050849627,0.06000000000000005
2011-01-10,0.02306907377440348,0.020000000000000018
2011-01-11,-0.037762256124328264,-0.06999999999999984
2011-01-12,-0.0392443960861768,0.0
2011-01-13,0.00919405802220652,0.029999999999999805
2011-01-14,-0.05841534959646255,0.03000000000000025
2011-01-19,0.08685383464980045,-0.020000000000000018
2011-01-20,0.03853167877432373,0.0
2011-01-21,0.02633174624870671,-0.020000000000000018
2011-01-24,-0.045412010831842764,-0.010000000000000231
2011-01-25,-0.0034052246298390543,-0.009999999999999787
2011-01-26,-0.05552112335640391,0.020000000000000018
2011-01-27,-0.029889385724397144,-0.010000000000000231
2011-01-28,0.21581022654799842,0.03000000000000025
2011-01-31,-0.025778531328076504,-0.020000000000000018
2011-02-01,-0.10234974847880851,-0.020000000000000018
2011-02-02,-0.018895494906045585,-0.020000000000000018
2011-02-03,-0.03589676382998963,-0.03000000000000025
2011-02-04,-0.046605613751786734,-0.040000000000000036
2011-02-07,0.021733236652437427,-0.040000000000000036
2011-02-08,-0.029294709353013815,-0.029999999999999805
2011-02-09,0.003787883316936913,0.029999999999999805
2011-02-10,0.013767426465974175,0.020000000000000018
2011-02-11,-0.025174394259350752,0.010000000000000231
2011-02-14,0.01643526248591254,-0.03000000000000025
2011-02-15,0.025991562152190006,0.0
2011-02-16,0.0211552162735118,0.0
2011-02-17,-0.007805503454202167,0.03000000000000025
2011-02-18,-0.009691172153176275,0.020000000000000018
2011-02-23,0.06198116735568604,-0.020000000000000018
2011-02-24,-0.037288554765314785,-0.010000000000000231
2011-02-25,-0.1036941957554971,0.010000000000000231
2011-02-28,-0.04632182904156723,-0.03000000000000025
2011-03-01,0.13536894035632985,0.020000000000000018
2011-03-02,-0.014864814585585862,0.010000000000000231
2011-03-03,-0.10697211955216757,-0.050000000000000266
2011-03-04,0.024430317506900057,0.050000000000000266
2011-03-07,0.08060756546543679,-0.010000000000000231
2011-03-08,-0.04150793478965076,0.0
2011-03-09,0.019980684690483308,0.020000000000000018
2011-03-10,0.0789007639614554,0.050000000000000266
2011-03-11,-0.08584868273025226,-0.03000000000000025
2011-03-14,0.050969536804437166,0.020000000000000018
2011-03-15,0.14060522547000076,0.03000000000000025
2011-03-16,0.18969561724666972,0.029999999999999805
2011-03-17,-0.10876767397944054,0.010000000000000231
2011-03-18,-0.07600586606180082,-0.03000000000000025
2011-03-21,-0.1704447394010269,-0.04999999999999982
2011-03-22,-0.019598863486837814,0.0
2011-03-23,-0.05283097435797668,-0.010000000000000231
2011-03-24,-0.0629747991613887,-0.040000000000000036
2011-03-25,-0.005012541823544048,-0.009999999999999787
2011-03-28,0.08197358295967261,-0.020000000000000018
2011-03-29,-0.06811142585914576,0.029999999999999805
2011-03-30,-0.02509192137840488,0.0
2011-03-31,0.0016925250866908215,-0.009999999999999787
2011-04-01,-0.019351770660950063,0.0
2011-04-04,0.005730674708985362,0.0
2011-04-05,-0.014388737452099676,-0.03000000000000025
2011-04-06,-0.02049852154834131,0.0
2011-04-07,0.01234946597507447,0.020000000000000018
2011-04-08,0.04346024126723469,-0.009999999999999787
2011-04-11,-0.07432322496898358,-0.010000000000000231
2011-04-12,0.029693392925146167,0.03000000000000025
2011-04-13,-0.009997142949421889,0.0
2011-04-14,-0.03917343294713094,-0.03000000000000025
2011-04-15,-0.0601637569185014,0.010000000000000231
2011-04-18,0.10169846605131205,0.020000000000000018
2011-04-19,-0.06895075647083626,-0.020000000000000018
2011-04-20,-0.04920086125451695,-0.010000000000000231
2011-04-21,-0.025539022452618187,0.020000000000000018
2011-04-26,-0.009557256563407446,-0.010000000000000231
2011-04-27,-0.01743667037833374,0.0
2011-04-28,-0.04872501971157339,0.020000000000000018
2011-04-29,0.008852628464196322,-0.009999999999999787
2011-05-02,0.08072044406003398,-0.010000000000000231
2011-05-03,0.04344519257684665,0.0
2011-05-04,0.022499468937714262,-0.009999999999999787
2011-05-05,0.06351340572232589,0.029999999999999805
2011-05-06,0.010929070532190277,0.010000000000000231
2011-05-09,-0.06976957055512356,0.040000000000000036
2011-05-10,-0.07563325171012103,-0.03000000000000025
2011-05-11,0.0633199914767637,0.0
2011-05-12,-0.05580586720499747,0.03000000000000025
2011-05-13,0.06286057018488744,0.0
2011-05-16,0.0662944478398364,-0.040000000000000036
2011-05-17,-0.03856303473431044,-0.010000000000000231
2011-05-18,-0.07819256838537525,0.0
2011-05-19,-0.04473186677142715,0.020000000000000018
2011-05-20,0.11606334477685687,0.020000000000000018
2011-05-23,0.047067510857985884,-0.009999999999999787
2011-05-24,-0.024938948347251966,0.0
2011-05-25,-0.042998885236314344,0.020000000000000018
2011-05-26,-0.05912457580205732,0.0
2011-05-27,-0.006860020666163091,0.009999999999999787
2011-06-01,0.1692920565036209,0.03000000000000025
2011-06-02,-0.011541760440171522,0.020000000000000018
2011-06-03,-0.007769184472916191,0.029999999999999805
2011-06-06,0.029639930464745667,0.020000000000000018
2011-06-07,-0.022976940794896095,0.0
2011-06-08,0.03907170882123667,-0.020000000000000018
2011-06-09,-0.05581317125881391,0.0
2011-06-10,0.05953163503875114,-0.020000000000000018
2011-06-13,0.038996363002943735,0.010000000000000231
2011-06-14,-0.07132676504143243,-0.010000000000000231
2011-06-15,0.15493272413082115,0.03000000000000025
2011-06-16,0.06404003856680829,0.009999999999999787
2011-06-17,-0.039484716322852886,0.040000000000000036
2011-06-20,-0.0889687730292903,-0.03000000000000025
2011-06-21,-0.05818887130699757,-0.009999999999999787
2011-06-22,-0.018192047987278137,-0.009999999999999787
2011-06-23,0.040735597699604664,0.019999999999999574
2011-06-24,0.089686213564383,0.07000000000000028
2011-06-27,-0.025925599895056273,0.040000000000000036
2011-06-28,-0.07000088352941125,-0.06000000000000005
2011-06-29,-0.10437566489896621,-0.06000000000000005
2011-06-30,-0.04439912406575486,-0.029999999999999805
2011-07-01,-0.0401412335545146,-0.03000000000000025
2011-07-06,0.017284380913241026,-0.010000000000000231
2011-07-07,-0.024157260201003172,-0.040000000000000036
2011-07-08,0.0,0.040000000000000036
2011-07-11,0.1423482093853763,0.029999999999999805
2011-07-12,0.07740401794749552,0.010000000000000231
2011-07-13,0.0020110615123796194,-0.010000000000000231
2011-07-14,0.043730868631167485,0.0
2011-07-15,-0.06300124181868494,0.040000000000000036
2011-07-18,0.07018690147955908,0.040000000000000036
2011-07-19,-0.08670766958768139,-0.06000000000000005
2011-07-20,-0.006266339042809044,0.020000000000000018
2011-07-21,-0.08354104953068564,-0.029999999999999805
2011-07-22,-0.002280502698725151,-0.020000000000000018
2011-07-25,0.09934933396754575,0.020000000000000018
2011-07-26,0.04447423170386289,-0.010000000000000231
2011-07-27,0.12745762124095572,-0.029999999999999805
2011-07-28,0.03253711676091209,0.0
2011-07-29,0.06166476653984709,0.040000000000000036
2011-08-01,-0.06504029717112836,0.0
2011-08-02,0.04665448749685863,-0.029999999999999805
2011-08-03,-0.05855939000317667,-0.020000000000000018
2011-08-04,0.3031730984089438,0.04999999999999982
2011-08-05,0.010681848346860257,0.0
2011-08-08,0.4054651081081646,0.10999999999999988
2011-08-09,-0.3141401314148027,0.1299999999999999
2011-08-10,0.20390665101510175,0.020000000000000018
2011-08-11,-0.09740588437854392,0.1200000000000001
2011-08-12,-0.07009237682036806,-0.009999999999999787
2011-08-15,-0.13180414088003323,0.009999999999999787
2011-08-16,0.030286616501374652,-0.029999999999999805
2011-08-17,-0.03942773610312367,-0.010000000000000231
2011-08-18,0.30097208837241274,0.010000000000000231
2011-08-19,0.008866133673830934,0.0
2011-08-22,-0.014270917127957361,0.009999999999999787
2011-08-23,-0.1571003604509711,0.06000000000000005
2011-08-24,-0.010253657800578075,0.020000000000000018
2011-08-25,0.10212408629414016,0.040000000000000036
2011-08-26,-0.11079668226627204,0.0
2011-08-29,-0.0976168561203532,0.0
2011-08-30,0.018720816799217666,-0.029999999999999805
2011-08-31,-0.03937882841963969,0.029999999999999805
2011-09-01,0.0063051911283147355,-0.020000000000000018
2011-09-02,0.06390978801406177,-0.04999999999999982
2011-09-07,-0.10296099441053519,0.040000000000000036
2011-09-08,0.0277713563860722,0.009999999999999787
2011-09-09,0.11544931231016342,0.020000000000000018
2011-09-12,0.001815588619602515,0.010000000000000231
2011-09-13,-0.04451065850762026,0.029999999999999805
2011-09-14,-0.06462883497822824,-0.020000000000000018
2011-09-15,-0.07905571899192854,0.010000000000000231
2011-09-16,-0.03145612808302767,0.0
2011-09-19,0.054950253524366666,0.0
2011-09-20,0.003964024096032581,0.040000000000000036
2011-09-21,0.1272732633700211,-0.0900000000000003
2011-09-22,0.10254304549055737,0.06000000000000005
2011-09-23,-0.0024213086890103597,-0.009999999999999787
2011-09-26,-0.055576777585724546,0.06000000000000005
2011-09-27,-0.03414902392469976,0.020000000000000018
2011-09-28,0.0855960737900916,-0.040000000000000036
2011-09-29,-0.056070741637233024,-0.050000000000000266
2011-09-30,0.10081880677748511,0.0
2011-10-03,0.056343370422878625,0.010000000000000231
2011-10-04,-0.10744066324178903,0.020000000000000018
2011-10-05,-0.07659853947885731,0.029999999999999805
2011-10-06,-0.041582664608030395,-0.020000000000000018
2011-10-07,-0.0019318344630856465,-0.020000000000000018
2011-10-12,-0.049916787615791325,0.010000000000000231
2011-10-13,-0.01807667040017913,-0.040000000000000036
2011-10-14,-0.08352324196811,-0.03000000000000025
2011-10-17,0.1675170413305218,0.0
2011-10-18,-0.0563659579778899,-0.029999999999999805
2011-10-19,0.08732818358185668,-0.020000000000000018
2011-10-20,0.009823829366606862,-0.009999999999999787
2011-10-21,-0.10478563780353456,-0.020000000000000018
2011-10-24,-0.06803547553062383,-0.020000000000000018
2011-10-25,0.09636598215684966,-0.020000000000000018
2011-10-26,-0.07606758563778371,-0.040000000000000036
2011-10-27,-0.1594111989817839,-0.06000000000000005
2011-10-28,-0.03721173485886231,-0.04999999999999982
2011-10-31,0.1999663003786205,0.029999999999999805
2011-11-01,0.1488917873707516,0.009999999999999787
2011-11-02,-0.060157374076781345,0.0
2011-11-03,-0.07087088832962296,0.010000000000000231
2011-11-04,-0.011210140473610686,0.020000000000000018
2011-11-07,-0.010331703301144302,-0.040000000000000036
2011-11-08,-0.08272637248446246,0.029999999999999805
2011-11-09,0.27449506816982705,0.03000000000000025
2011-11-10,-0.09722018855096515,0.06000000000000005
2011-11-15,0.0028869306337693246,0.010000000000000231
2011-11-16,0.07078498666193322,0.029999999999999805
2011-11-17,0.02940523536069284,-0.009999999999999787
2011-11-18,-0.07551323431018542,-0.020000000000000018
2011-11-21,0.02804066015552209,0.009999999999999787
2011-11-22,-0.02897859988349838,0.020000000000000018
2011-11-23,0.060974153172035805,-0.020000000000000018
2011-11-28,-0.07029920740100648,0.009999999999999787
2011-11-29,-0.04748382825537689,0.03000000000000025
2011-11-30,-0.09727032417579906,0.020000000000000018
2011-12-01,-0.014128110381896875,0.05999999999999961
2011-12-02,0.004005102750448408,-0.05999999999999961
2011-12-05,0.01156082240107592,0.009999999999999787
2011-12-06,0.010362787035546717,0.009999999999999787
2011-12-07,0.019014657393512824,0.0
2011-12-08,0.0648218782675336,0.0
2011-12-09,-0.1480670108736435,0.020000000000000018
2011-12-12,-0.02728315240611945,-0.009999999999999787
2011-12-13,-0.010180197550976544,0.020000000000000018
2011-12-14,0.024491020008295727,-0.04999999999999982
2011-12-15,-0.03636764417087468,0.029999999999999805
2011-12-16,-0.03320143015541266,-0.010000000000000231
2011-12-19,0.025605950905171593,0.0
2011-12-20,-0.07065671764950698,0.010000000000000231
2011-12-21,-0.08022216678425975,0.029999999999999805
2011-12-22,-0.01267920249538701,-0.009999999999999787
2011-12-23,-0.020530680542410362,0.029999999999999805
2011-12-28,0.07090796942305122,-0.04999999999999982
2011-12-29,-0.03769127110138326,0.029999999999999805
2011-12-30,0.032576170434612806,-0.009999999999999787
2012-01-04,-0.03319623248952297,0.009999999999999787
2012-01-05,-0.03387051457082002,-0.029999999999999805
2012-01-06,-0.04037594255750365,0.0
2012-01-09,0.02110390073293722,0.009999999999999787
2012-01-10,-0.018199736058645666,-0.029999999999999805
2012-01-11,0.017250068370938454,0.020000000000000018
2012-01-12,-0.02794016045519232,0.0
2012-01-13,0.02126711376734436,-0.029999999999999805
2012-01-18,-0.060821713309759495,0.009999999999999787
2012-01-19,-0.05005951900474903,-0.029999999999999805
2012-01-20,-0.08340349053772123,0.020000000000000018
2012-01-23,0.021110391527627392,0.0
2012-01-24,0.012772925116734779,0.009999999999999787
2012-01-25,-0.03224352398394714,0.06000000000000005
2012-01-26,0.01410001667819527,-0.03000000000000025
2012-01-27,-0.002156335067346138,0.0
2012-01-30,0.04588202577201406,-0.029999999999999805
2012-01-31,0.002059732963010763,-0.009999999999999787
2012-02-01,-0.04686300997884896,0.009999999999999787
2012-02-02,-0.031209760009969667,0.0
2012-02-03,-0.050181565534860084,0.009999999999999787
2012-02-06,0.03787027405540977,-0.03999999999999959
2012-02-07,-0.0062129541847184555,-0.03000000000000025
2012-02-08,0.028485589793841637,-0.020000000000000018
2012-02-09,0.02555181144034968,0.010000000000000231
2012-02-10,0.10969891725642444,-0.010000000000000231
2012-02-13,-0.08793007250670204,0.020000000000000018
2012-02-14,0.025921617251417395,-0.009999999999999787
2012-02-15,0.07870333382745498,0.009999999999999787
2012-02-16,-0.0952155768999452,-0.020000000000000018
2012-02-17,-0.0778771734563879,0.0
2012-02-22,0.0,0.0
2012-02-23,-0.07949310612081772,-0.009999999999999787
2012-02-24,0.029905482778904702,-0.020000000000000018
2012-02-27,0.04958762334191302,0.0
2012-02-28,-0.01272492965597749,0.0
2012-02-29,0.025832708807678184,-0.020000000000000018
2012-03-01,-0.06558808602644994,0.0
2012-03-02,0.0017366140399173169,-0.010000000000000231
2012-03-05,0.04301738508369102,0.020000000000000018
2012-03-06,0.1451670363102191,-0.009999999999999787
2012-03-07,-0.09019630147678148,0.009999999999999787
2012-03-08,-0.06052630467803999,0.0
2012-03-09,-0.0479270270301857,0.0
2012-03-12,-0.08983135278693677,-0.020000000000000018
2012-03-13,-0.055204554347096035,-0.009999999999999787
2012-03-14,0.03387902889952299,-0.010000000000000231
2012-03-15,0.007159158465591009,0.0
2012-03-16,-0.0635878274917907,-0.029999999999999805
2012-03-19,0.03863577787830108,-0.010000000000000231
2012-03-20,0.035274721920908636,-0.009999999999999787
2012-03-21,-0.029308512642337803,-0.020000000000000018
2012-03-22,0.028666458045642607,0.009999999999999787
2012-03-23,-0.04936836597796601,0.0
2012-03-26,-0.03851920488179106,0.0
2012-03-27,0.08917126808353526,0.03000000000000025
2012-03-28,-0.007727018484710246,-0.010000000000000231
2012-03-29,0.0006462035766059415,0.0
2012-03-30,0.0012911557636199333,0.040000000000000036
2012-04-02,0.008991711191964402,0.010000000000000231
2012-04-03,0.0012779554454915854,-0.020000000000000018
2012-04-04,0.04860769906537721,0.020000000000000018
2012-04-05,0.015691329794675468,0.009999999999999787
2012-04-10,0.08065594127342468,0.03000000000000025
2012-04-11,-0.01831281069928936,0.020000000000000018
2012-04-12,-0.15182239006766718,-0.010000000000000231
2012-04-13,0.1280659026119677,0.0
2012-04-16,0.0,-0.009999999999999787
2012-04-17,-0.05736905735666875,0.0
2012-04-18,0.009703580182738758,0.009999999999999787
2012-04-19,-0.015135424065100711,0.0
2012-04-20,-0.0514079667115106,0.020000000000000018
2012-04-23,0.084092365466089,-0.009999999999999787
2012-04-24,-0.04694684567514251,-0.010000000000000231
2012-04-25,-0.07334328372697829,0.020000000000000018
2012-04-26,-0.035091319811269894,0.020000000000000018
2012-04-27,0.004914014802428923,0.0
2012-04-30,0.04960682407598771,0.010000000000000231
2012-05-01,-0.03259547824945086,0.020000000000000018
2012-05-02,0.016726793805313278,-0.03000000000000025
2012-05-03,0.03949409903915946,-0.009999999999999787
2012-05-04,0.08720118433574386,0.009999999999999787
2012-05-07,-0.011548684784782104,-0.009999999999999787
2012-05-08,0.005791013814777646,0.009999999999999787
2012-05-09,0.05265719325081841,0.03000000000000025
2012-05-10,-0.06427295215446716,-0.010000000000000231
2012-05-11,0.05476575019681951,0.010000000000000231
2012-05-14,0.09489874182279578,0.0
2012-05-15,0.004562051707842407,0.020000000000000018
2012-05-16,0.013562594872757572,0.009999999999999787
2012-05-17,0.09502438969479998,-0.020000000000000018
2012-05-18,0.024602975173662056,0.040000000000000036
2012-05-21,-0.1313709505993681,-0.020000000000000018
2012-05-22,0.02112912948711987,0.08999999999999986
2012-05-23,-0.006694959173423776,-0.009999999999999787
2012-05-24,-0.03601939412382382,0.029999999999999805
2012-05-25,0.010161750259499502,0.010000000000000231
2012-05-30,0.13792022595477738,0.020000000000000018
2012-05-31,-0.0033195051228527284,0.0
2012-06-01,0.10261360420402976,0.010000000000000231
2012-06-04,-0.020463010342332222,-0.010000000000000231
2012-06-05,-0.05670810537104343,0.0
2012-06-06,-0.10770433715810412,0.010000000000000231
2012-06-07,-0.020055366813348297,0.020000000000000018
2012-06-08,-0.022818219350569713,0.009999999999999787
2012-06-11,0.10413508306822106,0.020000000000000018
2012-06-12,-0.06442534135136002,-0.029999999999999805
2012-06-13,0.09411600230648398,0.0
2012-06-14,-0.11285084316706451,-0.03000000000000025
2012-06-15,-0.02664331471121617,0.020000000000000018
2012-06-18,-0.1417535026142449,0.0
2012-06-19,0.003269757681556573,-0.009999999999999787
2012-06-20,-0.06403085169199407,-0.03000000000000025
2012-06-21,0.15249202958798147,-0.029999999999999805
2012-06-22,-0.10326002292820613,0.009999999999999787
2012-06-25,0.11808975589925641,0.0
2012-06-26,-0.032920678620089294,-0.020000000000000018
2012-06-27,-0.013786279110033828,0.010000000000000231
2012-06-28,0.013279051100173245,0.020000000000000018
2012-06-29,-0.14321793280420492,0.020000000000000018
2012-07-02,-0.016529301951210496,0.009999999999999787
2012-07-03,-0.008368249670516636,0.010000000000000231
2012-07-06,-0.02312241742085419,-0.020000000000000018
2012-07-09,0.050181565534860084,0.0
2012-07-10,0.040332442005971636,-0.020000000000000018
2012-07-11,-0.042002356115158346,-0.03000000000000025
2012-07-12,0.020948946917325628,0.010000000000000231
2012-07-13,-0.09073799679028438,0.0
2012-07-16,0.021862022842773055,-0.020000000000000018
2012-07-17,-0.0375155634227764,0.0
2012-07-18,-0.01960847138837618,-0.020000000000000018
2012-07-19,-0.0449300497491949,0.009999999999999787
2012-07-20,0.05171391788719193,-0.029999999999999805
2012-07-23,0.13491335061797471,0.0
2012-07-24,0.09472412782427675,-0.020000000000000018
2012-07-25,-0.05678490964804972,0.009999999999999787
2012-07-26,-0.09826179109200517,0.0
2012-07-27,-0.04850497951043353,-0.009999999999999787
2012-07-30,0.07662831779251622,-0.03000000000000025
2012-07-31,0.04871092800600563,0.010000000000000231
2012-08-01,0.001583531605644506,-0.010000000000000231
2012-08-02,-0.07613859462786987,-0.019999999999999574
2012-08-03,-0.11636116708184074,0.019999999999999574
2012-08-06,0.019627094113688237,-0.019999999999999574
2012-08-07,0.002504697615009377,0.0
2012-08-08,-0.042804362533417795,-0.010000000000000231
2012-08-09,-0.002614380574070818,0.0
2012-08-10,-0.035979896977183845,0.0
2012-08-13,-0.07316905392711126,0.010000000000000231
2012-08-14,0.08060403241462932,0.009999999999999787
2012-08-15,-0.014925650216675468,0.020000000000000018
2012-08-16,-0.02351422309025697,-0.010000000000000231
2012-08-17,-0.06058088589392785,-0.009999999999999787
2012-08-20,0.041505775558595914,-0.020000000000000018
2012-08-21,0.06889776472954434,0.0
2012-08-22,0.0059741299486595345,-0.009999999999999787
2012-08-23,0.05472881573701471,-0.020000000000000018
2012-08-24,-0.05010682005417877,0.009999999999999787
2012-08-27,0.07424912537577866,-0.020000000000000018
2012-08-28,0.008526239228245025,0.0
2012-08-29,0.03398240549202525,0.0
2012-08-30,0.044145889811515904,0.010000000000000231
2012-08-31,-0.020397307729083547,0.009999999999999787
2012-09-05,-0.013438052162041192,0.0
2012-09-06,-0.12855106262594207,0.009999999999999787
2012-09-07,-0.08143256196259063,0.010000000000000231
2012-09-10,0.1240990082814939,0.0
2012-09-11,0.007953544527604883,-0.020000000000000018
2012-09-12,-0.03788096506907834,0.0
2012-09-13,-0.117387544253166,0.029999999999999805
2012-09-14,0.03221567111634149,-0.06000000000000005
2012-09-17,0.005498295638597828,-0.029999999999999805
2012-09-18,-0.02850384143071283,-0.03000000000000025
2012-09-19,-0.02138356602532321,-0.020000000000000018
2012-09-20,0.013595916047639545,-0.029999999999999805
2012-09-21,-0.006417134320633622,0.020000000000000018
2012-09-24,0.012086887283582648,-0.040000000000000036
2012-09-25,0.08659904228582249,0.009999999999999787
2012-09-26,0.08566028104545476,0.0
2012-09-27,-0.12464770968128969,0.020000000000000018
2012-09-28,0.058243479330951864,0.020000000000000018
2012-10-01,0.036821632465774634,-0.009999999999999787
2012-10-02,-0.03809389726843104,-0.020000000000000018
2012-10-03,-0.017983785892460524,-0.010000000000000231
2012-10-04,-0.05872267275756782,-0.03999999999999959
2012-10-05,-0.01523575177742087,-0.010000000000000231
2012-10-10,-0.004898968769089684,-0.03000000000000025
2012-10-11,-0.04392173954426859,-0.029999999999999805
2012-10-12,0.034670979772117416,-0.020000000000000018
2012-10-15,-0.05541054361126152,-0.020000000000000018
2012-10-16,-0.003279766797001482,-0.03000000000000025
2012-10-17,-0.00990433979513572,-0.029999999999999805
2012-10-18,-0.0026578088735207395,-0.04999999999999982
2012-10-19,0.12668833829864967,-0.010000000000000231
2012-10-22,-0.02612975263623074,-0.029999999999999805
2012-10-23,0.12484455324175903,0.04999999999999982
2012-10-24,-0.026912280817447787,0.010000000000000231
2012-10-25,-0.011522761236780088,-0.010000000000000231
2012-10-26,-0.017256203313263274,0.029999999999999805
2012-11-01,-0.10835184304541201,0.020000000000000018
2012-11-02,0.05252082107572287,0.020000000000000018
2012-11-05,0.04610647207769425,-0.029999999999999805
2012-11-06,-0.04667513857013006,0.0
2012-11-07,0.0818787737631097,0.03999999999999959
2012-11-08,-0.03141062062110711,0.020000000000000018
2012-11-09,0.0064690252551260485,0.020000000000000018
2012-11-14,0.07350719112033177,0.020000000000000018
2012-11-15,0.0038986404156573506,0.029999999999999805
2012-11-16,-0.0919251428604424,0.0
2012-11-19,-0.07396735484349914,0.010000000000000231
2012-11-20,-0.010554187678690319,-0.010000000000000231
2012-11-21,0.015136847089782357,-0.009999999999999787
2012-11-26,0.023499775915897914,0.009999999999999787
2012-11-27,0.026736156491036223,0.010000000000000231
2012-11-28,-0.026091203227789794,0.0
2012-11-29,-0.02944275481669978,0.040000000000000036
2012-11-30,0.05238831216657003,0.0
2012-12-03,0.047378900854745165,0.0
2012-12-04,0.028437935320533292,-0.010000000000000231
2012-12-05,-0.039314175464672196,0.03000000000000025
2012-12-06,0.007263954458224919,-0.010000000000000231
2012-12-07,-0.041878040480962664,0.0
2012-12-10,0.00938974034983886,-0.009999999999999787
2012-12-11,-0.030362863730117873,0.0
2012-12-12,0.02411284338494646,-0.010000000000000231
2012-12-13,0.037531319726260115,-0.020000000000000018
2012-12-14,0.026223195099102536,-0.020000000000000018
2012-12-17,-0.03959725462435948,0.0
2012-12-18,-0.04827010358594963,0.020000000000000018
2012-12-19,0.10882272338629706,-0.029999999999999805
2012-12-20,0.017699577099401065,0.0
2012-12-21,0.009574840820258057,-0.03000000000000025
2012-12-24,0.0,0.0
2012-12-27,-0.0005134788302809667,-0.03000000000000025
2012-12-28,0.1543707744688425,0.010000000000000231
2012-12-31,-0.23176334167275892,0.0
2013-01-03,-0.008207980417829663,-0.010000000000000231
2013-01-04,-0.051437897091873186,-0.029999999999999805
2013-01-07,-0.002896453871456206,-0.010000000000000231
2013-01-08,-0.012404391083844502,0.010000000000000231
2013-01-09,0.013853666699834566,0.0
2013-01-10,-0.02344429720153629,-0.010000000000000231
2013-01-11,-0.009683502111164533,0.0
2013-01-14,0.011904902506318038,0.0
2013-01-15,0.0022164767108923122,0.010000000000000231
2013-01-16,-0.00964041578217456,0.029999999999999805
2013-01-17,0.01111534230324196,0.0
2013-01-18,-0.08533796048747044,-0.020000000000000018
2013-01-23,0.0024106078366874506,0.010000000000000231
2013-01-24,0.018290768366989063,-0.010000000000000231
2013-01-25,0.015637535224799937,0.0
2013-01-28,0.051409656895681444,0.0
2013-01-29,-0.019345841439757372,-0.009999999999999787
2013-01-30,0.07314152912547955,0.029999999999999805
2013-01-31,-0.0027972046210615886,-0.020000000000000018
2013-02-01,-0.10163264554381168,0.020000000000000018
2013-02-04,0.12857728078726405,0.010000000000000231
2013-02-05,-0.06694996985715118,0.0
2013-02-06,-0.022853925004152398,0.009999999999999787
2013-02-07,0.006688988150796771,-0.009999999999999787
2013-02-08,-0.0362030486639604,0.009999999999999787
2013-02-11,-0.006163347707668798,-0.020000000000000018
2013-02-12,-0.023456900354043242,0.010000000000000231
2013-02-13,0.026543322557232685,-0.010000000000000231
2013-02-14,-0.024962294559913722,0.010000000000000231
2013-02-15,-0.015923903356723113,0.0
2013-02-20,0.1760740829900076,0.010000000000000231
2013-02-21,0.03612432924717002,0.0
2013-02-22,-0.07148329873095038,0.0
2013-02-25,0.29278547112160513,0.020000000000000018
2013-02-26,-0.11837562826631753,0.009999999999999787
2013-02-27,-0.13565066608333787,0.0
2013-02-28,0.051598746713908294,-0.009999999999999787
2013-03-01,-0.009718249468921414,0.009999999999999787
2013-03-04,-0.0919953673706102,0.0
2013-03-05,-0.03856425486475468,0.0
2013-03-06,0.003702336698535813,-0.009999999999999787
2013-03-07,-0.035355318334411745,0.0
2013-03-08,-0.0366512757920292,-0.010000000000000231
2013-03-11,-0.08535198481202455,-0.009999999999999787
2013-03-12,0.05960639547858859,0.0
2013-03-13,-0.03651858073252434,-0.020000000000000018
2013-03-14,-0.04583595227200066,0.029999999999999805
2013-03-15,0.0,0.010000000000000231
2013-03-18,0.1674624423902049,0.020000000000000018
2013-03-19,0.07426835279077659,-0.010000000000000231
2013-03-20,-0.1272965265662287,0.0
2013-03-21,0.09910579434434208,0.0
2013-03-22,-0.030481314830612227,0.0
2013-03-25,0.012449812947425531,0.010000000000000231
2013-03-26,-0.0732126167497551,0.0
2013-03-27,0.029323088579325418,0.020000000000000018
2013-03-28,-0.03481976515922769,0.029999999999999805
2013-04-02,-0.06071667318116125,0.0
2013-04-03,0.10606449315962063,0.0
2013-04-04,-0.022776785342756956,-0.03000000000000025
2013-04-05,0.0021574981400211968,-0.06000000000000005
2013-04-08,-0.053867688177050344,0.0
2013-04-09,-0.026893668467407927,0.0
2013-04-10,-0.03809984623227036,0.010000000000000231
2013-04-11,-0.009756174945364737,0.009999999999999787
2013-04-12,-0.014815085785140791,-0.020000000000000018
2013-04-15,0.3590767008595477,0.0
2013-04-16,-0.21277479482436057,-0.009999999999999787
2013-04-17,0.16777016059781014,0.0
2013-04-18,0.06165733027493392,-0.010000000000000231
2013-04-19,-0.1595753897754335,0.010000000000000231
2013-04-22,-0.03951467753226057,0.009999999999999787
2013-04-23,-0.06532641541511541,-0.020000000000000018
2013-04-24,0.009597711179213597,0.0
2013-04-25,0.0007344840579914802,0.010000000000000231
2013-04-26,-0.0007344840579914802,0.0
2013-04-29,0.0073206769108487,0.009999999999999787
2013-04-30,-0.013955422959405439,0.010000000000000231
2013-05-01,0.06928868571777302,-0.010000000000000231
2013-05-02,-0.0641245281695384,-0.009999999999999787
2013-05-03,-0.05599041682182371,0.009999999999999787
2013-05-06,-0.014896394625198539,0.010000000000000231
2013-05-07,0.01333876191151484,-0.010000000000000231
2013-05-08,-0.01333876191151484,-0.020000000000000018
2013-05-09,0.03645227159867481,0.020000000000000018
2013-05-10,-0.041996840258449186,0.0
2013-05-13,-0.0031821824784628028,-0.009999999999999787
2013-05-14,0.01737800446665494,0.0
2013-05-15,0.003127445864195,0.009999999999999787
2013-05-16,0.020093411727487798,-0.009999999999999787
2013-05-17,-0.04859890472541428,0.0
2013-05-20,0.0447660138697068,-0.010000000000000231
2013-05-21,0.026526754333428215,0.010000000000000231
2013-05-22,0.03310342722567228,-0.03000000000000025
2013-05-23,0.017928052786774007,-0.009999999999999787
2013-05-24,-0.005702082448908019,-0.020000000000000018
2013-05-29,0.02388376919227042,0.020000000000000018
2013-05-30,-0.020436678567649302,0.020000000000000018
2013-05-31,0.11494963023052529,0.020000000000000018
2013-06-03,-0.0012277472383224186,0.029999999999999805
2013-06-04,-0.0006144393434479589,0.040000000000000036
2013-06-05,0.07287795969852207,0.03000000000000025
2013-06-06,-0.05099258772463244,-0.010000000000000231
2013-06-07,-0.09386804519553316,0.010000000000000231
2013-06-10,0.01962129658732703,0.0
2013-06-11,0.10036099220971906,0.020000000000000018
2013-06-12,0.08530126492700374,0.0
2013-06-13,-0.12473289663135345,0.009999999999999787
2013-06-14,0.04410726850994928,0.010000000000000231
2013-06-17,-0.020619287202735315,0.0
2013-06-18,-0.011373962784009706,-0.010000000000000231
2013-06-19,0.0018045117678591183,-0.04999999999999982
2013-06-20,0.2081275268577456,0.06000000000000005
2013-06-21,-0.08077504018521164,-0.06000000000000005
2013-06-24,0.06205528171896413,-0.010000000000000231
2013-06-25,-0.08506940957341236,0.020000000000000018
2013-06-26,-0.07065718398770038,0.010000000000000231
2013-06-27,-0.02054665764973862,0.029999999999999805
2013-06-28,0.0,-0.08999999999999986
2013-07-01,-0.02949356119066593,0.0
2013-07-02,0.00426699824499055,-0.020000000000000018
2013-07-03,-0.01470614738969589,-0.010000000000000231
2013-07-08,-0.007414931175862005,0.020000000000000018
2013-07-09,-0.029524973314425385,-0.010000000000000231
2013-07-10,-0.009804000096620857,-0.029999999999999805
2013-07-11,-0.014174581760093563,0.020000000000000018
2013-07-12,-0.012208410159392002,0.0
2013-07-15,-0.0036192583843130954,-0.010000000000000231
2013-07-16,0.04467244005159232,-0.019999999999999574
2013-07-17,-0.04539786627129061,0.0
2013-07-18,-0.0007259528449488073,0.009999999999999787
2013-07-19,-0.09356877753578896,-0.009999999999999787
2013-07-22,-0.02013761162683103,-0.03000000000000025
2013-07-23,0.029661493138086747,-0.009999999999999787
2013-07-24,0.040253112358330956,-0.03000000000000025
2013-07-25,-0.01606153074600858,0.020000000000000018
2013-07-26,-0.01946344041637671,-0.020000000000000018
2013-07-29,0.051332601791105326,0.020000000000000018
2013-07-30,0.0,-0.009999999999999787
2013-07-31,0.004470946344766968,0.0
2013-08-01,-0.03865581697509368,-0.020000000000000018
2013-08-02,-0.07708469638545123,0.020000000000000018
2013-08-05,-0.01175496323144376,0.020000000000000018
2013-08-06,0.07169192845611638,-0.010000000000000231
2013-08-07,0.020234153363968055,0.03000000000000025
2013-08-08,-0.019448298706628897,0.009999999999999787
2013-08-09,0.052039284724271884,0.010000000000000231
2013-08-12,-0.045774581384943946,-0.020000000000000018
2013-08-13,-0.039814175712280964,0.0
2013-08-14,0.05760961630214467,0.0
2013-08-15,0.12186467397603229,-0.020000000000000018
2013-08-16,-0.02474353038360544,0.0
2013-08-19,0.04955204372994526,0.0
2013-08-20,-0.012662615044231718,0.020000000000000018
2013-08-21,0.0667995445854217,-0.010000000000000231
2013-08-22,-0.0769108541897423,-0.029999999999999805
2013-08-23,-0.054293082366662304,-0.010000000000000231
2013-08-26,0.06975557530884213,0.0
2013-08-27,0.11220826372061099,-0.009999999999999787
2013-08-28,-0.0168374392636097,-0.010000000000000231
2013-08-29,0.019219810849016472,-0.029999999999999805
2013-08-30,0.011827458987246242,-0.06000000000000005
2013-09-04,-0.04494446780621386,-0.03000000000000025
2013-09-05,-0.00695105484404257,0.0
2013-09-06,0.005060099348342284,0.040000000000000036
2013-09-09,-0.013977355889904342,0.010000000000000231
2013-09-10,-0.07297666685119353,0.009999999999999787
2013-09-11,-0.050098659242667765,0.0
2013-09-12,0.03344317360225224,0.0
2013-09-13,-0.009138903676202403,0.03000000000000025
2013-09-16,0.015417264027326905,0.040000000000000036
2013-09-17,0.010377125289291023,-0.010000000000000231
2013-09-18,-0.06688124941913909,0.08000000000000007
2013-09-19,-0.03215230226588117,-0.029999999999999805
2013-09-20,-0.0030441423812281876,-0.040000000000000036
2013-09-23,0.0868208100524166,0.020000000000000018
2013-09-24,-0.016203242838463527,-0.020000000000000018
2013-09-25,-0.004983990380980519,0.020000000000000018
2013-09-26,0.003562526033603408,0.020000000000000018
2013-09-27,0.09492215677675686,0.009999999999999787
2013-09-30,0.0711466522032218,0.020000000000000018
2013-10-01,-0.06598535042299636,0.009999999999999787
2013-10-02,0.06598535042299636,0.010000000000000231
2013-10-03,0.06246559096910742,0.009999999999999787
2013-10-04,-0.05406722127027619,-0.020000000000000018
2013-10-07,0.1479873321195897,-0.019999999999999574
2013-10-08,0.046800993439495286,-0.03000000000000025
2013-10-09,-0.037059824383942175,0.0
2013-10-10,-0.17338204175514615,-0.029999999999999805
2013-10-11,-0.04721373748026503,0.0
2013-10-16,-0.23785466080585183,0.0
2013-10-17,-0.08732042912918514,0.0
2013-10-18,-0.03318554898565429,0.0
2013-10-21,0.009160369398664603,-0.010000000000000231
2013-10-22,0.012835208293445977,0.010000000000000231
2013-10-23,0.00672899735291832,0.009999999999999787
2013-10-24,-0.016529301951210496,0.010000000000000231
2013-10-25,-0.008368249670516636,-0.020000000000000018
2013-10-28,0.01666705248521172,0.0
2013-10-29,0.00748506488656675,0.029999999999999805
2013-10-30,0.017738824337381942,-0.009999999999999787
2013-10-31,0.00729930248161148,-0.03000000000000025
2013-11-01,-0.03477968006429277,-0.009999999999999787
2013-11-04,-0.026708951264521552,0.020000000000000018
2013-11-05,0.025955655560350177,0.0
2013-11-06,-0.046268854011068505,0.040000000000000036
2013-11-07,0.09337101160230388,0.0
2013-11-08,-0.07538069456772512,-0.010000000000000231
2013-11-13,-0.023679085820571544,0.020000000000000018
2013-11-14,-0.01205317926755578,0.03000000000000025
2013-11-15,-0.014658242911216313,-0.020000000000000018
2013-11-18,0.07199628671392544,-0.040000000000000036
2013-11-19,0.02189592949597552,0.0
2013-11-20,0.0007465472537844242,0.009999999999999787
2013-11-21,-0.05680729024083542,-0.020000000000000018
2013-11-22,-0.03210548620796505,0.0
2013-11-25,0.04232168508268597,0.0
2013-11-26,0.0015625003178918462,-0.020000000000000018
2013-11-27,0.01318359536730096,0.0
2013-12-02,0.0379565792676817,-0.009999999999999787
2013-12-03,0.022238581515740652,0.0
2013-12-04,0.010256500167189042,0.020000000000000018
2013-12-05,0.025521868795119307,-0.03000000000000025
2013-12-06,-0.08942567077459929,-0.009999999999999787
2013-12-09,-0.021995021585546226,-0.010000000000000231
2013-12-10,0.03065933571568724,-0.009999999999999787
2013-12-11,0.10305736219983164,-0.010000000000000231
2013-12-12,0.007751976804318161,-0.020000000000000018
2013-12-13,0.01405773949023148,-0.029999999999999805
2013-12-16,0.016986882191728725,0.0
2013-12-17,0.011166369126123232,0.0
2013-12-18,-0.16095974358442566,0.0
2013-12-19,0.025046031926087675,-0.08000000000000007
2013-12-20,-0.025770932284036263,-0.040000000000000036
2013-12-23,-0.05592213530670387,-0.029999999999999805
2013-12-24,-0.043894193557225236,0.009999999999999787
2013-12-27,0.010488196183054299,0.0
2013-12-30,0.08460076915294223,-0.020000000000000018
2013-12-31,0.011730339785489985,-0.020000000000000018
2014-01-03,-0.033586579596563304,0.0
2014-01-06,-0.01537928517948739,-0.020000000000000018
2014-01-07,-0.047610048971254315,0.0
2014-01-08,-0.003877476746420694,-0.009999999999999787
2014-01-09,0.0015527953430609642,0.0
2014-01-10,-0.05994603131974374,0.009999999999999787
2014-01-13,0.08975335841693521,0.020000000000000018
2014-01-14,-0.07828722132929133,0.0
2014-01-15,0.0,-0.020000000000000018
2014-01-16,0.02015384618898075,0.0
2014-01-17,-0.007208681596943656,0.010000000000000231
2014-01-22,-0.0023337233462199514,0.0
2014-01-23,0.06992701447874827,0.020000000000000018
2014-01-24,0.2756271319464272,0.03000000000000025
2014-01-27,-0.04050047326263373,0.009999999999999787
2014-01-28,-0.09760903139143595,-0.009999999999999787
2014-01-29,0.09358256635994744,0.029999999999999805
2014-01-30,-0.0034642066976693364,-0.020000000000000018
2014-01-31,0.06276569554978728,0.040000000000000036
2014-02-03,0.15236434095761497,-0.009999999999999787
2014-02-04,-0.1150465779504195,0.020000000000000018
2014-02-05,0.043017385083690574,0.009999999999999787
2014-02-06,-0.14657709279603415,-0.020000000000000018
2014-02-07,-0.11945303059886747,0.020000000000000018
2014-02-10,-0.001963994084659859,0.0
2014-02-11,-0.050396958960214455,-0.029999999999999805
2014-02-12,-0.014578529630234982,-0.03000000000000025
2014-02-13,-0.011251876797434779,0.03000000000000025
2014-02-14,-0.04114618662164915,-0.010000000000000231
2014-02-19,0.11111178959846058,0.010000000000000231
2014-02-20,-0.046888747202492365,-0.020000000000000018
2014-02-21,-0.007465253536338867,-0.010000000000000231
2014-02-24,-0.03113361108460877,0.0
2014-02-25,-0.04014876136590262,0.0
2014-02-26,0.04854629146977185,0.0
2014-02-27,-0.02183954360796525,-0.020000000000000018
2014-02-28,-0.002853068982406448,-0.009999999999999787
2014-03-03,0.13353139262452274,0.020000000000000018
2014-03-04,-0.1264139248556586,-0.020000000000000018
2014-03-05,-0.015005640617870242,0.009999999999999787
2014-03-06,0.022776785342756956,0.010000000000000231
2014-03-07,-0.007062176244286622,-0.03000000000000025
2014-03-10,0.006358198742492327,0.020000000000000018
2014-03-11,0.04138521616285429,0.010000000000000231
2014-03-12,-0.022549640126676707,0.009999999999999787
2014-03-13,0.11416750804387421,0.010000000000000231
2014-03-14,0.09407637335539665,0.009999999999999787
2014-03-17,-0.13048968692549812,0.0
2014-03-18,-0.07430472572051539,0.020000000000000018
2014-03-19,0.04049136135473708,-0.04999999999999982
2014-03-20,-0.04049136135473708,-0.03000000000000025
2014-03-21,0.03252319170556017,-0.020000000000000018
2014-03-24,0.005982071677547385,-0.029999999999999805
2014-03-25,-0.07354739117331333,-0.010000000000000231
2014-03-26,0.06288772994465486,0.0
2014-03-27,-0.02098215722946639,-0.020000000000000018
2014-03-28,-0.014468044310201655,-0.009999999999999787
2014-03-31,-0.037473454932772654,0.009999999999999787
2014-04-01,-0.05783672487155256,0.0
2014-04-02,-0.0007636502852972349,-0.009999999999999787
2014-04-03,0.021164811192043054,-0.009999999999999787
2014-04-04,0.0431827062203749,0.009999999999999787
2014-04-07,0.10914988851168062,-0.009999999999999787
2014-04-08,-0.04465613914998956,0.019999999999999574
2014-04-09,-0.07457302835639368,-0.009999999999999787
2014-04-10,0.13957316220910077,-0.009999999999999787
2014-04-11,0.06928651412597242,-0.010000000000000231
2014-04-14,-0.05553629748571387,-0.009999999999999787
2014-04-15,-0.03152846266154263,-0.020000000000000018
2014-04-16,-0.09607921342335901,-0.010000000000000231
2014-04-17,-0.05956735299548166,-0.029999999999999805
2014-04-22,-0.0045385857030080246,-0.03000000000000025
2014-04-23,0.006046881614893085,0.0
2014-04-24,0.0037608167681266735,-0.009999999999999787
2014-04-25,0.05406722127027619,-0.010000000000000231
2014-04-28,-0.006421713113648586,0.0
2014-04-29,-0.0187866796946472,0.020000000000000018
2014-04-30,-0.02212479628063635,0.010000000000000231
2014-05-01,-0.012003144861355786,-0.020000000000000018
2014-05-02,-0.02599534757368005,0.0
2014-05-05,0.02900966786660275,0.009999999999999787
2014-05-06,0.037656719438005304,0.0
2014-05-07,-0.02941388520629351,0.010000000000000231
2014-05-08,0.0022363035782806406,0.020000000000000018
2014-05-09,-0.03871451218069044,0.029999999999999805
2014-05-12,-0.05488454865537484,-0.009999999999999787
2014-05-13,-0.008210226743122107,0.009999999999999787
2014-05-14,0.0032921840434769756,-0.009999999999999787
2014-05-15,0.07896760875575382,0.020000000000000018
2014-05-16,-0.05702442844415634,-0.020000000000000018
2014-05-19,-0.0016090108057005281,0.020000000000000018
2014-05-20,0.04255961441879608,0.009999999999999787
2014-05-21,-0.08448930755691997,0.029999999999999805
2014-05-22,0.010025146619378589,-0.009999999999999787
2014-05-23,-0.05730511669358229,-0.009999999999999787
2014-05-28,0.014661754666289717,0.0
2014-05-29,-0.00946243619449616,0.010000000000000231
2014-05-30,-0.01480218580513526,-0.020000000000000018
2014-06-02,0.01566611674439944,0.0
2014-06-03,0.024734736476727193,0.0
2014-06-04,0.017536983885092283,0.009999999999999787
2014-06-05,-0.033673215106587495,0.010000000000000231
2014-06-06,-0.08483442075747405,-0.010000000000000231
2014-06-09,0.03839594126352086,-0.009999999999999787
2014-06-10,-0.0144537294905982,-0.010000000000000231
2014-06-11,0.05401932969678924,-0.009999999999999787
2014-06-12,0.0795120629277335,0.009999999999999787
2014-06-13,-0.03072189875830178,-0.020000000000000018
2014-06-16,0.03786195289177874,-0.020000000000000018
2014-06-17,-0.04776302387449016,0.0
2014-06-18,-0.12809723867314782,0.020000000000000018
2014-06-19,0.0009420631879013541,0.0
2014-06-20,0.021426064172675563,0.010000000000000231
2014-06-23,0.011910356094916086,-0.010000000000000231
2014-06-24,0.0996062868745744,-0.009999999999999787
2014-06-25,-0.045539065604298656,0.0
2014-06-26,0.0034453091789128365,0.0
2014-06-27,-0.03233134381902891,0.020000000000000018
2014-06-30,0.02715891849404084,-0.020000000000000018
2014-07-01,-0.03697604329945703,0.009999999999999787
2014-07-02,-0.030043224487792397,0.010000000000000231
2014-07-03,-0.04731251336491882,0.009999999999999787
2014-07-08,0.05578451764738812,0.0
2014-07-09,-0.027932412675593543,-0.010000000000000231
2014-07-10,0.07759666804454612,0.03000000000000025
2014-07-11,-0.041351655549587196,0.0
2014-07-14,-0.021758180528716586,0.009999999999999787
2014-07-15,0.01177473654453376,-0.009999999999999787
2014-07-16,-0.08367247572411518,-0.010000000000000231
2014-07-17,0.2790081993070026,0.03000000000000025
2014-07-18,-0.18700928080633394,-0.020000000000000018
2014-07-21,0.06033192460960368,-0.010000000000000231
2014-07-22,-0.04551683882446289,0.0
2014-07-23,-0.06062462181643502,0.010000000000000231
2014-07-24,0.027398974188114433,0.0
2014-07-25,0.06933065227043667,-0.010000000000000231
2014-07-28,-0.010297120686243666,0.0
2014-07-29,0.055741983008235074,-0.009999999999999787
2014-07-30,0.0037579901423296924,-0.010000000000000231
2014-07-31,0.24025069963584178,0.0
2014-08-01,0.004708660848137924,0.06000000000000005
2014-08-04,-0.11895812392321004,0.010000000000000231
2014-08-05,0.10951852580648991,0.009999999999999787
2014-08-06,-0.030086505174833356,0.009999999999999787
2014-08-07,0.017560245355653148,0.020000000000000018
2014-08-08,-0.0549012357637495,-0.009999999999999787
2014-08-11,-0.1027569888731863,0.009999999999999787
2014-08-12,-0.0070522154053245245,0.010000000000000231
2014-08-13,-0.09107288532880986,0.020000000000000018
2014-08-14,-0.03791923486229365,-0.020000000000000018
2014-08-15,0.05711368211844059,0.0
2014-08-18,-0.06519780051839952,0.020000000000000018
2014-08-19,-0.00896866998276069,0.020000000000000018
2014-08-20,-0.035852109899172646,-0.03000000000000025
2014-08-21,-0.0016992357529597157,-0.020000000000000018
2014-08-22,-0.024969011329201596,-0.020000000000000018
2014-08-25,0.01985391066243114,-0.009999999999999787
2014-08-26,-0.006000875273137307,0.009999999999999787
2014-08-27,0.012815211692867479,-0.019999999999999574
2014-08-28,0.022661481713223353,-0.010000000000000231
2014-08-29,-0.005826067249360634,0.0
2014-09-03,0.008939515038808743,-0.009999999999999787
2014-09-04,0.02240093668916643,0.009999999999999787
2014-09-05,-0.04448772409201007,0.040000000000000036
2014-09-08,0.046068752089329035,-0.03000000000000025
2014-09-09,0.06424226872835348,-0.009999999999999787
2014-09-10,-0.04701396476817621,0.009999999999999787
2014-09-11,-0.006230549750636083,-0.009999999999999787
2014-09-12,0.03907046148144877,0.020000000000000018
2014-09-15,0.05907659965807577,0.009999999999999787
2014-09-16,-0.1036308194957809,0.020000000000000018
2014-09-17,-0.006304197395785582,-0.009999999999999787
2014-09-18,-0.050253685186941954,-0.010000000000000231
2014-09-19,0.006628027578413409,-0.020000000000000018
2014-09-22,0.12263408173535639,0.010000000000000231
2014-09-23,0.08670697225074164,-0.010000000000000231
2014-09-24,-0.11786676320698275,0.010000000000000231
2014-09-25,0.16432588677304905,0.0
2014-09-26,-0.05183186986845678,0.0
2014-09-29,0.07333807508942014,0.0
2014-09-30,0.02044047629479362,0.020000000000000018
2014-10-01,0.0242289259743802,0.020000000000000018
2014-10-02,-0.03346828951435299,0.009999999999999787
2014-10-03,-0.10494805947544794,-0.029999999999999805
2014-10-06,0.06066504954177443,0.009999999999999787
2014-10-07,0.10665334066013132,0.0
2014-10-08,-0.12955260753475928,0.020000000000000018
2014-10-09,0.21637016729343062,0.020000000000000018
2014-10-10,0.1241592527956592,0.020000000000000018
2014-10-15,0.14134414578003973,0.04999999999999982
2014-10-16,-0.040821994520255256,0.03000000000000025
2014-10-17,-0.13625618995070754,-0.03000000000000025
2014-10-20,-0.16904042920205553,0.010000000000000231
2014-10-21,-0.14397111161379428,-0.020000000000000018
2014-10-22,0.10554706542051662,-0.010000000000000231
2014-10-23,-0.07794641733840368,0.0
2014-10-24,-0.02573671464404992,0.010000000000000231
2014-10-27,-0.004354594750514806,0.009999999999999787
2014-10-28,-0.1085520815390919,-0.009999999999999787
2014-10-29,0.05146701105610196,-0.07000000000000028
2014-10-30,-0.042473522558728494,0.03000000000000025
2014-10-31,-0.03432911528228022,0.0
2014-11-03,0.04868833636016934,0.0
2014-11-04,0.010803616221378487,0.0
2014-11-05,-0.04956279299332822,0.0
2014-11-06,-0.03592340296673102,0.009999999999999787
2014-11-07,-0.04106586721991512,0.03000000000000025
2014-11-10,-0.03490078918289541,-0.020000000000000018
2014-11-13,0.05745705502478726,0.040000000000000036
2014-11-14,-0.03542805939819038,0.009999999999999787
2014-11-17,0.0498271562703696,0.010000000000000231
2014-11-18,-0.009335794915632523,0.029999999999999805
2014-11-19,0.007189103572469158,-0.010000000000000231
2014-11-20,-0.027597975203676572,0.010000000000000231
2014-11-21,-0.05137081076292338,-0.029999999999999805
2014-11-24,-0.021944454254559265,0.009999999999999787
2014-11-25,-0.02975692012233111,-0.040000000000000036
2014-11-26,-0.014802901881295849,0.010000000000000231
2014-12-01,0.06954285775115876,0.020000000000000018
2014-12-02,-0.10621618060054727,0.0
2014-12-03,-0.030018051649283617,-0.020000000000000018
2014-12-04,-0.007243492435494936,0.009999999999999787
2014-12-05,-0.04628925527849814,-0.04999999999999982
2014-12-08,0.18415293013105716,0.0
2014-12-09,0.04674390458690825,0.029999999999999805
2014-12-10,0.21870119360135076,0.020000000000000018
2014-12-11,0.08033325452626006,0.0
2014-12-12,0.048600428849633115,0.050000000000000266
2014-12-15,-0.03180991093664165,-0.020000000000000018
2014-12-16,0.14345990421151988,0.040000000000000036
2014-12-17,-0.19264191791574659,0.0
2014-12-18,-0.14535885161176898,-0.040000000000000036
2014-12-19,-0.019219810849016472,0.0
2014-12-22,-0.07817463351808707,-0.03000000000000025
2014-12-23,-0.029952322283351318,0.0
2014-12-24,-0.02948448067913567,-0.029999999999999805
2014-12-29,0.03789357294521878,-0.009999999999999787
2014-12-30,0.05553395804448957,0.0
2014-12-31,0.18733409861749895,0.019999999999999574
2015-01-05,0.11308775047870867,0.010000000000000231
2015-01-06,0.0584962066816086,0.0
2015-01-07,-0.0895973623976376,0.009999999999999787
2015-01-08,-0.12682169003265287,0.010000000000000231
2015-01-09,0.03125254350410467,0.009999999999999787
2015-01-12,0.11047561632459679,0.0
2015-01-13,0.04781787435049267,0.0
2015-01-14,0.04377482905369945,0.03000000000000025
2015-01-15,0.041492160969999414,0.06999999999999984
2015-01-16,-0.06647578424251677,-0.029999999999999805
2015-01-21,-0.05370417897186064,-0.020000000000000018
2015-01-22,-0.13923157906386718,0.0
2015-01-23,0.015729301908543825,0.010000000000000231
2015-01-26,-0.07088112198362406,-0.020000000000000018
2015-01-27,0.10394198424451195,0.009999999999999787
2015-01-28,0.17142226633591928,0.0
2015-01-29,-0.08576682175742523,-0.009999999999999787
2015-01-30,0.11136590133574975,0.029999999999999805
2015-02-02,-0.07627458152447986,0.0
2015-02-03,-0.11437915966183398,0.0
2015-02-04,0.05609995812409885,-0.009999999999999787
2015-02-05,-0.08418840505324265,0.0
2015-02-06,0.02577764289682838,-0.050000000000000266
2015-02-09,0.07034148935824502,-0.020000000000000018
2015-02-10,-0.07381773851360585,0.0
2015-02-11,-0.015794420176081125,0.0
2015-02-12,-0.10039383442464711,0.010000000000000231
2015-02-13,-0.043296805753324286,0.009999999999999787
2015-02-18,-0.02240093668916643,0.0
2015-02-19,-0.010409983402783762,0.0
2015-02-20,-0.0669394826751093,-0.029999999999999805
2015-02-23,0.018018505502678472,-0.020000000000000018
2015-02-24,-0.06161240346818264,0.010000000000000231
2015-02-25,0.010897310889166345,0.0
2015-02-26,0.00504505574582792,-0.050000000000000266
2015-02-27,-0.041840965447873746,0.020000000000000018
2015-03-02,-0.022745483988971138,0.020000000000000018
2015-03-03,0.060985437263250564,-0.020000000000000018
2015-03-04,0.02634541834000359,0.0
2015-03-05,-0.013442013504096018,0.010000000000000231
2015-03-06,0.0793850292545657,-0.020000000000000018
2015-03-09,-0.009253205480483029,0.009999999999999787
2015-03-10,0.10276751530199624,-0.009999999999999787
2015-03-11,0.010727158884133114,0.0
2015-03-12,-0.08987152842269364,0.009999999999999787
2015-03-13,0.036923354104597905,0.010000000000000231
2015-03-16,-0.024676987712440646,0.009999999999999787
2015-03-17,0.0031979560353163627,0.010000000000000231
2015-03-18,-0.11419751729378635,0.05999999999999961
2015-03-19,0.007132697857427317,-0.04999999999999982
2015-03-20,-0.0775582343458745,0.009999999999999787
2015-03-23,0.02951406051316363,0.03000000000000025
2015-03-24,0.01553860342777913,-0.010000000000000231
2015-03-25,0.1254222438752639,0.0
2015-03-26,0.023048395436291003,0.020000000000000018
2015-03-27,-0.047303927394517054,-0.020000000000000018
2015-03-30,-0.03786794574230745,0.020000000000000018
2015-03-31,0.052360953044874314,0.0
2015-04-01,-0.011842243656322804,0.0
2015-04-02,-0.029552184129757464,0.0
2015-04-07,0.0027100287588650573,-0.020000000000000018
2015-04-08,-0.05564717871439129,-0.050000000000000266
2015-04-09,-0.06577915688385572,0.020000000000000018
2015-04-10,-0.039740328649513934,0.0
2015-04-13,0.10265415406008316,0.010000000000000231
2015-04-14,-0.019558754596519456,0.0
2015-04-15,-0.06263835247404304,0.0
2015-04-16,-0.01886848430438315,0.009999999999999787
2015-04-17,0.09747234280882022,-0.020000000000000018
2015-04-20,-0.043405121538544034,0.020000000000000018
2015-04-21,-0.0037664827954770885,-0.009999999999999787
2015-04-22,-0.04160846723086831,-0.010000000000000231
2015-04-23,-0.01826172226008138,0.010000000000000231
2015-04-24,-0.015341439363337983,0.020000000000000018
2015-04-27,0.06535185993799963,-0.020000000000000018
2015-04-28,-0.055635184299427376,0.009999999999999787
2015-04-29,0.07600556048656548,0.03000000000000025
2015-04-30,0.08308283391442028,0.020000000000000018
2015-05-01,-0.13598900015295579,0.009999999999999787
2015-05-04,0.011741817876683047,0.0
2015-05-05,0.10761478222713095,0.010000000000000231
2015-05-06,0.057041938387018654,0.020000000000000018
2015-05-07,-0.0013210041551139362,0.0
2015-05-08,-0.1625578089907913,0.009999999999999787
2015-05-11,0.07416351382387454,0.010000000000000231
2015-05-12,0.0007217611284096037,-0.010000000000000231
2015-05-13,-0.007241161256559714,0.06000000000000005
2015-05-14,-0.07701918236118033,0.03000000000000025
2015-05-15,-0.028664382887567008,-0.020000000000000018
2015-05-18,0.02787914531286484,0.009999999999999787
2015-05-19,0.009382398771913714,-0.020000000000000018
2015-05-20,0.0023319093349787323,0.020000000000000018
2015-05-21,-0.061644163111206574,0.020000000000000018
2015-05-22,0.0016501653909579694,-0.009999999999999787
2015-05-27,-0.05782803803840286,-0.020000000000000018
2015-05-28,0.003009784062903975,0.040000000000000036
2015-05-29,0.03904731778250348,-0.029999999999999805
2015-06-01,0.009349223079346825,0.029999999999999805
2015-06-02,0.019142732714959365,0.0
2015-06-03,-0.041583051841185714,-0.029999999999999805
2015-06-04,0.07405568047070199,0.0
2015-06-05,-0.0345815925043369,-0.03000000000000025
2015-06-08,0.07325307783196155,0.010000000000000231
2015-06-09,-0.05512147929757827,0.029999999999999805
2015-06-10,-0.09034670621985219,-0.029999999999999805
2015-06-11,-0.028387023082311558,0.009999999999999787
2015-06-12,0.06987445424428351,-0.009999999999999787
2015-06-15,0.11049968226527573,0.029999999999999805
2015-06-16,-0.0384153195710808,0.010000000000000231
2015-06-17,-0.02115397885317849,0.019999999999999574
2015-06-18,-0.0946896826973056,0.06000000000000005
2015-06-19,0.056737130605003294,0.0
2015-06-22,-0.0914494471902092,-0.009999999999999787
2015-06-23,-0.050715092579016297,0.009999999999999787
2015-06-24,0.09072042719271556,-0.009999999999999787
2015-06-25,0.05501937559119918,-0.010000000000000231
2015-06-26,0.0007135212575284378,0.010000000000000231
2015-06-29,0.2960280322875759,0.029999999999999805
2015-06-30,-0.03344432520344842,-0.009999999999999787
2015-07-01,-0.12487062768627988,0.0
2015-07-02,0.04258551008515754,0.029999999999999805
2015-07-07,-0.05560344540347861,0.0
2015-07-08,0.20038815371472873,0.03000000000000025
2015-07-09,0.015645032708703432,0.009999999999999787
2015-07-10,-0.1710681392250093,0.020000000000000018
2015-07-13,-0.19127416806606856,-0.020000000000000018
2015-07-14,-0.038875449022794495,0.03000000000000025
2015-07-15,-0.01052641298698731,0.0
2015-07-16,-0.08845542056186328,-0.03000000000000025
2015-07-17,-0.013300279187481223,-0.009999999999999787
2015-07-20,0.02479465861321639,-0.010000000000000231
2015-07-21,-0.002451983247286904,0.010000000000000231
2015-07-22,-0.008216973102280978,-0.020000000000000018
2015-07-23,0.04200940807754305,0.0
2015-07-24,0.08344489807549182,0.020000000000000018
2015-07-27,0.12695962746128808,0.029999999999999805
2015-07-28,-0.1490355791604876,0.010000000000000231
2015-07-29,-0.07250669078674798,-0.010000000000000231
2015-07-30,-0.030046921352296696,-0.020000000000000018
2015-07-31,-0.0008247423147906829,0.06000000000000005
2015-08-03,0.0356601803988843,-0.020000000000000018
2015-08-04,0.03443219642148421,-0.040000000000000036
2015-08-05,-0.03842103298271704,0.020000000000000018
2015-08-06,0.0959639882617438,0.020000000000000018
2015-08-07,-0.02798415303748225,-0.009999999999999787
2015-08-10,-0.09061621000400022,0.020000000000000018
2015-08-11,0.11423354387514228,0.009999999999999787
2015-08-12,-0.0073206769108487,0.03000000000000025
2015-08-13,-0.008856146443710244,0.009999999999999787
2015-08-14,-0.050162491592119274,-0.009999999999999787
2015-08-17,0.014700458152878237,0.0
2015-08-18,0.05745705502478726,0.03999999999999959
2015-08-19,0.10063581124820997,0.050000000000000266
2015-08-20,0.22720088297138785,-0.020000000000000018
2015-08-21,0.38149497915188846,0.06000000000000005
2015-08-24,0.373935045621963,0.040000000000000036
2015-08-25,-0.12313607105084978,0.029999999999999805
2015-08-26,-0.17226677897363896,0.03000000000000025
2015-08-27,-0.14987224644552333,-0.050000000000000266
2015-08-28,-0.0019175461292717522,-0.020000000000000018
2015-08-31,0.08742715746353236,0.020000000000000018
2015-09-01,0.09936296725129923,0.03000000000000025
2015-09-02,-0.18525579376557078,-0.010000000000000231
2015-09-03,-0.01856919893720299,0.0
2015-09-04,0.08205312048515756,-0.020000000000000018
2015-09-09,0.05203599040812046,-0.06000000000000005
2015-09-10,-0.07355092624166737,0.020000000000000018
2015-09-11,-0.04920058896485058,-0.010000000000000231
2015-09-14,0.04426433871122759,0.020000000000000018
2015-09-15,-0.07312510877186185,0.03000000000000025
2015-09-16,-0.05423976893699667,-0.010000000000000231
2015-09-17,-0.009884759232541729,0.03000000000000025
2015-09-18,0.052522434616991465,-0.03000000000000025
2015-09-21,-0.10098152776866698,0.040000000000000036
2015-09-22,0.10813719336407956,-0.040000000000000036
2015-09-23,-0.013910926591537365,0.0
2015-09-24,0.05878885579997384,0.010000000000000231
2015-09-25,0.006370800906283947,0.029999999999999805
2015-09-28,0.1568083281661088,0.020000000000000018
2015-09-29,-0.029381474497792492,0.04999999999999982
2015-09-30,-0.09084754688685104,0.03000000000000025
2015-10-01,-0.08293805160199419,0.020000000000000018
2015-10-02,-0.07407386050629627,0.029999999999999805
2015-10-05,-0.06919755882775425,-0.009999999999999787
2015-10-06,-0.007190580545354486,-0.010000000000000231
2015-10-07,-0.05292240145434235,-0.04999999999999982
2015-10-08,-0.05473169319058302,0.009999999999999787
2015-10-09,-0.019710783063933146,-0.020000000000000018
2015-10-14,0.02016875088362058,0.03000000000000025
2015-10-15,-0.11632818763920083,-0.020000000000000018
2015-10-16,-0.06433085838113994,-0.010000000000000231
2015-10-19,-0.004662013105811713,0.020000000000000018
2015-10-20,0.05012438718256895,-0.009999999999999787
2015-10-21,0.058568354151067314,-0.010000000000000231
2015-10-22,-0.1447143048642685,-0.020000000000000018
2015-10-23,0.0006918021721777912,-0.029999999999999805
2015-10-26,0.05581280321035198,-0.009999999999999787
2015-10-27,0.009114646434098539,0.029999999999999805
2015-10-28,-0.07395842453498869,-0.04999999999999982
2015-10-29,0.01935098392252721,0.009999999999999787
2015-10-30,0.030999786875796076,-0.020000000000000018
2015-11-02,-0.06299138854915709,-0.009999999999999787
2015-11-03,0.02718884801612642,0.009999999999999787
2015-11-04,0.06458150508307403,-0.029999999999999805
2015-11-05,-0.03010698599356232,0.020000000000000018
2015-11-06,-0.04902274935480433,-0.010000000000000231
2015-11-09,0.1422165262527515,-0.020000000000000018
2015-11-10,-0.07737274815186135,0.03000000000000025
2015-11-13,0.08900539559649401,0.010000000000000231
2015-11-16,-0.100502921650381,0.040000000000000036
2015-11-17,0.03676089597506982,-0.010000000000000231
2015-11-18,-0.11163161234984642,-0.020000000000000018
2015-11-19,0.008274278885469943,-0.009999999999999787
2015-11-20,-0.09372227109886566,0.0
2015-11-23,0.009649479826564722,-0.010000000000000231
2015-11-24,0.019651979510417306,0.010000000000000231
2015-11-25,-0.04756680731427565,0.009999999999999787
2015-11-30,0.06466252138573036,-0.020000000000000018
2015-12-01,-0.0948762999822268,0.009999999999999787
2015-12-02,0.08114325019480484,-0.040000000000000036
2015-12-03,0.1295164295456268,0.010000000000000231
2015-12-04,-0.20116164361561495,-0.03000000000000025
2015-12-07,0.06723575810657234,0.0
2015-12-08,0.10536051565782678,0.040000000000000036
2015-12-09,0.1081407381641486,-0.009999999999999787
2015-12-10,-0.013864150183106716,0.009999999999999787
2015-12-11,0.23199772220268056,0.050000000000000266
2015-12-14,-0.07048757436337683,-0.010000000000000231
2015-12-15,-0.0815469914963054,-0.020000000000000018
2015-12-16,-0.1595750709197934,0.0
2015-12-17,0.05871251230957908,0.0
2015-12-18,0.08885761251339108,0.040000000000000036
2015-12-21,-0.1016101764107824,0.020000000000000018
2015-12-22,-0.11912082849804317,-0.010000000000000231
2015-12-23,-0.0640567095165907,0.0
2015-12-24,0.01085925714335012,-0.03999999999999959
2015-12-29,-0.05032889915966887,0.010000000000000231
2015-12-30,0.07255203594437898,0.009999999999999787
2015-12-31,0.05184259404431746,0.0
2016-01-05,-0.0679582102461751,0.009999999999999787
2016-01-06,0.06263003101455,0.009999999999999787
2016-01-07,0.1936702238071626,0.020000000000000018
2016-01-08,0.07773142295766355,0.03000000000000025
2016-01-11,-0.1057308174580216,-0.010000000000000231
2016-01-12,-0.07829526414926491,-0.009999999999999787
2016-01-13,0.11545624433953572,-0.010000000000000231
2016-01-14,-0.05166900667984953,0.08000000000000007
2016-01-15,0.12060900867512858,0.020000000000000018
2016-01-20,0.0574356200298185,0.04999999999999982
2016-01-21,-0.033164424812761606,0.050000000000000266
2016-01-22,-0.17791016977537844,-0.03000000000000025
2016-01-25,0.07790558645752732,0.020000000000000018
2016-01-26,-0.07076907088820761,0.020000000000000018
2016-01-27,0.026750115075915293,0.0
2016-01-28,-0.030312006642275513,0.020000000000000018
2016-01-29,-0.10427081323685483,0.0
2016-02-01,-0.010950831186751664,0.010000000000000231
2016-02-02,0.09540117575506768,0.0
2016-02-03,-0.01512749452697637,0.029999999999999805
2016-02-04,0.008737696428205322,0.009999999999999787
2016-02-05,0.06813780516721835,-0.009999999999999787
2016-02-08,0.10621558197755965,0.009999999999999787
2016-02-09,0.020556490882579492,0.010000000000000231
2016-02-10,-0.00946439016227174,0.020000000000000018
2016-02-11,0.06800341294445333,0.06999999999999984
2016-02-12,-0.10244287766175253,-0.029999999999999805
2016-02-17,-0.07759168374863856,0.03000000000000025
2016-02-18,-0.030491554466160142,0.0
2016-02-19,-0.05265622294743855,-0.06000000000000005
2016-02-22,-0.05764562456822242,0.009999999999999787
2016-02-23,0.07932799650553113,0.010000000000000231
2016-02-24,-0.012470185576868964,-0.020000000000000018
2016-02-25,-0.08088765913910034,0.0
2016-02-26,0.03597510245827751,0.0
2016-02-29,0.03667408023178442,-0.010000000000000231
2016-03-01,-0.14929630136246042,-0.009999999999999787
2016-03-02,-0.03507114245228404,-0.040000000000000036
2016-03-03,-0.023084777704789783,-0.029999999999999805
2016-03-04,0.009535233150999911,-0.040000000000000036
2016-03-07,0.028648553819158984,-0.040000000000000036
2016-03-08,0.07332545116076306,-0.010000000000000231
2016-03-09,-0.017833490725312817,-0.020000000000000018
2016-03-10,-0.015938782049428557,-0.06000000000000005
2016-03-11,-0.08978530387235528,-0.040000000000000036
2016-03-14,0.0251359732715426,-0.03999999999999959
2016-03-15,-0.004739345363896863,-0.03000000000000025
2016-03-16,-0.11637369669967423,0.03000000000000025
2016-03-17,-0.037381178649826374,-0.020000000000000018
2016-03-18,-0.029517251858235838,-0.03000000000000025
2016-03-21,-0.016541189801233536,-0.020000000000000018
2016-03-22,0.02718336189737869,-0.04999999999999982
2016-03-23,0.05291512600208215,-0.03000000000000025
2016-03-24,-0.01347729294348099,-0.009999999999999787
2016-03-29,-0.09780673191897638,0.040000000000000036
2016-03-30,-0.018992535827274448,0.020000000000000018
2016-03-31,0.02835522575512517,0.010000000000000231
2016-04-01,-0.06286727806026882,-0.020000000000000018
2016-04-04,0.07498000185799025,0.0
2016-04-05,0.08807313607008727,-0.020000000000000018
2016-04-06,-0.09020004222459432,0.0
2016-04-07,0.13707372718236055,-0.020000000000000018
2016-04-08,-0.05077232537342358,0.009999999999999787
2016-04-11,0.05694137640013874,-0.020000000000000018
2016-04-12,-0.09070823887095614,-0.020000000000000018
2016-04-13,-0.07043691505918481,-0.020000000000000018
2016-04-14,-0.008708327891784329,-0.019999999999999574
2016-04-15,-0.007315321576373268,0.0
2016-04-18,-0.02002291587510774,0.0
2016-04-19,-0.008273834337396035,-0.03000000000000025
2016-04-20,0.003016593539425294,-0.029999999999999805
2016-04-21,0.04922036421908693,-0.020000000000000018
2016-04-22,-0.053748673843834194,-0.020000000000000018
2016-04-25,0.06302451630635586,-0.010000000000000231
2016-04-26,-0.008559253395669764,-0.029999999999999805
2016-04-27,-0.013703784593662949,0.009999999999999787
2016-04-28,0.10011803969297617,0.03000000000000025
2016-04-29,0.03105035992072258,-0.03000000000000025
2016-05-02,-0.0671746891678926,0.0
2016-05-03,0.06078489106912155,-0.009999999999999787
2016-05-04,0.028437935320533736,0.0
2016-05-05,-0.008761007226329554,0.009999999999999787
2016-05-06,-0.07774072904896512,0.010000000000000231
2016-05-09,-0.010242493093616911,0.020000000000000018
2016-05-10,-0.06669137449867213,0.0
2016-05-11,0.07489374447734454,0.009999999999999787
2016-05-12,-0.01924458017435482,0.010000000000000231
2016-05-13,0.04279090851026268,-0.010000000000000231
2016-05-16,-0.024227295335323973,0.0
2016-05-17,0.05885996265953741,-0.009999999999999787
2016-05-18,0.02411284338494646,-0.020000000000000018
2016-05-19,0.02354507775152026,-0.020000000000000018
2016-05-20,-0.07170847913014322,0.009999999999999787
2016-05-23,0.03997953448727731,0.0
2016-05-24,-0.09265883048270496,-0.009999999999999787
2016-05-25,-0.036727291720156874,0.020000000000000018
2016-05-26,-0.03439782960149973,-0.010000000000000231
2016-05-27,-0.02335322701920317,-0.009999999999999787
2016-06-01,0.0007044734352636972,-0.020000000000000018
2016-06-02,-0.04096871889877374,0.010000000000000231
2016-06-03,-0.011808255286168468,0.029999999999999805
2016-06-06,0.01327453120869615,0.0
2016-06-07,0.028882874148786097,0.0
2016-06-08,0.002132954950141208,-0.009999999999999787
2016-06-09,0.039002157803269544,0.0
2016-06-10,0.15121898614143126,0.009999999999999787
2016-06-13,0.20811635023923136,0.0
2016-06-14,-0.022667958769465812,0.020000000000000018
2016-06-15,-0.017716998853946286,0.020000000000000018
2016-06-16,-0.03898240987151169,0.0
2016-06-17,0.002062919762014115,-0.009999999999999787
2016-06-20,-0.05506949795388438,-0.020000000000000018
2016-06-21,0.0059701669865037665,-0.010000000000000231
2016-06-22,0.13589601893323566,0.0
2016-06-23,-0.20477294166940485,0.0
2016-06-24,0.40101075775878403,0.1200000000000001
2016-06-27,-0.07703868390180268,-0.020000000000000018
2016-06-28,-0.24059046491793046,-0.009999999999999787
2016-06-29,-0.11938431702335706,-0.050000000000000266
2016-06-30,-0.06261729095967761,0.020000000000000018
2016-07-01,-0.05659404789009681,-0.06000000000000005
2016-07-06,-0.04060806789627103,0.0
2016-07-07,-0.013459153374004718,-0.040000000000000036
2016-07-08,-0.11170398958000138,-0.010000000000000231
2016-07-11,0.02543143789180391,-0.029999999999999805
2016-07-12,0.0007382798415811465,-0.04999999999999982
2016-07-13,-0.03836499082720346,-0.010000000000000231
2016-07-14,-0.0170151050059828,0.010000000000000231
2016-07-15,-0.011769457159476193,-0.040000000000000036
2016-07-18,-0.01831990702201436,0.009999999999999787
2016-07-19,-0.038513567741151444,0.0
2016-07-20,-0.01684959829769639,-0.009999999999999787
2016-07-21,0.07919272887183171,0.020000000000000018
2016-07-22,-0.058174721036955646,-0.020000000000000018
2016-07-25,0.06832709250097357,-0.010000000000000231
2016-07-26,0.013889112160667239,0.0
2016-07-27,-0.01700195514115732,0.020000000000000018
2016-07-28,-0.008610620715569173,0.010000000000000231
2016-07-29,-0.06916134929039952,0.029999999999999805
2016-08-01,0.04690287868945697,0.020000000000000018
2016-08-02,0.07209630380281817,0.020000000000000018
2016-08-03,-0.0388916723043784,0.009999999999999787
2016-08-04,-0.0348136423041403,0.0
2016-08-05,-0.08657229904624186,-0.029999999999999805
2016-08-08,0.009611257910113302,-0.020000000000000018
2016-08-09,0.013817145553141952,-0.009999999999999787
2016-08-10,0.032900479014317696,0.009999999999999787
2016-08-11,-0.031186682536582744,-0.009999999999999787
2016-08-12,-0.011192540432278353,0.009999999999999787
2016-08-15,0.022261193241468025,-0.009999999999999787
2016-08-16,0.06791975850944043,0.0
2016-08-17,-0.036250445225531,-0.010000000000000231
2016-08-18,-0.06437446568646088,0.010000000000000231
2016-08-19,-0.007905179507113225,-0.03000000000000025
2016-08-22,0.07882096042321374,-0.020000000000000018
2016-08-23,0.008925008533630319,-0.009999999999999787
2016-08-24,0.08289683879139798,0.0
2016-08-25,0.013294139660593007,-0.010000000000000231
2016-08-26,0.0014662759225276822,0.0
2016-08-29,-0.05341623255821437,-0.040000000000000036
2016-08-30,0.013814494443188607,0.03000000000000025
2016-08-31,0.022608348027592484,-0.010000000000000231
2016-09-01,0.00446097394062539,0.010000000000000231
2016-09-02,-0.11796851279685772,0.009999999999999787
2016-09-07,-0.006677821142605733,0.009999999999999787
2016-09-08,0.046634216514363835,0.020000000000000018
2016-09-09,0.33567255645064886,0.0
2016-09-12,-0.14354050071524282,0.010000000000000231
2016-09-13,0.1633431280114226,0.020000000000000018
2016-09-14,0.01611593646134235,0.0
2016-09-15,-0.1069543368742738,0.020000000000000018
2016-09-16,-0.05874755026221257,-0.010000000000000231
2016-09-19,0.010356079610091218,-0.009999999999999787
2016-09-20,0.024802543255641574,0.0
2016-09-21,-0.17981214518852884,0.0
2016-09-22,-0.10119210612064666,-0.010000000000000231
2016-09-23,0.022213994470881904,-0.009999999999999787
2016-09-26,0.16536272584858525,0.020000000000000018
2016-09-27,-0.10153641921942302,-0.010000000000000231
2016-09-28,-0.055722534566054804,0.0
2016-09-29,0.1235951859653932,-0.020000000000000018
2016-09-30,-0.05347300888129025,0.020000000000000018
2016-10-03,0.020849601121623706,-0.029999999999999805
2016-10-04,0.004411771861663638,0.0
2016-10-05,-0.048093415025932895,-0.020000000000000018
2016-10-06,-0.011614532420693102,-0.03000000000000025
2016-10-07,0.04864180722234579,0.020000000000000018
2016-10-12,0.035181114630169485,0.0
2016-10-13,0.04786189532404839,-0.010000000000000231
2016-10-14,-0.034749000595261315,0.040000000000000036
2016-10-17,0.0055675986691023915,-0.009999999999999787
2016-10-18,-0.05908355200921056,0.0
2016-10-19,-0.058622373726943344,0.0
2016-10-20,-0.046883585898850555,-0.03000000000000025
2016-10-21,-0.030271783625102522,0.010000000000000231
2016-10-24,-0.024280403707054532,-0.010000000000000231
2016-10-25,0.03323568743615857,-0.009999999999999787
2016-10-26,0.05633258176724798,0.020000000000000018
2016-10-27,0.07571182173569602,-0.010000000000000231
2016-10-28,0.052627039970018163,0.010000000000000231
2016-10-31,0.05234277437398882,0.009999999999999787
2016-11-01,0.0842721852945214,0.0
2016-11-02,0.040132101426317845,0.020000000000000018
2016-11-03,0.1335313926245223,0.040000000000000036
2016-11-04,0.0192874335097466,0.0
2016-11-07,-0.1849015146326427,-0.009999999999999787
2016-11-08,0.001602136524277764,-0.040000000000000036
2016-11-09,-0.2648219245173755,0.040000000000000036
2016-11-10,0.024726534468289874,-0.06000000000000005
2016-11-15,-0.07975499584371892,-0.010000000000000231
2016-11-16,0.025841231183887814,-0.040000000000000036
2016-11-17,-0.027338237451481007,-0.009999999999999787
2016-11-18,-0.03817257350502956,-0.020000000000000018
2016-11-21,-0.03403573483589595,0.0
2016-11-22,-0.0008054772888170803,0.009999999999999787
2016-11-23,0.0016103063061039258,-0.03999999999999959
2016-11-28,0.06357574014653178,-0.009999999999999787
2016-11-29,-0.01919444725614694,-0.010000000000000231
2016-11-30,0.03278982282299081,-0.009999999999999787
2016-12-01,0.054027736935680526,-0.03000000000000025
2016-12-02,0.0035473609387981497,0.0
2016-12-05,-0.15108644643374358,0.0
2016-12-06,-0.029254071082073008,0.020000000000000018
2016-12-07,0.035822239194169825,0.0
2016-12-08,0.033792434975262076,-0.009999999999999787
2016-12-09,-0.0730131481285432,0.0
2016-12-12,0.0730131481285432,-0.020000000000000018
2016-12-13,0.00630916919326463,-0.020000000000000018
2016-12-14,0.03628340881724723,-0.07000000000000028
2016-12-15,-0.030795351138471982,-0.07999999999999963
2016-12-16,-0.047227663851540314,0.03999999999999959
2016-12-19,-0.04099277412958502,0.0
2016-12-20,-0.022453447609377175,0.0
2016-12-21,-0.015845401948563875,-0.020000000000000018
2016-12-22,0.014097149755034621,0.010000000000000231
2016-12-23,0.0008745081449323955,-0.020000000000000018
2016-12-28,0.07702281910612374,0.009999999999999787
2016-12-29,0.03191760296830504,0.010000000000000231
2016-12-30,0.048897007483813315,0.009999999999999787
2017-01-04,-0.08101594376008858,-0.020000000000000018
2017-01-05,-0.015306421282675675,0.0
2017-01-06,-0.03045037352342783,-0.009999999999999787
2017-01-09,0.020979790469194626,0.0
2017-01-10,-0.006073771383567017,0.0
2017-01-11,-0.020220469149120124,-0.020000000000000018
2017-01-12,0.024562638368409218,0.029999999999999805
2017-01-13,-0.027230492329601397,-0.020000000000000018
2017-01-18,0.05011315431970509,-0.03999999999999959
2017-01-19,0.023754086008107134,-0.010000000000000231
2017-01-20,-0.10206218786943522,0.0
2017-01-23,0.019734660192232134,0.0
2017-01-24,-0.06131517455163982,0.010000000000000231
2017-01-25,-0.023767115069428968,-0.010000000000000231
2017-01-26,-0.016791439297259902,-0.009999999999999787
2017-01-27,-0.004714765923703457,-0.010000000000000231
2017-01-30,0.1158908875043454,0.020000000000000018
2017-01-31,0.009216655104923976,0.020000000000000018
2017-02-01,-0.015126338830151909,0.0
2017-02-02,0.010109605900553653,0.0
2017-02-03,-0.08389196182268543,0.010000000000000231
2017-02-06,0.03581403347530543,0.009999999999999787
2017-02-07,-0.007060929600874122,-0.009999999999999787
2017-02-08,0.014072351838678276,0.009999999999999787
2017-02-09,-0.05106348857245191,-0.009999999999999787
2017-02-10,-0.002761161441328319,-0.010000000000000231
2017-02-13,0.02007366673407729,0.0
2017-02-14,-0.03026365763982719,-0.020000000000000018
2017-02-15,0.1084284304891634,-0.020000000000000018
2017-02-16,-0.017699577099401065,0.010000000000000231
2017-02-17,-0.02322685060981655,0.009999999999999787
2017-02-22,0.01458627319436534,0.009999999999999787
2017-02-23,-0.002558636790324531,0.020000000000000018
2017-02-24,-0.02070824646834657,0.0
2017-02-27,0.05264373348542195,-0.020000000000000018
2017-02-28,0.06639783372775465,-0.020000000000000018
2017-03-01,-0.029852963149681333,-0.009999999999999787
2017-03-02,-0.05997690499550368,-0.020000000000000018
2017-03-03,-0.07469434868940139,0.0
2017-03-06,0.02522656294567538,0.009999999999999787
2017-03-07,0.018510885534703814,-0.020000000000000018
2017-03-08,0.03518166356933072,0.0
2017-03-09,0.036427868808792674,0.020000000000000018
2017-03-10,-0.053435081456025824,0.010000000000000231
2017-03-13,-0.026946436994934597,-0.010000000000000231
2017-03-14,0.08038151845096042,0.010000000000000231
2017-03-15,-0.05601129584779896,0.020000000000000018
2017-03-16,-0.036781729446504485,0.009999999999999787
2017-03-17,0.006225008985844216,0.010000000000000231
2017-03-20,0.005305052229693352,0.009999999999999787
2017-03-21,0.09498946139233899,0.0
2017-03-22,0.02690035621669784,0.0
2017-03-23,0.023911667607300124,0.010000000000000231
2017-03-24,-0.012270092591814219,-0.020000000000000018
2017-03-27,-0.036139046615873305,0.009999999999999787
2017-03-28,-0.08077631002728802,-0.009999999999999787
2017-03-29,-0.009586130053103492,0.009999999999999787
2017-03-30,0.010453056852089304,0.0
2017-03-31,0.0694549253244432,0.010000000000000231
2017-04-03,0.0008080808520536387,0.019999999999999574
2017-04-04,-0.04883055270717085,0.0
2017-04-05,0.08920010240181675,0.03000000000000025
2017-04-06,-0.03956212131004522,-0.020000000000000018
2017-04-07,0.03800932596698425,-0.029999999999999805
2017-04-10,0.08772337417171983,0.0
2017-04-11,0.07008361685864894,0.0
2017-04-12,0.04540338833654323,0.03999999999999959
2017-04-13,0.011976191046715545,0.0
2017-04-18,-0.01650656460170241,0.0
2017-04-19,0.03475647969429607,0.0
2017-04-20,-0.05365798746185213,-0.010000000000000231
2017-04-21,0.03335959094278618,0.010000000000000231
2017-04-24,-0.299831219020533,-0.010000000000000231
2017-04-25,-0.007407441277861526,-0.020000000000000018
2017-04-26,0.008329525252829928,0.010000000000000231
2017-04-27,-0.04621284315513163,0.009999999999999787
2017-04-28,0.0434440365869988,0.0
2017-05-01,-0.06787124038595582,0.010000000000000231
2017-05-02,0.04638512658093541,0.009999999999999787
2017-05-03,0.008462673918733454,-0.06999999999999984
2017-05-04,-0.020814374895271825,0.020000000000000018
2017-05-05,0.010461341245369571,-0.009999999999999787
2017-05-08,-0.07870333382745498,-0.010000000000000231
2017-05-09,0.019260605541815412,-0.009999999999999787
2017-05-10,0.024790560580067567,0.0
2017-05-11,0.03748636894144708,0.020000000000000018
2017-05-12,-0.019048194970694432,0.009999999999999787
2017-05-15,0.0019212301778939178,0.0
2017-05-16,0.021832855830213216,-0.009999999999999787
2017-05-17,0.3810697909142511,0.019999999999999574
2017-05-18,-0.061506986611179926,0.0
2017-05-19,-0.1968882565778305,0.0
2017-05-22,-0.09672313769222773,-0.019999999999999574
2017-05-23,-0.01940014654579114,-0.020000000000000018
2017-05-24,-0.06752805998593736,0.029999999999999805
2017-05-25,-0.00299850299625648,-0.009999999999999787
2017-05-26,-0.018182319083190457,0.0
2017-05-31,0.002886004889135041,-0.020000000000000018
2017-06-01,-0.05124273699225679,0.010000000000000231
2017-06-02,-0.014256860624864753,0.0
2017-06-05,0.03229342172071492,0.0
2017-06-06,0.03704127168034921,0.009999999999999787
2017-06-07,-0.005758173299684088,-0.020000000000000018
2017-06-08,-0.02238536296079996,0.0
2017-06-09,0.05178529931752429,-0.020000000000000018
2017-06-12,0.06861896981873317,0.010000000000000231
2017-06-13,-0.09513567496137254,-0.010000000000000231
2017-06-14,0.020893447588277603,-0.020000000000000018
2017-06-15,0.024142305321599444,-0.009999999999999787
2017-06-16,-0.048881911497355546,0.009999999999999787
2017-06-19,-0.0009638554963067314,-0.020000000000000018
2017-06-20,0.04616929226435351,-0.009999999999999787
2017-06-21,-0.010180559932117639,-0.010000000000000231
2017-06-22,-0.025437075680775578,0.010000000000000231
2017-06-23,-0.04488558323617742,-0.010000000000000231
2017-06-26,-0.012048338516174262,0.0
2017-06-27,0.11080023895364466,-0.029999999999999805
2017-06-28,-0.09775439412034492,0.020000000000000018
2017-06-29,0.13153538397780773,-0.03000000000000025
2017-06-30,-0.022989518224698635,-0.020000000000000018
2017-07-03,0.0035714323675972715,-0.020000000000000018
2017-07-06,0.12468478848422881,-0.010000000000000231
2017-07-07,-0.11390301288094085,0.010000000000000231
2017-07-10,-0.007174918672295139,0.0
2017-07-11,-0.020000666706669445,0.0
2017-07-12,-0.05570104170927914,0.009999999999999787
2017-07-13,-0.039609138095045626,0.0
2017-07-14,-0.04019088058324538,0.0
2017-07-17,0.03207724580907545,0.0
2017-07-18,0.0071030232682463,-0.009999999999999787
2017-07-19,-0.010162689092201749,-0.010000000000000231
2017-07-20,-0.02168386455964999,-0.020000000000000018
2017-07-21,-0.02323230149326827,0.0
2017-07-24,0.007450806155865575,0.010000000000000231
2017-07-25,0.0,-0.010000000000000231
2017-07-26,0.017867001828424378,0.020000000000000018
2017-07-27,0.05176193455858913,0.0
2017-07-28,0.017647516813578346,-0.020000000000000018
2017-07-31,-0.002919710103334694,0.010000000000000231
2017-08-01,-0.016708005377105817,0.0
2017-08-02,0.018655425661501468,-0.010000000000000231
2017-08-03,0.015444322427473622,0.0
2017-08-04,-0.04006398048064863,0.0
2017-08-07,-0.01002012391676299,0.010000000000000231
2017-08-08,0.09869180346278839,0.009999999999999787
2017-08-09,0.013593322131669083,0.020000000000000018
2017-08-10,0.3672399987868298,0.020000000000000018
2017-08-11,-0.03360062524992102,0.010000000000000231
2017-08-14,-0.22944966001219447,-0.010000000000000231
2017-08-15,-0.023800877295578005,-0.020000000000000018
2017-08-16,-0.02523262548072447,0.0
2017-08-17,0.2810588242252927,0.020000000000000018
2017-08-18,-0.08660222363909309,0.010000000000000231
2017-08-21,-0.07799944825692684,0.0
2017-08-22,-0.1502412228018115,-0.020000000000000018
2017-08-23,0.07630819306332448,0.020000000000000018
2017-08-24,-0.0016339872916550924,0.0
2017-08-25,-0.0808607036291682,0.0
2017-08-28,0.003539826705123872,0.009999999999999787
2017-08-29,0.033017769028673705,0.020000000000000018
2017-08-30,-0.04189094170915997,-0.009999999999999787
2017-08-31,-0.05778774048123525,0.0
2017-09-01,-0.04440884135272327,0.009999999999999787
2017-09-06,-0.050303983168507926,0.009999999999999787
2017-09-07,-0.006902529562770265,0.0
2017-09-08,0.0481715436733654,0.0
2017-09-11,-0.1218134239985611,-0.020000000000000018
2017-09-12,-0.014078130212453743,0.010000000000000231
2017-09-13,-0.0075901692666757725,-0.03000000000000025
2017-09-14,-0.0057306747089849175,-0.020000000000000018
2017-09-15,-0.02620237239402412,-0.009999999999999787
2017-09-18,-0.0019685045726722805,0.0
2017-09-19,0.002951305634580237,-0.010000000000000231
2017-09-20,-0.04008552707565061,-0.029999999999999805
2017-09-21,-0.011311174581523087,-0.010000000000000231
2017-09-22,-0.008307420569856117,0.0
2017-09-25,0.06264674328122766,0.010000000000000231
2017-09-26,-0.003925422116105803,-0.020000000000000018
2017-09-27,-0.02994235661507849,0.020000000000000018
2017-09-28,-0.03295869895275105,-0.010000000000000231
2017-09-29,-0.004197277935340082,-0.04999999999999982
2017-10-02,-0.006329135051647672,-0.010000000000000009
2017-10-03,0.006329135051647672,0.010000000000000009
2017-10-04,0.012539349252735477,0.009999999999999787
2017-10-05,-0.04676728944243891,-0.009999999999999787
2017-10-06,0.04884197898329923,-0.020000000000000018
2017-10-11,-0.023081807459224724,0.0
2017-10-12,0.006072893157898829,0.0
2017-10-13,-0.03074012535969528,0.0
2017-10-16,0.03074012535969528,0.0
2017-10-17,0.03956994968697236,-0.020000000000000018
2017-10-18,-0.023553591298397958,0.0
2017-10-19,-0.001988072225385995,-0.010000000000000009
2017-10-20,-0.007992050531338002,0.0
2017-10-23,0.10465816274679884,0.0
2017-10-24,0.008097210232619112,-0.020000000000000018
2017-10-25,0.006252811797187174,0.010000000000000009
2017-10-26,0.006213956967942913,-0.020000000000000018
2017-10-27,-0.1424203400417685,0.020000000000000018
2017-10-30,0.06899287148695121,-0.010000000000000009
2017-10-31,-0.03095024604110108,-0.010000000000000009
2017-11-01,0.0019627091678486863,0.010000000000000009
2017-11-02,-0.026827242233144144,-0.010000000000000009
2017-11-03,-0.08290009259102238,0.0
2017-11-06,0.028049303809899673,0.010000000000000009
2017-11-07,0.05081445635866233,-0.020000000000000018
2017-11-08,-0.011184661587894773,0.020000000000000018
2017-11-09,0.07103577311675169,0.010000000000000009
2017-11-14,0.00779562198245598,0.0
2017-11-15,0.1247570309630448,0.020000000000000018
2017-11-16,-0.1101957458442242,-0.030000000000000027
2017-11-17,-0.028462464663761455,0.010000000000000009
2017-11-20,-0.07068158565128524,-0.020000000000000018
2017-11-21,-0.09034599595752058,-0.030000000000000027
2017-11-22,0.01529861556186285,0.030000000000000027
2017-11-27,0.020471543980187246,0.030000000000000027
2017-11-28,0.01608074852845398,-0.020000000000000018
2017-11-29,0.06466313949401625,0.010000000000000009
2017-11-30,0.052787504602052504,-0.040000000000000036
2017-12-01,0.013210231736806577,-0.009999999999999787
2017-12-04,0.02163649959336178,0.0
2017-12-05,-0.03042390236016601,-0.030000000000000027
2017-12-06,-0.027742271315146727,0.020000000000000018
2017-12-07,-0.08125336157443241,0.019999999999999796
2017-12-08,-0.05878085016756707,-0.009999999999999787
2017-12-11,-0.025371339742017884,-0.020000000000000018
2017-12-12,0.06024666905603038,-0.010000000000000009
2017-12-13,0.02587208982559508,-0.010000000000000009
2017-12-14,0.029997411285829223,-0.010000000000000009
2017-12-15,-0.10758733381993402,-0.020000000000000018
2017-12-18,0.011609629077839134,0.010000000000000009
2017-12-19,0.05113588430773319,0.0
2017-12-20,-0.03139498350149639,0.010000000000000009
2017-12-21,-0.010341353794732555,-0.030000000000000027
2017-12-22,0.028690492462929207,0.0
2017-12-27,0.021236319298028494,-0.020000000000000018
2017-12-28,-0.028089013760069115,0.0
2017-12-29,0.08110002972657249,0.010000000000000009
2018-01-03,-0.06556258676726134,-0.010000000000000009
2018-01-04,0.007621158281072571,-0.020000000000000018
2018-01-05,0.0,0.010000000000000009
2018-01-08,0.03201981123477138,-0.020000000000000018
2018-01-09,0.05715841383994835,0.0
2018-01-10,-0.02613214027684796,-0.010000000000000009
2018-01-11,0.006091389393402036,-0.040000000000000036
2018-01-12,0.027945930390559592,-0.010000000000000009
2018-01-17,0.021214202444862718,0.0
2018-01-18,0.025695570376240262,-0.020000000000000018
2018-01-19,-0.08092962569176443,0.0
2018-01-22,-0.021525494786273747,0.0
2018-01-23,0.006326275052877417,0.0
2018-01-24,0.03278982282299081,0.010000000000000009
2018-01-25,0.00954454100356994,-0.039999999999999813
2018-01-26,-0.04413779082571123,-0.010000000000000009
2018-01-29,0.2224212688703857,-0.010000000000000009
2018-01-30,0.06638832653318483,0.0
2018-01-31,-0.08830300923857948,-0.030000000000000027
2018-02-01,-0.005183277061856284,0.0
2018-02-02,0.25081937876584526,0.020000000000000018
2018-02-05,0.7682450067910249,0.04999999999999982
2018-02-06,-0.2189988833046912,-0.019999999999999796
2018-02-07,-0.07801563304676495,0.010000000000000009
2018-02-08,0.1878358359309913,0.009999999999999787
2018-02-09,-0.1409880374165411,0.040000000000000036
2018-02-12,-0.1263797579307031,-0.030000000000000027
2018-02-13,-0.025307795919752074,0.050000000000000044
2018-02-14,-0.2596446979217024,-0.030000000000000027
2018-02-15,-0.006772622917817994,-0.030000000000000027
2018-02-16,0.017103293305697598,0.030000000000000027
2018-02-21,-0.0285593019084609,0.0
2018-02-22,-0.06713930283762837,0.010000000000000009
2018-02-23,-0.12683833447793846,0.0
2018-02-26,-0.04274419653858663,0.020000000000000018
2018-02-27,0.1626138617004318,-0.010000000000000009
2018-02-28,0.06558020539984666,-0.010000000000000009
2018-03-01,0.12397707906403843,0.040000000000000036
2018-03-02,-0.13716185424078864,0.0
2018-03-05,-0.04489271550045215,0.0
2018-03-06,-0.019952131263652806,0.030000000000000027
2018-03-07,-0.03322564762832014,0.020000000000000018
2018-03-08,-0.07116704796847895,0.010000000000000009
2018-03-09,-0.12202418106237944,-0.010000000000000009
2018-03-12,0.07498580688456258,0.020000000000000018
2018-03-13,0.035484581925534275,0.010000000000000009
2018-03-14,0.052424153196575674,0.0
2018-03-15,-0.03785194633748512,0.010000000000000009
2018-03-16,-0.04879016416943216,-0.020000000000000018
2018-03-19,0.18548111708432335,0.010000000000000009
2018-03-20,-0.04406946303449466,-0.010000000000000009
2018-03-21,-0.01885801863439651,0.030000000000000027
2018-03-22,0.26760505141005675,0.020000000000000018
2018-03-23,0.06349363095690341,0.030000000000000027
2018-03-26,-0.16771226810070505,-0.030000000000000027
2018-03-27,0.06756531949576594,0.020000000000000018
2018-03-28,0.016310698824315573,0.0
2018-03-29,-0.1355948606069659,-0.010000000000000009
2018-04-03,-0.1128207702871955,-0.020000000000000018
2018-04-04,-0.05054525794823128,0.010000000000000009
2018-04-05,-0.05745169477585721,-0.010000000000000009
2018-04-06,0.12631162289648667,0.0
2018-04-09,0.012945164592037095,-0.010000000000000009
2018-04-10,-0.06157247557325807,-0.030000000000000027
2018-04-11,-0.011299555253933224,0.0
2018-04-12,-0.09043079902023132,-0.010000000000000009
2018-04-13,-0.06018529161893582,0.0
2018-04-16,-0.05005460482298396,-0.020000000000000018
2018-04-17,-0.08241064590369307,-0.010000000000000009
2018-04-18,0.022691411202070633,0.0
2018-04-19,0.02281467776617152,0.010000000000000009
2018-04-20,0.056043897146148325,0.010000000000000009
2018-04-23,-0.03251339973595435,-0.020000000000000018
2018-04-24,0.09786616274833504,0.010000000000000009
2018-04-25,-0.010039125028328488,0.030000000000000027
2018-04-26,-0.09396579241833125,0.0
2018-04-27,-0.0524606854015075,0.0
2018-04-30,0.03318747458993254,-0.010000000000000009
2018-05-01,-0.02800946949317984,0.030000000000000027
2018-05-02,0.03051730779814399,0.010000000000000009
2018-05-03,-0.0043928530007351085,0.030000000000000027
2018-05-04,-0.07372101268289777,0.0
2018-05-07,-0.001355013757459389,0.010000000000000009
2018-05-08,-0.0027155481724827624,0.0
2018-05-09,-0.09178140306981053,-0.010000000000000009
2018-05-10,-0.014259153416671388,-0.020000000000000018
2018-05-11,-0.04482976295333474,-0.020000000000000018
2018-05-14,0.021892977610236564,-0.010000000000000009
2018-05-15,0.12352402224826697,0.0
2018-05-16,-0.08632808348849741,-0.010000000000000009
2018-05-17,0.0007448789916106868,0.020000000000000018
2018-05-18,-0.0007448789916106868,0.010000000000000009
2018-05-21,-0.02566178551448317,0.0
2018-05-22,0.010646488394487896,0.0
2018-05-23,-0.04962258315124579,0.010000000000000009
2018-05-24,-0.00398248236431753,0.0
2018-05-25,0.05360506551556332,0.010000000000000009
2018-05-30,-0.13034694344055664,-0.050000000000000044
2018-05-31,0.03227148667039792,-0.020000000000000018
2018-06-01,-0.13659134215848745,0.010000000000000009
2018-06-04,-0.05497567407256465,-0.020000000000000018
2018-06-05,-0.027050177533026076,0.020000000000000018
2018-06-06,-0.06324903030769935,0.010000000000000009
2018-06-07,0.0412342806526671,-0.020000000000000018
2018-06-08,0.004113539325791837,0.010000000000000009
2018-06-11,0.013860800792235395,-0.010000000000000009
2018-06-12,-0.0008100445967444969,-0.010000000000000009
2018-06-13,0.04747727059551288,-0.009999999999999787
2018-06-14,-0.0654663084315863,0.009999999999999787
2018-06-15,-0.01161838795386494,-0.009999999999999787
2018-06-18,0.027173347509058754,0.029999999999999805
2018-06-19,0.0811044446498963,0.010000000000000009
2018-06-20,-0.042852769255507184,0.010000000000000009
2018-06-21,0.13509389294241458,0.030000000000000027
2018-06-22,-0.061265195792602256,0.020000000000000018
2018-06-25,0.22994679098695103,0.020000000000000018
2018-06-26,-0.08486292331127743,0.0
2018-06-27,0.11778303565638337,-0.010000000000000009
2018-06-28,-0.06100855927424975,0.020000000000000018
2018-06-29,-0.04615269579407899,-0.010000000000000009
2018-07-02,-0.030927046748800535,-0.020000000000000018
2018-07-03,0.03402974858631147,0.020000000000000018
2018-07-06,-0.11303480731768545,0.010000000000000009
2018-07-09,-0.05219910938755534,-0.030000000000000027
2018-07-10,-0.003947893007584913,-0.020000000000000018
2018-07-11,0.07540685698972993,0.0
2018-07-12,-0.08016499443614666,-0.010000000000000009
2018-07-13,-0.0323129889905438,0.0
2018-07-16,0.051990916345794336,0.010000000000000009
2018-07-17,-0.06189198732850576,-0.010000000000000009
2018-07-18,0.00331126130365611,-0.010000000000000009
2018-07-19,0.06169356900533973,0.010000000000000009
2018-07-20,-0.0007773027985620296,0.010000000000000009
2018-07-23,-0.018838861696405917,0.0
2018-07-24,-0.016780257896551465,-0.030000000000000027
2018-07-25,-0.009716675638572259,-0.009999999999999787
2018-07-26,-0.012280137946591108,-0.020000000000000018
2018-07-27,0.07074860550540141,-0.010000000000000009
2018-07-30,0.09020402384939619,0.0
2018-07-31,-0.1056722363586049,-0.010000000000000009
2018-08-01,0.02463557999622834,0.0
2018-08-02,-0.07580581513059315,0.010000000000000009
2018-08-03,-0.04616850118988847,0.0
2018-08-06,-0.032303114251607035,-0.020000000000000018
2018-08-07,-0.030633025863237684,0.0
2018-08-08,-0.007346222201978669,0.020000000000000018
2018-08-09,0.03797924806521635,0.010000000000000009
2018-08-10,0.15503759784548654,0.020000000000000018
2018-08-13,0.11609298962288417,0.039999999999999813
2018-08-14,-0.10475928311303528,-0.010000000000000009
2018-08-15,0.09524187612614554,0.0
2018-08-16,-0.08477840248531754,-0.010000000000000009
2018-08-17,-0.062112717329136924,0.0
2018-08-20,-0.011938064581225039,0.0
2018-08-21,0.029193394671986894,-0.010000000000000009
2018-08-22,-0.04859578181873703,0.030000000000000027
2018-08-23,0.012976662225779645,-0.010000000000000009
2018-08-24,-0.034429630177092996,0.0
2018-08-27,0.014078907498598081,-0.010000000000000009
2018-08-28,0.027576767770234767,0.010000000000000009
2018-08-29,-0.020202707317519497,-0.020000000000000018
2018-08-30,0.09938350519196071,0.020000000000000018
2018-08-31,-0.05078772337322368,0.020000000000000018
2018-09-05,0.05542608003818028,0.010000000000000009
2018-09-06,0.05183232952772476,-0.020000000000000018
2018-09-07,0.015577693941869697,0.0
2018-09-10,-0.04959694113937241,-0.010000000000000009
2018-09-11,-0.06869025384203331,-0.020000000000000018
2018-09-12,-0.0060698213670757895,-0.010000000000000009
2018-09-13,-0.06038682665206796,-0.019999999999999796
2018-09-14,-0.02455115129495633,0.009999999999999787
2018-09-17,0.12521187708496395,0.0
2018-09-18,-0.06727129660365305,0.0
2018-09-19,-0.08481037500058308,0.0
2018-09-20,0.00424629088145112,-0.029999999999999805
2018-09-21,-0.01022155407153802,-0.020000000000000018
2018-09-24,0.04355797433912967,0.010000000000000009
2018-09-25,0.01787212476612199,-0.010000000000000009
2018-09-26,0.037143740445763296,0.010000000000000009
2018-09-27,-0.037949217734580376,-0.010000000000000009
2018-09-28,-0.023645618575347527,0.010000000000000009
2018-10-01,-0.009950330853167877,-0.010000000000000009
2018-10-02,0.004158010148663571,0.010000000000000009
2018-10-03,-0.037197864226863775,-0.010000000000000009
2018-10-04,0.2027826286652945,0.010000000000000009
2018-10-05,0.04132819549284639,0.010000000000000009
2018-10-10,0.3642947422205123,0.020000000000000018
2018-10-11,0.08432193324606585,0.019999999999999796
2018-10-12,-0.1588990585869059,0.0
2018-10-15,-0.0004693733951461887,0.010000000000000009
2018-10-16,-0.18967245220734608,-0.010000000000000009
2018-10-17,-0.012564414287550285,0.0
2018-10-18,0.14225757631330627,0.040000000000000036
2018-10-19,-0.0085106896679088,0.0
2018-10-22,-0.012648789939560867,0.0
2018-10-23,0.053048372481173,0.040000000000000036
2018-10-24,0.1974170872454737,0.030000000000000027
2018-10-25,-0.040855024528020145,-0.010000000000000009
2018-10-26,-0.002480365058332268,0.040000000000000036
2018-10-29,0.02210487056731747,0.0
2018-10-30,-0.05620625951902536,0.009999999999999787
2018-10-31,-0.09518170839974127,0.0
2018-11-01,-0.09323978569001667,0.010000000000000231
2018-11-02,0.008751664609871757,-0.020000000000000018
2018-11-05,0.022803116248297783,0.0
2018-11-06,-0.002508152807212838,-0.040000000000000036
2018-11-07,-0.1963827869015038,-0.020000000000000018
2018-11-08,0.021766276481954172,0.0
2018-11-09,0.037563101575648794,0.020000000000000018
2018-11-14,0.05962512148335142,0.04999999999999982
2018-11-15,-0.06162512215001836,0.040000000000000036
2018-11-16,-0.09661232853341684,0.0
2018-11-19,0.1026003703780396,0.03000000000000025
2018-11-20,0.11190620996045997,0.009999999999999787
2018-11-21,-0.07767303831821781,0.0
2018-11-26,-0.12982081322798678,-0.020000000000000018
2018-11-27,0.006329135051647672,0.040000000000000036
2018-11-28,-0.028261011718210938,0.020000000000000018
2018-11-29,0.016094768026340578,0.03999999999999959
2018-11-30,-0.03907170882123667,0.010000000000000231
2018-12-03,-0.09453571497610325,-0.010000000000000231
2018-12-04,0.23234681317334704,-0.009999999999999787
2018-12-07,0.09191517450211029,0.020000000000000018
2018-12-10,-0.0257262934473359,0.0
2018-12-11,-0.03964483134723995,-0.050000000000000266
2018-12-12,-0.013882684785189614,-0.019999999999999574
2018-12-13,-0.03847541779551067,0.009999999999999787
2018-12-14,0.046365920557925655,0.0
2018-12-17,0.12540787110304308,0.0
2018-12-18,0.04232168508268597,0.009999999999999787
2018-12-19,0.0,0.010000000000000231
2018-12-20,0.10387387558120009,0.009999999999999787
2018-12-21,0.05917267076174593,0.03000000000000025
2018-12-24,0.18060415242180516,0.040000000000000036
2018-12-27,-0.014908343040254568,0.029999999999999805
2018-12-28,-0.05558892438648444,0.08000000000000007
2018-12-31,-0.10873796850122597,0.010000000000000231
2019-01-03,0.0917017667267861,0.029999999999999805
2019-01-04,-0.17425983739963247,-0.029999999999999805
2019-01-07,0.0009350164309065434,-0.03000000000000025
2019-01-08,-0.04443052235460776,-0.029999999999999805
2019-01-09,-0.024228626452790447,0.0
2019-01-10,-0.02431730765070661,0.029999999999999805
2019-01-11,-0.06954247303966987,0.0
2019-01-14,0.0472444270822967,0.040000000000000036
2019-01-15,-0.02495483889317196,0.0
2019-01-16,0.023380448644063634,-0.009999999999999787
2019-01-17,-0.05284248137437997,-0.020000000000000018
2019-01-18,-0.014501090690799856,-0.050000000000000266
2019-01-23,-0.06351340572232589,-0.009999999999999787
2019-01-24,-0.03280689947152826,0.0
2019-01-25,-0.08101371008906133,-0.03000000000000025
2019-01-28,0.07995438795610177,0.020000000000000018
2019-01-29,0.013684424071702672,0.0
2019-01-30,-0.07995558827634763,0.010000000000000231
2019-01-31,-0.06370836373734212,0.009999999999999787
2019-02-01,-0.02629316859666897,-0.06999999999999984
2019-02-04,-0.025730945771616387,-0.010000000000000231
2019-02-05,-0.01022373122427922,-0.029999999999999805
2019-02-06,-0.012278021768409086,0.009999999999999787
2019-02-07,0.06238242730554555,0.03000000000000025
2019-02-08,-0.0405166043819829,-0.010000000000000231
2019-02-11,0.015778175225860558,0.0
2019-02-12,-0.034398295851851834,0.0
2019-02-13,0.014157250611092742,-0.029999999999999805
2019-02-14,0.03577413170110466,0.029999999999999805
2019-02-15,-0.08421291991061963,-0.020000000000000018
2019-02-20,-0.05953314779850194,-0.04999999999999982
2019-02-21,0.0309013351241747,0.0
2019-02-22,-0.06795606475851157,0.020000000000000018
2019-02-25,0.09456971327660124,-0.020000000000000018
2019-02-26,0.021319928111732445,0.010000000000000231
2019-02-27,-0.03147229957575037,0.009999999999999787
2019-02-28,0.0054274217353649234,-0.029999999999999805
2019-03-01,-0.08541344167327791,0.0
2019-03-04,0.07521274118525545,0.0
2019-03-05,0.007490671729157405,0.0
2019-03-06,0.06564035622806674,0.029999999999999805
2019-03-07,0.05259486121309598,0.0
2019-03-08,-0.033091254626328226,0.020000000000000018
2019-03-11,-0.11335360773594427,0.0
2019-03-12,-0.039862929099517164,-0.020000000000000018
2019-03-13,-0.026491615446976535,0.009999999999999787
2019-03-14,0.006688988150796771,0.010000000000000231
2019-03-15,-0.04701396476817621,0.009999999999999787
2019-03-18,0.016936509530898203,-0.009999999999999787
2019-03-19,0.03451205230514365,0.0
2019-03-20,0.025483723423102234,0.020000000000000018
2019-03-21,-0.020334760226910387,-0.010000000000000231
2019-03-22,0.18987427877288443,0.020000000000000018
2019-03-25,-0.009143617498951873,-0.020000000000000018
2019-03-26,-0.10651788379600413,0.020000000000000018
2019-03-27,0.03151450876900874,-0.020000000000000018
2019-03-28,-0.048691159169599096,-0.009999999999999787
2019-03-29,-0.05118387921155598,-0.010000000000000231
2019-04-01,-0.02287078661735764,-0.019999999999999574
2019-04-02,-0.002989538848365836,0.0
2019-04-03,0.02804611868570328,-0.010000000000000231
2019-04-04,-0.011713164663653242,-0.009999999999999787
2019-04-05,-0.05759167063802595,0.0
2019-04-08,0.027694077581837284,-0.010000000000000231
2019-04-09,0.08015942783707697,-0.020000000000000018
2019-04-10,-0.07109592168372991,0.020000000000000018
2019-04-11,-0.021277398447284934,-0.009999999999999787
2019-04-12,-0.08074700068853113,-0.050000000000000266
2019-04-15,0.02548432201348172,0.0
2019-04-16,-0.011428695823623158,-0.029999999999999805
2019-04-17,0.03390155167568132,0.009999999999999787
2019-04-18,-0.04131814933073086,-0.009999999999999787
2019-04-23,-0.011336153786336567,0.0
2019-04-24,0.06768909033746828,0.0
2019-04-25,0.008336539375766616,0.0
2019-04-26,-0.0400361398629161,-0.010000000000000231
2019-04-29,0.02941388520629351,0.0
2019-04-30,0.0007624857403345509,0.010000000000000231
2019-05-01,0.12048939725412611,-0.03000000000000025
2019-05-02,-0.026011048913266333,0.010000000000000231
2019-05-03,-0.11371711024876774,-0.010000000000000231
2019-05-06,0.18206252298859482,0.03000000000000025
2019-05-07,0.22417928418774213,0.029999999999999805
2019-05-08,0.00413223728491019,0.0
2019-05-09,-0.015584731016697884,0.040000000000000036
2019-05-10,-0.1746027326142161,-0.009999999999999787
2019-05-13,0.24777533850387545,0.04999999999999982
2019-05-14,-0.12916139295340434,-0.009999999999999787
2019-05-15,-0.09398215836080537,0.019999999999999574
2019-05-16,-0.07251836968706327,-0.019999999999999574
2019-05-17,0.04288657208069191,0.0
2019-05-20,0.021692824611259542,0.0
2019-05-21,-0.0870671167962267,-0.010000000000000231
2019-05-22,-0.013468217050866649,0.029999999999999805
2019-05-23,0.13725327139224852,0.020000000000000018
2019-05-24,-0.06532685385478798,0.03000000000000025
2019-05-29,0.022599831917240465,0.010000000000000231
2019-05-30,-0.03409421134297563,0.0
2019-05-31,0.07835163878226492,0.040000000000000036
2019-06-03,0.007985136919312907,0.04999999999999982
2019-06-04,-0.10559619795917641,0.0
2019-06-05,-0.053249118241843085,0.03000000000000025
2019-06-06,-0.0099938370823347,-0.010000000000000231
2019-06-07,0.022960983890759845,-0.020000000000000018
2019-06-10,-0.02233343445064806,-0.029999999999999805
2019-06-11,0.003131853483794078,-0.010000000000000231
2019-06-12,-0.005015684496167516,0.03000000000000025
2019-06-13,-0.005672880010187509,0.009999999999999787
2019-06-14,-0.03473017860113359,0.0
2019-06-17,0.004570690294831703,-0.009999999999999787
2019-06-18,-0.013114942077827596,-0.010000000000000231
2019-06-19,-0.05564529011529773,0.010000000000000231
2019-06-20,0.028887840945748255,-0.03000000000000025
2019-06-21,0.04312442663375471,-0.029999999999999805
2019-06-24,-0.009132483563272675,-0.020000000000000018
2019-06-25,0.06470233471808351,0.009999999999999787
2019-06-26,-0.004309024826809615,-0.020000000000000018
2019-06-27,-0.024353373408076973,-0.009999999999999787
2019-06-28,-0.04790559975969799,0.0
2019-07-01,-0.07003547619729078,-0.020000000000000018
2019-07-02,-0.08378369359875304,0.0
2019-07-03,-0.028237170181609983,-0.03000000000000025
2019-07-08,0.049936953285938834,-0.029999999999999805
2019-07-09,0.009269228576362476,-0.009999999999999787
2019-07-10,-0.07821093477383512,0.029999999999999805
2019-07-11,-0.007704198352987746,0.0
2019-07-12,-0.04266049714271514,0.0
2019-07-15,0.023136253368028825,0.0
2019-07-16,0.014095769800393398,-0.020000000000000018
2019-07-17,0.08279045445939737,0.010000000000000231
2019-07-18,-0.032002731086173686,0.029999999999999805
2019-07-19,0.06578497237574421,-0.010000000000000231
2019-07-22,-0.06578497237574421,-0.019999999999999574
2019-07-23,-0.07041929220586862,-0.010000000000000231
2019-07-24,-0.043767114867387935,-0.08000000000000007
2019-07-25,0.05402361503457698,-0.009999999999999787
2019-07-26,-0.0465947736059964,-0.010000000000000231
2019-07-29,0.053634302089524244,0.0
2019-07-30,0.08297622670483262,0.010000000000000231
2019-07-31,0.14529833174610474,-0.010000000000000231
2019-08-01,0.10306259209285429,0.040000000000000036
2019-08-02,-0.01465640666322221,0.010000000000000231
2019-08-05,0.3338729337199866,0.06000000000000005
2019-08-06,-0.19814350426198057,0.009999999999999787
2019-08-07,-0.034294838446651266,-0.020000000000000018
2019-08-08,-0.1419963506089803,0.020000000000000018
2019-08-09,0.060798537884978465,-0.020000000000000018
2019-08-12,0.1600952936952158,0.0
2019-08-13,-0.1854559089824379,-0.009999999999999787
2019-08-14,0.23223452301546166,0.009999999999999787
2019-08-15,-0.04252026835044642,0.040000000000000036
2019-08-16,-0.13690954596211213,-0.010000000000000231
2019-08-19,-0.09001830504333741,0.03000000000000025
2019-08-20,0.03607139176165752,0.009999999999999787
2019-08-21,-0.10219094089654757,-0.04999999999999982
2019-08-22,0.054200456897679494,0.0
2019-08-23,0.17500065963312483,0.020000000000000018
2019-08-26,-0.028070227779353196,0.0
2019-08-27,0.04997254680792107,-0.010000000000000231
2019-08-28,-0.0484209561165021,0.0
2019-08-29,-0.0790096497304229,0.010000000000000231
2019-08-30,0.05970302343641354,-0.010000000000000231
2019-09-04,-0.12614701099150594,0.010000000000000231
2019-09-05,-0.06311618249656803,-0.010000000000000231
2019-09-06,-0.08127272012873643,-0.020000000000000018
2019-09-09,0.017839918128331078,-0.029999999999999805
2019-09-10,-0.004594691378310589,-0.009999999999999787
2019-09-11,-0.03958920208962269,0.0
2019-09-12,-0.027056801387513207,0.0
2019-09-13,-0.03433813758089155,-0.010000000000000231
2019-09-16,0.06549330536068743,-0.009999999999999787
2019-09-17,-0.015802458690210575,0.009999999999999787
2019-09-18,-0.03452262519730542,-0.029999999999999805
2019-09-19,0.007142887512380458,-0.010000000000000231
2019-09-20,0.0865367685326901,0.020000000000000018
2019-09-23,-0.027127035535797983,-0.020000000000000018
2019-09-24,0.13411807495287853,0.03000000000000025
2019-09-25,-0.06606461170786293,0.0
2019-09-26,0.006868587727758335,-0.020000000000000018
2019-09-27,0.06911731925016351,0.009999999999999787
2019-09-30,-0.05859416426605257,0.010000000000000231
2019-10-01,0.1335313926245223,0.020000000000000018
2019-10-02,0.1023387132289102,0.03999999999999959
2019-10-03,-0.07261253296370906,0.03000000000000025
2019-10-04,-0.115171386222086,0.0
2019-10-07,0.04700005404718377,-0.010000000000000231
2019-10-08,0.1270716032746293,0.020000000000000018
2019-10-09,-0.08432536946553748,-0.009999999999999787
2019-10-10,-0.05911690705843897,-0.020000000000000018
2019-10-11,-0.12020486175640377,-0.04999999999999982
2019-10-16,0.010286644710275183,0.010000000000000231
2019-10-17,0.008008779610806371,-0.010000000000000231
2019-10-18,0.032813214909448885,0.0
2019-10-21,-0.017699577099401065,-0.020000000000000018
2019-10-22,0.032328887115360416,-0.020000000000000018
2019-10-23,-0.03161485638170314,0.010000000000000231
2019-10-24,-0.02164586677469238,-0.010000000000000231
2019-10-25,-0.08046827840069382,-0.009999999999999787
2019-10-28,0.03571808260207909,0.0
2019-10-29,0.0068415318167165395,-0.010000000000000231
2019-10-30,-0.06818151241607229,0.020000000000000018
2019-10-31,0.06969551724728751,0.010000000000000231
2019-11-01,-0.07213157204516829,-0.020000000000000018
2019-11-04,0.042186916249173034,0.0
2019-11-05,0.020826051579560634,-0.010000000000000231
2019-11-06,-0.0373293730940385,-0.009999999999999787
2019-11-07,0.00867855545624785,-0.010000000000000231
2019-11-08,-0.05323837745987481,-0.020000000000000018
2019-11-13,0.024923408452456997,0.009999999999999787
2019-11-14,0.00383877630716567,0.020000000000000018
2019-11-15,-0.07972347383203848,0.0
2019-11-18,0.03345885342264321,0.010000000000000231
2019-11-19,0.031598205450166006,-0.010000000000000231
2019-11-20,-0.006240269860084524,0.03000000000000025
2019-11-21,0.027018239365316443,-0.010000000000000231
2019-11-22,-0.06205366983746341,-0.009999999999999787
2019-11-25,-0.038831809855665256,-0.010000000000000231
2019-11-26,-0.028194947541622994,-0.020000000000000018
2019-11-27,0.01803397951021468,-0.020000000000000018
2019-12-02,0.1667492716635799,0.029999999999999805
2019-12-03,0.0680534632450156,0.0
2019-12-04,-0.07545841125159347,0.0
2019-12-05,-0.01910017137341935,-0.020000000000000018
2019-12-06,-0.0639877086752838,-0.020000000000000018
2019-12-09,0.1522609154853356,-0.020000000000000018
2019-12-10,-0.01141420128444004,-0.040000000000000036
2019-12-11,-0.04500270280775531,0.03000000000000025
2019-12-12,-0.07262090678212862,-0.020000000000000018
2019-12-13,-0.09868746896997793,0.0
2019-12-16,-0.03956915073104739,-0.020000000000000018
2019-12-17,0.012280137946591108,-0.010000000000000009
2019-12-18,0.023322327694351053,-0.010000000000000009
2019-12-19,-0.006379606964038942,-0.020000000000000018
2019-12-20,0.0007996801705640877,0.0
2019-12-23,0.007961825498008501,0.0
2019-12-24,0.004746844356219526,0.010000000000000009
2019-12-27,0.059833795361616815,-0.010000000000000009
2019-12-30,0.09848660933279474,0.010000000000000009
2019-12-31,-0.07275935428242875,0.010000000000000009
2020-01-03,0.11715912191449895,0.010000000000000009
2020-01-06,-0.012199648973096444,0.030000000000000027
2020-01-07,-0.0043415408281370915,0.009999999999999787
2020-01-08,-0.02496458575736238,0.020000000000000018
2020-01-09,-0.07005557084307368,-0.020000000000000018
2020-01-10,0.0015936258352780008,-0.039999999999999813
2020-01-13,-0.01929320293467862,0.0
2020-01-14,0.005665737535677007,0.0
2020-01-15,0.0024183808642819216,0.019999999999999796
2020-01-16,-0.008084118399958928,-0.009999999999999787
2020-01-17,-0.018018505502678472,-0.020000000000000018
2020-01-22,0.0046583935173223345,0.0
2020-01-23,0.005407506417392849,0.010000000000000009
2020-01-24,0.11486833149259601,0.0
2020-01-27,0.22479054592203163,0.06000000000000005
2020-01-28,-0.11313122811617715,0.0
2020-01-29,0.006734032181344052,0.009999999999999787
2020-01-30,-0.05647673832696132,0.03000000000000025
2020-01-31,0.19578761471943995,0.04999999999999982
2020-02-03,-0.047278568352749684,-0.029999999999999805
2020-02-04,-0.11299485121944253,-0.010000000000000231
2020-02-05,-0.05770831762064654,-0.020000000000000018
2020-02-06,-0.01262055940904716,-0.020000000000000018
2020-02-07,0.033522692038643775,0.0
2020-02-10,-0.028189346063281384,0.010000000000000231
2020-02-11,0.009265453445790328,-0.010000000000000231
2020-02-12,-0.09966748517328083,0.010000000000000231
2020-02-13,0.02940333729504374,-0.010000000000000231
2020-02-14,-0.033779711894842634,-0.009999999999999787
2020-02-19,-0.030813803856940325,0.0
2020-02-20,0.0788651664573452,0.0
2020-02-21,0.09320466961017804,0.040000000000000036
2020-02-24,0.3821669170832589,0.040000000000000036
2020-02-25,0.10675786092961026,0.06000000000000005
2020-02-26,-0.010467520227835259,0.010000000000000231
2020-02-27,0.35129037151685205,0.06999999999999984
2020-02-28,0.023969862119651797,0.10999999999999988
2020-03-02,-0.1824711566147137,0.06000000000000005
2020-03-03,0.09688665263768392,0.040000000000000036
2020-03-04,-0.14061782184350502,-0.009999999999999787
2020-03-05,0.213910687308978,0.04999999999999982
2020-03-06,0.05690598420336901,0.029999999999999805
2020-03-09,0.2612264617718396,0.38000000000000034
2020-03-10,-0.14095619174772622,0.0
2020-03-11,0.13062018241706408,0.06000000000000005
2020-03-12,0.33660474838182575,0.20999999999999996
2020-03-13,-0.2662275541266501,0.09999999999999964
2020-03-16,0.35759100356394846,0.08000000000000007
2020-03-17,-0.08555024770539887,0.11000000000000032
2020-03-18,0.007088504346395297,0.31999999999999984
2020-03-19,-0.05997081335901644,0.19999999999999973
2020-03-20,-0.08640549996412794,0.22000000000000064
2020-03-23,-0.06976109935297536,0.07999999999999918
2020-03-24,0.001298069304449534,-0.11999999999999922
2020-03-25,0.03630393902145013,-0.0600000000000005
2020-03-26,-0.047227663851540314,-0.08999999999999986
2020-03-27,0.07178677909735764,-0.06000000000000005
2020-03-30,-0.13820685066203353,-0.08999999999999986
2020-03-31,-0.0640247545164292,0.040000000000000036
2020-04-01,0.06367430769314764,0.040000000000000036
2020-04-02,-0.11404397787110954,-0.050000000000000266
2020-04-03,-0.08417616499064318,0.0
2020-04-06,-0.03390155167568132,-0.009999999999999787
2020-04-07,0.031762513426931704,-0.1200000000000001
2020-04-08,-0.07443746144830055,-0.040000000000000036
2020-04-09,-0.03952525779218874,-0.14000000000000012
2020-04-14,-0.0864594945045134,-0.050000000000000266
2020-04-15,0.07841165201916489,-0.029999999999999805
2020-04-16,-0.01803631351450319,-0.050000000000000266
2020-04-17,-0.050099922051495493,-0.009999999999999787
2020-04-20,0.13879275670025182,0.009999999999999787
2020-04-21,0.03541383067914161,0.010000000000000231
2020-04-22,-0.07853903071737278,0.009999999999999787
2020-04-23,-0.014395642075089476,-0.040000000000000036
2020-04-24,-0.14122507119197003,-0.009999999999999787
2020-04-27,-0.07631554953849351,-0.009999999999999787
2020-04-28,0.008375759405010008,0.009999999999999787
2020-04-29,-0.07225363969695664,-0.009999999999999787
2020-04-30,0.08938341472181177,-0.010000000000000231
2020-05-01,0.0852773219201799,0.020000000000000018
2020-05-04,-0.03335465022944639,0.029999999999999805
2020-05-05,-0.06786161597051787,0.0
2020-05-06,0.015060080886463822,0.03000000000000025
2020-05-07,-0.08180275506247225,0.029999999999999805
2020-05-08,-0.11659099832367081,0.03000000000000025
2020-05-11,-0.014761744201629678,0.040000000000000036
2020-05-12,0.18099072361707158,-0.010000000000000231
2020-05-13,0.06559728248581331,0.03000000000000025
2020-05-14,-0.07869724133736256,-0.020000000000000018
2020-05-15,-0.022326508779261456,0.0
2020-05-18,-0.08470496499894464,-0.03000000000000025
2020-05-19,0.04112229072376472,-0.08000000000000007
2020-05-20,-0.08686250321942435,-0.05999999999999961
2020-05-21,0.05355939222846917,-0.06000000000000005
2020-05-22,-0.04750416446598971,0.0
2020-05-27,-0.014021441290871017,-0.03000000000000025
2020-05-28,0.03451685835307439,-0.009999999999999787
2020-05-29,-0.03850743139773716,-0.020000000000000018
2020-06-01,0.025835667328914624,0.020000000000000018
2020-06-02,-0.05049193016191689,-0.020000000000000018
2020-06-03,-0.04495995291599053,-0.06000000000000005
2020-06-04,0.005828654543031941,-0.029999999999999805
2020-06-05,-0.05127290266251183,-0.13000000000000034
2020-06-08,0.05127290266251183,-0.04999999999999982
2020-06-09,0.0659662113051831,-0.010000000000000231
2020-06-10,0.0,0.06000000000000005
2020-06-11,0.3917087282937617,0.050000000000000266
2020-06-12,-0.12242113467477012,0.0
2020-06-15,-0.04795925427534442,0.020000000000000018
2020-06-16,-0.021449331206369493,-0.040000000000000036
2020-06-17,-0.005957717949748087,-0.020000000000000018
2020-06-18,-0.015961790473741022,-0.010000000000000231
2020-06-19,0.06408304401742182,0.010000000000000231
2020-06-22,-0.10024832048549115,-0.010000000000000231
2020-06-23,-0.012670426078837949,0.010000000000000231
2020-06-24,0.07579151253543603,0.020000000000000018
2020-06-25,-0.049056156989194744,0.029999999999999805
2020-06-26,0.07501648900715452,0.0
2020-06-29,-0.08876670564741262,0.020000000000000018
2020-06-30,-0.043408197199690246,-0.009999999999999787
2020-07-01,-0.06132318978057505,-0.040000000000000036
2020-07-02,-0.03339564337883605,-0.020000000000000018
2020-07-07,0.05195520841656531,-0.020000000000000018
2020-07-08,-0.046956983087770965,-0.040000000000000036
2020-07-09,0.04116381643436817,-0.040000000000000036
2020-07-10,-0.06970106087173145,0.010000000000000231
2020-07-13,0.16513551059046971,0.0
2020-07-14,-0.08658784557844479,-0.03000000000000025
2020-07-15,-0.06147186409366823,0.0
2020-07-16,0.008608374536600127,-0.020000000000000018
2020-07-17,-0.08649203135344319,-0.009999999999999787
2020-07-20,-0.0486733485627342,-0.020000000000000018
2020-07-21,0.015416126806251373,-0.03000000000000025
2020-07-22,-0.02115619996731155,-0.020000000000000018
2020-07-23,0.06986967996048588,-0.029999999999999805
2020-07-24,-0.009245058144050855,0.0
2020-07-27,-0.04350231195005927,-0.020000000000000018
2020-07-28,0.02790137150757932,0.009999999999999787
2020-07-29,-0.05411089797531199,0.040000000000000036
2020-07-30,0.027017607319786308,-0.009999999999999787
2020-07-31,-0.012190317557369212,0.0
2020-08-03,-0.007386164067729073,0.029999999999999805
2020-08-04,-0.021649471696853162,-0.009999999999999787
2020-08-05,-0.03294415571935394,-0.03000000000000025
2020-08-06,-0.01489948684604725,-0.020000000000000018
2020-08-07,-0.019617214022706886,0.0
2020-08-10,-0.003608483843377641,-0.009999999999999787
2020-08-11,0.08236889568541894,0.029999999999999805
2020-08-12,-0.07561363468929416,-0.040000000000000036
2020-08-13,-0.006755260996124779,0.040000000000000036
2020-08-14,-0.0036215521701032927,0.020000000000000018
2020-08-17,-0.032260862218221664,0.03000000000000025
2020-08-18,0.007466203605005273,0.0
2020-08-19,0.046773565331991396,0.009999999999999787
2020-08-20,0.007954085241320463,0.0
2020-08-21,-0.007954085241320463,-0.009999999999999787
2020-08-24,-0.007570733109591998,-0.010000000000000231
2020-08-25,-0.015315614687786194,0.0
2020-08-26,0.05475981649994832,0.03000000000000025
2020-08-27,0.05028290014037973,0.04999999999999982
2020-08-28,-0.06369430600321424,0.0
2020-08-31,0.13998915485767505,-0.040000000000000036
2020-09-01,-0.011041421900810366,0.0
2020-09-02,0.017081455363491482,-0.029999999999999805
2020-09-03,0.23474330719743675,0.0
2020-09-04,-0.08863607271663199,0.040000000000000036
2020-09-09,-0.08799434853369448,0.020000000000000018
2020-09-10,0.030761140378078977,0.0
2020-09-11,-0.10047326684711644,0.0
2020-09-14,-0.03869982167296149,-0.029999999999999805
2020-09-15,-0.010108950782740767,0.020000000000000018
2020-09-16,0.017432167168670798,-0.010000000000000231
2020-09-17,0.01600034134644135,-0.020000000000000018
2020-09-18,-0.02409755157906046,0.010000000000000231
2020-09-21,0.07277973021844852,0.0
2020-09-22,-0.03367814623110599,0.0
2020-09-23,0.06206898140662975,0.020000000000000018
2020-09-24,-0.002452269577140953,0.020000000000000018
2020-09-25,-0.07764875563541196,0.040000000000000036
2020-09-28,-0.007228488769547958,0.019999999999999574
2020-09-29,0.003049945177827862,-0.019999999999999574
2020-09-30,0.0037993966677469793,0.009999999999999787
2020-10-01,0.012436565041008318,0.0
2020-10-02,0.0342385735291213,0.009999999999999787
2020-10-05,0.011872778430284558,-0.019999999999999574
2020-10-06,0.05293714995552623,-0.040000000000000036
2020-10-07,-0.049366992646821206,-0.010000000000000231
2020-10-08,-0.062497365040008024,-0.009999999999999787
2020-10-09,-0.05297188476610604,-0.010000000000000231
2020-10-14,0.01257878220686015,-0.009999999999999787
2020-10-15,0.021361126999368096,0.009999999999999787
2020-10-16,0.01618277316305594,-0.009999999999999787
2020-10-19,0.06257563277994516,-0.03000000000000025
2020-10-20,0.005809003179465755,0.03000000000000025
2020-10-21,-0.024139103113356875,-0.010000000000000231
2020-10-22,-0.01902805824230791,-0.020000000000000018
2020-10-23,-0.020122849319517133,-0.009999999999999787
2020-10-26,0.1640060264875216,0.0
2020-10-27,0.027049210275187807,0.0
2020-10-28,0.1887972954887287,0.020000000000000018
2020-10-29,-0.06911701027427508,-0.010000000000000231
2020-10-30,0.01137427948419667,0.0
2020-11-02,-0.02368706887129468,-0.009999999999999787
2020-11-03,-0.04348511193973881,-0.020000000000000018
2020-11-04,-0.18417982238486408,0.0
2020-11-05,-0.06966946149923015,-0.06000000000000005
2020-11-06,-0.10383078628259046,-0.010000000000000231
2020-11-09,0.035174541027179984,-0.03999999999999959
2020-11-10,-0.0375909739388085,-0.03000000000000025
2020-11-13,-0.0929461125094444,-0.010000000000000231
2020-11-16,-0.028542003339484534,-0.020000000000000018
2020-11-17,0.011514741929203876,0.0
2020-11-18,0.04855948607968186,-0.029999999999999805
2020-11-19,-0.03109941791085946,-0.040000000000000036
2020-11-20,0.02520962385479608,0.0
2020-11-23,-0.04487379254122548,-0.020000000000000018
2020-11-24,-0.04605780162157913,-0.020000000000000018
2020-11-25,-0.01818655860785512,0.009999999999999787
2020-11-30,-0.013040513220300642,-0.029999999999999805
2020-12-01,0.00967593422315538,-0.010000000000000231
2020-12-02,0.019075447258752654,-0.03999999999999959
2020-12-03,0.005182579326669767,-0.010000000000000231
2020-12-04,-0.023295562603522058,0.0
2020-12-07,0.024234970845458115,-0.009999999999999787
2020-12-08,-0.029540023075151023,0.0
2020-12-09,0.07407343162904789,0.020000000000000018
2020-12-10,0.01116332200221315,-0.020000000000000018
2020-12-11,0.034478649776175985,0.009999999999999787
2020-12-14,0.058730179541824246,0.010000000000000231
2020-12-15,-0.07691249862501426,0.019999999999999574
2020-12-16,-0.017184824754101324,-0.009999999999999787
2020-12-17,-0.025659746780577475,-0.020000000000000018
2020-12-18,-0.016552102028731586,0.010000000000000231
2020-12-21,0.15395197143117478,-0.010000000000000231
2020-12-22,-0.03766389700380568,-0.009999999999999787
2020-12-23,-0.038709081780768706,0.020000000000000018
2020-12-24,-0.07943514167139387,-0.010000000000000231
2020-12-29,0.06165418109348497,0.0
2020-12-30,-0.01352256156425069,-0.020000000000000018
2020-12-31,-0.0008787346786887085,-0.020000000000000018
2021-01-05,-0.062340962258645494,0.040000000000000036
2021-01-06,-0.01071226272279091,0.040000000000000036
2021-01-07,-0.11395113666816403,-0.040000000000000036
2021-01-08,-0.036881029461242054,-0.040000000000000036
2021-01-11,0.1105418743998241,-0.040000000000000036
2021-01-12,-0.03164153440728157,0.010000000000000231
2021-01-13,-0.04919744812700255,-0.03000000000000025
2021-01-14,0.045762494127029374,-0.009999999999999787
2021-01-15,0.045815955526015806,0.009999999999999787
2021-01-20,-0.07410797215372167,0.0
2021-01-21,-0.012121360532344916,0.010000000000000231
2021-01-22,0.027297554309731353,0.020000000000000018
2021-01-25,0.05677799766006553,0.009999999999999787
2021-01-26,-0.007357747973704143,0.010000000000000231
2021-01-27,0.48021413906479493,0.0
2021-01-28,-0.20840454695995092,0.009999999999999787
2021-01-29,0.09105812653494061,0.0
2021-02-01,-0.09006557062218867,0.020000000000000018
2021-02-02,-0.16813692180199835,-0.009999999999999787
2021-02-03,-0.10945513304392973,-0.010000000000000231
2021-02-04,-0.05104062121894826,0.020000000000000018
2021-02-05,-0.04222015415734681,-0.009999999999999787
2021-02-08,0.017573475284628604,-0.040000000000000036
2021-02-09,0.018195043591229698,0.009999999999999787
2021-02-10,0.01650656460170241,0.010000000000000231
2021-02-11,-0.03423090919624405,0.020000000000000018
2021-02-12,-0.06212574794270198,0.009999999999999787
2021-02-17,0.0018621979310644576,-0.020000000000000018
2021-02-18,0.04501783083760724,0.0
2021-02-19,-0.019758164078369056,0.010000000000000231
2021-02-22,0.06155789299943315,0.020000000000000018
2021-02-23,-0.014605070605998804,0.040000000000000036
2021-02-24,-0.07968217841268244,0.020000000000000018
2021-02-25,0.3029122686045369,-0.10000000000000009
2021-02-26,-0.03307831487703572,0.0
2021-03-01,-0.17982021548620208,0.009999999999999787
2021-03-02,0.03161485638170314,0.020000000000000018
2021-03-03,0.10132749769731353,-0.009999999999999787
2021-03-04,0.06881787804875872,-0.010000000000000231
2021-03-05,-0.14717471850648334,0.0
2021-03-08,0.032318791255167234,0.010000000000000231
2021-03-09,-0.05819823924298806,0.020000000000000018
2021-03-10,-0.06312462311851919,0.009999999999999787
2021-03-11,-0.029235273022483188,0.010000000000000231
2021-03-12,-0.05729266184992321,0.009999999999999787
2021-03-15,-0.032419342079724967,-0.009999999999999787
2021-03-16,-0.012054390063252374,0.009999999999999787
2021-03-17,-0.02870520001378596,0.040000000000000036
2021-03-18,0.11529540022930007,-0.06000000000000005
2021-03-19,-0.029628313461842026,-0.06999999999999984
2021-03-22,-0.10403548565079213,-0.020000000000000018
2021-03-23,0.07251772533038725,0.029999999999999805
2021-03-24,0.04338029563022516,-0.009999999999999787
2021-03-25,-0.0678143209675075,0.009999999999999787
2021-03-26,-0.049143583505148136,-0.020000000000000018
2021-03-29,0.0950209255960699,-0.009999999999999787
2021-03-30,-0.05602456259312616,-0.040000000000000036
2021-03-31,-0.01076657413897264,-0.010000000000000231
2021-04-01,-0.11283396234176779,-0.04999999999999982
2021-04-06,0.011657084542212814,0.020000000000000018
2021-04-07,-0.05443520655501688,0.010000000000000009
2021-04-08,-0.012313260233357326,0.020000000000000018
2021-04-09,-0.015458096152715317,-0.020000000000000018
2021-04-12,0.013095425236745228,-0.010000000000000009
2021-04-13,-0.015494946484036376,0.020000000000000018
2021-04-14,0.020214719257388047,0.010000000000000009
2021-04-15,-0.02503110424536903,-0.030000000000000027
2021-04-16,-0.019500922662725184,0.020000000000000018
2021-04-19,0.06203539091945265,0.020000000000000018
2021-04-20,0.07732513310549738,0.010000000000000009
2021-04-21,-0.06525255187122792,0.009999999999999787
2021-04-22,0.06685725935652975,-0.019999999999999796
2021-04-23,-0.07661903655848379,0.0
2021-04-26,0.01772994685113094,-0.010000000000000009
2021-04-27,-0.004545462371674969,-0.010000000000000009
2021-04-28,-0.01607382483106079,0.010000000000000009
2021-04-29,0.01891715913220482,-0.010000000000000009
2021-04-30,0.055232148146044935,-0.010000000000000009
2021-05-03,-0.016251711967740334,0.0
2021-05-04,0.061940939527969974,0.010000000000000009
2021-05-05,-0.017085582587734294,0.010000000000000009
2021-05-06,-0.040495677010425,-0.020000000000000018
2021-05-07,-0.09699730094248604,0.010000000000000009
2021-05-10,0.1637763770452767,0.010000000000000009
2021-05-11,0.10515703615768368,0.029999999999999805
2021-05-12,0.2337102373524904,0.010000000000000231
2021-05-13,-0.1763229119858467,0.020000000000000018
2021-05-14,-0.2067418329304087,-0.010000000000000231
2021-05-17,0.04724470586155016,-0.009999999999999787
2021-05-18,0.07894989669911778,0.009999999999999787
2021-05-19,0.038607736048613894,-0.009999999999999787
2021-05-20,-0.07050760822854407,0.0
2021-05-21,-0.025479085300985194,-0.010000000000000231
2021-05-24,-0.09085362377775175,-0.009999999999999787
2021-05-25,0.023631604533277173,0.009999999999999787
2021-05-26,-0.08181355991601302,-0.029999999999999805
2021-05-27,-0.036367644170875124,0.0
2021-05-28,0.0011940299926078701,0.010000000000000009
2021-06-02,-0.02374334261931965,0.010000000000000009
2021-06-03,0.03153414440708824,-0.020000000000000018
2021-06-04,-0.09409141061019533,0.020000000000000018
2021-06-07,0.0,0.0
2021-06-08,0.03882243278206676,0.0
2021-06-09,0.046919360714278824,-0.020000000000000018
2021-06-10,-0.10542262553021065,0.040000000000000036
2021-06-11,-0.028348355004255144,-0.030000000000000027
2021-06-14,0.04620047576957642,-0.010000000000000009
2021-06-15,0.03771773038948956,0.0
2021-06-16,0.06428143756563154,-0.050000000000000044
2021-06-17,-0.022285044789434938,-0.06999999999999984
2021-06-18,0.15374818434989868,0.010000000000000009
2021-06-21,-0.14589180275069547,0.029999999999999805
2021-06-22,-0.0712312607819312,0.020000000000000018
2021-06-23,-0.02061928720273576,-0.010000000000000009
2021-06-24,-0.021679387309039733,-0.010000000000000009
2021-06-25,-0.022159817815381455,0.020000000000000018
2021-06-28,0.00892294001819316,-0.020000000000000018
2021-06-29,0.016362857210480364,-0.009999999999999787
2021-06-30,-0.011931067747292357,0.0
2021-07-01,-0.022358005731339947,-0.010000000000000009
2021-07-02,-0.026842855523177,0.010000000000000009
2021-07-07,-0.01470614738969589,-0.010000000000000009
2021-07-08,0.15942773692810208,0.020000000000000018
2021-07-09,-0.1606630675360945,0.0
2021-07-12,-0.0006182380413299882,0.0
2021-07-13,0.05708969712458023,0.0
2021-07-14,-0.047243463731222235,0.0
2021-07-15,0.040797499425396566,0.010000000000000009
2021-07-16,0.08126296407876588,0.010000000000000009
2021-07-19,0.198450938723838,0.040000000000000036
2021-07-20,-0.13137498917585022,0.010000000000000009
2021-07-21,-0.09678110396190354,-0.020000000000000018
2021-07-22,-0.012359707900926331,-0.010000000000000009
2021-07-23,-0.02809012435228686,-0.020000000000000018
2021-07-26,0.02185250843762354,0.010000000000000009
2021-07-27,0.0964471895914003,0.010000000000000009
2021-07-28,-0.055761723162012,0.010000000000000009
2021-07-29,-0.03388271910663576,-0.020000000000000018
2021-07-30,0.030052345066402086,0.010000000000000009
2021-08-02,0.06474409211167353,0.0
2021-08-03,-0.07576956212338137,0.020000000000000018
2021-08-04,-0.003887813839010157,-0.010000000000000009
2021-08-05,-0.03915393741955775,-0.010000000000000009
2021-08-06,-0.06762971370724413,-0.010000000000000009
2021-08-09,0.03468555798788975,0.010000000000000009
2021-08-10,0.004177863432893947,0.0
2021-08-11,-0.04445176257083361,0.040000000000000036
2021-08-12,-0.029702025448930414,0.0
2021-08-13,-0.00902067972593068,-0.010000000000000009
2021-08-16,0.04245173373472788,-0.010000000000000009
2021-08-17,0.10529847899413802,0.010000000000000009
2021-08-18,0.1859442443284447,-0.010000000000000009
2021-08-19,0.004625355147202637,0.010000000000000009
2021-08-20,-0.15492008819021352,-0.020000000000000018
2021-08-23,-0.07901055374610566,0.010000000000000009
2021-08-24,0.00407332538763594,-0.020000000000000018
2021-08-25,-0.02528802791013529,-0.020000000000000018
2021-08-26,0.11519879805876787,-0.010000000000000009
2021-08-27,-0.13931087639247863,0.0
2021-08-30,-0.012277625066194453,0.0
2021-08-31,0.017753756791781594,0.020000000000000018
2021-09-01,-0.022707327292442514,-0.020000000000000018
2021-09-02,0.018450707913116204,0.0
2021-09-03,0.0,-0.010000000000000009
2021-09-08,-0.009972381812937137,0.0
2021-09-09,0.04570980696185023,-0.010000000000000009
2021-09-10,0.1082817765322428,-0.020000000000000018
2021-09-13,-0.078413168949242,-0.009999999999999787
2021-09-14,0.00463559933895441,0.0
2021-09-15,-0.06803898800852615,-0.020000000000000018
2021-09-16,0.027666532718138903,-0.010000000000000009
2021-09-17,0.10744501893807135,-0.010000000000000009
2021-09-20,0.2114463808722551,0.010000000000000009
2021-09-21,-0.05393757843610203,-0.010000000000000009
2021-09-22,-0.15462972175258693,0.0
2021-09-23,-0.11353953647561221,-0.020000000000000018
2021-09-24,-0.04838766869207234,-0.010000000000000009
2021-09-27,0.05534142765665395,-0.020000000000000018
2021-09-28,0.21457818845528687,0.020000000000000018
2021-09-29,-0.03012670540350726,0.010000000000000009
2021-09-30,0.025384295135672197,0.040000000000000036
2021-10-01,-0.08992281627324372,0.0
2021-10-04,0.0821136659590791,0.0
2021-10-05,-0.07504649873598623,-0.010000000000000009
2021-10-06,-0.014184634991956546,0.0
2021-10-07,-0.07205879110878621,0.010000000000000009
2021-10-08,-0.04020379601621915,-0.010000000000000009
2021-10-13,-0.06289419787575445,-0.030000000000000027
2021-10-14,-0.10036585668373554,0.020000000000000018
2021-10-15,-0.03377884476099258,-0.050000000000000044
2021-10-18,0.0006133088202053827,-0.040000000000000036
2021-10-19,-0.038117704278660014,0.0
2021-10-20,-0.013466057925485053,0.030000000000000027
2021-10-21,-0.031478008783406786,-0.010000000000000009
2021-10-22,0.02759702072969894,-0.020000000000000018
2021-10-25,-0.01239011611656915,0.010000000000000009
2021-10-26,0.04741439007962844,-0.020000000000000018
2021-10-27,0.06069824054507267,-0.020000000000000018
2021-10-28,-0.026859269050268253,0.0
2021-10-29,-0.01646880771326842,0.0
2021-11-01,0.009182800982334705,0.0
2021-11-02,-0.02342893848053773,0.020000000000000018
2021-11-03,-0.059767222800582775,-0.010000000000000009
2021-11-04,0.02226680077575116,0.030000000000000027
2021-11-05,0.06518597988469566,0.0
2021-11-08,0.04392397451825891,-0.06000000000000005
2021-11-09,0.03200273108617413,0.0
2021-11-10,0.0520522863702384,-0.010000000000000009
2021-11-15,0.01220271395755379,0.010000000000000009
2021-11-16,-0.007303745188464106,0.020000000000000018
2021-11-17,0.044212696521058525,0.020000000000000018
2021-11-18,0.027667470845364583,-0.010000000000000009
2021-11-19,0.01802865732315384,0.0
2021-11-22,0.06798734098493275,-0.020000000000000018
2021-11-23,0.010895049405066803,0.020000000000000018
2021-11-24,-0.04215587307692781,-0.010000000000000009
2021-11-29,-0.2203522026769389,-0.010000000000000009
2021-11-30,0.1690956871930136,0.0
2021-12-01,0.13500144066581132,0.0
2021-12-02,-0.10743349970908245,-0.010000000000000009
2021-12-03,0.09286777852505201,0.010000000000000009
2021-12-06,-0.12080356940316284,-0.020000000000000018
2021-12-07,-0.21645149718822587,-0.040000000000000036
2021-12-08,-0.09531017980432477,0.040000000000000036
2021-12-09,0.08104722809954179,0.020000000000000018
2021-12-10,-0.14377833836251686,0.020000000000000018
2021-12-13,0.08312475412482145,-0.010000000000000009
2021-12-14,0.07491653594247838,0.0
2021-12-15,-0.12644308461713383,0.010000000000000009
2021-12-16,0.06424687674722795,0.040000000000000036
2021-12-17,0.047469756736199464,0.0
2021-12-20,0.05852254763362463,0.019999999999999796
2021-12-21,-0.0848274931777806,-0.010000000000000009
2021-12-22,-0.1202253302434122,-0.019999999999999796
2021-12-23,-0.03662612173944346,0.0
2021-12-28,-0.00795007026546024,0.0
2021-12-29,-0.034216153117577974,-0.010000000000000009
2021-12-30,0.022171269901055446,0.0
2022-01-04,0.01850246754799123,0.020000000000000018
2022-01-05,0.15423515712403502,-0.040000000000000036
2022-01-06,-0.006100679826269051,-0.020000000000000018
2022-01-07,-0.04431269663017634,0.0
2022-01-10,0.0335461224912037,-0.020000000000000018
2022-01-11,-0.05237907082429594,0.0
2022-01-12,-0.043859374736952894,0.010000000000000009
2022-01-13,0.1420787550842597,0.030000000000000027
2022-01-14,-0.05672406557268461,-0.010000000000000009
2022-01-19,0.04546237407675724,-0.010000000000000009
2022-01-20,0.07041743283734725,0.020000000000000018
2022-01-21,0.11990834278241103,0.050000000000000044
2022-01-24,0.035748487442532006,0.04999999999999982
2022-01-25,0.041276740605907136,0.020000000000000018
2022-01-26,0.025349899895526384,-0.06999999999999984
2022-01-27,-0.04708635989791077,0.020000000000000018
2022-01-28,-0.09741143476355107,0.04999999999999982
2022-01-31,-0.10793472671653692,0.020000000000000018
2022-02-01,-0.12282998287874536,-0.010000000000000009
2022-02-02,0.0059024007906960385,-0.010000000000000009
2022-02-03,0.09740683209657286,0.010000000000000009
2022-02-04,-0.04751787325885326,0.0
2022-02-07,-0.015625317903081193,0.010000000000000009
2022-02-08,-0.064130322164063,-0.020000000000000018
2022-02-09,-0.07152806531928357,0.010000000000000009
2022-02-10,0.18056651058691564,-0.010000000000000009
2022-02-11,0.1347853112841162,0.09000000000000008
2022-02-14,0.03483922108807569,0.0
2022-02-15,-0.09743032194125112,-0.010000000000000009
2022-02-16,-0.056426248887093244,0.05999999999999983
2022-02-17,0.14606064190435974,0.07000000000000028
2022-02-18,-0.012889544725997126,0.009999999999999787
2022-02-23,0.0739096086519555,-0.029999999999999805
2022-02-24,-0.022824596974221567,0.14000000000000012
2022-02-25,-0.09435417254497658,-0.040000000000000036
2022-02-28,0.08873153494399988,0.13999999999999968
2022-03-01,0.09997289412544763,-0.08999999999999986
2022-03-02,-0.08059307918819236,-0.009999999999999787
2022-03-03,-0.008494007292004113,0.0
2022-03-04,0.0480399765873627,0.06999999999999984
2022-03-07,0.1308307510488591,0.009999999999999787
2022-03-08,-0.03688599217693156,0.03000000000000025
2022-03-09,-0.07935502312763676,-0.03000000000000025
2022-03-10,-0.07086563435873217,0.06000000000000005
2022-03-11,0.017055185461159805,-0.029999999999999805
2022-03-14,0.03263245402889803,-0.020000000000000018
2022-03-15,-0.0630078497547677,0.029999999999999805
2022-03-16,-0.1119752603327342,-0.1299999999999999
2022-03-17,-0.03821634331087376,-0.06000000000000005
2022-03-18,-0.0727005545323105,-0.029999999999999805
2022-03-21,-0.014346237611467583,-0.07000000000000028
2022-03-22,-0.02539409103804635,-0.020000000000000018
2022-03-23,0.027092605246815005,-0.020000000000000018
2022-03-24,-0.08404590139977186,-0.020000000000000018
2022-03-25,-0.040495175142724715,-0.04999999999999982
2022-03-28,-0.05837463211717342,-0.020000000000000018
2022-03-29,-0.03789708622277299,-0.030000000000000027
2022-03-30,0.02249637115464287,0.020000000000000018
2022-03-31,0.06168914736672493,0.0
2022-04-01,-0.046288432298594806,-0.11999999999999988
2022-04-04,-0.05551163292375527,0.0
2022-04-05,0.12440261434999389,-0.040000000000000036
2022-04-06,0.04962761880909872,0.0
2022-04-07,-0.025201791973950005,0.010000000000000009
2022-04-08,-0.01826320955965821,0.0
2022-04-11,0.14124026064701622,0.040000000000000036
2022-04-12,-0.0045239641212107,0.09999999999999987
2022-04-13,-0.10600192311097967,0.020000000000000018
2022-04-14,0.039537944082432386,-0.010000000000000009
2022-04-19,-0.036751954297163714,-0.030000000000000027
2022-04-20,-0.0503824466207754,0.0
2022-04-21,0.10987785614927015,0.020000000000000018
2022-04-22,0.21819304615435398,0.030000000000000027
2022-04-25,-0.043099192481852455,0.06999999999999984
2022-04-26,0.2155649430818296,0.03000000000000025
2022-04-27,-0.05898515502101587,-0.010000000000000231
2022-04-28,-0.05229312783194873,0.010000000000000231
2022-04-29,0.10769190722173683,-0.010000000000000231
2022-05-02,-0.03225104583369376,0.03000000000000025
2022-05-03,-0.10042528047109522,-0.03000000000000025
2022-05-04,-0.14034330791655725,0.03000000000000025
2022-05-05,0.20488182905412833,0.020000000000000018
2022-05-06,-0.0329073510966893,-0.010000000000000231
2022-05-09,0.14066882829205385,0.08000000000000007
2022-05-10,-0.05197508677031104,-0.009999999999999787
2022-05-11,-0.013119944106150694,0.009999999999999787
2022-05-12,-0.024562092852914663,0.03000000000000025
2022-05-13,-0.09571945460658116,0.040000000000000036
2022-05-16,-0.04970849356766127,0.04999999999999982
2022-05-17,-0.05115918577853451,-0.020000000000000018
2022-05-18,0.17076073439287853,0.040000000000000036
2022-05-19,-0.05340350244742087,0.06000000000000005
2022-05-20,0.0027220159712757486,-0.010000000000000231
2022-05-23,-0.03281247570160639,-0.029999999999999805
2022-05-24,0.033491823553820854,0.009999999999999787
2022-05-25,-0.03736166127683571,-0.04999999999999982
2022-05-26,-0.031146244148234192,-0.040000000000000036
2022-05-27,-0.06691710530310724,0.009999999999999787
2022-06-01,-0.019275847397828283,-0.10000000000000009
2022-06-02,-0.03848917853230249,0.020000000000000018
2022-06-03,0.0028277134576093488,-0.010000000000000231
2022-06-06,0.011231566123103054,-0.009999999999999787
2022-06-07,-0.042785095518364624,-0.010000000000000231
2022-06-08,-0.0025010434045888985,0.0
2022-06-09,0.08516632590138817,0.0
2022-06-10,0.061683741043806695,-0.029999999999999805
2022-06-13,0.20371274677527218,-0.06000000000000005
2022-06-14,-0.0398793662315966,0.010000000000000009
2022-06-15,-0.0986194118964665,0.1100000000000001
2022-06-16,0.10654145210886368,0.029999999999999805
2022-06-17,-0.05681927649499974,0.0
2022-06-22,-0.041940539699742985,0.040000000000000036
2022-06-23,0.003448279278916111,0.03000000000000025
2022-06-24,-0.064699176612252,0.020000000000000018
2022-06-27,-0.010336009330662144,-0.03000000000000025
2022-06-28,0.050996404308920606,0.03000000000000025
2022-06-29,-0.007077170374085284,0.020000000000000018
2022-06-30,0.019342962843130973,0.06999999999999984
2022-07-01,-0.07258192872676883,0.10999999999999988
2022-07-06,-0.029852963149681333,-0.020000000000000018
2022-07-07,-0.02461779309237544,-0.06000000000000005
2022-07-08,-0.05679759839313325,-0.020000000000000018
2022-07-11,0.06024257787673548,0.009999999999999787
2022-07-12,0.041906618178192634,-0.009999999999999787
2022-07-13,-0.017372456866714625,0.009999999999999787
2022-07-14,-0.015783867701261833,-0.009999999999999787
2022-07-15,-0.08577247532383625,-0.010000000000000231
2022-07-18,0.043212860905040174,-0.020000000000000018
2022-07-19,-0.03213127818279293,-0.020000000000000018
2022-07-20,-0.02563182902628025,-0.05999999999999961
2022-07-21,-0.03277586423811174,0.029999999999999805
2022-07-22,-0.0034677104536955383,0.04999999999999982
2022-07-25,0.014227444127432154,0.03000000000000025
2022-07-26,0.05537314539706184,-0.020000000000000018
2022-07-27,-0.06052337137337771,0.009999999999999787
2022-07-28,-0.0399438661316438,0.1200000000000001
2022-07-29,-0.0458165333688072,-0.06000000000000005
2022-08-01,0.06839885230455023,0.020000000000000018
2022-08-02,0.04661951713247259,-0.08999999999999986
2022-08-03,-0.08636576239910188,0.0
2022-08-04,-0.023508803318578853,0.029999999999999805
2022-08-05,-0.013618430710314655,-0.029999999999999805
2022-08-08,0.006597573413101188,-0.03000000000000025
2022-08-09,0.02229539634106814,0.0
2022-08-10,-0.09788584124112054,0.03000000000000025
2022-08-11,0.02303557040182369,0.0
2022-08-12,-0.03373085951857169,-0.020000000000000018
2022-08-15,0.021277398447284934,0.0
2022-08-16,-0.013118250684838184,0.0
2022-08-17,0.010608839079412569,-0.029999999999999805
2022-08-18,-0.01723306712377548,0.0
2022-08-19,0.05180441118886403,0.009999999999999787
2022-08-22,0.14439450488189376,-0.009999999999999787
2022-08-23,0.012941111515650583,0.0
2022-08-24,-0.05498934775915032,-0.010000000000000231
2022-08-25,-0.04664522692911488,-0.020000000000000018
2022-08-26,0.16003651200451952,-0.020000000000000018
2022-08-29,0.02511238782598113,0.0
2022-08-30,0.0,-0.020000000000000018
2022-08-31,-0.0130570211373775,0.010000000000000231
2022-09-01,-0.01205536668860363,0.040000000000000036
2022-09-02,-0.003527340517968547,0.020000000000000018
2022-09-07,-0.08812682607349576,-0.029999999999999805
2022-09-08,-0.042700787567897525,0.009999999999999787
2022-09-09,-0.03534850783982835,-0.04999999999999982
2022-09-12,0.0463005970931456,0.0
2022-09-13,0.1331647565067584,-0.020000000000000018
2022-09-14,-0.041555670268499156,-0.03000000000000025
2022-09-15,0.004196077108450602,-0.029999999999999805
2022-09-16,0.0011413354862703784,0.06000000000000005
2022-09-19,-0.02074603794756591,-0.03000000000000025
2022-09-20,0.05292240145434235,-0.020000000000000018
2022-09-21,0.03010200083686687,-0.009999999999999787
2022-09-22,-0.023130774659371856,-0.040000000000000036
2022-09-23,0.08981062423828634,0.009999999999999787
2022-09-26,0.07530091959078611,-0.08000000000000007
2022-09-27,0.010484215675599096,0.07000000000000028
2022-09-28,-0.07713283503295898,0.16999999999999993
2022-09-29,0.053543907636479204,0.020000000000000018
2022-09-30,-0.006933529194856014,-0.029999999999999805
2022-10-03,-0.0492646600264961,0.04999999999999982
2022-10-04,-0.034818457184045304,-0.020000000000000018
2022-10-05,-0.01804977846876543,-0.04999999999999982
2022-10-06,0.06672527031423714,-0.06000000000000005
2022-10-07,0.027150989065950704,0.009999999999999787
2022-10-12,-0.0017857147602344803,0.040000000000000036
2022-10-13,-0.049773668205077115,0.009999999999999787
2022-10-14,0.002501564781701937,0.0
2022-10-17,-0.020508685365981716,0.0
2022-10-18,-0.02812533858922084,0.0
2022-10-19,0.00848846102407741,-0.029999999999999805
2022-10-20,-0.025684651962991634,-0.009999999999999787
2022-10-21,-0.009720203898783364,0.11999999999999966
2022-10-24,0.005374551062942601,-0.020000000000000018
2022-10-25,-0.0476852471769047,0.03000000000000025
2022-10-26,-0.04234575968644494,-0.040000000000000036
2022-10-27,0.00402415029972536,0.009999999999999787
2022-10-28,-0.061743356165241625,-0.040000000000000036
2022-10-31,0.005035842522954859,-0.020000000000000018
2022-11-01,-0.002708455902177498,-0.05999999999999961
2022-11-02,0.001935359613189025,-0.040000000000000036
2022-11-03,-0.021892977610237008,0.009999999999999787
2022-11-04,-0.030092541492944935,0.03000000000000025
2022-11-07,-0.0081800047119307,0.0
2022-11-08,0.0477140010757946,0.009999999999999787
2022-11-09,0.021306248544243456,0.10000000000000009
2022-11-10,-0.10327589640936585,0.029999999999999805
2022-11-15,0.03356436883509328,-0.040000000000000036
2022-11-16,-0.017677747089685614,0.010000000000000231
2022-11-17,-0.007493790272797618,-0.06000000000000005
2022-11-18,-0.03443485811610536,-0.050000000000000266
2022-11-21,-0.03342439551727816,-0.04999999999999982
2022-11-22,-0.049036169381510675,-0.010000000000000231
2022-11-23,-0.04515656701678372,-0.04999999999999982
2022-11-28,0.08011775176197355,-0.010000000000000231
2022-11-29,-0.014512726371564533,0.010000000000000231
2022-11-30,-0.06171018112886806,0.08999999999999986
2022-12-01,-0.036619628549176664,-0.06000000000000005
2022-12-02,-0.040108203630671024,-0.06000000000000005
2022-12-05,0.08495434845065164,-0.039999999999999813
2022-12-06,0.06619377695151263,-0.020000000000000018
2022-12-07,0.022743455231331033,-0.020000000000000018
2022-12-08,-0.01734533146177375,-0.040000000000000036
2022-12-09,0.023937313143926886,-0.010000000000000009
2022-12-12,0.0908003643264963,-0.020000000000000018
2022-12-13,-0.10314075891951324,0.030000000000000027
2022-12-14,-0.06456808550659554,0.040000000000000036
2022-12-15,0.07690848009961249,0.020000000000000018
2022-12-16,-0.009240989853729786,0.010000000000000009
2022-12-19,-0.008881053043960474,0.0
2022-12-20,-0.042831148003350084,0.010000000000000009
2022-12-21,-0.06789610683241731,0.019999999999999796
2022-12-22,0.09045172358827225,-0.019999999999999796
2022-12-23,-0.051365165307409644,0.010000000000000009
2022-12-28,0.02238047283199185,-0.010000000000000231
2022-12-29,-0.03212759107788932,0.0
2022-12-30,0.01067047934566645,-0.019999999999999796
2023-01-04,-0.03964001502182368,0.040000000000000036
2023-01-05,0.020239053771926585,-0.040000000000000036
2023-01-06,-0.061042117682331476,0.040000000000000036
2023-01-09,0.03898405476855338,-0.04999999999999982
2023-01-10,-0.06535815599061534,0.0
2023-01-11,0.02447926408477974,-0.030000000000000027
2023-01-12,-0.1133476518216221,-0.020000000000000018
2023-01-13,-0.025821768168481807,-0.020000000000000018
2023-01-18,0.04938030877198285,0.050000000000000044
2023-01-19,0.008810629682154847,0.030000000000000027
2023-01-20,-0.033196013169369376,-0.010000000000000009
2023-01-23,-0.0020171464227400904,-0.020000000000000018
2023-01-24,-0.031276581676723314,-0.020000000000000018
2023-01-25,-0.006269613013595521,0.020000000000000018
2023-01-26,-0.018514149564143434,-0.050000000000000044
2023-01-27,-0.011815389870590831,-0.030000000000000027
2023-01-30,0.07441663794828601,-0.009999999999999787
2023-01-31,-0.027454698464409955,0.029999999999999805
2023-02-01,-0.08214973689794558,0.010000000000000009
2023-02-02,0.04700318728466035,-0.030000000000000027
2023-02-03,-0.021587454604383716,-0.04999999999999982
2023-02-06,0.05827920153773514,-0.06000000000000005
2023-02-07,-0.040436067970150535,0.010000000000000009
2023-02-08,0.050676812869171695,0.050000000000000044
2023-02-09,0.05355766711912313,0.010000000000000009
2023-02-10,-0.008729444376650353,0.010000000000000009
2023-02-13,-0.00929784041042847,-0.010000000000000009
2023-02-14,-0.07289850795004771,-0.030000000000000027
2023-02-15,-0.03662229397979466,0.010000000000000009
2023-02-16,0.10112776327554895,0.020000000000000018
2023-02-17,-0.0074645780790461025,0.04999999999999982
2023-02-22,-0.02568786063691242,-0.020000000000000018
2023-02-23,-0.0529711669556856,0.010000000000000009
2023-02-24,0.024761835106176022,0.0
2023-02-27,-0.03379016918012123,0.010000000000000009
2023-02-28,-0.012004946096823232,0.029999999999999805
2023-03-01,-0.005813969865419821,-0.05999999999999983
2023-03-02,-0.04930049844945428,-0.020000000000000018
2023-03-03,-0.05778918655741583,-0.030000000000000027
2023-03-06,0.0064690252551260485,0.0
2023-03-07,0.05132016130228978,0.0
2023-03-08,-0.02480747370426739,0.0
2023-03-09,0.16818052803769667,0.06000000000000005
2023-03-10,0.09245136688105804,0.10999999999999988
2023-03-13,0.06705551214672534,0.18000000000000016
2023-03-14,-0.11115909486998987,-0.03000000000000025
2023-03-15,0.09672663774840373,0.11000000000000032
2023-03-16,-0.12840736942098552,-0.06000000000000005
2023-03-17,0.10401119337862985,0.04999999999999982
2023-03-20,-0.05478615205513826,-0.020000000000000018
2023-03-21,-0.12182847450168266,-0.08000000000000007
2023-03-22,0.04033544025049984,0.050000000000000266
2023-03-23,0.015600940442479505,0.09999999999999964
2023-03-24,-0.03923840459681527,-0.019999999999999574
2023-03-27,-0.0538628058975279,-0.050000000000000266
2023-03-28,-0.031059928367811462,0.0
2023-03-29,-0.043496239804468484,-0.040000000000000036
2023-03-30,-0.005243850506011061,-0.040000000000000036
2023-03-31,-0.016967533256703415,0.0
2023-04-03,-0.008053734807096813,0.0
2023-04-04,0.02396919011299614,-0.009999999999999787
2023-04-05,0.004201686853700259,0.040000000000000036
2023-04-06,-0.036290001405200556,-0.03000000000000025
2023-04-11,0.006829551105661746,-0.040000000000000036
2023-04-12,-0.0005236973149282953,0.03000000000000025
2023-04-13,-0.06996618043961655,-0.010000000000000231
2023-04-14,-0.04187592049169053,-0.020000000000000018
2023-04-17,-0.007054702979889971,-0.029999999999999805
2023-04-18,-0.007104825623744482,-0.010000000000000231
2023-04-19,-0.022229812953790784,0.0
2023-04-20,0.04223047966046023,0.040000000000000036
2023-04-21,-0.023572099074266717,-0.009999999999999787
2023-04-24,0.007130154984591464,0.0
2023-04-25,0.10500521275836983,0.04999999999999982
2023-04-26,0.004255325570138524,0.020000000000000018
2023-04-27,-0.10100577447362014,-0.040000000000000036
2023-04-28,-0.07623317925686868,0.010000000000000231
2023-05-01,0.018832948333091792,-0.020000000000000018
2023-05-02,0.10049796633493857,0.10000000000000009
2023-05-03,0.031010236742559982,0.040000000000000036
2023-05-04,0.09113771199852438,0.040000000000000036
2023-05-05,-0.15589435943208496,-0.040000000000000036
2023-05-08,-0.01229163851155679,0.0
2023-05-09,0.042093270911541136,0.009999999999999787
2023-05-10,-0.04445176257083405,0.04999999999999982
2023-05-11,-0.0005904930788642737,-0.009999999999999787
2023-05-12,0.005889298529552889,-0.040000000000000036
2023-05-15,0.005270876038999006,0.06000000000000005
2023-05-16,0.04956867724884573,0.009999999999999787
2023-05-17,-0.06427915140456486,-0.020000000000000018
2023-05-18,-0.04982804698185195,-0.05999999999999961
2023-05-19,0.04626509784449917,-0.020000000000000018
2023-05-22,0.02351666280292397,0.009999999999999787
2023-05-23,0.07390043007382019,0.0
2023-05-24,0.0778401093804586,-0.009999999999999787
2023-05-25,-0.04545076365291845,-0.08000000000000007
2023-05-26,-0.06419027109052067,0.0
2023-05-31,0.027120306219194035,0.020000000000000018
2023-06-01,-0.13656193964448793,-0.010000000000000231
2023-06-02,-0.06944938827187119,-0.040000000000000036
2023-06-05,0.008864701760248117,-0.009999999999999787
2023-06-06,-0.05369013314031257,-0.020000000000000018
2023-06-07,-0.0014336920018487298,-0.020000000000000018
2023-06-08,-0.021022883701408812,0.009999999999999787
2023-06-09,0.013100624045697895,-0.020000000000000018
2023-06-12,0.08187649996870361,0.050000000000000266
2023-06-13,-0.027010419882762537,-0.10000000000000009
2023-06-14,-0.051257270683949585,-0.06000000000000005
2023-06-15,0.043699694347870466,0.08000000000000007
2023-06-16,-0.06850038194239971,-0.06000000000000005
2023-06-21,-0.05023212548633316,0.010000000000000009
2023-06-22,-0.022214624733774002,-0.020000000000000018
2023-06-23,0.040233130236452475,0.020000000000000018
2023-06-26,0.05852157161965588,0.020000000000000018
2023-06-27,-0.03644561992045636,-0.040000000000000036
2023-06-28,-0.022820276259056804,0.020000000000000018
2023-06-29,0.008157256948982727,-0.040000000000000036
2023-06-30,0.003685960678923461,-0.040000000000000036
2023-07-03,-0.0014727543162749157,-0.029999999999999805
2023-07-06,0.0851290234926485,-0.030000000000000027
2023-07-07,-0.04030938844678911,0.010000000000000009
2023-07-10,0.016053856488563056,0.050000000000000044
2023-07-11,-0.01537977489916953,-0.020000000000000018
2023-07-12,-0.09167797025510538,0.039999999999999813
2023-07-13,0.005156549179245573,0.030000000000000027
2023-07-14,-0.02003777617589675,-0.039999999999999813
2023-07-17,0.010440064996683152,0.029999999999999805
2023-07-18,-0.01344307025645275,-0.010000000000000009
2023-07-19,0.03400179727748931,-0.019999999999999796
2023-07-20,0.016576956172192236,-0.020000000000000018
2023-07-21,-0.02827299593538335,0.0
2023-07-24,0.022538213193345147,-0.010000000000000009
2023-07-25,-0.00360101217359432,-0.030000000000000027
2023-07-26,-0.04954802703253414,0.020000000000000018
2023-07-27,0.08846344328220779,-0.050000000000000044
2023-07-28,-0.07790527582081364,0.020000000000000018
2023-07-31,0.022256111517823918,-0.030000000000000027
2023-08-01,0.021771542083273143,0.0
2023-08-02,0.14415317321257737,0.050000000000000044
2023-08-03,-0.01062178058805463,0.020000000000000018
2023-08-04,0.07150228309237727,0.05999999999999983
2023-08-07,-0.0809690625336672,0.0
2023-08-08,0.013854125870915723,0.030000000000000027
2023-08-09,-0.001877934824200178,-0.010000000000000009
2023-08-10,-0.006916091698373261,-0.030000000000000027
2023-08-11,-0.06584326258405504,-0.019999999999999796
2023-08-14,-0.0013486178712933672,-0.030000000000000027
2023-08-15,0.10495557538098277,0.020000000000000018
2023-08-16,0.019254505790136545,-0.020000000000000018
2023-08-17,0.06405419648156752,0.030000000000000027
2023-08-18,-0.03353539601689448,0.019999999999999796
2023-08-21,-0.00987518916770469,-0.010000000000000009
2023-08-22,-0.00938423308989389,-0.05999999999999983
2023-08-23,-0.06010913890800618,0.010000000000000009
2023-08-24,0.07357144348127864,-0.030000000000000027
2023-08-25,-0.09252336889714563,-0.040000000000000036
2023-08-28,-0.039016652342451774,0.06000000000000005
2023-08-29,-0.04267494802136884,0.020000000000000018
2023-08-30,-0.04024545947978275,-0.020000000000000018
2023-08-31,-0.0225874812318807,0.010000000000000009
2023-09-01,-0.03601289392496909,-0.010000000000000009
2023-09-06,0.030923054209525347,-0.050000000000000044
2023-09-07,-0.003466207976486224,0.020000000000000018
2023-09-08,-0.039665256392431125,-0.020000000000000018
2023-09-11,-0.0028943580263645075,0.010000000000000009
2023-09-12,0.030683819938601697,-0.010000000000000009
2023-09-13,-0.054145306617599864,0.020000000000000018
2023-09-14,-0.05020065399163709,-0.010000000000000009
2023-09-15,0.07293724031268667,-0.020000000000000018
2023-09-18,0.01511363781004782,-0.010000000000000009
2023-09-19,0.00782643624946422,-0.020000000000000018
2023-09-20,0.07045648214458033,-0.020000000000000018
2023-09-21,0.1471437389347341,-0.07000000000000006
2023-09-22,-0.019574603124629775,0.07000000000000006
2023-09-25,-0.017595761890379702,0.020000000000000018
2023-09-26,0.11396246582890468,0.020000000000000018
2023-09-27,-0.03875619592612001,0.0
2023-09-28,-0.04950392047941632,0.030000000000000027
2023-09-29,0.010327114155849415,-0.020000000000000018
2023-10-02,0.00512383699986918,0.0
2023-10-03,0.11620440368645157,0.040000000000000036
2023-10-04,-0.06258559280887388,0.010000000000000009
2023-10-05,-0.004855687986658808,0.020000000000000018
2023-10-06,-0.05789039675059726,-0.010000000000000009
2023-10-11,-0.056778533670305276,-0.010000000000000009
2023-10-12,0.036611776669452034,0.010000000000000009
2023-10-13,0.14633109111062836,-0.010000000000000009
2023-10-16,-0.11565021856092406,0.010000000000000009
2023-10-17,0.03819215952192012,-0.030000000000000027
2023-10-18,0.07226863379677839,-0.020000000000000018
2023-10-19,0.10743951848565914,0.040000000000000036
2023-10-20,0.014382061862394657,0.05999999999999983
2023-10-23,-0.0637097536514859,-0.029999999999999805
2023-10-24,-0.07120444629179179,-0.010000000000000009
2023-10-25,0.06232864837782337,-0.010000000000000009
2023-10-26,0.023979617315482482,-0.010000000000000009
2023-10-27,0.028130579571917114,0.05999999999999983
2023-10-30,-0.07414413786501495,-0.019999999999999796
2023-10-31,-0.08503404666014003,-0.010000000000000009
2023-11-01,-0.0725825481291138,0.05999999999999983
2023-11-02,-0.07442720599522001,-0.06999999999999984
2023-11-03,-0.04907756178600975,0.020000000000000018
2023-11-06,-0.0013422820807296176,-0.020000000000000018
2023-11-07,-0.00538721841621026,-0.010000000000000009
2023-11-08,-0.024608213721266203,0.010000000000000009
2023-11-09,0.05650460538252977,-0.010000000000000009
2023-11-10,-0.07607196623838153,-0.030000000000000027
2023-11-13,0.04079376546973723,-0.010000000000000009
2023-11-14,-0.04149973090675285,0.040000000000000036
2023-11-15,0.0014114328384078334,-0.030000000000000027
2023-11-16,0.009824640428518272,0.010000000000000009
2023-11-17,-0.036988569369340585,-0.030000000000000027
2023-11-20,-0.02866789486957222,-0.020000000000000018
2023-11-21,-0.004484312447328609,0.010000000000000009
2023-11-22,-0.03817257350502956,-0.06000000000000005
2023-11-27,0.018290768366989063,-0.010000000000000009
2023-11-28,0.0,0.040000000000000036
2023-11-29,0.022595429549647772,-0.030000000000000027
2023-11-30,-0.004633212921488106,-0.050000000000000044
2023-12-01,-0.022701561992056085,0.040000000000000036
2023-12-04,0.03500940966665267,-0.040000000000000036
2023-12-05,-0.01774053468782366,-0.020000000000000018
2023-12-06,0.009295186987123838,-0.020000000000000018
2023-12-07,0.006915125519932452,0.0
2023-12-08,-0.05589806077429893,-0.019999999999999796
2023-12-11,0.022418873288413632,0.0
2023-12-12,-0.045351901252959514,-0.010000000000000009
2023-12-13,0.009892908383740018,0.010000000000000009
2023-12-14,0.0235114194481012,-0.040000000000000036
2023-12-15,-0.01615544022228521,0.0
2023-12-18,0.02254523832105626,0.010000000000000009
2023-12-19,-0.0023913921320755094,-0.010000000000000009
2023-12-20,0.08707788182788123,0.05999999999999983
2023-12-21,-0.0014641291048893557,0.010000000000000009
2023-12-22,-0.0464851304942151,0.010000000000000009
2023-12-27,-0.04406692515988864,0.0
2023-12-28,0.0032128541693254853,-0.019999999999999796
2023-12-29,-0.0016051367812286443,-0.010000000000000009
2024-01-03,0.06169356900533973,0.039999999999999813
2024-01-04,0.006389798098771493,-0.010000000000000009
2024-01-05,-0.056783811850178,0.0
2024-01-08,-0.0204320388172059,0.0
2024-01-09,-0.024769068112408643,-0.020000000000000018
2024-01-10,-0.005500996190347607,-0.039999999999999813
2024-01-11,-0.01989719441526283,0.039999999999999813
2024-01-12,0.020684906153512372,0.010000000000000009
2024-01-17,0.06638832653318483,-0.020000000000000018
2024-01-18,-0.04565108002627216,-0.009999999999999787
2024-01-19,-0.06053616146872809,-0.030000000000000027
2024-01-22,-0.008305068498485113,0.0
2024-01-23,-0.049738301151430075,0.030000000000000027
2024-01-24,0.045940347478671484,-0.010000000000000009
2024-01-25,0.023318092991383654,-0.010000000000000009
2024-01-26,-0.014227121290131706,-0.020000000000000018
2024-01-29,0.025317807984289953,0.020000000000000018
2024-01-30,-0.02155416033498625,-0.020000000000000018
2024-01-31,0.0752343097986099,0.030000000000000027
2024-02-01,-0.033300987126971826,0.019999999999999796
2024-02-02,-0.0021637224453106008,-0.039999999999999813
2024-02-05,-0.013081581897489425,-0.030000000000000027
2024-02-06,-0.04564952688757318,0.020000000000000018
2024-02-07,-0.01776794522073999,0.020000000000000018
2024-02-08,-0.003122563036793924,0.0
2024-02-09,0.01088657719301489,-0.010000000000000009
2024-02-12,0.0744945950079483,-0.010000000000000009
2024-02-13,0.1291247125315751,-0.040000000000000036
2024-02-14,-0.09733114803038889,0.020000000000000018
2024-02-15,-0.026066991943984874,0.010000000000000009
2024-02-16,0.016283545634914187,-0.040000000000000036
2024-02-21,-0.005201572196073201,-0.020000000000000018
2024-02-22,-0.05356032383373677,-0.050000000000000044
2024-02-23,-0.05586464799279289,0.0
2024-02-26,-0.0007275373183772693,0.040000000000000036
2024-02-27,-0.022820276259056804,0.0
2024-02-28,0.030071939654377378,0.020000000000000018
2024-02-29,-0.03230824323265802,0.0
2024-03-01,-0.02187940918125708,0.020000000000000018
2024-03-04,0.028573372444055778,0.0
2024-03-05,0.06943754651095446,0.020000000000000018
2024-03-06,0.002762432695909922,-0.020000000000000018
2024-03-07,-0.004146515961848785,0.020000000000000018
2024-03-08,0.020562753296510472,0.0
2024-03-11,0.03204546567234923,0.0
2024-03-12,-0.09504740224401598,-0.040000000000000036
2024-03-13,-0.006524126076943304,0.0
2024-03-14,0.04618938246937443,-0.020000000000000018
2024-03-15,0.0006942034294761257,-0.040000000000000036
2024-03-18,-0.0055671681713502785,0.0
2024-03-19,-0.03623842350055684,0.010000000000000009
2024-03-20,-0.0580952618410171,0.06000000000000005
2024-03-21,-0.009245058144050855,-0.030000000000000027
2024-03-22,0.010777625493829213,0.0
2024-03-25,0.00990484288093807,0.0
2024-03-26,0.003783583779639166,0.0
2024-03-27,-0.035361101559473695,0.010000000000000009
2024-03-28,0.017836843575025352,-0.040000000000000036
2024-04-02,0.06796670413163897,0.020000000000000018
2024-04-03,-0.01935098392252721,-0.020000000000000018
2024-04-04,0.13187265550318195,0.020000000000000018
2024-04-05,-0.019765930721800995,-0.020000000000000018
2024-04-08,-0.05382465001378023,-0.030000000000000027
2024-04-09,-0.013921338518608106,-0.020000000000000018
2024-04-10,0.05329396194384772,-0.040000000000000036
2024-04-11,-0.05797781125627388,0.010000000000000009
2024-04-12,0.1492522404114709,0.040000000000000036
2024-04-15,0.10518719041257052,0.010000000000000009
2024-04-16,-0.04412089498574856,0.0
2024-04-17,-0.01037977087542341,0.020000000000000018
2024-04-18,-0.011599135843352038,-0.010000000000000009
2024-04-19,0.038686382389833796,-0.010000000000000009
2024-04-22,-0.09938045106208993,0.0
2024-04-23,-0.07665412247896741,0.0
2024-04-24,0.0176883954819802,0.020000000000000018
2024-04-25,-0.03829440467641687,-0.010000000000000009
2024-04-26,-0.022369353785621104,-0.020000000000000018
2024-04-29,-0.024243611609992666,0.0
2024-04-30,0.06466632483127155,-0.010000000000000009
2024-05-01,-0.016752969135374052,-0.010000000000000009
2024-05-02,-0.04723192466441839,0.040000000000000036
2024-05-03,-0.08453735296670528,0.020000000000000018
2024-05-06,0.0,-0.020000000000000018
2024-05-07,-0.01946169209280013,-0.020000000000000018
2024-05-08,-0.01753762066532749,0.020000000000000018
2024-05-09,-0.02413507573524054,0.010000000000000009
2024-05-10,-0.011093616148503127,0.0
2024-05-13,0.08034912716421339,0.0
2024-05-14,-0.013323661198470838,0.0
2024-05-15,-0.0750255086328191,0.010000000000000009
2024-05-16,-0.0024125464053836865,-0.020000000000000018
2024-05-17,-0.035235107465910076,0.010000000000000009
2024-05-20,0.013256200747134628,-0.010000000000000009
2024-05-21,-0.02415777621697801,0.010000000000000009
2024-05-22,0.03561453000836412,-0.020000000000000018
2024-05-23,0.03831274646650451,-0.010000000000000009
2024-05-24,-0.0680424339346235,0.010000000000000009
2024-05-29,0.10008345855698231,0.020000000000000018
2024-05-30,0.013217583731954363,-0.010000000000000009
2024-05-31,-0.11330104228893667,0.0
2024-06-03,0.01459879942115272,0.010000000000000009
2024-06-04,0.0038066281215627384,0.020000000000000018
2024-06-05,-0.04110698953477154,0.040000000000000036
2024-06-06,-0.003966685090105226,-0.030000000000000027
2024-06-07,-0.029034297528845343,-0.040000000000000036
2024-06-10,0.04167269640056803,0.0
2024-06-11,0.008597161197211545,0.020000000000000018
2024-06-12,-0.06510937146055396,0.0
2024-06-13,-0.008340331916218968,0.030000000000000027
2024-06-14,0.058553308751574384,0.020000000000000018
2024-06-17,0.007083854888404684,-0.010000000000000009
2024-06-18,-0.03593200922606288,0.0
2024-06-21,-0.006042314455962483,0.010000000000000009
2024-06-24,0.009800304598292175,-0.020000000000000018
2024-06-25,-0.03745183592880208,0.020000000000000018
2024-06-26,-0.022844632684022148,0.0
2024-06-27,-0.02501138849361295,0.0
2024-06-28,0.016207810226853248,0.0
2024-07-01,-0.017843133567584157,0.0
2024-07-02,-0.015670423756861673,0.010000000000000009
2024-07-03,0.0049751346401136765,-0.030000000000000027
2024-07-08,-0.008853176536884888,-0.020000000000000018
2024-07-09,0.011254138074423103,0.020000000000000018
2024-07-10,0.026815486862409088,0.0
2024-07-11,0.005432687013227078,0.020000000000000018
2024-07-12,-0.03625298499514873,0.0
2024-07-15,0.051614270156636,0.0
2024-07-16,0.005321183213280012,-0.020000000000000018
2024-07-17,0.09330942022834732,0.0
2024-07-18,0.09543573696438656,0.010000000000000009
2024-07-19,0.036367644170875124,0.0
2024-07-22,-0.10253963931618504,0.010000000000000009
2024-07-23,-0.012825015475916857,0.010000000000000009
2024-07-24,0.20338440133374736,0.05999999999999983
2024-07-25,0.023014714440228623,-0.029999999999999805
2024-07-26,-0.11893483631896773,0.029999999999999805
2024-07-29,0.012731302606759254,0.010000000000000009
2024-07-30,0.06359681280919638,-0.010000000000000009
2024-07-31,-0.07816017699709299,0.030000000000000027
2024-08-01,0.12778447055875164,0.030000000000000027
2024-08-02,0.22968477886273497,0.09000000000000008
2024-08-05,0.5001661916240487,0.050000000000000044
2024-08-06,-0.33068141334524936,-0.07000000000000006
2024-08-07,0.005039607498405818,0.020000000000000018
2024-08-08,-0.15756764205842666,-0.020000000000000018
2024-08-09,-0.15520209407615182,-0.010000000000000009
2024-08-12,0.016553445168778325,0.010000000000000009
2024-08-13,-0.13360037479265952,0.020000000000000018
2024-08-14,-0.11262253292528923,-0.06000000000000005
2024-08-15,-0.06112660078247378,-0.06000000000000005
2024-08-16,-0.028639986137001028,0.010000000000000009
2024-08-19,-0.010186845306992875,-0.010000000000000009
2024-08-20,0.08062012035591337,0.010000000000000009
2024-08-21,0.024262465411956757,0.0
2024-08-22,0.07573102868092851,0.010000000000000009
2024-08-23,-0.10125373370517332,0.0
2024-08-26,0.018119833461963886,0.0
2024-08-27,-0.04560638329359623,0.010000000000000009
2024-08-28,0.1033494215290327,0.0
2024-08-29,-0.08919217091793996,-0.020000000000000018
2024-08-30,-0.04242071588395202,0.0
2024-09-04,0.02854618190636149,0.0
2024-09-05,-0.06892586756719687,0.0
2024-09-06,0.11744797115333228,0.0
2024-09-09,-0.1403206328193236,0.0
2024-09-10,-0.01920640404431495,0.010000000000000009
2024-09-11,-0.07564115784844638,0.010000000000000009
2024-09-12,-0.03567697136534509,-0.010000000000000009
2024-09-13,-0.03033238784923542,-0.020000000000000018
2024-09-16,0.03442476421251994,-0.020000000000000018
2024-09-17,0.027052009338480953,-0.020000000000000018
2024-09-18,0.03460166618245708,-0.010000000000000009
2024-09-19,-0.11006468170819783,0.0
2024-09-20,-0.0110838573137082,0.0
2024-09-23,-0.01623006912004099,-0.020000000000000018
2024-09-24,-0.03197203269783655,0.010000000000000009
2024-09-25,0.0012987014812364528,-0.010000000000000009
2024-09-26,-0.0025990917815201797,0.0
2024-09-27,0.09844007281325284,0.010000000000000009
2024-09-30,-0.013654115365024477,-0.030000000000000027
2024-10-01,0.1408268913712467,0.020000000000000018
2024-10-02,-0.018868484304382704,-0.010000000000000009
2024-10-03,0.08077504018521164,-0.019999999999999796
2024-10-04,-0.06450598547034314,-0.050000000000000044
2024-10-07,0.16428727655451691,-0.030000000000000027
2024-10-08,-0.055393188315379316,0.010000000000000009
2024-10-09,-0.026491615446976535,-0.010000000000000009
2024-10-10,0.0033500868852822663,0.0
2024-10-11,-0.02271177593442797,0.0
2024-10-16,-0.052722303510997826,-0.020000000000000018
2024-10-17,-0.0242968788501825,0.020000000000000018
2024-10-18,-0.05817472103695609,0.0
2024-10-21,0.018681862011808548,0.010000000000000009
2024-10-22,-0.009297305144284618,0.010000000000000009
2024-10-23,0.055569851154810834,-0.010000000000000009
2024-10-24,-0.008350779217420001,-0.020000000000000018
2024-10-25,0.0634569616201146,-0.010000000000000009
2024-10-28,-0.026415689939765397,0.0
2024-10-29,-0.02350644767534149,-0.020000000000000018
2024-10-30,0.050905421863455924,-0.050000000000000044
2024-10-31,0.12934574081619044,0.020000000000000018
2024-11-01,-0.05685367515101403,0.0
2024-11-04,0.00455997142169462,0.0
2024-11-05,-0.07019598672466687,-0.010000000000000009
2024-11-06,-0.23061404101986183,-0.050000000000000044
2024-11-07,-0.06802749337871594,0.040000000000000036
2024-11-08,-0.01725324814755913,-0.06000000000000005
2024-11-13,-0.048042653006902025,0.04999999999999982
2024-11-14,0.02047371196191561,-0.020000000000000018
2024-11-15,0.12034206927344293,0.020000000000000018
2024-11-18,-0.03531262239920041,0.010000000000000009
2024-11-19,0.04823985690066035,0.0
2024-11-20,0.0483531967165538,0.010000000000000009
2024-11-21,-0.01704419750193953,0.0
2024-11-22,-0.10161334629937668,0.0
2024-11-25,-0.0429020215442093,-0.010000000000000009
2024-11-26,-0.03484673133016836,0.010000000000000009
2024-11-27,0.0,0.0
2024-12-02,-0.012663111484629397,-0.030000000000000027
2024-12-03,-0.0030030052597695978,-0.010000000000000009
2024-12-04,0.01121507082013995,-0.010000000000000009
2024-12-05,0.006669161436280824,0.010000000000000009
2024-12-06,-0.05854959743968102,0.020000000000000018
2024-12-09,0.10543882112750325,0.0
2024-12-10,-0.0007049700679697679,-0.010000000000000009
2024-12-11,-0.04323439897343162,0.010000000000000009
2024-12-12,0.024728532775723622,0.020000000000000018
2024-12-13,-0.007933687485072838,-0.020000000000000018
2024-12-16,0.0617740227645851,0.0
2024-12-17,0.0772635443525318,-0.030000000000000027
2024-12-18,0.5541096134428285,-0.019999999999999796
2024-12-19,-0.13674333135436623,0.029999999999999805
2024-12-20,-0.27162243143443554,0.030000000000000027
2024-12-23,-0.08998668415328392,-0.010000000000000009
2024-12-24,-0.16202826955031524,-0.030000000000000027
2024-12-27,0.0795725987563145,0.0
2024-12-30,0.08701137698962969,0.030000000000000027
2024-12-31,-0.002877699827614766,-0.010000000000000009
2025-01-03,-0.10579439547992431,-0.010000000000000009
2025-01-06,-0.005595289698749006,0.0
2025-01-07,0.10523581960429507,0.030000000000000027
2025-01-08,-0.006756782462880029,0.010000000000000009
2025-01-09,0.020688465024353953,-0.020000000000000018
2025-01-10,0.07821054201049948,-0.040000000000000036
2025-01-13,-0.018074336595028218,0.020000000000000018
2025-01-14,-0.02533116973361027,0.0
2025-01-15,-0.14899740320751587,0.0
2025-01-16,0.029341958284015313,0.020000000000000018
2025-01-17,-0.03869073313557658,0.0
2025-01-22,0.0026525214491313065,-0.030000000000000027
2025-01-23,-0.005312097484890366,0.0
2025-01-24,-0.01138278108727997,0.0
2025-01-27,0.18680084759800053,0.020000000000000018
2025-01-28,-0.08690980774470969,0.0
2025-01-29,0.009099243855114292,0.0
2025-01-30,-0.04445176257083405,0.0
2025-01-31,0.0365705456628973,0.0
2025-02-03,0.12512733979974433,0.010000000000000009
2025-02-04,-0.07874566162547314,0.0
2025-02-05,-0.0873812092485009,-0.010000000000000009
2025-02-06,-0.017269377049746293,-0.010000000000000009
2025-02-07,0.06494166567034432,0.010000000000000009
2025-02-10,-0.04513903837416455,0.0
2025-02-11,0.013195290418832606,0.010000000000000009
2025-02-12,-0.008147961091588662,-0.010000000000000009
2025-02-13,-0.05099523672774575,-0.010000000000000009
2025-02-14,-0.02209664727759053,0.020000000000000018
2025-02-19,-0.005225354802664839,0.020000000000000018
2025-02-20,0.02521957133211572,0.010000000000000009
2025-02-21,0.1508612031768597,0.020000000000000018
2025-02-24,0.041414899442265174,-0.010000000000000009
2025-02-25,0.02343247020756678,0.020000000000000018
2025-02-26,-0.017129928336764078,0.010000000000000009
2025-02-27,0.10100549657538105,0.010000000000000009
2025-02-28,-0.07363482333959581,0.050000000000000044
2025-03-03,0.14882394973066626,0.040000000000000036
2025-03-04,0.031542904532942284,0.0
2025-03-05,-0.06957030012218146,-0.040000000000000036
2025-03-06,0.1258066953855166,0.020000000000000018
2025-03-07,-0.062209109264546925,0.020000000000000018
2025-03-10,0.17573881980089334,0.029999999999999805
2025-03-11,-0.03432246357513247,0.040000000000000036
2025-03-12,-0.10527796994809302,-0.030000000000000027
2025-03-13,0.017590962907763963,0.050000000000000044
2025-03-14,-0.1246496224897422,-0.050000000000000044
2025-03-17,-0.05962030316216671,-0.020000000000000018
2025-03-18,0.05639968846212451,0.0
2025-03-19,-0.08659252881596702,0.010000000000000009
2025-03-20,-0.005037794029957077,0.0
2025-03-21,-0.026613648518090116,0.040000000000000036
2025-03-24,-0.09801091895501024,-0.040000000000000036
2025-03-25,-0.019059196615440754,0.020000000000000018
2025-03-26,0.06654088823966475,0.0
2025-03-27,0.01944955961585837,0.020000000000000018
2025-03-28,0.14701683298102708,0.050000000000000044
2025-03-31,0.028683960610584425,0.030000000000000027
2025-04-01,-0.02315653981262722,-0.030000000000000027
2025-04-02,-0.012014931966817244,0.0
2025-04-03,0.333345882925677,0.15999999999999992
2025-04-04,0.411663932473731,0.050000000000000044
2025-04-07,0.03619422055172006,0.08000000000000007
2025-04-08,0.10784784115334967,-0.020000000000000018
2025-04-09,-0.44244869240364704,0.020000000000000018
2025-04-10,0.19159824426179783,-0.050000000000000044
2025-04-11,-0.08077971790220495,-0.07000000000000006
2025-04-14,-0.1955071474095722,0.0
2025-04-15,-0.025243103998797256,0.0
2025-04-16,0.08034912716421339,0.020000000000000018
2025-04-17,-0.09607640465217182,0.0
2025-04-22,-0.10103320756769119,-0.030000000000000027
2025-04-23,-0.07187097533040321,-0.06999999999999984
2025-04-24,-0.07213614433333015,0.0
2025-04-25,-0.06355675917373205,-0.020000000000000018
2025-04-28,0.012402639480470157,0.030000000000000027
2025-04-29,-0.03974570183035642,0.009999999999999787
2025-04-30,0.021691048918540012,0.08000000000000007
2025-05-01,-0.0040568006956145375,-0.010000000000000009
2025-05-02,-0.08126296407876588,-0.050000000000000044
2025-05-05,0.04145671367834636,0.010000000000000009
2025-05-06,0.04628925527849814,0.040000000000000036
2025-05-07,-0.05010362735396878,0.0
2025-05-08,-0.04649979543693661,-0.06000000000000005
2025-05-09,-0.026139388203035185,0.0
2025-05-12,-0.17467959820622525,-0.06999999999999984
2025-05-13,-0.009287146784417555,0.0
2025-05-14,0.02171638001710896,-0.020000000000000018
2025-05-15,-0.04335383997387243,0.030000000000000027
2025-05-16,-0.03365016663950193,-0.010000000000000009
2025-05-19,0.05088717945144383,0.020000000000000018
2025-05-20,-0.002760145279786741,-0.020000000000000018
2025-05-21,0.14295342168190528,0.030000000000000027
2025-05-22,-0.02867754236612674,0.020000000000000018
2025-05-23,0.09450296867479491,0.009999999999999787
2025-05-28,0.018291599613547316,-0.010000000000000009
2025-05-29,-0.006755026985131085,-0.020000000000000018
2025-05-30,-0.032320694090677726,0.030000000000000027
2025-06-02,-0.011372990172270114,0.0
2025-06-03,-0.03717487702065014,-0.030000000000000027
2025-06-04,-0.0045325856635796136,-0.010000000000000009
2025-06-05,0.04822214370542355,-0.030000000000000027
2025-06-06,-0.09709749037842075,-0.040000000000000036
2025-06-09,0.02298951822469908,-0.010000000000000009
2025-06-10,-0.012313260233357326,-0.010000000000000009
2025-06-11,0.0181238518288227,0.030000000000000027
2025-06-12,0.043090566524909946,-0.010000000000000009
2025-06-13,0.14443181100663116,0.020000000000000018
2025-06-16,-0.08570230493464104,-0.010000000000000009
2025-06-17,0.12248155643793757,0.0
2025-06-18,-0.06998542739970315,0.030000000000000027
2025-06-23,-0.039065536057109274,0.010000000000000009
2025-06-24,-0.12613857230431513,0.010000000000000009
2025-06-25,-0.04206227517345251,0.010000000000000009
2025-06-26,-0.010194990851583707,0.010000000000000009
2025-06-27,-0.016408754666392245,-0.010000000000000009
2025-06-30,0.024812165462771762,-0.040000000000000036
2025-07-01,0.005959493203981925,-0.030000000000000027
2025-07-02,-0.01135357280965188,-0.020000000000000018
2025-07-03,-0.015748356968139365,-0.030000000000000027
2025-07-08,-0.056662554257219444,0.0
2025-07-09,-0.053142274058455286,0.020000000000000018
2025-07-10,-0.010088357944340487,-0.030000000000000027
2025-07-11,0.03853801941242452,0.020000000000000018
2025-07-14,0.047628048989254435,0.010000000000000009
2025-07-15,0.010410736017838484,-0.030000000000000027
2025-07-16,-0.012739025777429358,0.030000000000000027
2025-07-17,-0.03800932596698425,-0.020000000000000018
2025-07-18,-0.006680862990832814,0.020000000000000018
2025-07-21,0.014519311324453277,0.0
2025-07-22,-0.009049835519917782,0.0
2025-07-23,-0.07094282335603053,-0.020000000000000018
2025-07-24,0.001300390300283727,-0.030000000000000027
2025-07-25,-0.030345336299689052,0.010000000000000009
2025-07-28,0.0066755922137842205,0.0
2025-07-29,0.061289736573245435,0.010000000000000009
2025-07-30,-0.031789072176547695,-0.010000000000000009
2025-07-31,0.07705673949497438,-0.020000000000000018
2025-08-01,0.19794842013802327,0.08000000000000007
2025-08-04,-0.15121094228633325,-0.010000000000000009
2025-08-05,0.01866042271740298,-0.020000000000000018
2025-08-06,-0.062411932390531,0.030000000000000027
2025-08-07,-0.011997744396645693,-0.010000000000000009
2025-08-08,-0.08959329948309325,0.0
2025-08-11,0.07009237682036806,-0.020000000000000018
2025-08-12,-0.09820667830120744,0.010000000000000009
2025-08-13,-0.016427474141948117,-0.020000000000000018
2025-08-14,0.023193399817249993,0.0
2025-08-15,0.017380116629916564,-0.020000000000000018
2025-08-18,-0.0066489606652511135,0.010000000000000009
2025-08-19,0.03796267373140072,0.010000000000000009
2025-08-20,0.00767758089903392,0.020000000000000018
2025-08-21,0.056379128617556784,-0.010000000000000009
2025-08-22,-0.1547532709874031,0.010000000000000009
2025-08-25,0.03930185234761385,-0.030000000000000027
2025-08-26,-0.01156082240107592,0.050000000000000044
2025-08-27,0.015609410927075906,0.020000000000000018
2025-08-28,-0.028690492462929207,-0.020000000000000018
2025-08-29,0.0624573549337466,0.050000000000000044
2025-09-03,-0.04893577756612144,-0.030000000000000027
2025-09-04,-0.06637506894487277,0.020000000000000018
2025-09-05,-0.007874056430905885,-0.020000000000000018
2025-09-08,-0.004621995682835944,-0.020000000000000018
2025-09-09,-0.004643457762954384,-0.010000000000000009
2025-09-10,0.020402155511512365,0.0
2025-09-11,-0.04258793941985983,-0.010000000000000009
2025-09-12,0.0033932845589803584,-0.040000000000000036
2025-09-15,0.06110274757261447,-0.020000000000000018
2025-09-16,0.041815764429660174,0.010000000000000009
2025-09-17,-0.03990554417354053,0.010000000000000009
2025-09-18,-0.0012730746467983778,-0.020000000000000018
2025-09-19,-0.016051709010507675,0.0
2025-09-22,0.04121026864666266,-0.010000000000000009
2025-09-23,0.03299016340264549,0.020000000000000018
2025-09-24,-0.02803352376271695,-0.010000000000000009
2025-09-25,0.034025153430983224,-0.010000000000000009
2025-09-26,-0.09060204512035819,-0.020000000000000018
2025-09-29,0.052861717137511643,-0.010000000000000009
2025-09-30,0.009876623495912007,0.030000000000000027
2025-10-01,0.0006140620395593821,0.020000000000000018
2025-10-02,0.02065687059088228,-0.010000000000000009
2025-10-03,0.0012019232216164966,-0.020000000000000018
2025-10-06,-0.016959825043409094,-0.010000000000000009
2025-10-07,0.051781873852503324,0.020000000000000018
2025-10-08,-0.05606715742282997,0.010000000000000009
2025-10-09,0.007943824236460006,0.010000000000000009
2025-10-10,0.2763583095236677,0.030000000000000027
2025-10-15,-0.008202699792180912,-0.030000000000000027
2025-10-16,0.2039686339436706,0.030000000000000027
2025-10-17,-0.19720858888595139,-0.010000000000000009
2025-10-20,-0.13092239698050978,-0.020000000000000018
2025-10-21,-0.01994525951923487,-0.010000000000000009
2025-10-22,0.04003825154781904,0.020000000000000018
2025-10-23,-0.07245507921542238,-0.030000000000000027
2025-10-24,-0.05525611012068987,-0.010000000000000009
2025-10-27,-0.036073563115492924,-0.020000000000000018
2025-10-28,0.03912327575673169,0.020000000000000018
2025-10-29,0.029996250153795145,-0.039999999999999813
2025-10-30,-0.0005911912675884423,0.029999999999999805
2025-10-31,0.030861255570344692,0.050000000000000044
2025-11-03,-0.01560274357144964,0.020000000000000018
2025-11-04,0.10127530425705622,0.010000000000000009
2025-11-05,-0.05351181997857557,-0.020000000000000018
2025-11-06,0.07948730638183621,0.020000000000000018
2025-11-07,-0.02177379954956038,0.030000000000000027
2025-11-10,-0.08074176397603416,-0.020000000000000018
2025-11-13,0.1329601272562302,0.020000000000000018
2025-11-14,-0.008536331022286348,0.0
2025-11-17,0.12097176035207458,0.0
2025-11-18,0.0982306004733089,0.020000000000000018
2025-11-19,-0.04261244480684745,0.0
2025-11-20,0.11033544054393873,0.010000000000000009
2025-11-21,-0.12010404657447493,0.020000000000000018
2025-11-24,-0.1326172322171355,-0.020000000000000018
2025-11-25,-0.10039129294451454,-0.010000000000000009
2025-11-26,-0.07668090796329619,-0.010000000000000009
2025-12-01,0.05300436789228424,0.0
2025-12-02,-0.03843216103319369,-0.020000000000000018
2025-12-03,-0.031223840451533036,0.010000000000000009
2025-12-04,-0.018832948333091792,-0.010000000000000009
2025-12-05,-0.02372666608570384,-0.020000000000000018
2025-12-08,0.07799398740667218,-0.010000000000000009
2025-12-09,0.016076559406347446,0.0
2025-12-10,-0.07097779517009695,0.030000000000000027
2025-12-11,-0.06010953572623867,-0.030000000000000027
2025-12-12,0.05820537774054868,0.030000000000000027
2025-12-15,0.047155137917277656,0.010000000000000009
2025-12-16,-0.0012128564252091856,0.010000000000000009
2025-12-17,0.06688709602670784,0.0
2025-12-18,-0.04349772395015661,0.0
2025-12-19,-0.12350476778122976,-0.020000000000000018
2025-12-22,-0.05727677804675091,0.0
2025-12-23,-0.005698021114637797,-0.020000000000000018
2025-12-24,-0.03859233919298566,-0.010000000000000009
2025-12-29,0.0431721718652085,0.010000000000000009
2025-12-30,0.009113277232865702,-0.010000000000000009
2025-12-31,0.042356057996614904,-0.030000000000000027
2026-01-05,0.026523146055316804,0.010000000000000009
2026-01-06,-0.010118130165584382,-0.010000000000000009
2026-01-07,0.04182488129166906,-0.010000000000000009
2026-01-08,0.004541039266256597,0.0
2026-01-09,-0.06415024701116367,-0.030000000000000027
2026-01-12,0.04255961441879608,0.0
2026-01-13,0.05531956958674167,-0.010000000000000009
2026-01-14,0.04706031793294674,-0.010000000000000009
2026-01-15,-0.0558598718847958,-0.030000000000000027
2026-01-16,0.0012618298204221112,-0.020000000000000018
2026-01-21,-0.17290855689781548,-0.029999999999999805
2026-01-22,-0.0774818868118623,-0.030000000000000027
2026-01-23,0.02836622588712645,0.020000000000000018
2026-01-26,0.003722088664373846,0.0
2026-01-27,0.012307847674597028,0.0
2026-01-28,0.0,0.010000000000000009
2026-01-29,0.031901591824548436,0.009999999999999787
2026-01-30,0.032636929313022645,-0.009999999999999787
2026-02-02,-0.065150329048977,-0.010000000000000009
2026-02-03,0.09675566846430783,0.019999999999999796
2026-02-04,0.034938051361280476,0.010000000000000009
2026-02-05,0.15522306598901103,0.030000000000000027
2026-02-06,-0.2035841376824319,-0.020000000000000018
2026-02-09,-0.022780028331820024,-0.010000000000000009
2026-02-10,0.024467792445539427,0.020000000000000018
2026-02-11,-0.007900718298437859,0.010000000000000009
2026-02-12,0.1651782798075172,0.010000000000000009
2026-02-13,-0.01062298739128753,0.040000000000000036
2026-02-18,-0.03357869970050631,-0.030000000000000027
2026-02-19,0.030617197042436928,0.010000000000000009
2026-02-20,-0.058002013441997846,0.010000000000000009
2026-02-23,0.09583387711925306,0.040000000000000036
2026-02-24,-0.07202322842553421,0.0
2026-02-25,-0.08649999881433335,0.0
2026-02-26,0.03829789699645536,0.020000000000000018
2026-02-27,0.06393447400352947,0.050000000000000044
2026-03-02,0.07655067758557488,-0.020000000000000018
2026-03-03,0.09471638074543831,0.0
2026-03-04,-0.10833481145575297,-0.040000000000000036
2026-03-05,0.11594262498836372,0.020000000000000018
2026-03-06,0.2164686923465342,-0.010000000000000009
2026-03-09,-0.1453727706628043,0.030000000000000027
2026-03-10,-0.022606554628914033,-0.010000000000000009
2026-03-11,-0.028480362707032025,0.07000000000000006
2026-03-12,0.11892879989181271,0.0
2026-03-13,-0.0036710760758675853,-0.010000000000000009
2026-03-16,-0.14542339609240118,0.020000000000000018
2026-03-17,-0.04970508704994003,0.0
2026-03-18,0.1147485848762928,-0.040000000000000036
2026-03-19,-0.04191864983179805,0.0
2026-03-20,0.1071046297164937,-0.020000000000000018
2026-03-23,-0.02380614975209472,0.0
2026-03-24,0.03013410684407436,-0.040000000000000036
2026-03-25,-0.06199383334142228,0.010000000000000009
2026-03-26,0.0800123388441003,-0.030000000000000027
2026-03-27,0.12359700552180364,0.050000000000000044
2026-03-30,-0.014272055422166918,0.010000000000000009
2026-03-31,-0.19250059723595214,0.0
2026-04-01,-0.028521716438603573,-0.040000000000000036
2026-04-02,-0.02768199893202672,-0.010000000000000009
2026-04-07,0.06448680279565,0.050000000000000044
2026-04-08,-0.20317360964153242,-0.020000000000000018
2026-04-09,-0.07652387435003982,0.0
2026-04-10,-0.013429953918780768,-0.010000000000000009
2026-04-13,-0.005736651977433116,0.0
2026-04-14,-0.04056052243091113,-0.020000000000000018
2026-04-15,-0.010402502784264467,-0.010000000000000009
2026-04-16,-0.012739025777429802,0.020000000000000018
2026-04-17,-0.02597548640326064,0.010000000000000009
2026-04-20,0.07651598915306934,0.0
2026-04-21,0.032841106189242186,-0.020000000000000018
2026-04-22,-0.03019490194596841,-0.010000000000000009
2026-04-23,0.020403532816690717,-0.010000000000000009
2026-04-24,-0.031564956154424895,0.020000000000000018
2026-04-27,-0.03757588810580659,0.0
2026-04-28,-0.010599820305142948,0.0
2026-04-29,0.05350621143789036,-0.010000000000000009
2026-04-30,-0.10766691249323035,0.010000000000000009
2026-05-01,0.005903204864131872,-0.010000000000000009
2026-05-04,0.07372952671893351,0.0
2026-05-05,-0.05103434256552841,-0.040000000000000036
2026-05-06,0.0005752085289461029,0.010000000000000009
2026-05-07,-0.017987140005768065,-0.010000000000000009
2026-05-08,0.006419631034334294,0.0
2026-05-11,0.06693529753278282,0.0
2026-05-12,-0.02144706896509918,0.010000000000000009
2026-05-13,-0.006692718791105001,0.0
2026-05-14,-0.034731643516054955,-0.039999999999999813
2026-05-15,0.06558808602644994,0.0
2026-05-18,-0.03365834963906833,-0.030000000000000027
2026-05-19,0.013378125946176045,-0.020000000000000018
2026-05-20,-0.034933129508005756,0.020000000000000018
2026-05-21,-0.03977132342689682,0.0
2026-05-22,-0.003586375631227323,-0.020000000000000018
2026-05-27,-0.043249983793816504,0.010000000000000009
2026-05-28,-0.03434617962469666,0.0
2026-05-29,-0.02704607867681208,0.0
2026-06-01,0.04654968526357983,-0.030000000000000027
2026-06-02,-0.01759944860107776,0.0
2026-06-03,0.018222307543668492,0.0
2026-06-04,-0.04196419909903204,0.0
2026-06-05,0.33415043386005516,-0.030000000000000027
2026-06-08,-0.1282983796559063,0.010000000000000009
2026-06-09,0.04899149293999283,0.010000000000000009
2026-06-10,0.11178172764775862,0.0
2026-06-11,-0.13365998517919087,0.020000000000000018
2026-06-12,-0.09489874182279578,-0.020000000000000018
2026-06-15,-0.08742281497115911,0.0
2026-06-16,0.012879662863661157,0.020000000000000018
2026-06-17,0.11663131302644869,-0.050000000000000044
2026-06-18,-0.11724088329829518,0.010000000000000009
2026-06-23,0.12035175014355959,0.0
2026-06-24,-0.04512832890597229,0.010000000000000009
2026-06-25,0.013859496899921275,0.020000000000000018
2026-06-26,-0.0257386862684319,0.020000000000000018
2026-06-29,-0.042158211865680695,-0.010000000000000009
2026-06-30,-0.07041030616792465,-0.020000000000000018
2026-07-01,0.008474626990972123,0.010000000000000009
2026-07-02,-0.02688005453368758,0.0
2026-07-07,0.03533490629121028,-0.010000000000000009
2026-07-08,0.046632729791910243,0.010000000000000009
2026-07-09,-0.064775235542748,0.0
2026-07-10,-0.052490182621396375,0.020000000000000018
2026-07-13,0.1325328902949332,-0.020000000000000018
2026-07-14,-0.03922071315328157,0.040000000000000036
2026-07-15,-0.051612324538605314,0.0
2026-07-16,0.06545545863080315,-0.010000000000000009
2026-07-17,0.11505633559968498,0.0
2026-07-20,-0.006413704508593021,0.020000000000000018
2026-07-21,-0.08969594236029899,-0.010000000000000009
2026-07-22,-0.024340768336462926,-0.020000000000000018
2026-07-23,0.11671408846747822,0.0
2026-07-24,-0.006437790474848715,0.010000000000000009
2026-07-27,0.00483222416793927,0.020000000000000018
2026-07-28,-0.024947063814114934,0.010000000000000009
2026-07-29,0.12622856995197607,-0.020000000000000018
2026-07-30,-0.1897059665639933,0.039999999999999813
2026-07-31,-0.06652997028163643,-0.010000000000000009
2026-08-03,-0.008163310639161203,-0.019999999999999796
2026-08-04,0.039560164699833145,0.029999999999999805
2026-08-05,-0.04271772968515419,-0.019999999999999796
2026-08-06,-0.042642119266002254,-0.010000000000000009
2026-08-07,-0.016639319003965092,0.029999999999999805
2026-08-10,0.03689483020786266,-0.019999999999999796
2026-08-11,-0.011711259420901676,0.019999999999999796
2026-08-12,-0.04895379012087275,0.020000000000000018
2026-08-13,0.005483221414531503,0.010000000000000009
2026-08-14,-0.026317308317373556,0.020000000000000018
2026-08-17,0.0638804098930219,0.0
2026-08-18,0.0419010697785982,-0.010000000000000009
